ISO-10303-21;
HEADER;
FILE_DESCRIPTION(('ViewDefinition[DesignTransferView]'),'2;1');
FILE_NAME('/dev/null','2026-07-24T16:53:24-07:00',(''),(''),'IfcOpenShell 0.8.5','IfcOpenShell 0.8.5','Nobody');
FILE_SCHEMA(('IFC4'));
ENDSEC;
DATA;
#1=IFCPROJECT('2IffeCw1H5zup3_8T9ZQdN',$,'Massing Family Library \X2\2014\X0\ structural-steel-channel-angle',$,$,$,$,(#10),#5);
#2=IFCSIUNIT(*,.LENGTHUNIT.,$,.METRE.);
#3=IFCSIUNIT(*,.AREAUNIT.,$,.SQUARE_METRE.);
#4=IFCSIUNIT(*,.VOLUMEUNIT.,$,.CUBIC_METRE.);
#5=IFCUNITASSIGNMENT((#3,#4,#2));
#6=IFCCARTESIANPOINT((0.,0.,0.));
#7=IFCDIRECTION((0.,0.,1.));
#8=IFCDIRECTION((1.,0.,0.));
#9=IFCAXIS2PLACEMENT3D(#6,#7,#8);
#10=IFCGEOMETRICREPRESENTATIONCONTEXT($,'Model',3,1.0000000000000001E-05,#9,$);
#11=IFCGEOMETRICREPRESENTATIONSUBCONTEXT('Body','Model',*,*,*,*,#10,$,.MODEL_VIEW.,$);
#12=IFCMEMBERTYPE('0Qg7Sgt7n7_x$a1sp7kvdu',$,'Channel - C15X50',$,$,(#29,#33,#50),(#28),$,$,.NOTDEFINED.);
#13=IFCCARTESIANPOINT((0.,0.));
#14=IFCDIRECTION((1.,0.));
#15=IFCAXIS2PLACEMENT2D(#13,#14);
#16=IFCUSHAPEPROFILEDEF(.AREA.,'C15X50',#15,0.38100000000000001,0.094488000000000003,0.018186399999999998,0.01651,0.020066000000000001,$,$);
#17=IFCCARTESIANPOINT((0.,0.,0.));
#18=IFCDIRECTION((0.,0.,1.));
#19=IFCDIRECTION((1.,0.,0.));
#20=IFCAXIS2PLACEMENT3D(#17,#18,#19);
#21=IFCDIRECTION((0.,0.,1.));
#22=IFCEXTRUDEDAREASOLID(#16,#20,#21,6.0960000000000001);
#23=IFCSHAPEREPRESENTATION(#11,'Body','SweptSolid',(#22));
#24=IFCCARTESIANPOINT((0.,0.,0.));
#25=IFCDIRECTION((1.,0.,0.));
#26=IFCDIRECTION((0.,0.,1.));
#27=IFCAXIS2PLACEMENT3D(#24,#26,#25);
#28=IFCREPRESENTATIONMAP(#27,#23);
#29=IFCPROPERTYSET('2yK_$Dv35Cpg2QPHeWK6B7',$,'MF_Structural',$,(#30,#31,#32));
#30=IFCPROPERTYSINGLEVALUE('Section',$,IFCLABEL('C15X50'),$);
#31=IFCPROPERTYSINGLEVALUE('SectionFamily',$,IFCLABEL('C'),$);
#32=IFCPROPERTYSINGLEVALUE('SectionSource',$,IFCLABEL('AISC Shapes Database v15.0 (US)'),$);
#33=IFCPROPERTYSET('2yYuPagQr42PIYVTZtkwUV',$,'MF_Library',$,(#34,#35,#36,#37,#38,#39,#40,#41,#42,#43));
#34=IFCPROPERTYSINGLEVALUE('Key',$,IFCLABEL('steel_channel_c'),$);
#35=IFCPROPERTYSINGLEVALUE('Family',$,IFCLABEL('Channel'),$);
#36=IFCPROPERTYSINGLEVALUE('TypeName',$,IFCLABEL('C15X50'),$);
#37=IFCPROPERTYSINGLEVALUE('Version',$,IFCLABEL('0.1.0'),$);
#38=IFCPROPERTYSINGLEVALUE('License',$,IFCLABEL('CC0-1.0'),$);
#39=IFCPROPERTYSINGLEVALUE('Source',$,IFCLABEL('massing-families'),$);
#40=IFCPROPERTYSINGLEVALUE('Tier',$,IFCLABEL('L300'),$);
#41=IFCPROPERTYSINGLEVALUE('Builder',$,IFCLABEL('profile'),$);
#42=IFCPROPERTYSINGLEVALUE('Discipline',$,IFCLABEL('structural'),$);
#43=IFCPROPERTYSINGLEVALUE('GeometryStatus',$,IFCLABEL('parametric'),$);
#44=IFCMATERIAL('ASTM A36 Steel',$,'steel');
#45=IFCRELASSOCIATESMATERIAL('1Qt7nffRf8cf5hWnHU5Oqs',$,$,$,(#7466,#6326,#5186,#7732,#6592,#5452,#6858,#5718,#4578,#7162,#2146,#1006,#7428,#6288,#1272,#132,#7694,#6554,#5414,#398,#4122,#2982,#1842,#7124,#3248,#2108,#968,#7390,#6250,#2374,#1234,#94,#7656,#6516,#5376,#1500,#360,#4084,#2944,#1804,#7086,#3210,#2070,#930,#7352,#6212,#2336,#1196,#56,#7618,#6478,#5338,#4920,#7922,#4046,#2906,#1766,#7048,#4312,#3172,#2032,#892,#7314,#3438,#2298,#1158,#6174,#6022,#4882,#3742,#2602,#5148,#4008,#2868,#1728,#4274,#3134,#1994,#854,#7276,#3400,#2260,#1120,#702,#5984,#4844,#3704,#5110,#3970,#2830,#4236,#3096,#1956,#6820,#5680,#4540,#664,#5946,#4806,#3666,#5072,#3932,#2792,#4198,#3058,#1918,#6782,#5642,#4502,#626,#5908,#4768,#3628,#5034,#3894,#2754,#4160,#3020,#1880,#1462,#322,#6744,#5604,#4464,#588,#5870,#4730,#3590,#4996,#3856,#2716,#7884,#7580,#2564,#1424,#284,#7010,#6706,#1690,#550,#6136,#5832,#816,#4958,#7846,#2526,#1386,#246,#6972,#1652,#512,#7238,#6098,#778,#3362,#2222,#1082,#7808,#2488,#1348,#208,#6934,#12,#474,#1614,#740,#3324,#2184,#1044,#2450,#1310,#170,#1576,#436,#3286,#2412,#6440,#5300,#1538,#5566,#4426,#4692,#3552,#3818,#2678,#7542,#6402,#5262,#6668,#5528,#4388,#5794,#4654,#3514,#3780,#2640,#7504,#6364,#5224,#7770,#6630,#5490,#4350,#6896,#5756,#4616,#3476,#7200,#6060),#44);
#46=IFCCLASSIFICATION('NBS','2015',$,'Uniclass',$,$,$);
#47=IFCRELASSOCIATESCLASSIFICATION('3$$GCZefXChO$ZQ4zhd4M0',$,$,$,(#1),#46);
#48=IFCCLASSIFICATIONREFERENCE($,'Pr_20_76_51','Uniclass',#46,$,$);
#49=IFCRELASSOCIATESCLASSIFICATION('09QGnY_If4Sw_7WkE6bS1p',$,$,$,(#7466,#6326,#5186,#7732,#6592,#5452,#6858,#5718,#4578,#7162,#2146,#1006,#7428,#6288,#1272,#132,#7694,#6554,#5414,#398,#4122,#2982,#1842,#7124,#3248,#2108,#968,#7390,#6250,#2374,#1234,#94,#7656,#6516,#5376,#1500,#360,#4084,#2944,#1804,#7086,#3210,#2070,#930,#7352,#6212,#2336,#1196,#56,#7618,#6478,#5338,#4920,#7922,#4046,#2906,#1766,#7048,#4312,#3172,#2032,#892,#7314,#3438,#2298,#1158,#6174,#6022,#4882,#3742,#2602,#5148,#4008,#2868,#1728,#4274,#3134,#1994,#854,#7276,#3400,#2260,#1120,#702,#5984,#4844,#3704,#5110,#3970,#2830,#4236,#3096,#1956,#6820,#5680,#4540,#664,#5946,#4806,#3666,#5072,#3932,#2792,#4198,#3058,#1918,#6782,#5642,#4502,#626,#5908,#4768,#3628,#5034,#3894,#2754,#4160,#3020,#1880,#1462,#322,#6744,#5604,#4464,#588,#5870,#4730,#3590,#4996,#3856,#2716,#7884,#7580,#2564,#1424,#284,#7010,#6706,#1690,#550,#6136,#5832,#816,#4958,#7846,#2526,#1386,#246,#6972,#1652,#512,#7238,#6098,#778,#3362,#2222,#1082,#7808,#2488,#1348,#208,#6934,#12,#474,#1614,#740,#3324,#2184,#1044,#2450,#1310,#170,#1576,#436,#3286,#2412,#6440,#5300,#1538,#5566,#4426,#4692,#3552,#3818,#2678,#7542,#6402,#5262,#6668,#5528,#4388,#5794,#4654,#3514,#3780,#2640,#7504,#6364,#5224,#7770,#6630,#5490,#4350,#6896,#5756,#4616,#3476,#7200,#6060),#48);
#50=IFCPROPERTYSET('2zBpEVtiH4QQ148d0V3QaN',$,'MF_Quantities',$,(#51,#52,#53,#54,#55));
#51=IFCPROPERTYSINGLEVALUE('NominalWidth',$,IFCREAL(0.094488000000000003),$);
#52=IFCPROPERTYSINGLEVALUE('NominalDepth',$,IFCREAL(0.38100000000000001),$);
#53=IFCPROPERTYSINGLEVALUE('NominalHeight',$,IFCREAL(6.0960000000000001),$);
#54=IFCPROPERTYSINGLEVALUE('NominalFootprintArea',$,IFCREAL(0.035999999999999997),$);
#55=IFCPROPERTYSINGLEVALUE('NominalVolume',$,IFCREAL(0.21945600000000001),$);
#56=IFCMEMBERTYPE('2pHXltOof7s8sfg2znW5NG',$,'Channel - C15X40',$,$,(#73,#77,#88),(#72),$,$,.NOTDEFINED.);
#57=IFCCARTESIANPOINT((0.,0.));
#58=IFCDIRECTION((1.,0.));
#59=IFCAXIS2PLACEMENT2D(#57,#58);
#60=IFCUSHAPEPROFILEDEF(.AREA.,'C15X40',#59,0.38100000000000001,0.089408000000000001,0.013207999999999999,0.01651,0.020066000000000001,$,$);
#61=IFCCARTESIANPOINT((0.,0.,0.));
#62=IFCDIRECTION((0.,0.,1.));
#63=IFCDIRECTION((1.,0.,0.));
#64=IFCAXIS2PLACEMENT3D(#61,#62,#63);
#65=IFCDIRECTION((0.,0.,1.));
#66=IFCEXTRUDEDAREASOLID(#60,#64,#65,6.0960000000000001);
#67=IFCSHAPEREPRESENTATION(#11,'Body','SweptSolid',(#66));
#68=IFCCARTESIANPOINT((0.,0.,0.));
#69=IFCDIRECTION((1.,0.,0.));
#70=IFCDIRECTION((0.,0.,1.));
#71=IFCAXIS2PLACEMENT3D(#68,#70,#69);
#72=IFCREPRESENTATIONMAP(#71,#67);
#73=IFCPROPERTYSET('3mbGS1ElXENfUoX1EaU_2l',$,'MF_Structural',$,(#74,#75,#76));
#74=IFCPROPERTYSINGLEVALUE('Section',$,IFCLABEL('C15X40'),$);
#75=IFCPROPERTYSINGLEVALUE('SectionFamily',$,IFCLABEL('C'),$);
#76=IFCPROPERTYSINGLEVALUE('SectionSource',$,IFCLABEL('AISC Shapes Database v15.0 (US)'),$);
#77=IFCPROPERTYSET('0BPZ0lLiT1_AtzfS15oBut',$,'MF_Library',$,(#78,#79,#80,#81,#82,#83,#84,#85,#86,#87));
#78=IFCPROPERTYSINGLEVALUE('Key',$,IFCLABEL('steel_channel_c'),$);
#79=IFCPROPERTYSINGLEVALUE('Family',$,IFCLABEL('Channel'),$);
#80=IFCPROPERTYSINGLEVALUE('TypeName',$,IFCLABEL('C15X40'),$);
#81=IFCPROPERTYSINGLEVALUE('Version',$,IFCLABEL('0.1.0'),$);
#82=IFCPROPERTYSINGLEVALUE('License',$,IFCLABEL('CC0-1.0'),$);
#83=IFCPROPERTYSINGLEVALUE('Source',$,IFCLABEL('massing-families'),$);
#84=IFCPROPERTYSINGLEVALUE('Tier',$,IFCLABEL('L300'),$);
#85=IFCPROPERTYSINGLEVALUE('Builder',$,IFCLABEL('profile'),$);
#86=IFCPROPERTYSINGLEVALUE('Discipline',$,IFCLABEL('structural'),$);
#87=IFCPROPERTYSINGLEVALUE('GeometryStatus',$,IFCLABEL('parametric'),$);
#88=IFCPROPERTYSET('3uWQI_Hu53pv8PJnGSXPD3',$,'MF_Quantities',$,(#89,#90,#91,#92,#93));
#89=IFCPROPERTYSINGLEVALUE('NominalWidth',$,IFCREAL(0.089408000000000001),$);
#90=IFCPROPERTYSINGLEVALUE('NominalDepth',$,IFCREAL(0.38100000000000001),$);
#91=IFCPROPERTYSINGLEVALUE('NominalHeight',$,IFCREAL(6.0960000000000001),$);
#92=IFCPROPERTYSINGLEVALUE('NominalFootprintArea',$,IFCREAL(0.034063999999999997),$);
#93=IFCPROPERTYSINGLEVALUE('NominalVolume',$,IFCREAL(0.20765700000000001),$);
#94=IFCMEMBERTYPE('1Z759QcD10HeSb61Noylrb',$,'Channel - C15X33.9',$,$,(#111,#115,#126),(#110),$,$,.NOTDEFINED.);
#95=IFCCARTESIANPOINT((0.,0.));
#96=IFCDIRECTION((1.,0.));
#97=IFCAXIS2PLACEMENT2D(#95,#96);
#98=IFCUSHAPEPROFILEDEF(.AREA.,'C15X33.9',#97,0.38100000000000001,0.086360000000000006,0.010160000000000001,0.01651,0.020066000000000001,$,$);
#99=IFCCARTESIANPOINT((0.,0.,0.));
#100=IFCDIRECTION((0.,0.,1.));
#101=IFCDIRECTION((1.,0.,0.));
#102=IFCAXIS2PLACEMENT3D(#99,#100,#101);
#103=IFCDIRECTION((0.,0.,1.));
#104=IFCEXTRUDEDAREASOLID(#98,#102,#103,6.0960000000000001);
#105=IFCSHAPEREPRESENTATION(#11,'Body','SweptSolid',(#104));
#106=IFCCARTESIANPOINT((0.,0.,0.));
#107=IFCDIRECTION((1.,0.,0.));
#108=IFCDIRECTION((0.,0.,1.));
#109=IFCAXIS2PLACEMENT3D(#106,#108,#107);
#110=IFCREPRESENTATIONMAP(#109,#105);
#111=IFCPROPERTYSET('1VS8Owxu9DEgfs9M1rwFST',$,'MF_Structural',$,(#112,#113,#114));
#112=IFCPROPERTYSINGLEVALUE('Section',$,IFCLABEL('C15X33.9'),$);
#113=IFCPROPERTYSINGLEVALUE('SectionFamily',$,IFCLABEL('C'),$);
#114=IFCPROPERTYSINGLEVALUE('SectionSource',$,IFCLABEL('AISC Shapes Database v15.0 (US)'),$);
#115=IFCPROPERTYSET('3RXivxgrjAa897xoSd6BYo',$,'MF_Library',$,(#116,#117,#118,#119,#120,#121,#122,#123,#124,#125));
#116=IFCPROPERTYSINGLEVALUE('Key',$,IFCLABEL('steel_channel_c'),$);
#117=IFCPROPERTYSINGLEVALUE('Family',$,IFCLABEL('Channel'),$);
#118=IFCPROPERTYSINGLEVALUE('TypeName',$,IFCLABEL('C15X33.9'),$);
#119=IFCPROPERTYSINGLEVALUE('Version',$,IFCLABEL('0.1.0'),$);
#120=IFCPROPERTYSINGLEVALUE('License',$,IFCLABEL('CC0-1.0'),$);
#121=IFCPROPERTYSINGLEVALUE('Source',$,IFCLABEL('massing-families'),$);
#122=IFCPROPERTYSINGLEVALUE('Tier',$,IFCLABEL('L300'),$);
#123=IFCPROPERTYSINGLEVALUE('Builder',$,IFCLABEL('profile'),$);
#124=IFCPROPERTYSINGLEVALUE('Discipline',$,IFCLABEL('structural'),$);
#125=IFCPROPERTYSINGLEVALUE('GeometryStatus',$,IFCLABEL('parametric'),$);
#126=IFCPROPERTYSET('3UopPdeqj23gc7p7XWRhjy',$,'MF_Quantities',$,(#127,#128,#129,#130,#131));
#127=IFCPROPERTYSINGLEVALUE('NominalWidth',$,IFCREAL(0.086360000000000006),$);
#128=IFCPROPERTYSINGLEVALUE('NominalDepth',$,IFCREAL(0.38100000000000001),$);
#129=IFCPROPERTYSINGLEVALUE('NominalHeight',$,IFCREAL(6.0960000000000001),$);
#130=IFCPROPERTYSINGLEVALUE('NominalFootprintArea',$,IFCREAL(0.032903000000000002),$);
#131=IFCPROPERTYSINGLEVALUE('NominalVolume',$,IFCREAL(0.20057800000000001),$);
#132=IFCMEMBERTYPE('0osfjUAC17NfvKhxolbw2C',$,'Channel - C12X30',$,$,(#149,#153,#164),(#148),$,$,.NOTDEFINED.);
#133=IFCCARTESIANPOINT((0.,0.));
#134=IFCDIRECTION((1.,0.));
#135=IFCAXIS2PLACEMENT2D(#133,#134);
#136=IFCUSHAPEPROFILEDEF(.AREA.,'C12X30',#135,0.30480000000000002,0.080518000000000006,0.012954,0.0127254,0.015976600000000001,$,$);
#137=IFCCARTESIANPOINT((0.,0.,0.));
#138=IFCDIRECTION((0.,0.,1.));
#139=IFCDIRECTION((1.,0.,0.));
#140=IFCAXIS2PLACEMENT3D(#137,#138,#139);
#141=IFCDIRECTION((0.,0.,1.));
#142=IFCEXTRUDEDAREASOLID(#136,#140,#141,6.0960000000000001);
#143=IFCSHAPEREPRESENTATION(#11,'Body','SweptSolid',(#142));
#144=IFCCARTESIANPOINT((0.,0.,0.));
#145=IFCDIRECTION((1.,0.,0.));
#146=IFCDIRECTION((0.,0.,1.));
#147=IFCAXIS2PLACEMENT3D(#144,#146,#145);
#148=IFCREPRESENTATIONMAP(#147,#143);
#149=IFCPROPERTYSET('1eSlEkhuz3V9irfRrf_ApE',$,'MF_Structural',$,(#150,#151,#152));
#150=IFCPROPERTYSINGLEVALUE('Section',$,IFCLABEL('C12X30'),$);
#151=IFCPROPERTYSINGLEVALUE('SectionFamily',$,IFCLABEL('C'),$);
#152=IFCPROPERTYSINGLEVALUE('SectionSource',$,IFCLABEL('AISC Shapes Database v15.0 (US)'),$);
#153=IFCPROPERTYSET('36jgHGsSz5awDxPb5C2cgn',$,'MF_Library',$,(#154,#155,#156,#157,#158,#159,#160,#161,#162,#163));
#154=IFCPROPERTYSINGLEVALUE('Key',$,IFCLABEL('steel_channel_c'),$);
#155=IFCPROPERTYSINGLEVALUE('Family',$,IFCLABEL('Channel'),$);
#156=IFCPROPERTYSINGLEVALUE('TypeName',$,IFCLABEL('C12X30'),$);
#157=IFCPROPERTYSINGLEVALUE('Version',$,IFCLABEL('0.1.0'),$);
#158=IFCPROPERTYSINGLEVALUE('License',$,IFCLABEL('CC0-1.0'),$);
#159=IFCPROPERTYSINGLEVALUE('Source',$,IFCLABEL('massing-families'),$);
#160=IFCPROPERTYSINGLEVALUE('Tier',$,IFCLABEL('L300'),$);
#161=IFCPROPERTYSINGLEVALUE('Builder',$,IFCLABEL('profile'),$);
#162=IFCPROPERTYSINGLEVALUE('Discipline',$,IFCLABEL('structural'),$);
#163=IFCPROPERTYSINGLEVALUE('GeometryStatus',$,IFCLABEL('parametric'),$);
#164=IFCPROPERTYSET('3u6_8zWnv0_AWn0c97HV_b',$,'MF_Quantities',$,(#165,#166,#167,#168,#169));
#165=IFCPROPERTYSINGLEVALUE('NominalWidth',$,IFCREAL(0.080518000000000006),$);
#166=IFCPROPERTYSINGLEVALUE('NominalDepth',$,IFCREAL(0.30480000000000002),$);
#167=IFCPROPERTYSINGLEVALUE('NominalHeight',$,IFCREAL(6.0960000000000001),$);
#168=IFCPROPERTYSINGLEVALUE('NominalFootprintArea',$,IFCREAL(0.024542000000000001),$);
#169=IFCPROPERTYSINGLEVALUE('NominalVolume',$,IFCREAL(0.14960699999999999),$);
#170=IFCMEMBERTYPE('3xW$UsT3jApOA0fFjX$cxS',$,'Channel - C12X25',$,$,(#187,#191,#202),(#186),$,$,.NOTDEFINED.);
#171=IFCCARTESIANPOINT((0.,0.));
#172=IFCDIRECTION((1.,0.));
#173=IFCAXIS2PLACEMENT2D(#171,#172);
#174=IFCUSHAPEPROFILEDEF(.AREA.,'C12X25',#173,0.30480000000000002,0.077469999999999997,0.0098297999999999996,0.0127254,0.015976600000000001,$,$);
#175=IFCCARTESIANPOINT((0.,0.,0.));
#176=IFCDIRECTION((0.,0.,1.));
#177=IFCDIRECTION((1.,0.,0.));
#178=IFCAXIS2PLACEMENT3D(#175,#176,#177);
#179=IFCDIRECTION((0.,0.,1.));
#180=IFCEXTRUDEDAREASOLID(#174,#178,#179,6.0960000000000001);
#181=IFCSHAPEREPRESENTATION(#11,'Body','SweptSolid',(#180));
#182=IFCCARTESIANPOINT((0.,0.,0.));
#183=IFCDIRECTION((1.,0.,0.));
#184=IFCDIRECTION((0.,0.,1.));
#185=IFCAXIS2PLACEMENT3D(#182,#184,#183);
#186=IFCREPRESENTATIONMAP(#185,#181);
#187=IFCPROPERTYSET('3ifl4CiJnFB9MDtm4IrJlJ',$,'MF_Structural',$,(#188,#189,#190));
#188=IFCPROPERTYSINGLEVALUE('Section',$,IFCLABEL('C12X25'),$);
#189=IFCPROPERTYSINGLEVALUE('SectionFamily',$,IFCLABEL('C'),$);
#190=IFCPROPERTYSINGLEVALUE('SectionSource',$,IFCLABEL('AISC Shapes Database v15.0 (US)'),$);
#191=IFCPROPERTYSET('1eQ61N6Lv9wvBKFMERjJzn',$,'MF_Library',$,(#192,#193,#194,#195,#196,#197,#198,#199,#200,#201));
#192=IFCPROPERTYSINGLEVALUE('Key',$,IFCLABEL('steel_channel_c'),$);
#193=IFCPROPERTYSINGLEVALUE('Family',$,IFCLABEL('Channel'),$);
#194=IFCPROPERTYSINGLEVALUE('TypeName',$,IFCLABEL('C12X25'),$);
#195=IFCPROPERTYSINGLEVALUE('Version',$,IFCLABEL('0.1.0'),$);
#196=IFCPROPERTYSINGLEVALUE('License',$,IFCLABEL('CC0-1.0'),$);
#197=IFCPROPERTYSINGLEVALUE('Source',$,IFCLABEL('massing-families'),$);
#198=IFCPROPERTYSINGLEVALUE('Tier',$,IFCLABEL('L300'),$);
#199=IFCPROPERTYSINGLEVALUE('Builder',$,IFCLABEL('profile'),$);
#200=IFCPROPERTYSINGLEVALUE('Discipline',$,IFCLABEL('structural'),$);
#201=IFCPROPERTYSINGLEVALUE('GeometryStatus',$,IFCLABEL('parametric'),$);
#202=IFCPROPERTYSET('3gTE4YnvD2FPN69yngVBjG',$,'MF_Quantities',$,(#203,#204,#205,#206,#207));
#203=IFCPROPERTYSINGLEVALUE('NominalWidth',$,IFCREAL(0.077469999999999997),$);
#204=IFCPROPERTYSINGLEVALUE('NominalDepth',$,IFCREAL(0.30480000000000002),$);
#205=IFCPROPERTYSINGLEVALUE('NominalHeight',$,IFCREAL(6.0960000000000001),$);
#206=IFCPROPERTYSINGLEVALUE('NominalFootprintArea',$,IFCREAL(0.023612999999999999),$);
#207=IFCPROPERTYSINGLEVALUE('NominalVolume',$,IFCREAL(0.14394399999999999),$);
#208=IFCMEMBERTYPE('0s3h$7wnzBKOmv6TrT5Lgy',$,'Channel - C12X20.7',$,$,(#225,#229,#240),(#224),$,$,.NOTDEFINED.);
#209=IFCCARTESIANPOINT((0.,0.));
#210=IFCDIRECTION((1.,0.));
#211=IFCAXIS2PLACEMENT2D(#209,#210);
#212=IFCUSHAPEPROFILEDEF(.AREA.,'C12X20.7',#211,0.30480000000000002,0.074676000000000006,0.0071628000000000004,0.0127254,0.015976600000000001,$,$);
#213=IFCCARTESIANPOINT((0.,0.,0.));
#214=IFCDIRECTION((0.,0.,1.));
#215=IFCDIRECTION((1.,0.,0.));
#216=IFCAXIS2PLACEMENT3D(#213,#214,#215);
#217=IFCDIRECTION((0.,0.,1.));
#218=IFCEXTRUDEDAREASOLID(#212,#216,#217,6.0960000000000001);
#219=IFCSHAPEREPRESENTATION(#11,'Body','SweptSolid',(#218));
#220=IFCCARTESIANPOINT((0.,0.,0.));
#221=IFCDIRECTION((1.,0.,0.));
#222=IFCDIRECTION((0.,0.,1.));
#223=IFCAXIS2PLACEMENT3D(#220,#222,#221);
#224=IFCREPRESENTATIONMAP(#223,#219);
#225=IFCPROPERTYSET('0XUtVVKy92TB$3HFq33ZQ4',$,'MF_Structural',$,(#226,#227,#228));
#226=IFCPROPERTYSINGLEVALUE('Section',$,IFCLABEL('C12X20.7'),$);
#227=IFCPROPERTYSINGLEVALUE('SectionFamily',$,IFCLABEL('C'),$);
#228=IFCPROPERTYSINGLEVALUE('SectionSource',$,IFCLABEL('AISC Shapes Database v15.0 (US)'),$);
#229=IFCPROPERTYSET('2wIuIpyzn7_98jsrMmJmAJ',$,'MF_Library',$,(#230,#231,#232,#233,#234,#235,#236,#237,#238,#239));
#230=IFCPROPERTYSINGLEVALUE('Key',$,IFCLABEL('steel_channel_c'),$);
#231=IFCPROPERTYSINGLEVALUE('Family',$,IFCLABEL('Channel'),$);
#232=IFCPROPERTYSINGLEVALUE('TypeName',$,IFCLABEL('C12X20.7'),$);
#233=IFCPROPERTYSINGLEVALUE('Version',$,IFCLABEL('0.1.0'),$);
#234=IFCPROPERTYSINGLEVALUE('License',$,IFCLABEL('CC0-1.0'),$);
#235=IFCPROPERTYSINGLEVALUE('Source',$,IFCLABEL('massing-families'),$);
#236=IFCPROPERTYSINGLEVALUE('Tier',$,IFCLABEL('L300'),$);
#237=IFCPROPERTYSINGLEVALUE('Builder',$,IFCLABEL('profile'),$);
#238=IFCPROPERTYSINGLEVALUE('Discipline',$,IFCLABEL('structural'),$);
#239=IFCPROPERTYSINGLEVALUE('GeometryStatus',$,IFCLABEL('parametric'),$);
#240=IFCPROPERTYSET('1BDvGy$hf8ru6Z0RkfTLot',$,'MF_Quantities',$,(#241,#242,#243,#244,#245));
#241=IFCPROPERTYSINGLEVALUE('NominalWidth',$,IFCREAL(0.074676000000000006),$);
#242=IFCPROPERTYSINGLEVALUE('NominalDepth',$,IFCREAL(0.30480000000000002),$);
#243=IFCPROPERTYSINGLEVALUE('NominalHeight',$,IFCREAL(6.0960000000000001),$);
#244=IFCPROPERTYSINGLEVALUE('NominalFootprintArea',$,IFCREAL(0.022761),$);
#245=IFCPROPERTYSINGLEVALUE('NominalVolume',$,IFCREAL(0.13875299999999999),$);
#246=IFCMEMBERTYPE('14Hi_1edD0wuCuk8ZCI0G8',$,'Channel - C10X30',$,$,(#263,#267,#278),(#262),$,$,.NOTDEFINED.);
#247=IFCCARTESIANPOINT((0.,0.));
#248=IFCDIRECTION((1.,0.));
#249=IFCAXIS2PLACEMENT2D(#247,#248);
#250=IFCUSHAPEPROFILEDEF(.AREA.,'C10X30',#249,0.254,0.076962000000000003,0.0170942,0.0110744,0.014325600000000001,$,$);
#251=IFCCARTESIANPOINT((0.,0.,0.));
#252=IFCDIRECTION((0.,0.,1.));
#253=IFCDIRECTION((1.,0.,0.));
#254=IFCAXIS2PLACEMENT3D(#251,#252,#253);
#255=IFCDIRECTION((0.,0.,1.));
#256=IFCEXTRUDEDAREASOLID(#250,#254,#255,6.0960000000000001);
#257=IFCSHAPEREPRESENTATION(#11,'Body','SweptSolid',(#256));
#258=IFCCARTESIANPOINT((0.,0.,0.));
#259=IFCDIRECTION((1.,0.,0.));
#260=IFCDIRECTION((0.,0.,1.));
#261=IFCAXIS2PLACEMENT3D(#258,#260,#259);
#262=IFCREPRESENTATIONMAP(#261,#257);
#263=IFCPROPERTYSET('11pjXdCHD4Mg7fHqws8HgE',$,'MF_Structural',$,(#264,#265,#266));
#264=IFCPROPERTYSINGLEVALUE('Section',$,IFCLABEL('C10X30'),$);
#265=IFCPROPERTYSINGLEVALUE('SectionFamily',$,IFCLABEL('C'),$);
#266=IFCPROPERTYSINGLEVALUE('SectionSource',$,IFCLABEL('AISC Shapes Database v15.0 (US)'),$);
#267=IFCPROPERTYSET('2qKdYoqzP30RhCBpFMp3w8',$,'MF_Library',$,(#268,#269,#270,#271,#272,#273,#274,#275,#276,#277));
#268=IFCPROPERTYSINGLEVALUE('Key',$,IFCLABEL('steel_channel_c'),$);
#269=IFCPROPERTYSINGLEVALUE('Family',$,IFCLABEL('Channel'),$);
#270=IFCPROPERTYSINGLEVALUE('TypeName',$,IFCLABEL('C10X30'),$);
#271=IFCPROPERTYSINGLEVALUE('Version',$,IFCLABEL('0.1.0'),$);
#272=IFCPROPERTYSINGLEVALUE('License',$,IFCLABEL('CC0-1.0'),$);
#273=IFCPROPERTYSINGLEVALUE('Source',$,IFCLABEL('massing-families'),$);
#274=IFCPROPERTYSINGLEVALUE('Tier',$,IFCLABEL('L300'),$);
#275=IFCPROPERTYSINGLEVALUE('Builder',$,IFCLABEL('profile'),$);
#276=IFCPROPERTYSINGLEVALUE('Discipline',$,IFCLABEL('structural'),$);
#277=IFCPROPERTYSINGLEVALUE('GeometryStatus',$,IFCLABEL('parametric'),$);
#278=IFCPROPERTYSET('1BD0dlcev8VvU9rVEWOZOv',$,'MF_Quantities',$,(#279,#280,#281,#282,#283));
#279=IFCPROPERTYSINGLEVALUE('NominalWidth',$,IFCREAL(0.076962000000000003),$);
#280=IFCPROPERTYSINGLEVALUE('NominalDepth',$,IFCREAL(0.254),$);
#281=IFCPROPERTYSINGLEVALUE('NominalHeight',$,IFCREAL(6.0960000000000001),$);
#282=IFCPROPERTYSINGLEVALUE('NominalFootprintArea',$,IFCREAL(0.019547999999999999),$);
#283=IFCPROPERTYSINGLEVALUE('NominalVolume',$,IFCREAL(0.119167),$);
#284=IFCMEMBERTYPE('3JXzGwNpP5_80ZJFF09nmC',$,'Channel - C10X25',$,$,(#301,#305,#316),(#300),$,$,.NOTDEFINED.);
#285=IFCCARTESIANPOINT((0.,0.));
#286=IFCDIRECTION((1.,0.));
#287=IFCAXIS2PLACEMENT2D(#285,#286);
#288=IFCUSHAPEPROFILEDEF(.AREA.,'C10X25',#287,0.254,0.073405999999999999,0.0133604,0.0110744,0.014325600000000001,$,$);
#289=IFCCARTESIANPOINT((0.,0.,0.));
#290=IFCDIRECTION((0.,0.,1.));
#291=IFCDIRECTION((1.,0.,0.));
#292=IFCAXIS2PLACEMENT3D(#289,#290,#291);
#293=IFCDIRECTION((0.,0.,1.));
#294=IFCEXTRUDEDAREASOLID(#288,#292,#293,6.0960000000000001);
#295=IFCSHAPEREPRESENTATION(#11,'Body','SweptSolid',(#294));
#296=IFCCARTESIANPOINT((0.,0.,0.));
#297=IFCDIRECTION((1.,0.,0.));
#298=IFCDIRECTION((0.,0.,1.));
#299=IFCAXIS2PLACEMENT3D(#296,#298,#297);
#300=IFCREPRESENTATIONMAP(#299,#295);
#301=IFCPROPERTYSET('1ML1SkTaf8dertZL2u34PG',$,'MF_Structural',$,(#302,#303,#304));
#302=IFCPROPERTYSINGLEVALUE('Section',$,IFCLABEL('C10X25'),$);
#303=IFCPROPERTYSINGLEVALUE('SectionFamily',$,IFCLABEL('C'),$);
#304=IFCPROPERTYSINGLEVALUE('SectionSource',$,IFCLABEL('AISC Shapes Database v15.0 (US)'),$);
#305=IFCPROPERTYSET('2e6ZW4jgPFG9TOmb42TPwm',$,'MF_Library',$,(#306,#307,#308,#309,#310,#311,#312,#313,#314,#315));
#306=IFCPROPERTYSINGLEVALUE('Key',$,IFCLABEL('steel_channel_c'),$);
#307=IFCPROPERTYSINGLEVALUE('Family',$,IFCLABEL('Channel'),$);
#308=IFCPROPERTYSINGLEVALUE('TypeName',$,IFCLABEL('C10X25'),$);
#309=IFCPROPERTYSINGLEVALUE('Version',$,IFCLABEL('0.1.0'),$);
#310=IFCPROPERTYSINGLEVALUE('License',$,IFCLABEL('CC0-1.0'),$);
#311=IFCPROPERTYSINGLEVALUE('Source',$,IFCLABEL('massing-families'),$);
#312=IFCPROPERTYSINGLEVALUE('Tier',$,IFCLABEL('L300'),$);
#313=IFCPROPERTYSINGLEVALUE('Builder',$,IFCLABEL('profile'),$);
#314=IFCPROPERTYSINGLEVALUE('Discipline',$,IFCLABEL('structural'),$);
#315=IFCPROPERTYSINGLEVALUE('GeometryStatus',$,IFCLABEL('parametric'),$);
#316=IFCPROPERTYSET('1r4waRIizD0OZNSKRKrr6n',$,'MF_Quantities',$,(#317,#318,#319,#320,#321));
#317=IFCPROPERTYSINGLEVALUE('NominalWidth',$,IFCREAL(0.073405999999999999),$);
#318=IFCPROPERTYSINGLEVALUE('NominalDepth',$,IFCREAL(0.254),$);
#319=IFCPROPERTYSINGLEVALUE('NominalHeight',$,IFCREAL(6.0960000000000001),$);
#320=IFCPROPERTYSINGLEVALUE('NominalFootprintArea',$,IFCREAL(0.018644999999999998),$);
#321=IFCPROPERTYSINGLEVALUE('NominalVolume',$,IFCREAL(0.113661),$);
#322=IFCMEMBERTYPE('0o1QMP0yDBW9F5O4joTmSl',$,'Channel - C10X20',$,$,(#339,#343,#354),(#338),$,$,.NOTDEFINED.);
#323=IFCCARTESIANPOINT((0.,0.));
#324=IFCDIRECTION((1.,0.));
#325=IFCAXIS2PLACEMENT2D(#323,#324);
#326=IFCUSHAPEPROFILEDEF(.AREA.,'C10X20',#325,0.254,0.069596000000000005,0.0096266000000000008,0.0110744,0.014325600000000001,$,$);
#327=IFCCARTESIANPOINT((0.,0.,0.));
#328=IFCDIRECTION((0.,0.,1.));
#329=IFCDIRECTION((1.,0.,0.));
#330=IFCAXIS2PLACEMENT3D(#327,#328,#329);
#331=IFCDIRECTION((0.,0.,1.));
#332=IFCEXTRUDEDAREASOLID(#326,#330,#331,6.0960000000000001);
#333=IFCSHAPEREPRESENTATION(#11,'Body','SweptSolid',(#332));
#334=IFCCARTESIANPOINT((0.,0.,0.));
#335=IFCDIRECTION((1.,0.,0.));
#336=IFCDIRECTION((0.,0.,1.));
#337=IFCAXIS2PLACEMENT3D(#334,#336,#335);
#338=IFCREPRESENTATIONMAP(#337,#333);
#339=IFCPROPERTYSET('3Y1mbjEsL6Z8op_kxdwtWN',$,'MF_Structural',$,(#340,#341,#342));
#340=IFCPROPERTYSINGLEVALUE('Section',$,IFCLABEL('C10X20'),$);
#341=IFCPROPERTYSINGLEVALUE('SectionFamily',$,IFCLABEL('C'),$);
#342=IFCPROPERTYSINGLEVALUE('SectionSource',$,IFCLABEL('AISC Shapes Database v15.0 (US)'),$);
#343=IFCPROPERTYSET('3loU8C5FDD2RtFk4R_MlhV',$,'MF_Library',$,(#344,#345,#346,#347,#348,#349,#350,#351,#352,#353));
#344=IFCPROPERTYSINGLEVALUE('Key',$,IFCLABEL('steel_channel_c'),$);
#345=IFCPROPERTYSINGLEVALUE('Family',$,IFCLABEL('Channel'),$);
#346=IFCPROPERTYSINGLEVALUE('TypeName',$,IFCLABEL('C10X20'),$);
#347=IFCPROPERTYSINGLEVALUE('Version',$,IFCLABEL('0.1.0'),$);
#348=IFCPROPERTYSINGLEVALUE('License',$,IFCLABEL('CC0-1.0'),$);
#349=IFCPROPERTYSINGLEVALUE('Source',$,IFCLABEL('massing-families'),$);
#350=IFCPROPERTYSINGLEVALUE('Tier',$,IFCLABEL('L300'),$);
#351=IFCPROPERTYSINGLEVALUE('Builder',$,IFCLABEL('profile'),$);
#352=IFCPROPERTYSINGLEVALUE('Discipline',$,IFCLABEL('structural'),$);
#353=IFCPROPERTYSINGLEVALUE('GeometryStatus',$,IFCLABEL('parametric'),$);
#354=IFCPROPERTYSET('0plSQ1B7zD8w4D8NXa1gNa',$,'MF_Quantities',$,(#355,#356,#357,#358,#359));
#355=IFCPROPERTYSINGLEVALUE('NominalWidth',$,IFCREAL(0.069596000000000005),$);
#356=IFCPROPERTYSINGLEVALUE('NominalDepth',$,IFCREAL(0.254),$);
#357=IFCPROPERTYSINGLEVALUE('NominalHeight',$,IFCREAL(6.0960000000000001),$);
#358=IFCPROPERTYSINGLEVALUE('NominalFootprintArea',$,IFCREAL(0.017676999999999998),$);
#359=IFCPROPERTYSINGLEVALUE('NominalVolume',$,IFCREAL(0.107761),$);
#360=IFCMEMBERTYPE('3GQyhlHVvABAv4l_RMAXvc',$,'Channel - C10X15.3',$,$,(#377,#381,#392),(#376),$,$,.NOTDEFINED.);
#361=IFCCARTESIANPOINT((0.,0.));
#362=IFCDIRECTION((1.,0.));
#363=IFCAXIS2PLACEMENT2D(#361,#362);
#364=IFCUSHAPEPROFILEDEF(.AREA.,'C10X15.3',#363,0.254,0.066040000000000001,0.0060959999999999999,0.0110744,0.014325600000000001,$,$);
#365=IFCCARTESIANPOINT((0.,0.,0.));
#366=IFCDIRECTION((0.,0.,1.));
#367=IFCDIRECTION((1.,0.,0.));
#368=IFCAXIS2PLACEMENT3D(#365,#366,#367);
#369=IFCDIRECTION((0.,0.,1.));
#370=IFCEXTRUDEDAREASOLID(#364,#368,#369,6.0960000000000001);
#371=IFCSHAPEREPRESENTATION(#11,'Body','SweptSolid',(#370));
#372=IFCCARTESIANPOINT((0.,0.,0.));
#373=IFCDIRECTION((1.,0.,0.));
#374=IFCDIRECTION((0.,0.,1.));
#375=IFCAXIS2PLACEMENT3D(#372,#374,#373);
#376=IFCREPRESENTATIONMAP(#375,#371);
#377=IFCPROPERTYSET('3FBfIhRo1AhP$mMXisyp_q',$,'MF_Structural',$,(#378,#379,#380));
#378=IFCPROPERTYSINGLEVALUE('Section',$,IFCLABEL('C10X15.3'),$);
#379=IFCPROPERTYSINGLEVALUE('SectionFamily',$,IFCLABEL('C'),$);
#380=IFCPROPERTYSINGLEVALUE('SectionSource',$,IFCLABEL('AISC Shapes Database v15.0 (US)'),$);
#381=IFCPROPERTYSET('3ep_mya5b5ixgfBfVBQYKa',$,'MF_Library',$,(#382,#383,#384,#385,#386,#387,#388,#389,#390,#391));
#382=IFCPROPERTYSINGLEVALUE('Key',$,IFCLABEL('steel_channel_c'),$);
#383=IFCPROPERTYSINGLEVALUE('Family',$,IFCLABEL('Channel'),$);
#384=IFCPROPERTYSINGLEVALUE('TypeName',$,IFCLABEL('C10X15.3'),$);
#385=IFCPROPERTYSINGLEVALUE('Version',$,IFCLABEL('0.1.0'),$);
#386=IFCPROPERTYSINGLEVALUE('License',$,IFCLABEL('CC0-1.0'),$);
#387=IFCPROPERTYSINGLEVALUE('Source',$,IFCLABEL('massing-families'),$);
#388=IFCPROPERTYSINGLEVALUE('Tier',$,IFCLABEL('L300'),$);
#389=IFCPROPERTYSINGLEVALUE('Builder',$,IFCLABEL('profile'),$);
#390=IFCPROPERTYSINGLEVALUE('Discipline',$,IFCLABEL('structural'),$);
#391=IFCPROPERTYSINGLEVALUE('GeometryStatus',$,IFCLABEL('parametric'),$);
#392=IFCPROPERTYSET('2SiQ990EL8MuCW$_Sl_XLc',$,'MF_Quantities',$,(#393,#394,#395,#396,#397));
#393=IFCPROPERTYSINGLEVALUE('NominalWidth',$,IFCREAL(0.066040000000000001),$);
#394=IFCPROPERTYSINGLEVALUE('NominalDepth',$,IFCREAL(0.254),$);
#395=IFCPROPERTYSINGLEVALUE('NominalHeight',$,IFCREAL(6.0960000000000001),$);
#396=IFCPROPERTYSINGLEVALUE('NominalFootprintArea',$,IFCREAL(0.016774000000000001),$);
#397=IFCPROPERTYSINGLEVALUE('NominalVolume',$,IFCREAL(0.102255),$);
#398=IFCMEMBERTYPE('3eVIthTaf95esPDAJy1CQD',$,'Channel - C9X20',$,$,(#415,#419,#430),(#414),$,$,.NOTDEFINED.);
#399=IFCCARTESIANPOINT((0.,0.));
#400=IFCDIRECTION((1.,0.));
#401=IFCAXIS2PLACEMENT2D(#399,#400);
#402=IFCUSHAPEPROFILEDEF(.AREA.,'C9X20',#401,0.2286,0.067309999999999995,0.011379200000000001,0.0104902,0.014909800000000001,$,$);
#403=IFCCARTESIANPOINT((0.,0.,0.));
#404=IFCDIRECTION((0.,0.,1.));
#405=IFCDIRECTION((1.,0.,0.));
#406=IFCAXIS2PLACEMENT3D(#403,#404,#405);
#407=IFCDIRECTION((0.,0.,1.));
#408=IFCEXTRUDEDAREASOLID(#402,#406,#407,6.0960000000000001);
#409=IFCSHAPEREPRESENTATION(#11,'Body','SweptSolid',(#408));
#410=IFCCARTESIANPOINT((0.,0.,0.));
#411=IFCDIRECTION((1.,0.,0.));
#412=IFCDIRECTION((0.,0.,1.));
#413=IFCAXIS2PLACEMENT3D(#410,#412,#411);
#414=IFCREPRESENTATIONMAP(#413,#409);
#415=IFCPROPERTYSET('29rZkJ$sv48hxASc4aHREN',$,'MF_Structural',$,(#416,#417,#418));
#416=IFCPROPERTYSINGLEVALUE('Section',$,IFCLABEL('C9X20'),$);
#417=IFCPROPERTYSINGLEVALUE('SectionFamily',$,IFCLABEL('C'),$);
#418=IFCPROPERTYSINGLEVALUE('SectionSource',$,IFCLABEL('AISC Shapes Database v15.0 (US)'),$);
#419=IFCPROPERTYSET('0dR3Lbv1nAqeml7QpWwayn',$,'MF_Library',$,(#420,#421,#422,#423,#424,#425,#426,#427,#428,#429));
#420=IFCPROPERTYSINGLEVALUE('Key',$,IFCLABEL('steel_channel_c'),$);
#421=IFCPROPERTYSINGLEVALUE('Family',$,IFCLABEL('Channel'),$);
#422=IFCPROPERTYSINGLEVALUE('TypeName',$,IFCLABEL('C9X20'),$);
#423=IFCPROPERTYSINGLEVALUE('Version',$,IFCLABEL('0.1.0'),$);
#424=IFCPROPERTYSINGLEVALUE('License',$,IFCLABEL('CC0-1.0'),$);
#425=IFCPROPERTYSINGLEVALUE('Source',$,IFCLABEL('massing-families'),$);
#426=IFCPROPERTYSINGLEVALUE('Tier',$,IFCLABEL('L300'),$);
#427=IFCPROPERTYSINGLEVALUE('Builder',$,IFCLABEL('profile'),$);
#428=IFCPROPERTYSINGLEVALUE('Discipline',$,IFCLABEL('structural'),$);
#429=IFCPROPERTYSINGLEVALUE('GeometryStatus',$,IFCLABEL('parametric'),$);
#430=IFCPROPERTYSET('0sZ2cGd7zB8wnM3PbTE5vj',$,'MF_Quantities',$,(#431,#432,#433,#434,#435));
#431=IFCPROPERTYSINGLEVALUE('NominalWidth',$,IFCREAL(0.067309999999999995),$);
#432=IFCPROPERTYSINGLEVALUE('NominalDepth',$,IFCREAL(0.2286),$);
#433=IFCPROPERTYSINGLEVALUE('NominalHeight',$,IFCREAL(6.0960000000000001),$);
#434=IFCPROPERTYSINGLEVALUE('NominalFootprintArea',$,IFCREAL(0.015387),$);
#435=IFCPROPERTYSINGLEVALUE('NominalVolume',$,IFCREAL(0.093799999999999994),$);
#436=IFCMEMBERTYPE('2OcYjcv5H6HhBRlxbIs3I8',$,'Channel - C9X15',$,$,(#453,#457,#468),(#452),$,$,.NOTDEFINED.);
#437=IFCCARTESIANPOINT((0.,0.));
#438=IFCDIRECTION((1.,0.));
#439=IFCAXIS2PLACEMENT2D(#437,#438);
#440=IFCUSHAPEPROFILEDEF(.AREA.,'C9X15',#439,0.2286,0.063245999999999997,0.0072389999999999998,0.0104902,0.014909800000000001,$,$);
#441=IFCCARTESIANPOINT((0.,0.,0.));
#442=IFCDIRECTION((0.,0.,1.));
#443=IFCDIRECTION((1.,0.,0.));
#444=IFCAXIS2PLACEMENT3D(#441,#442,#443);
#445=IFCDIRECTION((0.,0.,1.));
#446=IFCEXTRUDEDAREASOLID(#440,#444,#445,6.0960000000000001);
#447=IFCSHAPEREPRESENTATION(#11,'Body','SweptSolid',(#446));
#448=IFCCARTESIANPOINT((0.,0.,0.));
#449=IFCDIRECTION((1.,0.,0.));
#450=IFCDIRECTION((0.,0.,1.));
#451=IFCAXIS2PLACEMENT3D(#448,#450,#449);
#452=IFCREPRESENTATIONMAP(#451,#447);
#453=IFCPROPERTYSET('3OonLMhS5A9P1ufa3MAaoR',$,'MF_Structural',$,(#454,#455,#456));
#454=IFCPROPERTYSINGLEVALUE('Section',$,IFCLABEL('C9X15'),$);
#455=IFCPROPERTYSINGLEVALUE('SectionFamily',$,IFCLABEL('C'),$);
#456=IFCPROPERTYSINGLEVALUE('SectionSource',$,IFCLABEL('AISC Shapes Database v15.0 (US)'),$);
#457=IFCPROPERTYSET('17HgXdANfF5vH_MvDFagon',$,'MF_Library',$,(#458,#459,#460,#461,#462,#463,#464,#465,#466,#467));
#458=IFCPROPERTYSINGLEVALUE('Key',$,IFCLABEL('steel_channel_c'),$);
#459=IFCPROPERTYSINGLEVALUE('Family',$,IFCLABEL('Channel'),$);
#460=IFCPROPERTYSINGLEVALUE('TypeName',$,IFCLABEL('C9X15'),$);
#461=IFCPROPERTYSINGLEVALUE('Version',$,IFCLABEL('0.1.0'),$);
#462=IFCPROPERTYSINGLEVALUE('License',$,IFCLABEL('CC0-1.0'),$);
#463=IFCPROPERTYSINGLEVALUE('Source',$,IFCLABEL('massing-families'),$);
#464=IFCPROPERTYSINGLEVALUE('Tier',$,IFCLABEL('L300'),$);
#465=IFCPROPERTYSINGLEVALUE('Builder',$,IFCLABEL('profile'),$);
#466=IFCPROPERTYSINGLEVALUE('Discipline',$,IFCLABEL('structural'),$);
#467=IFCPROPERTYSINGLEVALUE('GeometryStatus',$,IFCLABEL('parametric'),$);
#468=IFCPROPERTYSET('1YSHrFjvvBNBNa4EUTja33',$,'MF_Quantities',$,(#469,#470,#471,#472,#473));
#469=IFCPROPERTYSINGLEVALUE('NominalWidth',$,IFCREAL(0.063245999999999997),$);
#470=IFCPROPERTYSINGLEVALUE('NominalDepth',$,IFCREAL(0.2286),$);
#471=IFCPROPERTYSINGLEVALUE('NominalHeight',$,IFCREAL(6.0960000000000001),$);
#472=IFCPROPERTYSINGLEVALUE('NominalFootprintArea',$,IFCREAL(0.014458),$);
#473=IFCPROPERTYSINGLEVALUE('NominalVolume',$,IFCREAL(0.088136000000000006),$);
#474=IFCMEMBERTYPE('2hr2zzCi9BiOaHjE31TYXs',$,'Channel - C9X13.4',$,$,(#491,#495,#506),(#490),$,$,.NOTDEFINED.);
#475=IFCCARTESIANPOINT((0.,0.));
#476=IFCDIRECTION((1.,0.));
#477=IFCAXIS2PLACEMENT2D(#475,#476);
#478=IFCUSHAPEPROFILEDEF(.AREA.,'C9X13.4',#477,0.2286,0.061721999999999999,0.0059182000000000002,0.0104902,0.014909800000000001,$,$);
#479=IFCCARTESIANPOINT((0.,0.,0.));
#480=IFCDIRECTION((0.,0.,1.));
#481=IFCDIRECTION((1.,0.,0.));
#482=IFCAXIS2PLACEMENT3D(#479,#480,#481);
#483=IFCDIRECTION((0.,0.,1.));
#484=IFCEXTRUDEDAREASOLID(#478,#482,#483,6.0960000000000001);
#485=IFCSHAPEREPRESENTATION(#11,'Body','SweptSolid',(#484));
#486=IFCCARTESIANPOINT((0.,0.,0.));
#487=IFCDIRECTION((1.,0.,0.));
#488=IFCDIRECTION((0.,0.,1.));
#489=IFCAXIS2PLACEMENT3D(#486,#488,#487);
#490=IFCREPRESENTATIONMAP(#489,#485);
#491=IFCPROPERTYSET('188ASu_8rEwuPVFhOZlbkc',$,'MF_Structural',$,(#492,#493,#494));
#492=IFCPROPERTYSINGLEVALUE('Section',$,IFCLABEL('C9X13.4'),$);
#493=IFCPROPERTYSINGLEVALUE('SectionFamily',$,IFCLABEL('C'),$);
#494=IFCPROPERTYSINGLEVALUE('SectionSource',$,IFCLABEL('AISC Shapes Database v15.0 (US)'),$);
#495=IFCPROPERTYSET('004yYwAYDD1OzDgD2YNPrF',$,'MF_Library',$,(#496,#497,#498,#499,#500,#501,#502,#503,#504,#505));
#496=IFCPROPERTYSINGLEVALUE('Key',$,IFCLABEL('steel_channel_c'),$);
#497=IFCPROPERTYSINGLEVALUE('Family',$,IFCLABEL('Channel'),$);
#498=IFCPROPERTYSINGLEVALUE('TypeName',$,IFCLABEL('C9X13.4'),$);
#499=IFCPROPERTYSINGLEVALUE('Version',$,IFCLABEL('0.1.0'),$);
#500=IFCPROPERTYSINGLEVALUE('License',$,IFCLABEL('CC0-1.0'),$);
#501=IFCPROPERTYSINGLEVALUE('Source',$,IFCLABEL('massing-families'),$);
#502=IFCPROPERTYSINGLEVALUE('Tier',$,IFCLABEL('L300'),$);
#503=IFCPROPERTYSINGLEVALUE('Builder',$,IFCLABEL('profile'),$);
#504=IFCPROPERTYSINGLEVALUE('Discipline',$,IFCLABEL('structural'),$);
#505=IFCPROPERTYSINGLEVALUE('GeometryStatus',$,IFCLABEL('parametric'),$);
#506=IFCPROPERTYSET('1bqQutpB1BHeKqLObdlb1z',$,'MF_Quantities',$,(#507,#508,#509,#510,#511));
#507=IFCPROPERTYSINGLEVALUE('NominalWidth',$,IFCREAL(0.061721999999999999),$);
#508=IFCPROPERTYSINGLEVALUE('NominalDepth',$,IFCREAL(0.2286),$);
#509=IFCPROPERTYSINGLEVALUE('NominalHeight',$,IFCREAL(6.0960000000000001),$);
#510=IFCPROPERTYSINGLEVALUE('NominalFootprintArea',$,IFCREAL(0.014109999999999999),$);
#511=IFCPROPERTYSINGLEVALUE('NominalVolume',$,IFCREAL(0.086012000000000005),$);
#512=IFCMEMBERTYPE('39zR2U2u53hvuvP5DNEFZe',$,'Channel - C8X18.75',$,$,(#529,#533,#544),(#528),$,$,.NOTDEFINED.);
#513=IFCCARTESIANPOINT((0.,0.));
#514=IFCDIRECTION((1.,0.));
#515=IFCAXIS2PLACEMENT2D(#513,#514);
#516=IFCUSHAPEPROFILEDEF(.AREA.,'C8X18.75',#515,0.20319999999999999,0.064262,0.0123698,0.0099059999999999999,0.0139192,$,$);
#517=IFCCARTESIANPOINT((0.,0.,0.));
#518=IFCDIRECTION((0.,0.,1.));
#519=IFCDIRECTION((1.,0.,0.));
#520=IFCAXIS2PLACEMENT3D(#517,#518,#519);
#521=IFCDIRECTION((0.,0.,1.));
#522=IFCEXTRUDEDAREASOLID(#516,#520,#521,6.0960000000000001);
#523=IFCSHAPEREPRESENTATION(#11,'Body','SweptSolid',(#522));
#524=IFCCARTESIANPOINT((0.,0.,0.));
#525=IFCDIRECTION((1.,0.,0.));
#526=IFCDIRECTION((0.,0.,1.));
#527=IFCAXIS2PLACEMENT3D(#524,#526,#525);
#528=IFCREPRESENTATIONMAP(#527,#523);
#529=IFCPROPERTYSET('1WZkgi4bfETeCwcJYrFf_m',$,'MF_Structural',$,(#530,#531,#532));
#530=IFCPROPERTYSINGLEVALUE('Section',$,IFCLABEL('C8X18.75'),$);
#531=IFCPROPERTYSINGLEVALUE('SectionFamily',$,IFCLABEL('C'),$);
#532=IFCPROPERTYSINGLEVALUE('SectionSource',$,IFCLABEL('AISC Shapes Database v15.0 (US)'),$);
#533=IFCPROPERTYSET('2CoJVnQZf7f8YiGCtD_tGt',$,'MF_Library',$,(#534,#535,#536,#537,#538,#539,#540,#541,#542,#543));
#534=IFCPROPERTYSINGLEVALUE('Key',$,IFCLABEL('steel_channel_c'),$);
#535=IFCPROPERTYSINGLEVALUE('Family',$,IFCLABEL('Channel'),$);
#536=IFCPROPERTYSINGLEVALUE('TypeName',$,IFCLABEL('C8X18.75'),$);
#537=IFCPROPERTYSINGLEVALUE('Version',$,IFCLABEL('0.1.0'),$);
#538=IFCPROPERTYSINGLEVALUE('License',$,IFCLABEL('CC0-1.0'),$);
#539=IFCPROPERTYSINGLEVALUE('Source',$,IFCLABEL('massing-families'),$);
#540=IFCPROPERTYSINGLEVALUE('Tier',$,IFCLABEL('L300'),$);
#541=IFCPROPERTYSINGLEVALUE('Builder',$,IFCLABEL('profile'),$);
#542=IFCPROPERTYSINGLEVALUE('Discipline',$,IFCLABEL('structural'),$);
#543=IFCPROPERTYSINGLEVALUE('GeometryStatus',$,IFCLABEL('parametric'),$);
#544=IFCPROPERTYSET('001ZbMOQfF18GW_sqBSOwX',$,'MF_Quantities',$,(#545,#546,#547,#548,#549));
#545=IFCPROPERTYSINGLEVALUE('NominalWidth',$,IFCREAL(0.064262),$);
#546=IFCPROPERTYSINGLEVALUE('NominalDepth',$,IFCREAL(0.20319999999999999),$);
#547=IFCPROPERTYSINGLEVALUE('NominalHeight',$,IFCREAL(6.0960000000000001),$);
#548=IFCPROPERTYSINGLEVALUE('NominalFootprintArea',$,IFCREAL(0.013058),$);
#549=IFCPROPERTYSINGLEVALUE('NominalVolume',$,IFCREAL(0.079602000000000006),$);
#550=IFCMEMBERTYPE('21m3wLD5v3juZA3yMadGXz',$,'Channel - C8X13.75',$,$,(#567,#571,#582),(#566),$,$,.NOTDEFINED.);
#551=IFCCARTESIANPOINT((0.,0.));
#552=IFCDIRECTION((1.,0.));
#553=IFCAXIS2PLACEMENT2D(#551,#552);
#554=IFCUSHAPEPROFILEDEF(.AREA.,'C8X13.75',#553,0.20319999999999999,0.059436000000000003,0.0076962000000000003,0.0099059999999999999,0.0139192,$,$);
#555=IFCCARTESIANPOINT((0.,0.,0.));
#556=IFCDIRECTION((0.,0.,1.));
#557=IFCDIRECTION((1.,0.,0.));
#558=IFCAXIS2PLACEMENT3D(#555,#556,#557);
#559=IFCDIRECTION((0.,0.,1.));
#560=IFCEXTRUDEDAREASOLID(#554,#558,#559,6.0960000000000001);
#561=IFCSHAPEREPRESENTATION(#11,'Body','SweptSolid',(#560));
#562=IFCCARTESIANPOINT((0.,0.,0.));
#563=IFCDIRECTION((1.,0.,0.));
#564=IFCDIRECTION((0.,0.,1.));
#565=IFCAXIS2PLACEMENT3D(#562,#564,#563);
#566=IFCREPRESENTATIONMAP(#565,#561);
#567=IFCPROPERTYSET('18CXDnH4L2AhcmJHNGdRs2',$,'MF_Structural',$,(#568,#569,#570));
#568=IFCPROPERTYSINGLEVALUE('Section',$,IFCLABEL('C8X13.75'),$);
#569=IFCPROPERTYSINGLEVALUE('SectionFamily',$,IFCLABEL('C'),$);
#570=IFCPROPERTYSINGLEVALUE('SectionSource',$,IFCLABEL('AISC Shapes Database v15.0 (US)'),$);
#571=IFCPROPERTYSET('2YqyUDMa1Dl8M2llm4r6Yy',$,'MF_Library',$,(#572,#573,#574,#575,#576,#577,#578,#579,#580,#581));
#572=IFCPROPERTYSINGLEVALUE('Key',$,IFCLABEL('steel_channel_c'),$);
#573=IFCPROPERTYSINGLEVALUE('Family',$,IFCLABEL('Channel'),$);
#574=IFCPROPERTYSINGLEVALUE('TypeName',$,IFCLABEL('C8X13.75'),$);
#575=IFCPROPERTYSINGLEVALUE('Version',$,IFCLABEL('0.1.0'),$);
#576=IFCPROPERTYSINGLEVALUE('License',$,IFCLABEL('CC0-1.0'),$);
#577=IFCPROPERTYSINGLEVALUE('Source',$,IFCLABEL('massing-families'),$);
#578=IFCPROPERTYSINGLEVALUE('Tier',$,IFCLABEL('L300'),$);
#579=IFCPROPERTYSINGLEVALUE('Builder',$,IFCLABEL('profile'),$);
#580=IFCPROPERTYSINGLEVALUE('Discipline',$,IFCLABEL('structural'),$);
#581=IFCPROPERTYSINGLEVALUE('GeometryStatus',$,IFCLABEL('parametric'),$);
#582=IFCPROPERTYSET('041_VyhY12CAv2FJfNdCTo',$,'MF_Quantities',$,(#583,#584,#585,#586,#587));
#583=IFCPROPERTYSINGLEVALUE('NominalWidth',$,IFCREAL(0.059436000000000003),$);
#584=IFCPROPERTYSINGLEVALUE('NominalDepth',$,IFCREAL(0.20319999999999999),$);
#585=IFCPROPERTYSINGLEVALUE('NominalHeight',$,IFCREAL(6.0960000000000001),$);
#586=IFCPROPERTYSINGLEVALUE('NominalFootprintArea',$,IFCREAL(0.012076999999999999),$);
#587=IFCPROPERTYSINGLEVALUE('NominalVolume',$,IFCREAL(0.073623999999999995),$);
#588=IFCMEMBERTYPE('2m1lOcqSXBA8VYn6X1xJrk',$,'Channel - C8X11.5',$,$,(#605,#609,#620),(#604),$,$,.NOTDEFINED.);
#589=IFCCARTESIANPOINT((0.,0.));
#590=IFCDIRECTION((1.,0.));
#591=IFCAXIS2PLACEMENT2D(#589,#590);
#592=IFCUSHAPEPROFILEDEF(.AREA.,'C8X11.5',#591,0.20319999999999999,0.057403999999999997,0.0055880000000000001,0.0099059999999999999,0.0139192,$,$);
#593=IFCCARTESIANPOINT((0.,0.,0.));
#594=IFCDIRECTION((0.,0.,1.));
#595=IFCDIRECTION((1.,0.,0.));
#596=IFCAXIS2PLACEMENT3D(#593,#594,#595);
#597=IFCDIRECTION((0.,0.,1.));
#598=IFCEXTRUDEDAREASOLID(#592,#596,#597,6.0960000000000001);
#599=IFCSHAPEREPRESENTATION(#11,'Body','SweptSolid',(#598));
#600=IFCCARTESIANPOINT((0.,0.,0.));
#601=IFCDIRECTION((1.,0.,0.));
#602=IFCDIRECTION((0.,0.,1.));
#603=IFCAXIS2PLACEMENT3D(#600,#602,#601);
#604=IFCREPRESENTATIONMAP(#603,#599);
#605=IFCPROPERTYSET('1ntswxkf9C0Ah5ojTXQHGK',$,'MF_Structural',$,(#606,#607,#608));
#606=IFCPROPERTYSINGLEVALUE('Section',$,IFCLABEL('C8X11.5'),$);
#607=IFCPROPERTYSINGLEVALUE('SectionFamily',$,IFCLABEL('C'),$);
#608=IFCPROPERTYSINGLEVALUE('SectionSource',$,IFCLABEL('AISC Shapes Database v15.0 (US)'),$);
#609=IFCPROPERTYSET('26n7pCMFH0BOrzm9rLDaf9',$,'MF_Library',$,(#610,#611,#612,#613,#614,#615,#616,#617,#618,#619));
#610=IFCPROPERTYSINGLEVALUE('Key',$,IFCLABEL('steel_channel_c'),$);
#611=IFCPROPERTYSINGLEVALUE('Family',$,IFCLABEL('Channel'),$);
#612=IFCPROPERTYSINGLEVALUE('TypeName',$,IFCLABEL('C8X11.5'),$);
#613=IFCPROPERTYSINGLEVALUE('Version',$,IFCLABEL('0.1.0'),$);
#614=IFCPROPERTYSINGLEVALUE('License',$,IFCLABEL('CC0-1.0'),$);
#615=IFCPROPERTYSINGLEVALUE('Source',$,IFCLABEL('massing-families'),$);
#616=IFCPROPERTYSINGLEVALUE('Tier',$,IFCLABEL('L300'),$);
#617=IFCPROPERTYSINGLEVALUE('Builder',$,IFCLABEL('profile'),$);
#618=IFCPROPERTYSINGLEVALUE('Discipline',$,IFCLABEL('structural'),$);
#619=IFCPROPERTYSINGLEVALUE('GeometryStatus',$,IFCLABEL('parametric'),$);
#620=IFCPROPERTYSET('0I2rCmtFnCxgexUy3Cp2Bn',$,'MF_Quantities',$,(#621,#622,#623,#624,#625));
#621=IFCPROPERTYSINGLEVALUE('NominalWidth',$,IFCREAL(0.057403999999999997),$);
#622=IFCPROPERTYSINGLEVALUE('NominalDepth',$,IFCREAL(0.20319999999999999),$);
#623=IFCPROPERTYSINGLEVALUE('NominalHeight',$,IFCREAL(6.0960000000000001),$);
#624=IFCPROPERTYSINGLEVALUE('NominalFootprintArea',$,IFCREAL(0.011664000000000001),$);
#625=IFCPROPERTYSINGLEVALUE('NominalVolume',$,IFCREAL(0.071107000000000004),$);
#626=IFCMEMBERTYPE('26wNOQZYL0OxTsLYrIeDU9',$,'Channel - C7X14.75',$,$,(#643,#647,#658),(#642),$,$,.NOTDEFINED.);
#627=IFCCARTESIANPOINT((0.,0.));
#628=IFCDIRECTION((1.,0.));
#629=IFCAXIS2PLACEMENT2D(#627,#628);
#630=IFCUSHAPEPROFILEDEF(.AREA.,'C7X14.75',#629,0.17780000000000001,0.05842,0.0106426,0.0092963999999999998,0.0129286,$,$);
#631=IFCCARTESIANPOINT((0.,0.,0.));
#632=IFCDIRECTION((0.,0.,1.));
#633=IFCDIRECTION((1.,0.,0.));
#634=IFCAXIS2PLACEMENT3D(#631,#632,#633);
#635=IFCDIRECTION((0.,0.,1.));
#636=IFCEXTRUDEDAREASOLID(#630,#634,#635,6.0960000000000001);
#637=IFCSHAPEREPRESENTATION(#11,'Body','SweptSolid',(#636));
#638=IFCCARTESIANPOINT((0.,0.,0.));
#639=IFCDIRECTION((1.,0.,0.));
#640=IFCDIRECTION((0.,0.,1.));
#641=IFCAXIS2PLACEMENT3D(#638,#640,#639);
#642=IFCREPRESENTATIONMAP(#641,#637);
#643=IFCPROPERTYSET('0gRadlFAbAlgFcBMrUbHAR',$,'MF_Structural',$,(#644,#645,#646));
#644=IFCPROPERTYSINGLEVALUE('Section',$,IFCLABEL('C7X14.75'),$);
#645=IFCPROPERTYSINGLEVALUE('SectionFamily',$,IFCLABEL('C'),$);
#646=IFCPROPERTYSINGLEVALUE('SectionSource',$,IFCLABEL('AISC Shapes Database v15.0 (US)'),$);
#647=IFCPROPERTYSET('1Zk_fiE6PBWRpLZW1Pswo0',$,'MF_Library',$,(#648,#649,#650,#651,#652,#653,#654,#655,#656,#657));
#648=IFCPROPERTYSINGLEVALUE('Key',$,IFCLABEL('steel_channel_c'),$);
#649=IFCPROPERTYSINGLEVALUE('Family',$,IFCLABEL('Channel'),$);
#650=IFCPROPERTYSINGLEVALUE('TypeName',$,IFCLABEL('C7X14.75'),$);
#651=IFCPROPERTYSINGLEVALUE('Version',$,IFCLABEL('0.1.0'),$);
#652=IFCPROPERTYSINGLEVALUE('License',$,IFCLABEL('CC0-1.0'),$);
#653=IFCPROPERTYSINGLEVALUE('Source',$,IFCLABEL('massing-families'),$);
#654=IFCPROPERTYSINGLEVALUE('Tier',$,IFCLABEL('L300'),$);
#655=IFCPROPERTYSINGLEVALUE('Builder',$,IFCLABEL('profile'),$);
#656=IFCPROPERTYSINGLEVALUE('Discipline',$,IFCLABEL('structural'),$);
#657=IFCPROPERTYSINGLEVALUE('GeometryStatus',$,IFCLABEL('parametric'),$);
#658=IFCPROPERTYSET('2mCKGBOJnCshJ$MblKeAoY',$,'MF_Quantities',$,(#659,#660,#661,#662,#663));
#659=IFCPROPERTYSINGLEVALUE('NominalWidth',$,IFCREAL(0.05842),$);
#660=IFCPROPERTYSINGLEVALUE('NominalDepth',$,IFCREAL(0.17780000000000001),$);
#661=IFCPROPERTYSINGLEVALUE('NominalHeight',$,IFCREAL(6.0960000000000001),$);
#662=IFCPROPERTYSINGLEVALUE('NominalFootprintArea',$,IFCREAL(0.010387),$);
#663=IFCPROPERTYSINGLEVALUE('NominalVolume',$,IFCREAL(0.063320000000000001),$);
#664=IFCMEMBERTYPE('3nnffma2D1IxZ$N8n6fILo',$,'Channel - C7X12.25',$,$,(#681,#685,#696),(#680),$,$,.NOTDEFINED.);
#665=IFCCARTESIANPOINT((0.,0.));
#666=IFCDIRECTION((1.,0.));
#667=IFCAXIS2PLACEMENT2D(#665,#666);
#668=IFCUSHAPEPROFILEDEF(.AREA.,'C7X12.25',#667,0.17780000000000001,0.055626000000000002,0.0079755999999999994,0.0092963999999999998,0.0129286,$,$);
#669=IFCCARTESIANPOINT((0.,0.,0.));
#670=IFCDIRECTION((0.,0.,1.));
#671=IFCDIRECTION((1.,0.,0.));
#672=IFCAXIS2PLACEMENT3D(#669,#670,#671);
#673=IFCDIRECTION((0.,0.,1.));
#674=IFCEXTRUDEDAREASOLID(#668,#672,#673,6.0960000000000001);
#675=IFCSHAPEREPRESENTATION(#11,'Body','SweptSolid',(#674));
#676=IFCCARTESIANPOINT((0.,0.,0.));
#677=IFCDIRECTION((1.,0.,0.));
#678=IFCDIRECTION((0.,0.,1.));
#679=IFCAXIS2PLACEMENT3D(#676,#678,#677);
#680=IFCREPRESENTATIONMAP(#679,#675);
#681=IFCPROPERTYSET('3HLUhnVqX08RFp2BZHstjE',$,'MF_Structural',$,(#682,#683,#684));
#682=IFCPROPERTYSINGLEVALUE('Section',$,IFCLABEL('C7X12.25'),$);
#683=IFCPROPERTYSINGLEVALUE('SectionFamily',$,IFCLABEL('C'),$);
#684=IFCPROPERTYSINGLEVALUE('SectionSource',$,IFCLABEL('AISC Shapes Database v15.0 (US)'),$);
#685=IFCPROPERTYSET('3DqWo8AwT1WQzsz6XpcfHu',$,'MF_Library',$,(#686,#687,#688,#689,#690,#691,#692,#693,#694,#695));
#686=IFCPROPERTYSINGLEVALUE('Key',$,IFCLABEL('steel_channel_c'),$);
#687=IFCPROPERTYSINGLEVALUE('Family',$,IFCLABEL('Channel'),$);
#688=IFCPROPERTYSINGLEVALUE('TypeName',$,IFCLABEL('C7X12.25'),$);
#689=IFCPROPERTYSINGLEVALUE('Version',$,IFCLABEL('0.1.0'),$);
#690=IFCPROPERTYSINGLEVALUE('License',$,IFCLABEL('CC0-1.0'),$);
#691=IFCPROPERTYSINGLEVALUE('Source',$,IFCLABEL('massing-families'),$);
#692=IFCPROPERTYSINGLEVALUE('Tier',$,IFCLABEL('L300'),$);
#693=IFCPROPERTYSINGLEVALUE('Builder',$,IFCLABEL('profile'),$);
#694=IFCPROPERTYSINGLEVALUE('Discipline',$,IFCLABEL('structural'),$);
#695=IFCPROPERTYSINGLEVALUE('GeometryStatus',$,IFCLABEL('parametric'),$);
#696=IFCPROPERTYSET('0QuAjd6V1As9IxOM9g3TMx',$,'MF_Quantities',$,(#697,#698,#699,#700,#701));
#697=IFCPROPERTYSINGLEVALUE('NominalWidth',$,IFCREAL(0.055626000000000002),$);
#698=IFCPROPERTYSINGLEVALUE('NominalDepth',$,IFCREAL(0.17780000000000001),$);
#699=IFCPROPERTYSINGLEVALUE('NominalHeight',$,IFCREAL(6.0960000000000001),$);
#700=IFCPROPERTYSINGLEVALUE('NominalFootprintArea',$,IFCREAL(0.0098899999999999995),$);
#701=IFCPROPERTYSINGLEVALUE('NominalVolume',$,IFCREAL(0.060290999999999997),$);
#702=IFCMEMBERTYPE('24wH6FT3LCUeGcrIGviNN5',$,'Channel - C7X9.8',$,$,(#719,#723,#734),(#718),$,$,.NOTDEFINED.);
#703=IFCCARTESIANPOINT((0.,0.));
#704=IFCDIRECTION((1.,0.));
#705=IFCAXIS2PLACEMENT2D(#703,#704);
#706=IFCUSHAPEPROFILEDEF(.AREA.,'C7X9.8',#705,0.17780000000000001,0.053086000000000001,0.0053340000000000002,0.0092963999999999998,0.0129286,$,$);
#707=IFCCARTESIANPOINT((0.,0.,0.));
#708=IFCDIRECTION((0.,0.,1.));
#709=IFCDIRECTION((1.,0.,0.));
#710=IFCAXIS2PLACEMENT3D(#707,#708,#709);
#711=IFCDIRECTION((0.,0.,1.));
#712=IFCEXTRUDEDAREASOLID(#706,#710,#711,6.0960000000000001);
#713=IFCSHAPEREPRESENTATION(#11,'Body','SweptSolid',(#712));
#714=IFCCARTESIANPOINT((0.,0.,0.));
#715=IFCDIRECTION((1.,0.,0.));
#716=IFCDIRECTION((0.,0.,1.));
#717=IFCAXIS2PLACEMENT3D(#714,#716,#715);
#718=IFCREPRESENTATIONMAP(#717,#713);
#719=IFCPROPERTYSET('1dSP2rNpPDMg4NJ2UayPIB',$,'MF_Structural',$,(#720,#721,#722));
#720=IFCPROPERTYSINGLEVALUE('Section',$,IFCLABEL('C7X9.8'),$);
#721=IFCPROPERTYSINGLEVALUE('SectionFamily',$,IFCLABEL('C'),$);
#722=IFCPROPERTYSINGLEVALUE('SectionSource',$,IFCLABEL('AISC Shapes Database v15.0 (US)'),$);
#723=IFCPROPERTYSET('3PxkaxIZX3wfHv6WNn4OND',$,'MF_Library',$,(#724,#725,#726,#727,#728,#729,#730,#731,#732,#733));
#724=IFCPROPERTYSINGLEVALUE('Key',$,IFCLABEL('steel_channel_c'),$);
#725=IFCPROPERTYSINGLEVALUE('Family',$,IFCLABEL('Channel'),$);
#726=IFCPROPERTYSINGLEVALUE('TypeName',$,IFCLABEL('C7X9.8'),$);
#727=IFCPROPERTYSINGLEVALUE('Version',$,IFCLABEL('0.1.0'),$);
#728=IFCPROPERTYSINGLEVALUE('License',$,IFCLABEL('CC0-1.0'),$);
#729=IFCPROPERTYSINGLEVALUE('Source',$,IFCLABEL('massing-families'),$);
#730=IFCPROPERTYSINGLEVALUE('Tier',$,IFCLABEL('L300'),$);
#731=IFCPROPERTYSINGLEVALUE('Builder',$,IFCLABEL('profile'),$);
#732=IFCPROPERTYSINGLEVALUE('Discipline',$,IFCLABEL('structural'),$);
#733=IFCPROPERTYSINGLEVALUE('GeometryStatus',$,IFCLABEL('parametric'),$);
#734=IFCPROPERTYSET('1S3Pr6GNb1kP2A0ijSn2sp',$,'MF_Quantities',$,(#735,#736,#737,#738,#739));
#735=IFCPROPERTYSINGLEVALUE('NominalWidth',$,IFCREAL(0.053086000000000001),$);
#736=IFCPROPERTYSINGLEVALUE('NominalDepth',$,IFCREAL(0.17780000000000001),$);
#737=IFCPROPERTYSINGLEVALUE('NominalHeight',$,IFCREAL(6.0960000000000001),$);
#738=IFCPROPERTYSINGLEVALUE('NominalFootprintArea',$,IFCREAL(0.0094389999999999995),$);
#739=IFCPROPERTYSINGLEVALUE('NominalVolume',$,IFCREAL(0.057537999999999999),$);
#740=IFCMEMBERTYPE('3Y2XHMyIPAsvCz_DuDOmBy',$,'Channel - C6X13',$,$,(#757,#761,#772),(#756),$,$,.NOTDEFINED.);
#741=IFCCARTESIANPOINT((0.,0.));
#742=IFCDIRECTION((1.,0.));
#743=IFCAXIS2PLACEMENT2D(#741,#742);
#744=IFCUSHAPEPROFILEDEF(.AREA.,'C6X13',#743,0.15240000000000001,0.054864000000000003,0.0110998,0.0087121999999999998,0.011938000000000001,$,$);
#745=IFCCARTESIANPOINT((0.,0.,0.));
#746=IFCDIRECTION((0.,0.,1.));
#747=IFCDIRECTION((1.,0.,0.));
#748=IFCAXIS2PLACEMENT3D(#745,#746,#747);
#749=IFCDIRECTION((0.,0.,1.));
#750=IFCEXTRUDEDAREASOLID(#744,#748,#749,6.0960000000000001);
#751=IFCSHAPEREPRESENTATION(#11,'Body','SweptSolid',(#750));
#752=IFCCARTESIANPOINT((0.,0.,0.));
#753=IFCDIRECTION((1.,0.,0.));
#754=IFCDIRECTION((0.,0.,1.));
#755=IFCAXIS2PLACEMENT3D(#752,#754,#753);
#756=IFCREPRESENTATIONMAP(#755,#751);
#757=IFCPROPERTYSET('1MvEkWDuDDdOJAetqnQM2l',$,'MF_Structural',$,(#758,#759,#760));
#758=IFCPROPERTYSINGLEVALUE('Section',$,IFCLABEL('C6X13'),$);
#759=IFCPROPERTYSINGLEVALUE('SectionFamily',$,IFCLABEL('C'),$);
#760=IFCPROPERTYSINGLEVALUE('SectionSource',$,IFCLABEL('AISC Shapes Database v15.0 (US)'),$);
#761=IFCPROPERTYSET('2XuI8tAL9EjwbCijYJvXO8',$,'MF_Library',$,(#762,#763,#764,#765,#766,#767,#768,#769,#770,#771));
#762=IFCPROPERTYSINGLEVALUE('Key',$,IFCLABEL('steel_channel_c'),$);
#763=IFCPROPERTYSINGLEVALUE('Family',$,IFCLABEL('Channel'),$);
#764=IFCPROPERTYSINGLEVALUE('TypeName',$,IFCLABEL('C6X13'),$);
#765=IFCPROPERTYSINGLEVALUE('Version',$,IFCLABEL('0.1.0'),$);
#766=IFCPROPERTYSINGLEVALUE('License',$,IFCLABEL('CC0-1.0'),$);
#767=IFCPROPERTYSINGLEVALUE('Source',$,IFCLABEL('massing-families'),$);
#768=IFCPROPERTYSINGLEVALUE('Tier',$,IFCLABEL('L300'),$);
#769=IFCPROPERTYSINGLEVALUE('Builder',$,IFCLABEL('profile'),$);
#770=IFCPROPERTYSINGLEVALUE('Discipline',$,IFCLABEL('structural'),$);
#771=IFCPROPERTYSINGLEVALUE('GeometryStatus',$,IFCLABEL('parametric'),$);
#772=IFCPROPERTYSET('12_F7uz0j2OhhDXhVMSEo6',$,'MF_Quantities',$,(#773,#774,#775,#776,#777));
#773=IFCPROPERTYSINGLEVALUE('NominalWidth',$,IFCREAL(0.054864000000000003),$);
#774=IFCPROPERTYSINGLEVALUE('NominalDepth',$,IFCREAL(0.15240000000000001),$);
#775=IFCPROPERTYSINGLEVALUE('NominalHeight',$,IFCREAL(6.0960000000000001),$);
#776=IFCPROPERTYSINGLEVALUE('NominalFootprintArea',$,IFCREAL(0.0083610000000000004),$);
#777=IFCPROPERTYSINGLEVALUE('NominalVolume',$,IFCREAL(0.050970000000000001),$);
#778=IFCMEMBERTYPE('2prhTKXCr7E9R51NCWXPfJ',$,'Channel - C6X10.5',$,$,(#795,#799,#810),(#794),$,$,.NOTDEFINED.);
#779=IFCCARTESIANPOINT((0.,0.));
#780=IFCDIRECTION((1.,0.));
#781=IFCAXIS2PLACEMENT2D(#779,#780);
#782=IFCUSHAPEPROFILEDEF(.AREA.,'C6X10.5',#781,0.15240000000000001,0.051561999999999997,0.0079755999999999994,0.0087121999999999998,0.011938000000000001,$,$);
#783=IFCCARTESIANPOINT((0.,0.,0.));
#784=IFCDIRECTION((0.,0.,1.));
#785=IFCDIRECTION((1.,0.,0.));
#786=IFCAXIS2PLACEMENT3D(#783,#784,#785);
#787=IFCDIRECTION((0.,0.,1.));
#788=IFCEXTRUDEDAREASOLID(#782,#786,#787,6.0960000000000001);
#789=IFCSHAPEREPRESENTATION(#11,'Body','SweptSolid',(#788));
#790=IFCCARTESIANPOINT((0.,0.,0.));
#791=IFCDIRECTION((1.,0.,0.));
#792=IFCDIRECTION((0.,0.,1.));
#793=IFCAXIS2PLACEMENT3D(#790,#792,#791);
#794=IFCREPRESENTATIONMAP(#793,#789);
#795=IFCPROPERTYSET('0Wt0aYq515MOp1VQ8hjHDP',$,'MF_Structural',$,(#796,#797,#798));
#796=IFCPROPERTYSINGLEVALUE('Section',$,IFCLABEL('C6X10.5'),$);
#797=IFCPROPERTYSINGLEVALUE('SectionFamily',$,IFCLABEL('C'),$);
#798=IFCPROPERTYSINGLEVALUE('SectionSource',$,IFCLABEL('AISC Shapes Database v15.0 (US)'),$);
#799=IFCPROPERTYSET('1O9lrlQ1H6SwxXTNLvKQ0U',$,'MF_Library',$,(#800,#801,#802,#803,#804,#805,#806,#807,#808,#809));
#800=IFCPROPERTYSINGLEVALUE('Key',$,IFCLABEL('steel_channel_c'),$);
#801=IFCPROPERTYSINGLEVALUE('Family',$,IFCLABEL('Channel'),$);
#802=IFCPROPERTYSINGLEVALUE('TypeName',$,IFCLABEL('C6X10.5'),$);
#803=IFCPROPERTYSINGLEVALUE('Version',$,IFCLABEL('0.1.0'),$);
#804=IFCPROPERTYSINGLEVALUE('License',$,IFCLABEL('CC0-1.0'),$);
#805=IFCPROPERTYSINGLEVALUE('Source',$,IFCLABEL('massing-families'),$);
#806=IFCPROPERTYSINGLEVALUE('Tier',$,IFCLABEL('L300'),$);
#807=IFCPROPERTYSINGLEVALUE('Builder',$,IFCLABEL('profile'),$);
#808=IFCPROPERTYSINGLEVALUE('Discipline',$,IFCLABEL('structural'),$);
#809=IFCPROPERTYSINGLEVALUE('GeometryStatus',$,IFCLABEL('parametric'),$);
#810=IFCPROPERTYSET('147128z1LCcv_xBmQh4Rph',$,'MF_Quantities',$,(#811,#812,#813,#814,#815));
#811=IFCPROPERTYSINGLEVALUE('NominalWidth',$,IFCREAL(0.051561999999999997),$);
#812=IFCPROPERTYSINGLEVALUE('NominalDepth',$,IFCREAL(0.15240000000000001),$);
#813=IFCPROPERTYSINGLEVALUE('NominalHeight',$,IFCREAL(6.0960000000000001),$);
#814=IFCPROPERTYSINGLEVALUE('NominalFootprintArea',$,IFCREAL(0.0078580000000000004),$);
#815=IFCPROPERTYSINGLEVALUE('NominalVolume',$,IFCREAL(0.047903000000000001),$);
#816=IFCMEMBERTYPE('239x20r7XCrh8Q_1rjc9ww',$,'Channel - C6X8.2',$,$,(#833,#837,#848),(#832),$,$,.NOTDEFINED.);
#817=IFCCARTESIANPOINT((0.,0.));
#818=IFCDIRECTION((1.,0.));
#819=IFCAXIS2PLACEMENT2D(#817,#818);
#820=IFCUSHAPEPROFILEDEF(.AREA.,'C6X8.2',#819,0.15240000000000001,0.048767999999999999,0.0050800000000000003,0.0087121999999999998,0.011938000000000001,$,$);
#821=IFCCARTESIANPOINT((0.,0.,0.));
#822=IFCDIRECTION((0.,0.,1.));
#823=IFCDIRECTION((1.,0.,0.));
#824=IFCAXIS2PLACEMENT3D(#821,#822,#823);
#825=IFCDIRECTION((0.,0.,1.));
#826=IFCEXTRUDEDAREASOLID(#820,#824,#825,6.0960000000000001);
#827=IFCSHAPEREPRESENTATION(#11,'Body','SweptSolid',(#826));
#828=IFCCARTESIANPOINT((0.,0.,0.));
#829=IFCDIRECTION((1.,0.,0.));
#830=IFCDIRECTION((0.,0.,1.));
#831=IFCAXIS2PLACEMENT3D(#828,#830,#829);
#832=IFCREPRESENTATIONMAP(#831,#827);
#833=IFCPROPERTYSET('3fxsRqp$n9CvtA0bb$swpx',$,'MF_Structural',$,(#834,#835,#836));
#834=IFCPROPERTYSINGLEVALUE('Section',$,IFCLABEL('C6X8.2'),$);
#835=IFCPROPERTYSINGLEVALUE('SectionFamily',$,IFCLABEL('C'),$);
#836=IFCPROPERTYSINGLEVALUE('SectionSource',$,IFCLABEL('AISC Shapes Database v15.0 (US)'),$);
#837=IFCPROPERTYSET('17LrVwnS1DbxeLaj$YwWou',$,'MF_Library',$,(#838,#839,#840,#841,#842,#843,#844,#845,#846,#847));
#838=IFCPROPERTYSINGLEVALUE('Key',$,IFCLABEL('steel_channel_c'),$);
#839=IFCPROPERTYSINGLEVALUE('Family',$,IFCLABEL('Channel'),$);
#840=IFCPROPERTYSINGLEVALUE('TypeName',$,IFCLABEL('C6X8.2'),$);
#841=IFCPROPERTYSINGLEVALUE('Version',$,IFCLABEL('0.1.0'),$);
#842=IFCPROPERTYSINGLEVALUE('License',$,IFCLABEL('CC0-1.0'),$);
#843=IFCPROPERTYSINGLEVALUE('Source',$,IFCLABEL('massing-families'),$);
#844=IFCPROPERTYSINGLEVALUE('Tier',$,IFCLABEL('L300'),$);
#845=IFCPROPERTYSINGLEVALUE('Builder',$,IFCLABEL('profile'),$);
#846=IFCPROPERTYSINGLEVALUE('Discipline',$,IFCLABEL('structural'),$);
#847=IFCPROPERTYSINGLEVALUE('GeometryStatus',$,IFCLABEL('parametric'),$);
#848=IFCPROPERTYSET('2T7BYjR3f87wfAZGEInzOq',$,'MF_Quantities',$,(#849,#850,#851,#852,#853));
#849=IFCPROPERTYSINGLEVALUE('NominalWidth',$,IFCREAL(0.048767999999999999),$);
#850=IFCPROPERTYSINGLEVALUE('NominalDepth',$,IFCREAL(0.15240000000000001),$);
#851=IFCPROPERTYSINGLEVALUE('NominalHeight',$,IFCREAL(6.0960000000000001),$);
#852=IFCPROPERTYSINGLEVALUE('NominalFootprintArea',$,IFCREAL(0.0074320000000000002),$);
#853=IFCPROPERTYSINGLEVALUE('NominalVolume',$,IFCREAL(0.045307),$);
#854=IFCMEMBERTYPE('2$eEGNpoP828oVYdq1JmoM',$,'Channel - C5X9',$,$,(#871,#875,#886),(#870),$,$,.NOTDEFINED.);
#855=IFCCARTESIANPOINT((0.,0.));
#856=IFCDIRECTION((1.,0.));
#857=IFCAXIS2PLACEMENT2D(#855,#856);
#858=IFCUSHAPEPROFILEDEF(.AREA.,'C5X9',#857,0.127,0.048006,0.0082550000000000002,0.0081279999999999998,0.010921999999999999,$,$);
#859=IFCCARTESIANPOINT((0.,0.,0.));
#860=IFCDIRECTION((0.,0.,1.));
#861=IFCDIRECTION((1.,0.,0.));
#862=IFCAXIS2PLACEMENT3D(#859,#860,#861);
#863=IFCDIRECTION((0.,0.,1.));
#864=IFCEXTRUDEDAREASOLID(#858,#862,#863,6.0960000000000001);
#865=IFCSHAPEREPRESENTATION(#11,'Body','SweptSolid',(#864));
#866=IFCCARTESIANPOINT((0.,0.,0.));
#867=IFCDIRECTION((1.,0.,0.));
#868=IFCDIRECTION((0.,0.,1.));
#869=IFCAXIS2PLACEMENT3D(#866,#868,#867);
#870=IFCREPRESENTATIONMAP(#869,#865);
#871=IFCPROPERTYSET('1Cuyyv6QLEBBDxBC4UEe1X',$,'MF_Structural',$,(#872,#873,#874));
#872=IFCPROPERTYSINGLEVALUE('Section',$,IFCLABEL('C5X9'),$);
#873=IFCPROPERTYSINGLEVALUE('SectionFamily',$,IFCLABEL('C'),$);
#874=IFCPROPERTYSINGLEVALUE('SectionSource',$,IFCLABEL('AISC Shapes Database v15.0 (US)'),$);
#875=IFCPROPERTYSET('38V8AhGXH6Xf6fVGo8eGOZ',$,'MF_Library',$,(#876,#877,#878,#879,#880,#881,#882,#883,#884,#885));
#876=IFCPROPERTYSINGLEVALUE('Key',$,IFCLABEL('steel_channel_c'),$);
#877=IFCPROPERTYSINGLEVALUE('Family',$,IFCLABEL('Channel'),$);
#878=IFCPROPERTYSINGLEVALUE('TypeName',$,IFCLABEL('C5X9'),$);
#879=IFCPROPERTYSINGLEVALUE('Version',$,IFCLABEL('0.1.0'),$);
#880=IFCPROPERTYSINGLEVALUE('License',$,IFCLABEL('CC0-1.0'),$);
#881=IFCPROPERTYSINGLEVALUE('Source',$,IFCLABEL('massing-families'),$);
#882=IFCPROPERTYSINGLEVALUE('Tier',$,IFCLABEL('L300'),$);
#883=IFCPROPERTYSINGLEVALUE('Builder',$,IFCLABEL('profile'),$);
#884=IFCPROPERTYSINGLEVALUE('Discipline',$,IFCLABEL('structural'),$);
#885=IFCPROPERTYSINGLEVALUE('GeometryStatus',$,IFCLABEL('parametric'),$);
#886=IFCPROPERTYSET('25uKHzqubBARIGs1qdjO5a',$,'MF_Quantities',$,(#887,#888,#889,#890,#891));
#887=IFCPROPERTYSINGLEVALUE('NominalWidth',$,IFCREAL(0.048006),$);
#888=IFCPROPERTYSINGLEVALUE('NominalDepth',$,IFCREAL(0.127),$);
#889=IFCPROPERTYSINGLEVALUE('NominalHeight',$,IFCREAL(6.0960000000000001),$);
#890=IFCPROPERTYSINGLEVALUE('NominalFootprintArea',$,IFCREAL(0.006097),$);
#891=IFCPROPERTYSINGLEVALUE('NominalVolume',$,IFCREAL(0.037165999999999998),$);
#892=IFCMEMBERTYPE('2hBVgdHa53kgVASEUkIJ3f',$,'Channel - C5X6.7',$,$,(#909,#913,#924),(#908),$,$,.NOTDEFINED.);
#893=IFCCARTESIANPOINT((0.,0.));
#894=IFCDIRECTION((1.,0.));
#895=IFCAXIS2PLACEMENT2D(#893,#894);
#896=IFCUSHAPEPROFILEDEF(.AREA.,'C5X6.7',#895,0.127,0.044450000000000003,0.0048260000000000004,0.0081279999999999998,0.010921999999999999,$,$);
#897=IFCCARTESIANPOINT((0.,0.,0.));
#898=IFCDIRECTION((0.,0.,1.));
#899=IFCDIRECTION((1.,0.,0.));
#900=IFCAXIS2PLACEMENT3D(#897,#898,#899);
#901=IFCDIRECTION((0.,0.,1.));
#902=IFCEXTRUDEDAREASOLID(#896,#900,#901,6.0960000000000001);
#903=IFCSHAPEREPRESENTATION(#11,'Body','SweptSolid',(#902));
#904=IFCCARTESIANPOINT((0.,0.,0.));
#905=IFCDIRECTION((1.,0.,0.));
#906=IFCDIRECTION((0.,0.,1.));
#907=IFCAXIS2PLACEMENT3D(#904,#906,#905);
#908=IFCREPRESENTATIONMAP(#907,#903);
#909=IFCPROPERTYSET('1AVItWN659vOKbQRvz5_4C',$,'MF_Structural',$,(#910,#911,#912));
#910=IFCPROPERTYSINGLEVALUE('Section',$,IFCLABEL('C5X6.7'),$);
#911=IFCPROPERTYSINGLEVALUE('SectionFamily',$,IFCLABEL('C'),$);
#912=IFCPROPERTYSINGLEVALUE('SectionSource',$,IFCLABEL('AISC Shapes Database v15.0 (US)'),$);
#913=IFCPROPERTYSET('3HK9cH999FiwbHwIi0ktsZ',$,'MF_Library',$,(#914,#915,#916,#917,#918,#919,#920,#921,#922,#923));
#914=IFCPROPERTYSINGLEVALUE('Key',$,IFCLABEL('steel_channel_c'),$);
#915=IFCPROPERTYSINGLEVALUE('Family',$,IFCLABEL('Channel'),$);
#916=IFCPROPERTYSINGLEVALUE('TypeName',$,IFCLABEL('C5X6.7'),$);
#917=IFCPROPERTYSINGLEVALUE('Version',$,IFCLABEL('0.1.0'),$);
#918=IFCPROPERTYSINGLEVALUE('License',$,IFCLABEL('CC0-1.0'),$);
#919=IFCPROPERTYSINGLEVALUE('Source',$,IFCLABEL('massing-families'),$);
#920=IFCPROPERTYSINGLEVALUE('Tier',$,IFCLABEL('L300'),$);
#921=IFCPROPERTYSINGLEVALUE('Builder',$,IFCLABEL('profile'),$);
#922=IFCPROPERTYSINGLEVALUE('Discipline',$,IFCLABEL('structural'),$);
#923=IFCPROPERTYSINGLEVALUE('GeometryStatus',$,IFCLABEL('parametric'),$);
#924=IFCPROPERTYSET('2unTmgx4D0pv4x2chYvFzV',$,'MF_Quantities',$,(#925,#926,#927,#928,#929));
#925=IFCPROPERTYSINGLEVALUE('NominalWidth',$,IFCREAL(0.044450000000000003),$);
#926=IFCPROPERTYSINGLEVALUE('NominalDepth',$,IFCREAL(0.127),$);
#927=IFCPROPERTYSINGLEVALUE('NominalHeight',$,IFCREAL(6.0960000000000001),$);
#928=IFCPROPERTYSINGLEVALUE('NominalFootprintArea',$,IFCREAL(0.0056449999999999998),$);
#929=IFCPROPERTYSINGLEVALUE('NominalVolume',$,IFCREAL(0.034412999999999999),$);
#930=IFCMEMBERTYPE('2rEruUUpT6qRQm$kdD4cAQ',$,'Channel - C4X7.25',$,$,(#947,#951,#962),(#946),$,$,.NOTDEFINED.);
#931=IFCCARTESIANPOINT((0.,0.));
#932=IFCDIRECTION((1.,0.));
#933=IFCAXIS2PLACEMENT2D(#931,#932);
#934=IFCUSHAPEPROFILEDEF(.AREA.,'C4X7.25',#933,0.1016,0.043687999999999998,0.0081533999999999999,0.0075183999999999997,0.011531599999999999,$,$);
#935=IFCCARTESIANPOINT((0.,0.,0.));
#936=IFCDIRECTION((0.,0.,1.));
#937=IFCDIRECTION((1.,0.,0.));
#938=IFCAXIS2PLACEMENT3D(#935,#936,#937);
#939=IFCDIRECTION((0.,0.,1.));
#940=IFCEXTRUDEDAREASOLID(#934,#938,#939,6.0960000000000001);
#941=IFCSHAPEREPRESENTATION(#11,'Body','SweptSolid',(#940));
#942=IFCCARTESIANPOINT((0.,0.,0.));
#943=IFCDIRECTION((1.,0.,0.));
#944=IFCDIRECTION((0.,0.,1.));
#945=IFCAXIS2PLACEMENT3D(#942,#944,#943);
#946=IFCREPRESENTATIONMAP(#945,#941);
#947=IFCPROPERTYSET('2ScdCSqELFRP1iQYfjPBW_',$,'MF_Structural',$,(#948,#949,#950));
#948=IFCPROPERTYSINGLEVALUE('Section',$,IFCLABEL('C4X7.25'),$);
#949=IFCPROPERTYSINGLEVALUE('SectionFamily',$,IFCLABEL('C'),$);
#950=IFCPROPERTYSINGLEVALUE('SectionSource',$,IFCLABEL('AISC Shapes Database v15.0 (US)'),$);
#951=IFCPROPERTYSET('0jcGx813b3tg8o5SfY46PM',$,'MF_Library',$,(#952,#953,#954,#955,#956,#957,#958,#959,#960,#961));
#952=IFCPROPERTYSINGLEVALUE('Key',$,IFCLABEL('steel_channel_c'),$);
#953=IFCPROPERTYSINGLEVALUE('Family',$,IFCLABEL('Channel'),$);
#954=IFCPROPERTYSINGLEVALUE('TypeName',$,IFCLABEL('C4X7.25'),$);
#955=IFCPROPERTYSINGLEVALUE('Version',$,IFCLABEL('0.1.0'),$);
#956=IFCPROPERTYSINGLEVALUE('License',$,IFCLABEL('CC0-1.0'),$);
#957=IFCPROPERTYSINGLEVALUE('Source',$,IFCLABEL('massing-families'),$);
#958=IFCPROPERTYSINGLEVALUE('Tier',$,IFCLABEL('L300'),$);
#959=IFCPROPERTYSINGLEVALUE('Builder',$,IFCLABEL('profile'),$);
#960=IFCPROPERTYSINGLEVALUE('Discipline',$,IFCLABEL('structural'),$);
#961=IFCPROPERTYSINGLEVALUE('GeometryStatus',$,IFCLABEL('parametric'),$);
#962=IFCPROPERTYSET('0bmYOPKC19NwwiO0oaU7f0',$,'MF_Quantities',$,(#963,#964,#965,#966,#967));
#963=IFCPROPERTYSINGLEVALUE('NominalWidth',$,IFCREAL(0.043687999999999998),$);
#964=IFCPROPERTYSINGLEVALUE('NominalDepth',$,IFCREAL(0.1016),$);
#965=IFCPROPERTYSINGLEVALUE('NominalHeight',$,IFCREAL(6.0960000000000001),$);
#966=IFCPROPERTYSINGLEVALUE('NominalFootprintArea',$,IFCREAL(0.0044390000000000002),$);
#967=IFCPROPERTYSINGLEVALUE('NominalVolume',$,IFCREAL(0.027057999999999999),$);
#968=IFCMEMBERTYPE('2v0yx2RJv1RRh9gMh7H39$',$,'Channel - C4X6.25',$,$,(#985,#989,#1000),(#984),$,$,.NOTDEFINED.);
#969=IFCCARTESIANPOINT((0.,0.));
#970=IFCDIRECTION((1.,0.));
#971=IFCAXIS2PLACEMENT2D(#969,#970);
#972=IFCUSHAPEPROFILEDEF(.AREA.,'C4X6.25',#971,0.1016,0.041910000000000003,0.0062738000000000004,0.0075183999999999997,0.011531599999999999,$,$);
#973=IFCCARTESIANPOINT((0.,0.,0.));
#974=IFCDIRECTION((0.,0.,1.));
#975=IFCDIRECTION((1.,0.,0.));
#976=IFCAXIS2PLACEMENT3D(#973,#974,#975);
#977=IFCDIRECTION((0.,0.,1.));
#978=IFCEXTRUDEDAREASOLID(#972,#976,#977,6.0960000000000001);
#979=IFCSHAPEREPRESENTATION(#11,'Body','SweptSolid',(#978));
#980=IFCCARTESIANPOINT((0.,0.,0.));
#981=IFCDIRECTION((1.,0.,0.));
#982=IFCDIRECTION((0.,0.,1.));
#983=IFCAXIS2PLACEMENT3D(#980,#982,#981);
#984=IFCREPRESENTATIONMAP(#983,#979);
#985=IFCPROPERTYSET('26kjpS0VjCexbWcgE8A_ui',$,'MF_Structural',$,(#986,#987,#988));
#986=IFCPROPERTYSINGLEVALUE('Section',$,IFCLABEL('C4X6.25'),$);
#987=IFCPROPERTYSINGLEVALUE('SectionFamily',$,IFCLABEL('C'),$);
#988=IFCPROPERTYSINGLEVALUE('SectionSource',$,IFCLABEL('AISC Shapes Database v15.0 (US)'),$);
#989=IFCPROPERTYSET('1Y1rGy2enCIOHOhbOjysg8',$,'MF_Library',$,(#990,#991,#992,#993,#994,#995,#996,#997,#998,#999));
#990=IFCPROPERTYSINGLEVALUE('Key',$,IFCLABEL('steel_channel_c'),$);
#991=IFCPROPERTYSINGLEVALUE('Family',$,IFCLABEL('Channel'),$);
#992=IFCPROPERTYSINGLEVALUE('TypeName',$,IFCLABEL('C4X6.25'),$);
#993=IFCPROPERTYSINGLEVALUE('Version',$,IFCLABEL('0.1.0'),$);
#994=IFCPROPERTYSINGLEVALUE('License',$,IFCLABEL('CC0-1.0'),$);
#995=IFCPROPERTYSINGLEVALUE('Source',$,IFCLABEL('massing-families'),$);
#996=IFCPROPERTYSINGLEVALUE('Tier',$,IFCLABEL('L300'),$);
#997=IFCPROPERTYSINGLEVALUE('Builder',$,IFCLABEL('profile'),$);
#998=IFCPROPERTYSINGLEVALUE('Discipline',$,IFCLABEL('structural'),$);
#999=IFCPROPERTYSINGLEVALUE('GeometryStatus',$,IFCLABEL('parametric'),$);
#1000=IFCPROPERTYSET('1qxWLNM6zDEhgQoh3VeD9P',$,'MF_Quantities',$,(#1001,#1002,#1003,#1004,#1005));
#1001=IFCPROPERTYSINGLEVALUE('NominalWidth',$,IFCREAL(0.041910000000000003),$);
#1002=IFCPROPERTYSINGLEVALUE('NominalDepth',$,IFCREAL(0.1016),$);
#1003=IFCPROPERTYSINGLEVALUE('NominalHeight',$,IFCREAL(6.0960000000000001),$);
#1004=IFCPROPERTYSINGLEVALUE('NominalFootprintArea',$,IFCREAL(0.0042579999999999996),$);
#1005=IFCPROPERTYSINGLEVALUE('NominalVolume',$,IFCREAL(0.025957000000000001),$);
#1006=IFCMEMBERTYPE('2_VSl2B$P9CeYLVAab7P4F',$,'Channel - C4X5.4',$,$,(#1023,#1027,#1038),(#1022),$,$,.NOTDEFINED.);
#1007=IFCCARTESIANPOINT((0.,0.));
#1008=IFCDIRECTION((1.,0.));
#1009=IFCAXIS2PLACEMENT2D(#1007,#1008);
#1010=IFCUSHAPEPROFILEDEF(.AREA.,'C4X5.4',#1009,0.1016,0.040132000000000001,0.0046736,0.0075183999999999997,0.011531599999999999,$,$);
#1011=IFCCARTESIANPOINT((0.,0.,0.));
#1012=IFCDIRECTION((0.,0.,1.));
#1013=IFCDIRECTION((1.,0.,0.));
#1014=IFCAXIS2PLACEMENT3D(#1011,#1012,#1013);
#1015=IFCDIRECTION((0.,0.,1.));
#1016=IFCEXTRUDEDAREASOLID(#1010,#1014,#1015,6.0960000000000001);
#1017=IFCSHAPEREPRESENTATION(#11,'Body','SweptSolid',(#1016));
#1018=IFCCARTESIANPOINT((0.,0.,0.));
#1019=IFCDIRECTION((1.,0.,0.));
#1020=IFCDIRECTION((0.,0.,1.));
#1021=IFCAXIS2PLACEMENT3D(#1018,#1020,#1019);
#1022=IFCREPRESENTATIONMAP(#1021,#1017);
#1023=IFCPROPERTYSET('10iAw39nj2aOeK9F3DyNiM',$,'MF_Structural',$,(#1024,#1025,#1026));
#1024=IFCPROPERTYSINGLEVALUE('Section',$,IFCLABEL('C4X5.4'),$);
#1025=IFCPROPERTYSINGLEVALUE('SectionFamily',$,IFCLABEL('C'),$);
#1026=IFCPROPERTYSINGLEVALUE('SectionSource',$,IFCLABEL('AISC Shapes Database v15.0 (US)'),$);
#1027=IFCPROPERTYSET('01tVd6UvPA0PWrjVtNAfhe',$,'MF_Library',$,(#1028,#1029,#1030,#1031,#1032,#1033,#1034,#1035,#1036,#1037));
#1028=IFCPROPERTYSINGLEVALUE('Key',$,IFCLABEL('steel_channel_c'),$);
#1029=IFCPROPERTYSINGLEVALUE('Family',$,IFCLABEL('Channel'),$);
#1030=IFCPROPERTYSINGLEVALUE('TypeName',$,IFCLABEL('C4X5.4'),$);
#1031=IFCPROPERTYSINGLEVALUE('Version',$,IFCLABEL('0.1.0'),$);
#1032=IFCPROPERTYSINGLEVALUE('License',$,IFCLABEL('CC0-1.0'),$);
#1033=IFCPROPERTYSINGLEVALUE('Source',$,IFCLABEL('massing-families'),$);
#1034=IFCPROPERTYSINGLEVALUE('Tier',$,IFCLABEL('L300'),$);
#1035=IFCPROPERTYSINGLEVALUE('Builder',$,IFCLABEL('profile'),$);
#1036=IFCPROPERTYSINGLEVALUE('Discipline',$,IFCLABEL('structural'),$);
#1037=IFCPROPERTYSINGLEVALUE('GeometryStatus',$,IFCLABEL('parametric'),$);
#1038=IFCPROPERTYSET('01hG5ooPDEj8kLbPW7C_OS',$,'MF_Quantities',$,(#1039,#1040,#1041,#1042,#1043));
#1039=IFCPROPERTYSINGLEVALUE('NominalWidth',$,IFCREAL(0.040132000000000001),$);
#1040=IFCPROPERTYSINGLEVALUE('NominalDepth',$,IFCREAL(0.1016),$);
#1041=IFCPROPERTYSINGLEVALUE('NominalHeight',$,IFCREAL(6.0960000000000001),$);
#1042=IFCPROPERTYSINGLEVALUE('NominalFootprintArea',$,IFCREAL(0.0040769999999999999),$);
#1043=IFCPROPERTYSINGLEVALUE('NominalVolume',$,IFCREAL(0.024856),$);
#1044=IFCMEMBERTYPE('0u3dhJlxv7RQDpbUHzPqW$',$,'Channel - C4X4.5',$,$,(#1061,#1065,#1076),(#1060),$,$,.NOTDEFINED.);
#1045=IFCCARTESIANPOINT((0.,0.));
#1046=IFCDIRECTION((1.,0.));
#1047=IFCAXIS2PLACEMENT2D(#1045,#1046);
#1048=IFCUSHAPEPROFILEDEF(.AREA.,'C4X4.5',#1047,0.1016,0.038608000000000003,0.0031749999999999999,0.0075183999999999997,0.011531599999999999,$,$);
#1049=IFCCARTESIANPOINT((0.,0.,0.));
#1050=IFCDIRECTION((0.,0.,1.));
#1051=IFCDIRECTION((1.,0.,0.));
#1052=IFCAXIS2PLACEMENT3D(#1049,#1050,#1051);
#1053=IFCDIRECTION((0.,0.,1.));
#1054=IFCEXTRUDEDAREASOLID(#1048,#1052,#1053,6.0960000000000001);
#1055=IFCSHAPEREPRESENTATION(#11,'Body','SweptSolid',(#1054));
#1056=IFCCARTESIANPOINT((0.,0.,0.));
#1057=IFCDIRECTION((1.,0.,0.));
#1058=IFCDIRECTION((0.,0.,1.));
#1059=IFCAXIS2PLACEMENT3D(#1056,#1058,#1057);
#1060=IFCREPRESENTATIONMAP(#1059,#1055);
#1061=IFCPROPERTYSET('1PdnQEh5fByhL4FunnYUSd',$,'MF_Structural',$,(#1062,#1063,#1064));
#1062=IFCPROPERTYSINGLEVALUE('Section',$,IFCLABEL('C4X4.5'),$);
#1063=IFCPROPERTYSINGLEVALUE('SectionFamily',$,IFCLABEL('C'),$);
#1064=IFCPROPERTYSINGLEVALUE('SectionSource',$,IFCLABEL('AISC Shapes Database v15.0 (US)'),$);
#1065=IFCPROPERTYSET('064EmJLu5F6PctbrV4Lx95',$,'MF_Library',$,(#1066,#1067,#1068,#1069,#1070,#1071,#1072,#1073,#1074,#1075));
#1066=IFCPROPERTYSINGLEVALUE('Key',$,IFCLABEL('steel_channel_c'),$);
#1067=IFCPROPERTYSINGLEVALUE('Family',$,IFCLABEL('Channel'),$);
#1068=IFCPROPERTYSINGLEVALUE('TypeName',$,IFCLABEL('C4X4.5'),$);
#1069=IFCPROPERTYSINGLEVALUE('Version',$,IFCLABEL('0.1.0'),$);
#1070=IFCPROPERTYSINGLEVALUE('License',$,IFCLABEL('CC0-1.0'),$);
#1071=IFCPROPERTYSINGLEVALUE('Source',$,IFCLABEL('massing-families'),$);
#1072=IFCPROPERTYSINGLEVALUE('Tier',$,IFCLABEL('L300'),$);
#1073=IFCPROPERTYSINGLEVALUE('Builder',$,IFCLABEL('profile'),$);
#1074=IFCPROPERTYSINGLEVALUE('Discipline',$,IFCLABEL('structural'),$);
#1075=IFCPROPERTYSINGLEVALUE('GeometryStatus',$,IFCLABEL('parametric'),$);
#1076=IFCPROPERTYSET('2RMlaoXhH8RwhEFmgKyfQc',$,'MF_Quantities',$,(#1077,#1078,#1079,#1080,#1081));
#1077=IFCPROPERTYSINGLEVALUE('NominalWidth',$,IFCREAL(0.038608000000000003),$);
#1078=IFCPROPERTYSINGLEVALUE('NominalDepth',$,IFCREAL(0.1016),$);
#1079=IFCPROPERTYSINGLEVALUE('NominalHeight',$,IFCREAL(6.0960000000000001),$);
#1080=IFCPROPERTYSINGLEVALUE('NominalFootprintArea',$,IFCREAL(0.0039230000000000003),$);
#1081=IFCPROPERTYSINGLEVALUE('NominalVolume',$,IFCREAL(0.023911999999999999),$);
#1082=IFCMEMBERTYPE('1xoUnV$Jz1MghL5Y_Sd5He',$,'Channel - C3X6',$,$,(#1099,#1103,#1114),(#1098),$,$,.NOTDEFINED.);
#1083=IFCCARTESIANPOINT((0.,0.));
#1084=IFCDIRECTION((1.,0.));
#1085=IFCAXIS2PLACEMENT2D(#1083,#1084);
#1086=IFCUSHAPEPROFILEDEF(.AREA.,'C3X6',#1085,0.076200000000000004,0.040640000000000003,0.0090424000000000008,0.0069341999999999997,0.010541,$,$);
#1087=IFCCARTESIANPOINT((0.,0.,0.));
#1088=IFCDIRECTION((0.,0.,1.));
#1089=IFCDIRECTION((1.,0.,0.));
#1090=IFCAXIS2PLACEMENT3D(#1087,#1088,#1089);
#1091=IFCDIRECTION((0.,0.,1.));
#1092=IFCEXTRUDEDAREASOLID(#1086,#1090,#1091,6.0960000000000001);
#1093=IFCSHAPEREPRESENTATION(#11,'Body','SweptSolid',(#1092));
#1094=IFCCARTESIANPOINT((0.,0.,0.));
#1095=IFCDIRECTION((1.,0.,0.));
#1096=IFCDIRECTION((0.,0.,1.));
#1097=IFCAXIS2PLACEMENT3D(#1094,#1096,#1095);
#1098=IFCREPRESENTATIONMAP(#1097,#1093);
#1099=IFCPROPERTYSET('08FVBRFS5FP8fLmS2CeumF',$,'MF_Structural',$,(#1100,#1101,#1102));
#1100=IFCPROPERTYSINGLEVALUE('Section',$,IFCLABEL('C3X6'),$);
#1101=IFCPROPERTYSINGLEVALUE('SectionFamily',$,IFCLABEL('C'),$);
#1102=IFCPROPERTYSINGLEVALUE('SectionSource',$,IFCLABEL('AISC Shapes Database v15.0 (US)'),$);
#1103=IFCPROPERTYSET('1GrlNg0tTDmuhYg96OuY16',$,'MF_Library',$,(#1104,#1105,#1106,#1107,#1108,#1109,#1110,#1111,#1112,#1113));
#1104=IFCPROPERTYSINGLEVALUE('Key',$,IFCLABEL('steel_channel_c'),$);
#1105=IFCPROPERTYSINGLEVALUE('Family',$,IFCLABEL('Channel'),$);
#1106=IFCPROPERTYSINGLEVALUE('TypeName',$,IFCLABEL('C3X6'),$);
#1107=IFCPROPERTYSINGLEVALUE('Version',$,IFCLABEL('0.1.0'),$);
#1108=IFCPROPERTYSINGLEVALUE('License',$,IFCLABEL('CC0-1.0'),$);
#1109=IFCPROPERTYSINGLEVALUE('Source',$,IFCLABEL('massing-families'),$);
#1110=IFCPROPERTYSINGLEVALUE('Tier',$,IFCLABEL('L300'),$);
#1111=IFCPROPERTYSINGLEVALUE('Builder',$,IFCLABEL('profile'),$);
#1112=IFCPROPERTYSINGLEVALUE('Discipline',$,IFCLABEL('structural'),$);
#1113=IFCPROPERTYSINGLEVALUE('GeometryStatus',$,IFCLABEL('parametric'),$);
#1114=IFCPROPERTYSET('2Xj7rCzHr57ReGONN5e_a7',$,'MF_Quantities',$,(#1115,#1116,#1117,#1118,#1119));
#1115=IFCPROPERTYSINGLEVALUE('NominalWidth',$,IFCREAL(0.040640000000000003),$);
#1116=IFCPROPERTYSINGLEVALUE('NominalDepth',$,IFCREAL(0.076200000000000004),$);
#1117=IFCPROPERTYSINGLEVALUE('NominalHeight',$,IFCREAL(6.0960000000000001),$);
#1118=IFCPROPERTYSINGLEVALUE('NominalFootprintArea',$,IFCREAL(0.0030969999999999999),$);
#1119=IFCPROPERTYSINGLEVALUE('NominalVolume',$,IFCREAL(0.018877999999999999),$);
#1120=IFCMEMBERTYPE('2iATdlKPrCYfEsR3zu456F',$,'Channel - C3X5',$,$,(#1137,#1141,#1152),(#1136),$,$,.NOTDEFINED.);
#1121=IFCCARTESIANPOINT((0.,0.));
#1122=IFCDIRECTION((1.,0.));
#1123=IFCAXIS2PLACEMENT2D(#1121,#1122);
#1124=IFCUSHAPEPROFILEDEF(.AREA.,'C3X5',#1123,0.076200000000000004,0.038100000000000002,0.0065532000000000003,0.0069341999999999997,0.010541,$,$);
#1125=IFCCARTESIANPOINT((0.,0.,0.));
#1126=IFCDIRECTION((0.,0.,1.));
#1127=IFCDIRECTION((1.,0.,0.));
#1128=IFCAXIS2PLACEMENT3D(#1125,#1126,#1127);
#1129=IFCDIRECTION((0.,0.,1.));
#1130=IFCEXTRUDEDAREASOLID(#1124,#1128,#1129,6.0960000000000001);
#1131=IFCSHAPEREPRESENTATION(#11,'Body','SweptSolid',(#1130));
#1132=IFCCARTESIANPOINT((0.,0.,0.));
#1133=IFCDIRECTION((1.,0.,0.));
#1134=IFCDIRECTION((0.,0.,1.));
#1135=IFCAXIS2PLACEMENT3D(#1132,#1134,#1133);
#1136=IFCREPRESENTATIONMAP(#1135,#1131);
#1137=IFCPROPERTYSET('3I5NVn4gbCRQBrO4QkJVVx',$,'MF_Structural',$,(#1138,#1139,#1140));
#1138=IFCPROPERTYSINGLEVALUE('Section',$,IFCLABEL('C3X5'),$);
#1139=IFCPROPERTYSINGLEVALUE('SectionFamily',$,IFCLABEL('C'),$);
#1140=IFCPROPERTYSINGLEVALUE('SectionSource',$,IFCLABEL('AISC Shapes Database v15.0 (US)'),$);
#1141=IFCPROPERTYSET('2eYCLZOx19n9E_mn175zMc',$,'MF_Library',$,(#1142,#1143,#1144,#1145,#1146,#1147,#1148,#1149,#1150,#1151));
#1142=IFCPROPERTYSINGLEVALUE('Key',$,IFCLABEL('steel_channel_c'),$);
#1143=IFCPROPERTYSINGLEVALUE('Family',$,IFCLABEL('Channel'),$);
#1144=IFCPROPERTYSINGLEVALUE('TypeName',$,IFCLABEL('C3X5'),$);
#1145=IFCPROPERTYSINGLEVALUE('Version',$,IFCLABEL('0.1.0'),$);
#1146=IFCPROPERTYSINGLEVALUE('License',$,IFCLABEL('CC0-1.0'),$);
#1147=IFCPROPERTYSINGLEVALUE('Source',$,IFCLABEL('massing-families'),$);
#1148=IFCPROPERTYSINGLEVALUE('Tier',$,IFCLABEL('L300'),$);
#1149=IFCPROPERTYSINGLEVALUE('Builder',$,IFCLABEL('profile'),$);
#1150=IFCPROPERTYSINGLEVALUE('Discipline',$,IFCLABEL('structural'),$);
#1151=IFCPROPERTYSINGLEVALUE('GeometryStatus',$,IFCLABEL('parametric'),$);
#1152=IFCPROPERTYSET('34$e4111H3qhuEv0vlQ98g',$,'MF_Quantities',$,(#1153,#1154,#1155,#1156,#1157));
#1153=IFCPROPERTYSINGLEVALUE('NominalWidth',$,IFCREAL(0.038100000000000002),$);
#1154=IFCPROPERTYSINGLEVALUE('NominalDepth',$,IFCREAL(0.076200000000000004),$);
#1155=IFCPROPERTYSINGLEVALUE('NominalHeight',$,IFCREAL(6.0960000000000001),$);
#1156=IFCPROPERTYSINGLEVALUE('NominalFootprintArea',$,IFCREAL(0.0029030000000000002),$);
#1157=IFCPROPERTYSINGLEVALUE('NominalVolume',$,IFCREAL(0.017697999999999998),$);
#1158=IFCMEMBERTYPE('3vthwBWS16BPOpLBGBNzFD',$,'Channel - C3X4.1',$,$,(#1175,#1179,#1190),(#1174),$,$,.NOTDEFINED.);
#1159=IFCCARTESIANPOINT((0.,0.));
#1160=IFCDIRECTION((1.,0.));
#1161=IFCAXIS2PLACEMENT2D(#1159,#1160);
#1162=IFCUSHAPEPROFILEDEF(.AREA.,'C3X4.1',#1161,0.076200000000000004,0.035813999999999999,0.0043179999999999998,0.0069341999999999997,0.010541,$,$);
#1163=IFCCARTESIANPOINT((0.,0.,0.));
#1164=IFCDIRECTION((0.,0.,1.));
#1165=IFCDIRECTION((1.,0.,0.));
#1166=IFCAXIS2PLACEMENT3D(#1163,#1164,#1165);
#1167=IFCDIRECTION((0.,0.,1.));
#1168=IFCEXTRUDEDAREASOLID(#1162,#1166,#1167,6.0960000000000001);
#1169=IFCSHAPEREPRESENTATION(#11,'Body','SweptSolid',(#1168));
#1170=IFCCARTESIANPOINT((0.,0.,0.));
#1171=IFCDIRECTION((1.,0.,0.));
#1172=IFCDIRECTION((0.,0.,1.));
#1173=IFCAXIS2PLACEMENT3D(#1170,#1172,#1171);
#1174=IFCREPRESENTATIONMAP(#1173,#1169);
#1175=IFCPROPERTYSET('0O2CB3I4T8nOL4tkFzGrwX',$,'MF_Structural',$,(#1176,#1177,#1178));
#1176=IFCPROPERTYSINGLEVALUE('Section',$,IFCLABEL('C3X4.1'),$);
#1177=IFCPROPERTYSINGLEVALUE('SectionFamily',$,IFCLABEL('C'),$);
#1178=IFCPROPERTYSINGLEVALUE('SectionSource',$,IFCLABEL('AISC Shapes Database v15.0 (US)'),$);
#1179=IFCPROPERTYSET('11CbrOUav7OQLPZfWYhX6Y',$,'MF_Library',$,(#1180,#1181,#1182,#1183,#1184,#1185,#1186,#1187,#1188,#1189));
#1180=IFCPROPERTYSINGLEVALUE('Key',$,IFCLABEL('steel_channel_c'),$);
#1181=IFCPROPERTYSINGLEVALUE('Family',$,IFCLABEL('Channel'),$);
#1182=IFCPROPERTYSINGLEVALUE('TypeName',$,IFCLABEL('C3X4.1'),$);
#1183=IFCPROPERTYSINGLEVALUE('Version',$,IFCLABEL('0.1.0'),$);
#1184=IFCPROPERTYSINGLEVALUE('License',$,IFCLABEL('CC0-1.0'),$);
#1185=IFCPROPERTYSINGLEVALUE('Source',$,IFCLABEL('massing-families'),$);
#1186=IFCPROPERTYSINGLEVALUE('Tier',$,IFCLABEL('L300'),$);
#1187=IFCPROPERTYSINGLEVALUE('Builder',$,IFCLABEL('profile'),$);
#1188=IFCPROPERTYSINGLEVALUE('Discipline',$,IFCLABEL('structural'),$);
#1189=IFCPROPERTYSINGLEVALUE('GeometryStatus',$,IFCLABEL('parametric'),$);
#1190=IFCPROPERTYSET('3c9znstPX6LBVh9HaHl_LG',$,'MF_Quantities',$,(#1191,#1192,#1193,#1194,#1195));
#1191=IFCPROPERTYSINGLEVALUE('NominalWidth',$,IFCREAL(0.035813999999999999),$);
#1192=IFCPROPERTYSINGLEVALUE('NominalDepth',$,IFCREAL(0.076200000000000004),$);
#1193=IFCPROPERTYSINGLEVALUE('NominalHeight',$,IFCREAL(6.0960000000000001),$);
#1194=IFCPROPERTYSINGLEVALUE('NominalFootprintArea',$,IFCREAL(0.0027290000000000001),$);
#1195=IFCPROPERTYSINGLEVALUE('NominalVolume',$,IFCREAL(0.016636000000000001),$);
#1196=IFCMEMBERTYPE('1A704FGO95OProOUJlv3Gc',$,'Channel - C3X3.5',$,$,(#1213,#1217,#1228),(#1212),$,$,.NOTDEFINED.);
#1197=IFCCARTESIANPOINT((0.,0.));
#1198=IFCDIRECTION((1.,0.));
#1199=IFCAXIS2PLACEMENT2D(#1197,#1198);
#1200=IFCUSHAPEPROFILEDEF(.AREA.,'C3X3.5',#1199,0.076200000000000004,0.034798000000000003,0.0033528,0.0069341999999999997,0.010541,$,$);
#1201=IFCCARTESIANPOINT((0.,0.,0.));
#1202=IFCDIRECTION((0.,0.,1.));
#1203=IFCDIRECTION((1.,0.,0.));
#1204=IFCAXIS2PLACEMENT3D(#1201,#1202,#1203);
#1205=IFCDIRECTION((0.,0.,1.));
#1206=IFCEXTRUDEDAREASOLID(#1200,#1204,#1205,6.0960000000000001);
#1207=IFCSHAPEREPRESENTATION(#11,'Body','SweptSolid',(#1206));
#1208=IFCCARTESIANPOINT((0.,0.,0.));
#1209=IFCDIRECTION((1.,0.,0.));
#1210=IFCDIRECTION((0.,0.,1.));
#1211=IFCAXIS2PLACEMENT3D(#1208,#1210,#1209);
#1212=IFCREPRESENTATIONMAP(#1211,#1207);
#1213=IFCPROPERTYSET('3zJmuH6IbB8f6x_OW5gJiV',$,'MF_Structural',$,(#1214,#1215,#1216));
#1214=IFCPROPERTYSINGLEVALUE('Section',$,IFCLABEL('C3X3.5'),$);
#1215=IFCPROPERTYSINGLEVALUE('SectionFamily',$,IFCLABEL('C'),$);
#1216=IFCPROPERTYSINGLEVALUE('SectionSource',$,IFCLABEL('AISC Shapes Database v15.0 (US)'),$);
#1217=IFCPROPERTYSET('3GYCzc_hz4iAfRX7KNhvFH',$,'MF_Library',$,(#1218,#1219,#1220,#1221,#1222,#1223,#1224,#1225,#1226,#1227));
#1218=IFCPROPERTYSINGLEVALUE('Key',$,IFCLABEL('steel_channel_c'),$);
#1219=IFCPROPERTYSINGLEVALUE('Family',$,IFCLABEL('Channel'),$);
#1220=IFCPROPERTYSINGLEVALUE('TypeName',$,IFCLABEL('C3X3.5'),$);
#1221=IFCPROPERTYSINGLEVALUE('Version',$,IFCLABEL('0.1.0'),$);
#1222=IFCPROPERTYSINGLEVALUE('License',$,IFCLABEL('CC0-1.0'),$);
#1223=IFCPROPERTYSINGLEVALUE('Source',$,IFCLABEL('massing-families'),$);
#1224=IFCPROPERTYSINGLEVALUE('Tier',$,IFCLABEL('L300'),$);
#1225=IFCPROPERTYSINGLEVALUE('Builder',$,IFCLABEL('profile'),$);
#1226=IFCPROPERTYSINGLEVALUE('Discipline',$,IFCLABEL('structural'),$);
#1227=IFCPROPERTYSINGLEVALUE('GeometryStatus',$,IFCLABEL('parametric'),$);
#1228=IFCPROPERTYSET('0_mVxHlHjAsBvZ7VbGnrQ_',$,'MF_Quantities',$,(#1229,#1230,#1231,#1232,#1233));
#1229=IFCPROPERTYSINGLEVALUE('NominalWidth',$,IFCREAL(0.034798000000000003),$);
#1230=IFCPROPERTYSINGLEVALUE('NominalDepth',$,IFCREAL(0.076200000000000004),$);
#1231=IFCPROPERTYSINGLEVALUE('NominalHeight',$,IFCREAL(6.0960000000000001),$);
#1232=IFCPROPERTYSINGLEVALUE('NominalFootprintArea',$,IFCREAL(0.0026519999999999998),$);
#1233=IFCPROPERTYSINGLEVALUE('NominalVolume',$,IFCREAL(0.016164000000000001),$);
#1234=IFCMEMBERTYPE('08Dou3DJ535BPU9WckOzwg',$,'Miscellaneous Channel - MC18X58',$,$,(#1251,#1255,#1266),(#1250),$,$,.NOTDEFINED.);
#1235=IFCCARTESIANPOINT((0.,0.));
#1236=IFCDIRECTION((1.,0.));
#1237=IFCAXIS2PLACEMENT2D(#1235,#1236);
#1238=IFCUSHAPEPROFILEDEF(.AREA.,'MC18X58',#1237,0.4572,0.10668,0.017780000000000001,0.015875,0.020701000000000001,$,$);
#1239=IFCCARTESIANPOINT((0.,0.,0.));
#1240=IFCDIRECTION((0.,0.,1.));
#1241=IFCDIRECTION((1.,0.,0.));
#1242=IFCAXIS2PLACEMENT3D(#1239,#1240,#1241);
#1243=IFCDIRECTION((0.,0.,1.));
#1244=IFCEXTRUDEDAREASOLID(#1238,#1242,#1243,6.0960000000000001);
#1245=IFCSHAPEREPRESENTATION(#11,'Body','SweptSolid',(#1244));
#1246=IFCCARTESIANPOINT((0.,0.,0.));
#1247=IFCDIRECTION((1.,0.,0.));
#1248=IFCDIRECTION((0.,0.,1.));
#1249=IFCAXIS2PLACEMENT3D(#1246,#1248,#1247);
#1250=IFCREPRESENTATIONMAP(#1249,#1245);
#1251=IFCPROPERTYSET('2w3yhTrub2QwyASxKDYoof',$,'MF_Structural',$,(#1252,#1253,#1254));
#1252=IFCPROPERTYSINGLEVALUE('Section',$,IFCLABEL('MC18X58'),$);
#1253=IFCPROPERTYSINGLEVALUE('SectionFamily',$,IFCLABEL('MC'),$);
#1254=IFCPROPERTYSINGLEVALUE('SectionSource',$,IFCLABEL('AISC Shapes Database v15.0 (US)'),$);
#1255=IFCPROPERTYSET('1hpsZ7iFPAvfK_R7NbEBk_',$,'MF_Library',$,(#1256,#1257,#1258,#1259,#1260,#1261,#1262,#1263,#1264,#1265));
#1256=IFCPROPERTYSINGLEVALUE('Key',$,IFCLABEL('steel_channel_mc'),$);
#1257=IFCPROPERTYSINGLEVALUE('Family',$,IFCLABEL('Miscellaneous Channel'),$);
#1258=IFCPROPERTYSINGLEVALUE('TypeName',$,IFCLABEL('MC18X58'),$);
#1259=IFCPROPERTYSINGLEVALUE('Version',$,IFCLABEL('0.1.0'),$);
#1260=IFCPROPERTYSINGLEVALUE('License',$,IFCLABEL('CC0-1.0'),$);
#1261=IFCPROPERTYSINGLEVALUE('Source',$,IFCLABEL('massing-families'),$);
#1262=IFCPROPERTYSINGLEVALUE('Tier',$,IFCLABEL('L300'),$);
#1263=IFCPROPERTYSINGLEVALUE('Builder',$,IFCLABEL('profile'),$);
#1264=IFCPROPERTYSINGLEVALUE('Discipline',$,IFCLABEL('structural'),$);
#1265=IFCPROPERTYSINGLEVALUE('GeometryStatus',$,IFCLABEL('parametric'),$);
#1266=IFCPROPERTYSET('03Fb0rl_P7thY$MZ7psZsn',$,'MF_Quantities',$,(#1267,#1268,#1269,#1270,#1271));
#1267=IFCPROPERTYSINGLEVALUE('NominalWidth',$,IFCREAL(0.10668),$);
#1268=IFCPROPERTYSINGLEVALUE('NominalDepth',$,IFCREAL(0.4572),$);
#1269=IFCPROPERTYSINGLEVALUE('NominalHeight',$,IFCREAL(6.0960000000000001),$);
#1270=IFCPROPERTYSINGLEVALUE('NominalFootprintArea',$,IFCREAL(0.048773999999999998),$);
#1271=IFCPROPERTYSINGLEVALUE('NominalVolume',$,IFCREAL(0.29732700000000001),$);
#1272=IFCMEMBERTYPE('0WlwrbS$H3Uu5dMMFU1noZ',$,'Miscellaneous Channel - MC18X51.9',$,$,(#1289,#1293,#1304),(#1288),$,$,.NOTDEFINED.);
#1273=IFCCARTESIANPOINT((0.,0.));
#1274=IFCDIRECTION((1.,0.));
#1275=IFCAXIS2PLACEMENT2D(#1273,#1274);
#1276=IFCUSHAPEPROFILEDEF(.AREA.,'MC18X51.9',#1275,0.4572,0.10414,0.01524,0.015875,0.020701000000000001,$,$);
#1277=IFCCARTESIANPOINT((0.,0.,0.));
#1278=IFCDIRECTION((0.,0.,1.));
#1279=IFCDIRECTION((1.,0.,0.));
#1280=IFCAXIS2PLACEMENT3D(#1277,#1278,#1279);
#1281=IFCDIRECTION((0.,0.,1.));
#1282=IFCEXTRUDEDAREASOLID(#1276,#1280,#1281,6.0960000000000001);
#1283=IFCSHAPEREPRESENTATION(#11,'Body','SweptSolid',(#1282));
#1284=IFCCARTESIANPOINT((0.,0.,0.));
#1285=IFCDIRECTION((1.,0.,0.));
#1286=IFCDIRECTION((0.,0.,1.));
#1287=IFCAXIS2PLACEMENT3D(#1284,#1286,#1285);
#1288=IFCREPRESENTATIONMAP(#1287,#1283);
#1289=IFCPROPERTYSET('1kMzkCa7f4v8D7uR7JYd7S',$,'MF_Structural',$,(#1290,#1291,#1292));
#1290=IFCPROPERTYSINGLEVALUE('Section',$,IFCLABEL('MC18X51.9'),$);
#1291=IFCPROPERTYSINGLEVALUE('SectionFamily',$,IFCLABEL('MC'),$);
#1292=IFCPROPERTYSINGLEVALUE('SectionSource',$,IFCLABEL('AISC Shapes Database v15.0 (US)'),$);
#1293=IFCPROPERTYSET('0d3UJS1kLB7Qt3gCJx$eKa',$,'MF_Library',$,(#1294,#1295,#1296,#1297,#1298,#1299,#1300,#1301,#1302,#1303));
#1294=IFCPROPERTYSINGLEVALUE('Key',$,IFCLABEL('steel_channel_mc'),$);
#1295=IFCPROPERTYSINGLEVALUE('Family',$,IFCLABEL('Miscellaneous Channel'),$);
#1296=IFCPROPERTYSINGLEVALUE('TypeName',$,IFCLABEL('MC18X51.9'),$);
#1297=IFCPROPERTYSINGLEVALUE('Version',$,IFCLABEL('0.1.0'),$);
#1298=IFCPROPERTYSINGLEVALUE('License',$,IFCLABEL('CC0-1.0'),$);
#1299=IFCPROPERTYSINGLEVALUE('Source',$,IFCLABEL('massing-families'),$);
#1300=IFCPROPERTYSINGLEVALUE('Tier',$,IFCLABEL('L300'),$);
#1301=IFCPROPERTYSINGLEVALUE('Builder',$,IFCLABEL('profile'),$);
#1302=IFCPROPERTYSINGLEVALUE('Discipline',$,IFCLABEL('structural'),$);
#1303=IFCPROPERTYSINGLEVALUE('GeometryStatus',$,IFCLABEL('parametric'),$);
#1304=IFCPROPERTYSET('3waH4pr3r9uuYZ1mEDJmqn',$,'MF_Quantities',$,(#1305,#1306,#1307,#1308,#1309));
#1305=IFCPROPERTYSINGLEVALUE('NominalWidth',$,IFCREAL(0.10414),$);
#1306=IFCPROPERTYSINGLEVALUE('NominalDepth',$,IFCREAL(0.4572),$);
#1307=IFCPROPERTYSINGLEVALUE('NominalHeight',$,IFCREAL(6.0960000000000001),$);
#1308=IFCPROPERTYSINGLEVALUE('NominalFootprintArea',$,IFCREAL(0.047613000000000003),$);
#1309=IFCPROPERTYSINGLEVALUE('NominalVolume',$,IFCREAL(0.29024800000000001),$);
#1310=IFCMEMBERTYPE('0iImVTv$P56uLv0tJon66T',$,'Miscellaneous Channel - MC18X45.8',$,$,(#1327,#1331,#1342),(#1326),$,$,.NOTDEFINED.);
#1311=IFCCARTESIANPOINT((0.,0.));
#1312=IFCDIRECTION((1.,0.));
#1313=IFCAXIS2PLACEMENT2D(#1311,#1312);
#1314=IFCUSHAPEPROFILEDEF(.AREA.,'MC18X45.8',#1313,0.4572,0.1016,0.012699999999999999,0.015875,0.020701000000000001,$,$);
#1315=IFCCARTESIANPOINT((0.,0.,0.));
#1316=IFCDIRECTION((0.,0.,1.));
#1317=IFCDIRECTION((1.,0.,0.));
#1318=IFCAXIS2PLACEMENT3D(#1315,#1316,#1317);
#1319=IFCDIRECTION((0.,0.,1.));
#1320=IFCEXTRUDEDAREASOLID(#1314,#1318,#1319,6.0960000000000001);
#1321=IFCSHAPEREPRESENTATION(#11,'Body','SweptSolid',(#1320));
#1322=IFCCARTESIANPOINT((0.,0.,0.));
#1323=IFCDIRECTION((1.,0.,0.));
#1324=IFCDIRECTION((0.,0.,1.));
#1325=IFCAXIS2PLACEMENT3D(#1322,#1324,#1323);
#1326=IFCREPRESENTATIONMAP(#1325,#1321);
#1327=IFCPROPERTYSET('1_I5qQ_O15hQJlmuYucBk5',$,'MF_Structural',$,(#1328,#1329,#1330));
#1328=IFCPROPERTYSINGLEVALUE('Section',$,IFCLABEL('MC18X45.8'),$);
#1329=IFCPROPERTYSINGLEVALUE('SectionFamily',$,IFCLABEL('MC'),$);
#1330=IFCPROPERTYSINGLEVALUE('SectionSource',$,IFCLABEL('AISC Shapes Database v15.0 (US)'),$);
#1331=IFCPROPERTYSET('1jyAgvKBH2_RD2ateor0rg',$,'MF_Library',$,(#1332,#1333,#1334,#1335,#1336,#1337,#1338,#1339,#1340,#1341));
#1332=IFCPROPERTYSINGLEVALUE('Key',$,IFCLABEL('steel_channel_mc'),$);
#1333=IFCPROPERTYSINGLEVALUE('Family',$,IFCLABEL('Miscellaneous Channel'),$);
#1334=IFCPROPERTYSINGLEVALUE('TypeName',$,IFCLABEL('MC18X45.8'),$);
#1335=IFCPROPERTYSINGLEVALUE('Version',$,IFCLABEL('0.1.0'),$);
#1336=IFCPROPERTYSINGLEVALUE('License',$,IFCLABEL('CC0-1.0'),$);
#1337=IFCPROPERTYSINGLEVALUE('Source',$,IFCLABEL('massing-families'),$);
#1338=IFCPROPERTYSINGLEVALUE('Tier',$,IFCLABEL('L300'),$);
#1339=IFCPROPERTYSINGLEVALUE('Builder',$,IFCLABEL('profile'),$);
#1340=IFCPROPERTYSINGLEVALUE('Discipline',$,IFCLABEL('structural'),$);
#1341=IFCPROPERTYSINGLEVALUE('GeometryStatus',$,IFCLABEL('parametric'),$);
#1342=IFCPROPERTYSET('2pFCl6DPb3Rv80BLVILSt6',$,'MF_Quantities',$,(#1343,#1344,#1345,#1346,#1347));
#1343=IFCPROPERTYSINGLEVALUE('NominalWidth',$,IFCREAL(0.1016),$);
#1344=IFCPROPERTYSINGLEVALUE('NominalDepth',$,IFCREAL(0.4572),$);
#1345=IFCPROPERTYSINGLEVALUE('NominalHeight',$,IFCREAL(6.0960000000000001),$);
#1346=IFCPROPERTYSINGLEVALUE('NominalFootprintArea',$,IFCREAL(0.046452),$);
#1347=IFCPROPERTYSINGLEVALUE('NominalVolume',$,IFCREAL(0.28316799999999998),$);
#1348=IFCMEMBERTYPE('2fGMm7EJ9B9fT8jLzPJKkM',$,'Miscellaneous Channel - MC18X42.7',$,$,(#1365,#1369,#1380),(#1364),$,$,.NOTDEFINED.);
#1349=IFCCARTESIANPOINT((0.,0.));
#1350=IFCDIRECTION((1.,0.));
#1351=IFCAXIS2PLACEMENT2D(#1349,#1350);
#1352=IFCUSHAPEPROFILEDEF(.AREA.,'MC18X42.7',#1351,0.4572,0.10033,0.011429999999999999,0.015875,0.020701000000000001,$,$);
#1353=IFCCARTESIANPOINT((0.,0.,0.));
#1354=IFCDIRECTION((0.,0.,1.));
#1355=IFCDIRECTION((1.,0.,0.));
#1356=IFCAXIS2PLACEMENT3D(#1353,#1354,#1355);
#1357=IFCDIRECTION((0.,0.,1.));
#1358=IFCEXTRUDEDAREASOLID(#1352,#1356,#1357,6.0960000000000001);
#1359=IFCSHAPEREPRESENTATION(#11,'Body','SweptSolid',(#1358));
#1360=IFCCARTESIANPOINT((0.,0.,0.));
#1361=IFCDIRECTION((1.,0.,0.));
#1362=IFCDIRECTION((0.,0.,1.));
#1363=IFCAXIS2PLACEMENT3D(#1360,#1362,#1361);
#1364=IFCREPRESENTATIONMAP(#1363,#1359);
#1365=IFCPROPERTYSET('0ukue60vjBRgLXLzA5SCUQ',$,'MF_Structural',$,(#1366,#1367,#1368));
#1366=IFCPROPERTYSINGLEVALUE('Section',$,IFCLABEL('MC18X42.7'),$);
#1367=IFCPROPERTYSINGLEVALUE('SectionFamily',$,IFCLABEL('MC'),$);
#1368=IFCPROPERTYSINGLEVALUE('SectionSource',$,IFCLABEL('AISC Shapes Database v15.0 (US)'),$);
#1369=IFCPROPERTYSET('3M4$pyd_50Ag01kEF0YtTe',$,'MF_Library',$,(#1370,#1371,#1372,#1373,#1374,#1375,#1376,#1377,#1378,#1379));
#1370=IFCPROPERTYSINGLEVALUE('Key',$,IFCLABEL('steel_channel_mc'),$);
#1371=IFCPROPERTYSINGLEVALUE('Family',$,IFCLABEL('Miscellaneous Channel'),$);
#1372=IFCPROPERTYSINGLEVALUE('TypeName',$,IFCLABEL('MC18X42.7'),$);
#1373=IFCPROPERTYSINGLEVALUE('Version',$,IFCLABEL('0.1.0'),$);
#1374=IFCPROPERTYSINGLEVALUE('License',$,IFCLABEL('CC0-1.0'),$);
#1375=IFCPROPERTYSINGLEVALUE('Source',$,IFCLABEL('massing-families'),$);
#1376=IFCPROPERTYSINGLEVALUE('Tier',$,IFCLABEL('L300'),$);
#1377=IFCPROPERTYSINGLEVALUE('Builder',$,IFCLABEL('profile'),$);
#1378=IFCPROPERTYSINGLEVALUE('Discipline',$,IFCLABEL('structural'),$);
#1379=IFCPROPERTYSINGLEVALUE('GeometryStatus',$,IFCLABEL('parametric'),$);
#1380=IFCPROPERTYSET('2LeCaYavP9Z8seGzEtEWzu',$,'MF_Quantities',$,(#1381,#1382,#1383,#1384,#1385));
#1381=IFCPROPERTYSINGLEVALUE('NominalWidth',$,IFCREAL(0.10033),$);
#1382=IFCPROPERTYSINGLEVALUE('NominalDepth',$,IFCREAL(0.4572),$);
#1383=IFCPROPERTYSINGLEVALUE('NominalHeight',$,IFCREAL(6.0960000000000001),$);
#1384=IFCPROPERTYSINGLEVALUE('NominalFootprintArea',$,IFCREAL(0.045871000000000002),$);
#1385=IFCPROPERTYSINGLEVALUE('NominalVolume',$,IFCREAL(0.27962900000000002),$);
#1386=IFCMEMBERTYPE('2gS1lRurDER8fw1QSwwWZ_',$,'Miscellaneous Channel - MC13X50',$,$,(#1403,#1407,#1418),(#1402),$,$,.NOTDEFINED.);
#1387=IFCCARTESIANPOINT((0.,0.));
#1388=IFCDIRECTION((1.,0.));
#1389=IFCAXIS2PLACEMENT2D(#1387,#1388);
#1390=IFCUSHAPEPROFILEDEF(.AREA.,'MC13X50',#1389,0.33019999999999999,0.112014,0.019989799999999999,0.015494000000000001,0.021082,$,$);
#1391=IFCCARTESIANPOINT((0.,0.,0.));
#1392=IFCDIRECTION((0.,0.,1.));
#1393=IFCDIRECTION((1.,0.,0.));
#1394=IFCAXIS2PLACEMENT3D(#1391,#1392,#1393);
#1395=IFCDIRECTION((0.,0.,1.));
#1396=IFCEXTRUDEDAREASOLID(#1390,#1394,#1395,6.0960000000000001);
#1397=IFCSHAPEREPRESENTATION(#11,'Body','SweptSolid',(#1396));
#1398=IFCCARTESIANPOINT((0.,0.,0.));
#1399=IFCDIRECTION((1.,0.,0.));
#1400=IFCDIRECTION((0.,0.,1.));
#1401=IFCAXIS2PLACEMENT3D(#1398,#1400,#1399);
#1402=IFCREPRESENTATIONMAP(#1401,#1397);
#1403=IFCPROPERTYSET('1$bX0$XkzF9PBV5SbsdXPI',$,'MF_Structural',$,(#1404,#1405,#1406));
#1404=IFCPROPERTYSINGLEVALUE('Section',$,IFCLABEL('MC13X50'),$);
#1405=IFCPROPERTYSINGLEVALUE('SectionFamily',$,IFCLABEL('MC'),$);
#1406=IFCPROPERTYSINGLEVALUE('SectionSource',$,IFCLABEL('AISC Shapes Database v15.0 (US)'),$);
#1407=IFCPROPERTYSET('24qkZt87H47hpTG8jDrjkQ',$,'MF_Library',$,(#1408,#1409,#1410,#1411,#1412,#1413,#1414,#1415,#1416,#1417));
#1408=IFCPROPERTYSINGLEVALUE('Key',$,IFCLABEL('steel_channel_mc'),$);
#1409=IFCPROPERTYSINGLEVALUE('Family',$,IFCLABEL('Miscellaneous Channel'),$);
#1410=IFCPROPERTYSINGLEVALUE('TypeName',$,IFCLABEL('MC13X50'),$);
#1411=IFCPROPERTYSINGLEVALUE('Version',$,IFCLABEL('0.1.0'),$);
#1412=IFCPROPERTYSINGLEVALUE('License',$,IFCLABEL('CC0-1.0'),$);
#1413=IFCPROPERTYSINGLEVALUE('Source',$,IFCLABEL('massing-families'),$);
#1414=IFCPROPERTYSINGLEVALUE('Tier',$,IFCLABEL('L300'),$);
#1415=IFCPROPERTYSINGLEVALUE('Builder',$,IFCLABEL('profile'),$);
#1416=IFCPROPERTYSINGLEVALUE('Discipline',$,IFCLABEL('structural'),$);
#1417=IFCPROPERTYSINGLEVALUE('GeometryStatus',$,IFCLABEL('parametric'),$);
#1418=IFCPROPERTYSET('0HGhqnuhfDbvspBVXS3Dvb',$,'MF_Quantities',$,(#1419,#1420,#1421,#1422,#1423));
#1419=IFCPROPERTYSINGLEVALUE('NominalWidth',$,IFCREAL(0.112014),$);
#1420=IFCPROPERTYSINGLEVALUE('NominalDepth',$,IFCREAL(0.33019999999999999),$);
#1421=IFCPROPERTYSINGLEVALUE('NominalHeight',$,IFCREAL(6.0960000000000001),$);
#1422=IFCPROPERTYSINGLEVALUE('NominalFootprintArea',$,IFCREAL(0.036986999999999999),$);
#1423=IFCPROPERTYSINGLEVALUE('NominalVolume',$,IFCREAL(0.22547300000000001),$);
#1424=IFCMEMBERTYPE('1cr$Ff_ILBhfAas7dtcR04',$,'Miscellaneous Channel - MC13X40',$,$,(#1441,#1445,#1456),(#1440),$,$,.NOTDEFINED.);
#1425=IFCCARTESIANPOINT((0.,0.));
#1426=IFCDIRECTION((1.,0.));
#1427=IFCAXIS2PLACEMENT2D(#1425,#1426);
#1428=IFCUSHAPEPROFILEDEF(.AREA.,'MC13X40',#1427,0.33019999999999999,0.10642600000000001,0.014224000000000001,0.015494000000000001,0.021082,$,$);
#1429=IFCCARTESIANPOINT((0.,0.,0.));
#1430=IFCDIRECTION((0.,0.,1.));
#1431=IFCDIRECTION((1.,0.,0.));
#1432=IFCAXIS2PLACEMENT3D(#1429,#1430,#1431);
#1433=IFCDIRECTION((0.,0.,1.));
#1434=IFCEXTRUDEDAREASOLID(#1428,#1432,#1433,6.0960000000000001);
#1435=IFCSHAPEREPRESENTATION(#11,'Body','SweptSolid',(#1434));
#1436=IFCCARTESIANPOINT((0.,0.,0.));
#1437=IFCDIRECTION((1.,0.,0.));
#1438=IFCDIRECTION((0.,0.,1.));
#1439=IFCAXIS2PLACEMENT3D(#1436,#1438,#1437);
#1440=IFCREPRESENTATIONMAP(#1439,#1435);
#1441=IFCPROPERTYSET('3GdqVAUrT0s9ZYBsCpW7Qi',$,'MF_Structural',$,(#1442,#1443,#1444));
#1442=IFCPROPERTYSINGLEVALUE('Section',$,IFCLABEL('MC13X40'),$);
#1443=IFCPROPERTYSINGLEVALUE('SectionFamily',$,IFCLABEL('MC'),$);
#1444=IFCPROPERTYSINGLEVALUE('SectionSource',$,IFCLABEL('AISC Shapes Database v15.0 (US)'),$);
#1445=IFCPROPERTYSET('3sfL6qSiL2g9Sru3Pv_eK4',$,'MF_Library',$,(#1446,#1447,#1448,#1449,#1450,#1451,#1452,#1453,#1454,#1455));
#1446=IFCPROPERTYSINGLEVALUE('Key',$,IFCLABEL('steel_channel_mc'),$);
#1447=IFCPROPERTYSINGLEVALUE('Family',$,IFCLABEL('Miscellaneous Channel'),$);
#1448=IFCPROPERTYSINGLEVALUE('TypeName',$,IFCLABEL('MC13X40'),$);
#1449=IFCPROPERTYSINGLEVALUE('Version',$,IFCLABEL('0.1.0'),$);
#1450=IFCPROPERTYSINGLEVALUE('License',$,IFCLABEL('CC0-1.0'),$);
#1451=IFCPROPERTYSINGLEVALUE('Source',$,IFCLABEL('massing-families'),$);
#1452=IFCPROPERTYSINGLEVALUE('Tier',$,IFCLABEL('L300'),$);
#1453=IFCPROPERTYSINGLEVALUE('Builder',$,IFCLABEL('profile'),$);
#1454=IFCPROPERTYSINGLEVALUE('Discipline',$,IFCLABEL('structural'),$);
#1455=IFCPROPERTYSINGLEVALUE('GeometryStatus',$,IFCLABEL('parametric'),$);
#1456=IFCPROPERTYSET('16tDDFF_P09uMVlMVOsndR',$,'MF_Quantities',$,(#1457,#1458,#1459,#1460,#1461));
#1457=IFCPROPERTYSINGLEVALUE('NominalWidth',$,IFCREAL(0.10642600000000001),$);
#1458=IFCPROPERTYSINGLEVALUE('NominalDepth',$,IFCREAL(0.33019999999999999),$);
#1459=IFCPROPERTYSINGLEVALUE('NominalHeight',$,IFCREAL(6.0960000000000001),$);
#1460=IFCPROPERTYSINGLEVALUE('NominalFootprintArea',$,IFCREAL(0.035142),$);
#1461=IFCPROPERTYSINGLEVALUE('NominalVolume',$,IFCREAL(0.214225),$);
#1462=IFCMEMBERTYPE('3PWQUH7GfDPxLsywaGWrLF',$,'Miscellaneous Channel - MC13X35',$,$,(#1479,#1483,#1494),(#1478),$,$,.NOTDEFINED.);
#1463=IFCCARTESIANPOINT((0.,0.));
#1464=IFCDIRECTION((1.,0.));
#1465=IFCAXIS2PLACEMENT2D(#1463,#1464);
#1466=IFCUSHAPEPROFILEDEF(.AREA.,'MC13X35',#1465,0.33019999999999999,0.103378,0.011353800000000001,0.015494000000000001,0.021082,$,$);
#1467=IFCCARTESIANPOINT((0.,0.,0.));
#1468=IFCDIRECTION((0.,0.,1.));
#1469=IFCDIRECTION((1.,0.,0.));
#1470=IFCAXIS2PLACEMENT3D(#1467,#1468,#1469);
#1471=IFCDIRECTION((0.,0.,1.));
#1472=IFCEXTRUDEDAREASOLID(#1466,#1470,#1471,6.0960000000000001);
#1473=IFCSHAPEREPRESENTATION(#11,'Body','SweptSolid',(#1472));
#1474=IFCCARTESIANPOINT((0.,0.,0.));
#1475=IFCDIRECTION((1.,0.,0.));
#1476=IFCDIRECTION((0.,0.,1.));
#1477=IFCAXIS2PLACEMENT3D(#1474,#1476,#1475);
#1478=IFCREPRESENTATIONMAP(#1477,#1473);
#1479=IFCPROPERTYSET('1Op8nclrDC2A1C40FXyvLY',$,'MF_Structural',$,(#1480,#1481,#1482));
#1480=IFCPROPERTYSINGLEVALUE('Section',$,IFCLABEL('MC13X35'),$);
#1481=IFCPROPERTYSINGLEVALUE('SectionFamily',$,IFCLABEL('MC'),$);
#1482=IFCPROPERTYSINGLEVALUE('SectionSource',$,IFCLABEL('AISC Shapes Database v15.0 (US)'),$);
#1483=IFCPROPERTYSET('0PiQHE7Xv5LOgPF8FfbEVW',$,'MF_Library',$,(#1484,#1485,#1486,#1487,#1488,#1489,#1490,#1491,#1492,#1493));
#1484=IFCPROPERTYSINGLEVALUE('Key',$,IFCLABEL('steel_channel_mc'),$);
#1485=IFCPROPERTYSINGLEVALUE('Family',$,IFCLABEL('Miscellaneous Channel'),$);
#1486=IFCPROPERTYSINGLEVALUE('TypeName',$,IFCLABEL('MC13X35'),$);
#1487=IFCPROPERTYSINGLEVALUE('Version',$,IFCLABEL('0.1.0'),$);
#1488=IFCPROPERTYSINGLEVALUE('License',$,IFCLABEL('CC0-1.0'),$);
#1489=IFCPROPERTYSINGLEVALUE('Source',$,IFCLABEL('massing-families'),$);
#1490=IFCPROPERTYSINGLEVALUE('Tier',$,IFCLABEL('L300'),$);
#1491=IFCPROPERTYSINGLEVALUE('Builder',$,IFCLABEL('profile'),$);
#1492=IFCPROPERTYSINGLEVALUE('Discipline',$,IFCLABEL('structural'),$);
#1493=IFCPROPERTYSINGLEVALUE('GeometryStatus',$,IFCLABEL('parametric'),$);
#1494=IFCPROPERTYSET('2sgrI7rhP0IOmJF0FwF9ds',$,'MF_Quantities',$,(#1495,#1496,#1497,#1498,#1499));
#1495=IFCPROPERTYSINGLEVALUE('NominalWidth',$,IFCREAL(0.103378),$);
#1496=IFCPROPERTYSINGLEVALUE('NominalDepth',$,IFCREAL(0.33019999999999999),$);
#1497=IFCPROPERTYSINGLEVALUE('NominalHeight',$,IFCREAL(6.0960000000000001),$);
#1498=IFCPROPERTYSINGLEVALUE('NominalFootprintArea',$,IFCREAL(0.034134999999999999),$);
#1499=IFCPROPERTYSINGLEVALUE('NominalVolume',$,IFCREAL(0.208089),$);
#1500=IFCMEMBERTYPE('1VcTnbjG1BtAsjH5DyjrL1',$,'Miscellaneous Channel - MC13X31.8',$,$,(#1517,#1521,#1532),(#1516),$,$,.NOTDEFINED.);
#1501=IFCCARTESIANPOINT((0.,0.));
#1502=IFCDIRECTION((1.,0.));
#1503=IFCAXIS2PLACEMENT2D(#1501,#1502);
#1504=IFCUSHAPEPROFILEDEF(.AREA.,'MC13X31.8',#1503,0.33019999999999999,0.1016,0.0095250000000000005,0.015494000000000001,0.021082,$,$);
#1505=IFCCARTESIANPOINT((0.,0.,0.));
#1506=IFCDIRECTION((0.,0.,1.));
#1507=IFCDIRECTION((1.,0.,0.));
#1508=IFCAXIS2PLACEMENT3D(#1505,#1506,#1507);
#1509=IFCDIRECTION((0.,0.,1.));
#1510=IFCEXTRUDEDAREASOLID(#1504,#1508,#1509,6.0960000000000001);
#1511=IFCSHAPEREPRESENTATION(#11,'Body','SweptSolid',(#1510));
#1512=IFCCARTESIANPOINT((0.,0.,0.));
#1513=IFCDIRECTION((1.,0.,0.));
#1514=IFCDIRECTION((0.,0.,1.));
#1515=IFCAXIS2PLACEMENT3D(#1512,#1514,#1513);
#1516=IFCREPRESENTATIONMAP(#1515,#1511);
#1517=IFCPROPERTYSET('147ONfRz1DAR$cpCJDvvLo',$,'MF_Structural',$,(#1518,#1519,#1520));
#1518=IFCPROPERTYSINGLEVALUE('Section',$,IFCLABEL('MC13X31.8'),$);
#1519=IFCPROPERTYSINGLEVALUE('SectionFamily',$,IFCLABEL('MC'),$);
#1520=IFCPROPERTYSINGLEVALUE('SectionSource',$,IFCLABEL('AISC Shapes Database v15.0 (US)'),$);
#1521=IFCPROPERTYSET('1bwHZYZTP6XvXoPc1GIlSl',$,'MF_Library',$,(#1522,#1523,#1524,#1525,#1526,#1527,#1528,#1529,#1530,#1531));
#1522=IFCPROPERTYSINGLEVALUE('Key',$,IFCLABEL('steel_channel_mc'),$);
#1523=IFCPROPERTYSINGLEVALUE('Family',$,IFCLABEL('Miscellaneous Channel'),$);
#1524=IFCPROPERTYSINGLEVALUE('TypeName',$,IFCLABEL('MC13X31.8'),$);
#1525=IFCPROPERTYSINGLEVALUE('Version',$,IFCLABEL('0.1.0'),$);
#1526=IFCPROPERTYSINGLEVALUE('License',$,IFCLABEL('CC0-1.0'),$);
#1527=IFCPROPERTYSINGLEVALUE('Source',$,IFCLABEL('massing-families'),$);
#1528=IFCPROPERTYSINGLEVALUE('Tier',$,IFCLABEL('L300'),$);
#1529=IFCPROPERTYSINGLEVALUE('Builder',$,IFCLABEL('profile'),$);
#1530=IFCPROPERTYSINGLEVALUE('Discipline',$,IFCLABEL('structural'),$);
#1531=IFCPROPERTYSINGLEVALUE('GeometryStatus',$,IFCLABEL('parametric'),$);
#1532=IFCPROPERTYSET('0DB7QyDQ92IR4EIZAtqWu9',$,'MF_Quantities',$,(#1533,#1534,#1535,#1536,#1537));
#1533=IFCPROPERTYSINGLEVALUE('NominalWidth',$,IFCREAL(0.1016),$);
#1534=IFCPROPERTYSINGLEVALUE('NominalDepth',$,IFCREAL(0.33019999999999999),$);
#1535=IFCPROPERTYSINGLEVALUE('NominalHeight',$,IFCREAL(6.0960000000000001),$);
#1536=IFCPROPERTYSINGLEVALUE('NominalFootprintArea',$,IFCREAL(0.033548000000000001),$);
#1537=IFCPROPERTYSINGLEVALUE('NominalVolume',$,IFCREAL(0.204511),$);
#1538=IFCMEMBERTYPE('054sBDV1X8mRLX62YMcvGG',$,'Miscellaneous Channel - MC12X50',$,$,(#1555,#1559,#1570),(#1554),$,$,.NOTDEFINED.);
#1539=IFCCARTESIANPOINT((0.,0.));
#1540=IFCDIRECTION((1.,0.));
#1541=IFCAXIS2PLACEMENT2D(#1539,#1540);
#1542=IFCUSHAPEPROFILEDEF(.AREA.,'MC12X50',#1541,0.30480000000000002,0.105156,0.021208999999999999,0.017780000000000001,0.015494000000000001,$,$);
#1543=IFCCARTESIANPOINT((0.,0.,0.));
#1544=IFCDIRECTION((0.,0.,1.));
#1545=IFCDIRECTION((1.,0.,0.));
#1546=IFCAXIS2PLACEMENT3D(#1543,#1544,#1545);
#1547=IFCDIRECTION((0.,0.,1.));
#1548=IFCEXTRUDEDAREASOLID(#1542,#1546,#1547,6.0960000000000001);
#1549=IFCSHAPEREPRESENTATION(#11,'Body','SweptSolid',(#1548));
#1550=IFCCARTESIANPOINT((0.,0.,0.));
#1551=IFCDIRECTION((1.,0.,0.));
#1552=IFCDIRECTION((0.,0.,1.));
#1553=IFCAXIS2PLACEMENT3D(#1550,#1552,#1551);
#1554=IFCREPRESENTATIONMAP(#1553,#1549);
#1555=IFCPROPERTYSET('05j9wyZGjBzurwNgB8xRAb',$,'MF_Structural',$,(#1556,#1557,#1558));
#1556=IFCPROPERTYSINGLEVALUE('Section',$,IFCLABEL('MC12X50'),$);
#1557=IFCPROPERTYSINGLEVALUE('SectionFamily',$,IFCLABEL('MC'),$);
#1558=IFCPROPERTYSINGLEVALUE('SectionSource',$,IFCLABEL('AISC Shapes Database v15.0 (US)'),$);
#1559=IFCPROPERTYSET('0btEjHx9f3pONdEUdDkyHA',$,'MF_Library',$,(#1560,#1561,#1562,#1563,#1564,#1565,#1566,#1567,#1568,#1569));
#1560=IFCPROPERTYSINGLEVALUE('Key',$,IFCLABEL('steel_channel_mc'),$);
#1561=IFCPROPERTYSINGLEVALUE('Family',$,IFCLABEL('Miscellaneous Channel'),$);
#1562=IFCPROPERTYSINGLEVALUE('TypeName',$,IFCLABEL('MC12X50'),$);
#1563=IFCPROPERTYSINGLEVALUE('Version',$,IFCLABEL('0.1.0'),$);
#1564=IFCPROPERTYSINGLEVALUE('License',$,IFCLABEL('CC0-1.0'),$);
#1565=IFCPROPERTYSINGLEVALUE('Source',$,IFCLABEL('massing-families'),$);
#1566=IFCPROPERTYSINGLEVALUE('Tier',$,IFCLABEL('L300'),$);
#1567=IFCPROPERTYSINGLEVALUE('Builder',$,IFCLABEL('profile'),$);
#1568=IFCPROPERTYSINGLEVALUE('Discipline',$,IFCLABEL('structural'),$);
#1569=IFCPROPERTYSINGLEVALUE('GeometryStatus',$,IFCLABEL('parametric'),$);
#1570=IFCPROPERTYSET('06gQS3K5556PDtmw8$XW3S',$,'MF_Quantities',$,(#1571,#1572,#1573,#1574,#1575));
#1571=IFCPROPERTYSINGLEVALUE('NominalWidth',$,IFCREAL(0.105156),$);
#1572=IFCPROPERTYSINGLEVALUE('NominalDepth',$,IFCREAL(0.30480000000000002),$);
#1573=IFCPROPERTYSINGLEVALUE('NominalHeight',$,IFCREAL(6.0960000000000001),$);
#1574=IFCPROPERTYSINGLEVALUE('NominalFootprintArea',$,IFCREAL(0.032051999999999997),$);
#1575=IFCPROPERTYSINGLEVALUE('NominalVolume',$,IFCREAL(0.195386),$);
#1576=IFCMEMBERTYPE('3sk0_rBMj3wu6ZzFayE7zS',$,'Miscellaneous Channel - MC12X45',$,$,(#1593,#1597,#1608),(#1592),$,$,.NOTDEFINED.);
#1577=IFCCARTESIANPOINT((0.,0.));
#1578=IFCDIRECTION((1.,0.));
#1579=IFCAXIS2PLACEMENT2D(#1577,#1578);
#1580=IFCUSHAPEPROFILEDEF(.AREA.,'MC12X45',#1579,0.30480000000000002,0.101854,0.018034000000000001,0.017780000000000001,0.015494000000000001,$,$);
#1581=IFCCARTESIANPOINT((0.,0.,0.));
#1582=IFCDIRECTION((0.,0.,1.));
#1583=IFCDIRECTION((1.,0.,0.));
#1584=IFCAXIS2PLACEMENT3D(#1581,#1582,#1583);
#1585=IFCDIRECTION((0.,0.,1.));
#1586=IFCEXTRUDEDAREASOLID(#1580,#1584,#1585,6.0960000000000001);
#1587=IFCSHAPEREPRESENTATION(#11,'Body','SweptSolid',(#1586));
#1588=IFCCARTESIANPOINT((0.,0.,0.));
#1589=IFCDIRECTION((1.,0.,0.));
#1590=IFCDIRECTION((0.,0.,1.));
#1591=IFCAXIS2PLACEMENT3D(#1588,#1590,#1589);
#1592=IFCREPRESENTATIONMAP(#1591,#1587);
#1593=IFCPROPERTYSET('2w_9qfE5v9n9OLiwdMU0V_',$,'MF_Structural',$,(#1594,#1595,#1596));
#1594=IFCPROPERTYSINGLEVALUE('Section',$,IFCLABEL('MC12X45'),$);
#1595=IFCPROPERTYSINGLEVALUE('SectionFamily',$,IFCLABEL('MC'),$);
#1596=IFCPROPERTYSINGLEVALUE('SectionSource',$,IFCLABEL('AISC Shapes Database v15.0 (US)'),$);
#1597=IFCPROPERTYSET('0ph_8bLGLCP96l1Vxgy4yd',$,'MF_Library',$,(#1598,#1599,#1600,#1601,#1602,#1603,#1604,#1605,#1606,#1607));
#1598=IFCPROPERTYSINGLEVALUE('Key',$,IFCLABEL('steel_channel_mc'),$);
#1599=IFCPROPERTYSINGLEVALUE('Family',$,IFCLABEL('Miscellaneous Channel'),$);
#1600=IFCPROPERTYSINGLEVALUE('TypeName',$,IFCLABEL('MC12X45'),$);
#1601=IFCPROPERTYSINGLEVALUE('Version',$,IFCLABEL('0.1.0'),$);
#1602=IFCPROPERTYSINGLEVALUE('License',$,IFCLABEL('CC0-1.0'),$);
#1603=IFCPROPERTYSINGLEVALUE('Source',$,IFCLABEL('massing-families'),$);
#1604=IFCPROPERTYSINGLEVALUE('Tier',$,IFCLABEL('L300'),$);
#1605=IFCPROPERTYSINGLEVALUE('Builder',$,IFCLABEL('profile'),$);
#1606=IFCPROPERTYSINGLEVALUE('Discipline',$,IFCLABEL('structural'),$);
#1607=IFCPROPERTYSINGLEVALUE('GeometryStatus',$,IFCLABEL('parametric'),$);
#1608=IFCPROPERTYSET('2yxGuglRv53fISkJTpZqn0',$,'MF_Quantities',$,(#1609,#1610,#1611,#1612,#1613));
#1609=IFCPROPERTYSINGLEVALUE('NominalWidth',$,IFCREAL(0.101854),$);
#1610=IFCPROPERTYSINGLEVALUE('NominalDepth',$,IFCREAL(0.30480000000000002),$);
#1611=IFCPROPERTYSINGLEVALUE('NominalHeight',$,IFCREAL(6.0960000000000001),$);
#1612=IFCPROPERTYSINGLEVALUE('NominalFootprintArea',$,IFCREAL(0.031045),$);
#1613=IFCPROPERTYSINGLEVALUE('NominalVolume',$,IFCREAL(0.189251),$);
#1614=IFCMEMBERTYPE('0fdTSvvgz3YACh10AFKAGz',$,'Miscellaneous Channel - MC12X40',$,$,(#1631,#1635,#1646),(#1630),$,$,.NOTDEFINED.);
#1615=IFCCARTESIANPOINT((0.,0.));
#1616=IFCDIRECTION((1.,0.));
#1617=IFCAXIS2PLACEMENT2D(#1615,#1616);
#1618=IFCUSHAPEPROFILEDEF(.AREA.,'MC12X40',#1617,0.30480000000000002,0.098806000000000005,0.014985999999999999,0.017780000000000001,0.015494000000000001,$,$);
#1619=IFCCARTESIANPOINT((0.,0.,0.));
#1620=IFCDIRECTION((0.,0.,1.));
#1621=IFCDIRECTION((1.,0.,0.));
#1622=IFCAXIS2PLACEMENT3D(#1619,#1620,#1621);
#1623=IFCDIRECTION((0.,0.,1.));
#1624=IFCEXTRUDEDAREASOLID(#1618,#1622,#1623,6.0960000000000001);
#1625=IFCSHAPEREPRESENTATION(#11,'Body','SweptSolid',(#1624));
#1626=IFCCARTESIANPOINT((0.,0.,0.));
#1627=IFCDIRECTION((1.,0.,0.));
#1628=IFCDIRECTION((0.,0.,1.));
#1629=IFCAXIS2PLACEMENT3D(#1626,#1628,#1627);
#1630=IFCREPRESENTATIONMAP(#1629,#1625);
#1631=IFCPROPERTYSET('31WZkno$v9fgjS6H62E1pE',$,'MF_Structural',$,(#1632,#1633,#1634));
#1632=IFCPROPERTYSINGLEVALUE('Section',$,IFCLABEL('MC12X40'),$);
#1633=IFCPROPERTYSINGLEVALUE('SectionFamily',$,IFCLABEL('MC'),$);
#1634=IFCPROPERTYSINGLEVALUE('SectionSource',$,IFCLABEL('AISC Shapes Database v15.0 (US)'),$);
#1635=IFCPROPERTYSET('1WlhCh_fP4A9DYmiSRxZDO',$,'MF_Library',$,(#1636,#1637,#1638,#1639,#1640,#1641,#1642,#1643,#1644,#1645));
#1636=IFCPROPERTYSINGLEVALUE('Key',$,IFCLABEL('steel_channel_mc'),$);
#1637=IFCPROPERTYSINGLEVALUE('Family',$,IFCLABEL('Miscellaneous Channel'),$);
#1638=IFCPROPERTYSINGLEVALUE('TypeName',$,IFCLABEL('MC12X40'),$);
#1639=IFCPROPERTYSINGLEVALUE('Version',$,IFCLABEL('0.1.0'),$);
#1640=IFCPROPERTYSINGLEVALUE('License',$,IFCLABEL('CC0-1.0'),$);
#1641=IFCPROPERTYSINGLEVALUE('Source',$,IFCLABEL('massing-families'),$);
#1642=IFCPROPERTYSINGLEVALUE('Tier',$,IFCLABEL('L300'),$);
#1643=IFCPROPERTYSINGLEVALUE('Builder',$,IFCLABEL('profile'),$);
#1644=IFCPROPERTYSINGLEVALUE('Discipline',$,IFCLABEL('structural'),$);
#1645=IFCPROPERTYSINGLEVALUE('GeometryStatus',$,IFCLABEL('parametric'),$);
#1646=IFCPROPERTYSET('3Ou7lCxLPBo8JbAxlgyMjO',$,'MF_Quantities',$,(#1647,#1648,#1649,#1650,#1651));
#1647=IFCPROPERTYSINGLEVALUE('NominalWidth',$,IFCREAL(0.098806000000000005),$);
#1648=IFCPROPERTYSINGLEVALUE('NominalDepth',$,IFCREAL(0.30480000000000002),$);
#1649=IFCPROPERTYSINGLEVALUE('NominalHeight',$,IFCREAL(6.0960000000000001),$);
#1650=IFCPROPERTYSINGLEVALUE('NominalFootprintArea',$,IFCREAL(0.030116),$);
#1651=IFCPROPERTYSINGLEVALUE('NominalVolume',$,IFCREAL(0.183588),$);
#1652=IFCMEMBERTYPE('085olSHZHAeeVlD_Tu_LCK',$,'Miscellaneous Channel - MC12X35',$,$,(#1669,#1673,#1684),(#1668),$,$,.NOTDEFINED.);
#1653=IFCCARTESIANPOINT((0.,0.));
#1654=IFCDIRECTION((1.,0.));
#1655=IFCAXIS2PLACEMENT2D(#1653,#1654);
#1656=IFCUSHAPEPROFILEDEF(.AREA.,'MC12X35',#1655,0.30480000000000002,0.095757999999999996,0.011811,0.017780000000000001,0.015494000000000001,$,$);
#1657=IFCCARTESIANPOINT((0.,0.,0.));
#1658=IFCDIRECTION((0.,0.,1.));
#1659=IFCDIRECTION((1.,0.,0.));
#1660=IFCAXIS2PLACEMENT3D(#1657,#1658,#1659);
#1661=IFCDIRECTION((0.,0.,1.));
#1662=IFCEXTRUDEDAREASOLID(#1656,#1660,#1661,6.0960000000000001);
#1663=IFCSHAPEREPRESENTATION(#11,'Body','SweptSolid',(#1662));
#1664=IFCCARTESIANPOINT((0.,0.,0.));
#1665=IFCDIRECTION((1.,0.,0.));
#1666=IFCDIRECTION((0.,0.,1.));
#1667=IFCAXIS2PLACEMENT3D(#1664,#1666,#1665);
#1668=IFCREPRESENTATIONMAP(#1667,#1663);
#1669=IFCPROPERTYSET('3qoZvKKcn3duPC$4yhgqb8',$,'MF_Structural',$,(#1670,#1671,#1672));
#1670=IFCPROPERTYSINGLEVALUE('Section',$,IFCLABEL('MC12X35'),$);
#1671=IFCPROPERTYSINGLEVALUE('SectionFamily',$,IFCLABEL('MC'),$);
#1672=IFCPROPERTYSINGLEVALUE('SectionSource',$,IFCLABEL('AISC Shapes Database v15.0 (US)'),$);
#1673=IFCPROPERTYSET('06JXV9$zP8eey$GA3Ib9Aw',$,'MF_Library',$,(#1674,#1675,#1676,#1677,#1678,#1679,#1680,#1681,#1682,#1683));
#1674=IFCPROPERTYSINGLEVALUE('Key',$,IFCLABEL('steel_channel_mc'),$);
#1675=IFCPROPERTYSINGLEVALUE('Family',$,IFCLABEL('Miscellaneous Channel'),$);
#1676=IFCPROPERTYSINGLEVALUE('TypeName',$,IFCLABEL('MC12X35'),$);
#1677=IFCPROPERTYSINGLEVALUE('Version',$,IFCLABEL('0.1.0'),$);
#1678=IFCPROPERTYSINGLEVALUE('License',$,IFCLABEL('CC0-1.0'),$);
#1679=IFCPROPERTYSINGLEVALUE('Source',$,IFCLABEL('massing-families'),$);
#1680=IFCPROPERTYSINGLEVALUE('Tier',$,IFCLABEL('L300'),$);
#1681=IFCPROPERTYSINGLEVALUE('Builder',$,IFCLABEL('profile'),$);
#1682=IFCPROPERTYSINGLEVALUE('Discipline',$,IFCLABEL('structural'),$);
#1683=IFCPROPERTYSINGLEVALUE('GeometryStatus',$,IFCLABEL('parametric'),$);
#1684=IFCPROPERTYSET('3RBw$YD$PF5ODXiRK04dhV',$,'MF_Quantities',$,(#1685,#1686,#1687,#1688,#1689));
#1685=IFCPROPERTYSINGLEVALUE('NominalWidth',$,IFCREAL(0.095757999999999996),$);
#1686=IFCPROPERTYSINGLEVALUE('NominalDepth',$,IFCREAL(0.30480000000000002),$);
#1687=IFCPROPERTYSINGLEVALUE('NominalHeight',$,IFCREAL(6.0960000000000001),$);
#1688=IFCPROPERTYSINGLEVALUE('NominalFootprintArea',$,IFCREAL(0.029187000000000001),$);
#1689=IFCPROPERTYSINGLEVALUE('NominalVolume',$,IFCREAL(0.177924),$);
#1690=IFCMEMBERTYPE('1cs6g4ZErAxRU0nZS2LMrA',$,'Miscellaneous Channel - MC12X31',$,$,(#1707,#1711,#1722),(#1706),$,$,.NOTDEFINED.);
#1691=IFCCARTESIANPOINT((0.,0.));
#1692=IFCDIRECTION((1.,0.));
#1693=IFCAXIS2PLACEMENT2D(#1691,#1692);
#1694=IFCUSHAPEPROFILEDEF(.AREA.,'MC12X31',#1693,0.30480000000000002,0.093217999999999995,0.0093980000000000001,0.017780000000000001,0.015494000000000001,$,$);
#1695=IFCCARTESIANPOINT((0.,0.,0.));
#1696=IFCDIRECTION((0.,0.,1.));
#1697=IFCDIRECTION((1.,0.,0.));
#1698=IFCAXIS2PLACEMENT3D(#1695,#1696,#1697);
#1699=IFCDIRECTION((0.,0.,1.));
#1700=IFCEXTRUDEDAREASOLID(#1694,#1698,#1699,6.0960000000000001);
#1701=IFCSHAPEREPRESENTATION(#11,'Body','SweptSolid',(#1700));
#1702=IFCCARTESIANPOINT((0.,0.,0.));
#1703=IFCDIRECTION((1.,0.,0.));
#1704=IFCDIRECTION((0.,0.,1.));
#1705=IFCAXIS2PLACEMENT3D(#1702,#1704,#1703);
#1706=IFCREPRESENTATIONMAP(#1705,#1701);
#1707=IFCPROPERTYSET('1rLrhAPl9BKOmrwJbg0L9w',$,'MF_Structural',$,(#1708,#1709,#1710));
#1708=IFCPROPERTYSINGLEVALUE('Section',$,IFCLABEL('MC12X31'),$);
#1709=IFCPROPERTYSINGLEVALUE('SectionFamily',$,IFCLABEL('MC'),$);
#1710=IFCPROPERTYSINGLEVALUE('SectionSource',$,IFCLABEL('AISC Shapes Database v15.0 (US)'),$);
#1711=IFCPROPERTYSET('2djC7Vuuv5g8kPKlgmhl3A',$,'MF_Library',$,(#1712,#1713,#1714,#1715,#1716,#1717,#1718,#1719,#1720,#1721));
#1712=IFCPROPERTYSINGLEVALUE('Key',$,IFCLABEL('steel_channel_mc'),$);
#1713=IFCPROPERTYSINGLEVALUE('Family',$,IFCLABEL('Miscellaneous Channel'),$);
#1714=IFCPROPERTYSINGLEVALUE('TypeName',$,IFCLABEL('MC12X31'),$);
#1715=IFCPROPERTYSINGLEVALUE('Version',$,IFCLABEL('0.1.0'),$);
#1716=IFCPROPERTYSINGLEVALUE('License',$,IFCLABEL('CC0-1.0'),$);
#1717=IFCPROPERTYSINGLEVALUE('Source',$,IFCLABEL('massing-families'),$);
#1718=IFCPROPERTYSINGLEVALUE('Tier',$,IFCLABEL('L300'),$);
#1719=IFCPROPERTYSINGLEVALUE('Builder',$,IFCLABEL('profile'),$);
#1720=IFCPROPERTYSINGLEVALUE('Discipline',$,IFCLABEL('structural'),$);
#1721=IFCPROPERTYSINGLEVALUE('GeometryStatus',$,IFCLABEL('parametric'),$);
#1722=IFCPROPERTYSET('182JGfxnv0aQ4wFAIPhE9t',$,'MF_Quantities',$,(#1723,#1724,#1725,#1726,#1727));
#1723=IFCPROPERTYSINGLEVALUE('NominalWidth',$,IFCREAL(0.093217999999999995),$);
#1724=IFCPROPERTYSINGLEVALUE('NominalDepth',$,IFCREAL(0.30480000000000002),$);
#1725=IFCPROPERTYSINGLEVALUE('NominalHeight',$,IFCREAL(6.0960000000000001),$);
#1726=IFCPROPERTYSINGLEVALUE('NominalFootprintArea',$,IFCREAL(0.028413000000000001),$);
#1727=IFCPROPERTYSINGLEVALUE('NominalVolume',$,IFCREAL(0.173205),$);
#1728=IFCMEMBERTYPE('0ElOHy2pD6c9z6cpZYSepS',$,'Miscellaneous Channel - MC12X14.3',$,$,(#1745,#1749,#1760),(#1744),$,$,.NOTDEFINED.);
#1729=IFCCARTESIANPOINT((0.,0.));
#1730=IFCDIRECTION((1.,0.));
#1731=IFCAXIS2PLACEMENT2D(#1729,#1730);
#1732=IFCUSHAPEPROFILEDEF(.AREA.,'MC12X14.3',#1731,0.30480000000000002,0.053848,0.0063499999999999997,0.0079501999999999993,0.0110998,$,$);
#1733=IFCCARTESIANPOINT((0.,0.,0.));
#1734=IFCDIRECTION((0.,0.,1.));
#1735=IFCDIRECTION((1.,0.,0.));
#1736=IFCAXIS2PLACEMENT3D(#1733,#1734,#1735);
#1737=IFCDIRECTION((0.,0.,1.));
#1738=IFCEXTRUDEDAREASOLID(#1732,#1736,#1737,6.0960000000000001);
#1739=IFCSHAPEREPRESENTATION(#11,'Body','SweptSolid',(#1738));
#1740=IFCCARTESIANPOINT((0.,0.,0.));
#1741=IFCDIRECTION((1.,0.,0.));
#1742=IFCDIRECTION((0.,0.,1.));
#1743=IFCAXIS2PLACEMENT3D(#1740,#1742,#1741);
#1744=IFCREPRESENTATIONMAP(#1743,#1739);
#1745=IFCPROPERTYSET('0Un$8aycfFQ9puZSWn_F8G',$,'MF_Structural',$,(#1746,#1747,#1748));
#1746=IFCPROPERTYSINGLEVALUE('Section',$,IFCLABEL('MC12X14.3'),$);
#1747=IFCPROPERTYSINGLEVALUE('SectionFamily',$,IFCLABEL('MC'),$);
#1748=IFCPROPERTYSINGLEVALUE('SectionSource',$,IFCLABEL('AISC Shapes Database v15.0 (US)'),$);
#1749=IFCPROPERTYSET('2QzGYYWBTDfOoFK1A$p9Ae',$,'MF_Library',$,(#1750,#1751,#1752,#1753,#1754,#1755,#1756,#1757,#1758,#1759));
#1750=IFCPROPERTYSINGLEVALUE('Key',$,IFCLABEL('steel_channel_mc'),$);
#1751=IFCPROPERTYSINGLEVALUE('Family',$,IFCLABEL('Miscellaneous Channel'),$);
#1752=IFCPROPERTYSINGLEVALUE('TypeName',$,IFCLABEL('MC12X14.3'),$);
#1753=IFCPROPERTYSINGLEVALUE('Version',$,IFCLABEL('0.1.0'),$);
#1754=IFCPROPERTYSINGLEVALUE('License',$,IFCLABEL('CC0-1.0'),$);
#1755=IFCPROPERTYSINGLEVALUE('Source',$,IFCLABEL('massing-families'),$);
#1756=IFCPROPERTYSINGLEVALUE('Tier',$,IFCLABEL('L300'),$);
#1757=IFCPROPERTYSINGLEVALUE('Builder',$,IFCLABEL('profile'),$);
#1758=IFCPROPERTYSINGLEVALUE('Discipline',$,IFCLABEL('structural'),$);
#1759=IFCPROPERTYSINGLEVALUE('GeometryStatus',$,IFCLABEL('parametric'),$);
#1760=IFCPROPERTYSET('1AceaFwzb1M9IXjs4Oy86I',$,'MF_Quantities',$,(#1761,#1762,#1763,#1764,#1765));
#1761=IFCPROPERTYSINGLEVALUE('NominalWidth',$,IFCREAL(0.053848),$);
#1762=IFCPROPERTYSINGLEVALUE('NominalDepth',$,IFCREAL(0.30480000000000002),$);
#1763=IFCPROPERTYSINGLEVALUE('NominalHeight',$,IFCREAL(6.0960000000000001),$);
#1764=IFCPROPERTYSINGLEVALUE('NominalFootprintArea',$,IFCREAL(0.016413000000000001),$);
#1765=IFCPROPERTYSINGLEVALUE('NominalVolume',$,IFCREAL(0.100053),$);
#1766=IFCMEMBERTYPE('3yhV_eSlD52PdBobi4lvSx',$,'Miscellaneous Channel - MC12X10.6',$,$,(#1783,#1787,#1798),(#1782),$,$,.NOTDEFINED.);
#1767=IFCCARTESIANPOINT((0.,0.));
#1768=IFCDIRECTION((1.,0.));
#1769=IFCAXIS2PLACEMENT2D(#1767,#1768);
#1770=IFCUSHAPEPROFILEDEF(.AREA.,'MC12X10.6',#1769,0.30480000000000002,0.038100000000000002,0.0048260000000000004,0.0078486000000000007,0.0112014,$,$);
#1771=IFCCARTESIANPOINT((0.,0.,0.));
#1772=IFCDIRECTION((0.,0.,1.));
#1773=IFCDIRECTION((1.,0.,0.));
#1774=IFCAXIS2PLACEMENT3D(#1771,#1772,#1773);
#1775=IFCDIRECTION((0.,0.,1.));
#1776=IFCEXTRUDEDAREASOLID(#1770,#1774,#1775,6.0960000000000001);
#1777=IFCSHAPEREPRESENTATION(#11,'Body','SweptSolid',(#1776));
#1778=IFCCARTESIANPOINT((0.,0.,0.));
#1779=IFCDIRECTION((1.,0.,0.));
#1780=IFCDIRECTION((0.,0.,1.));
#1781=IFCAXIS2PLACEMENT3D(#1778,#1780,#1779);
#1782=IFCREPRESENTATIONMAP(#1781,#1777);
#1783=IFCPROPERTYSET('3FnJdm_9b2bf$TROYzutwv',$,'MF_Structural',$,(#1784,#1785,#1786));
#1784=IFCPROPERTYSINGLEVALUE('Section',$,IFCLABEL('MC12X10.6'),$);
#1785=IFCPROPERTYSINGLEVALUE('SectionFamily',$,IFCLABEL('MC'),$);
#1786=IFCPROPERTYSINGLEVALUE('SectionSource',$,IFCLABEL('AISC Shapes Database v15.0 (US)'),$);
#1787=IFCPROPERTYSET('2PCwLf85v0Hu1UfZCa_bfU',$,'MF_Library',$,(#1788,#1789,#1790,#1791,#1792,#1793,#1794,#1795,#1796,#1797));
#1788=IFCPROPERTYSINGLEVALUE('Key',$,IFCLABEL('steel_channel_mc'),$);
#1789=IFCPROPERTYSINGLEVALUE('Family',$,IFCLABEL('Miscellaneous Channel'),$);
#1790=IFCPROPERTYSINGLEVALUE('TypeName',$,IFCLABEL('MC12X10.6'),$);
#1791=IFCPROPERTYSINGLEVALUE('Version',$,IFCLABEL('0.1.0'),$);
#1792=IFCPROPERTYSINGLEVALUE('License',$,IFCLABEL('CC0-1.0'),$);
#1793=IFCPROPERTYSINGLEVALUE('Source',$,IFCLABEL('massing-families'),$);
#1794=IFCPROPERTYSINGLEVALUE('Tier',$,IFCLABEL('L300'),$);
#1795=IFCPROPERTYSINGLEVALUE('Builder',$,IFCLABEL('profile'),$);
#1796=IFCPROPERTYSINGLEVALUE('Discipline',$,IFCLABEL('structural'),$);
#1797=IFCPROPERTYSINGLEVALUE('GeometryStatus',$,IFCLABEL('parametric'),$);
#1798=IFCPROPERTYSET('3dbsrc3hD0pRCwGPcWO0YQ',$,'MF_Quantities',$,(#1799,#1800,#1801,#1802,#1803));
#1799=IFCPROPERTYSINGLEVALUE('NominalWidth',$,IFCREAL(0.038100000000000002),$);
#1800=IFCPROPERTYSINGLEVALUE('NominalDepth',$,IFCREAL(0.30480000000000002),$);
#1801=IFCPROPERTYSINGLEVALUE('NominalHeight',$,IFCREAL(6.0960000000000001),$);
#1802=IFCPROPERTYSINGLEVALUE('NominalFootprintArea',$,IFCREAL(0.011613),$);
#1803=IFCPROPERTYSINGLEVALUE('NominalVolume',$,IFCREAL(0.070791999999999994),$);
#1804=IFCMEMBERTYPE('2C4$gkoZD9pAzP8AqdkVt8',$,'Miscellaneous Channel - MC10X41.1',$,$,(#1821,#1825,#1836),(#1820),$,$,.NOTDEFINED.);
#1805=IFCCARTESIANPOINT((0.,0.));
#1806=IFCDIRECTION((1.,0.));
#1807=IFCAXIS2PLACEMENT2D(#1805,#1806);
#1808=IFCUSHAPEPROFILEDEF(.AREA.,'MC10X41.1',#1807,0.254,0.10972800000000001,0.020218400000000001,0.014605,0.018669000000000002,$,$);
#1809=IFCCARTESIANPOINT((0.,0.,0.));
#1810=IFCDIRECTION((0.,0.,1.));
#1811=IFCDIRECTION((1.,0.,0.));
#1812=IFCAXIS2PLACEMENT3D(#1809,#1810,#1811);
#1813=IFCDIRECTION((0.,0.,1.));
#1814=IFCEXTRUDEDAREASOLID(#1808,#1812,#1813,6.0960000000000001);
#1815=IFCSHAPEREPRESENTATION(#11,'Body','SweptSolid',(#1814));
#1816=IFCCARTESIANPOINT((0.,0.,0.));
#1817=IFCDIRECTION((1.,0.,0.));
#1818=IFCDIRECTION((0.,0.,1.));
#1819=IFCAXIS2PLACEMENT3D(#1816,#1818,#1817);
#1820=IFCREPRESENTATIONMAP(#1819,#1815);
#1821=IFCPROPERTYSET('3aWeBvCOf1$8_MrfEXQp8m',$,'MF_Structural',$,(#1822,#1823,#1824));
#1822=IFCPROPERTYSINGLEVALUE('Section',$,IFCLABEL('MC10X41.1'),$);
#1823=IFCPROPERTYSINGLEVALUE('SectionFamily',$,IFCLABEL('MC'),$);
#1824=IFCPROPERTYSINGLEVALUE('SectionSource',$,IFCLABEL('AISC Shapes Database v15.0 (US)'),$);
#1825=IFCPROPERTYSET('0JzEXxTpbF7hwyqTXt9dP2',$,'MF_Library',$,(#1826,#1827,#1828,#1829,#1830,#1831,#1832,#1833,#1834,#1835));
#1826=IFCPROPERTYSINGLEVALUE('Key',$,IFCLABEL('steel_channel_mc'),$);
#1827=IFCPROPERTYSINGLEVALUE('Family',$,IFCLABEL('Miscellaneous Channel'),$);
#1828=IFCPROPERTYSINGLEVALUE('TypeName',$,IFCLABEL('MC10X41.1'),$);
#1829=IFCPROPERTYSINGLEVALUE('Version',$,IFCLABEL('0.1.0'),$);
#1830=IFCPROPERTYSINGLEVALUE('License',$,IFCLABEL('CC0-1.0'),$);
#1831=IFCPROPERTYSINGLEVALUE('Source',$,IFCLABEL('massing-families'),$);
#1832=IFCPROPERTYSINGLEVALUE('Tier',$,IFCLABEL('L300'),$);
#1833=IFCPROPERTYSINGLEVALUE('Builder',$,IFCLABEL('profile'),$);
#1834=IFCPROPERTYSINGLEVALUE('Discipline',$,IFCLABEL('structural'),$);
#1835=IFCPROPERTYSINGLEVALUE('GeometryStatus',$,IFCLABEL('parametric'),$);
#1836=IFCPROPERTYSET('3y9qsxLPX6mA4$fz7wM2Do',$,'MF_Quantities',$,(#1837,#1838,#1839,#1840,#1841));
#1837=IFCPROPERTYSINGLEVALUE('NominalWidth',$,IFCREAL(0.10972800000000001),$);
#1838=IFCPROPERTYSINGLEVALUE('NominalDepth',$,IFCREAL(0.254),$);
#1839=IFCPROPERTYSINGLEVALUE('NominalHeight',$,IFCREAL(6.0960000000000001),$);
#1840=IFCPROPERTYSINGLEVALUE('NominalFootprintArea',$,IFCREAL(0.027871),$);
#1841=IFCPROPERTYSINGLEVALUE('NominalVolume',$,IFCREAL(0.169901),$);
#1842=IFCMEMBERTYPE('3fPUk3lYv9uv9E2V0mik1e',$,'Miscellaneous Channel - MC10X33.6',$,$,(#1859,#1863,#1874),(#1858),$,$,.NOTDEFINED.);
#1843=IFCCARTESIANPOINT((0.,0.));
#1844=IFCDIRECTION((1.,0.));
#1845=IFCAXIS2PLACEMENT2D(#1843,#1844);
#1846=IFCUSHAPEPROFILEDEF(.AREA.,'MC10X33.6',#1845,0.254,0.10414,0.014605,0.014605,0.018669000000000002,$,$);
#1847=IFCCARTESIANPOINT((0.,0.,0.));
#1848=IFCDIRECTION((0.,0.,1.));
#1849=IFCDIRECTION((1.,0.,0.));
#1850=IFCAXIS2PLACEMENT3D(#1847,#1848,#1849);
#1851=IFCDIRECTION((0.,0.,1.));
#1852=IFCEXTRUDEDAREASOLID(#1846,#1850,#1851,6.0960000000000001);
#1853=IFCSHAPEREPRESENTATION(#11,'Body','SweptSolid',(#1852));
#1854=IFCCARTESIANPOINT((0.,0.,0.));
#1855=IFCDIRECTION((1.,0.,0.));
#1856=IFCDIRECTION((0.,0.,1.));
#1857=IFCAXIS2PLACEMENT3D(#1854,#1856,#1855);
#1858=IFCREPRESENTATIONMAP(#1857,#1853);
#1859=IFCPROPERTYSET('15K3xr0vnFdf$yyJ53eZ67',$,'MF_Structural',$,(#1860,#1861,#1862));
#1860=IFCPROPERTYSINGLEVALUE('Section',$,IFCLABEL('MC10X33.6'),$);
#1861=IFCPROPERTYSINGLEVALUE('SectionFamily',$,IFCLABEL('MC'),$);
#1862=IFCPROPERTYSINGLEVALUE('SectionSource',$,IFCLABEL('AISC Shapes Database v15.0 (US)'),$);
#1863=IFCPROPERTYSET('2RtrXvtOj9_98HguDxVicy',$,'MF_Library',$,(#1864,#1865,#1866,#1867,#1868,#1869,#1870,#1871,#1872,#1873));
#1864=IFCPROPERTYSINGLEVALUE('Key',$,IFCLABEL('steel_channel_mc'),$);
#1865=IFCPROPERTYSINGLEVALUE('Family',$,IFCLABEL('Miscellaneous Channel'),$);
#1866=IFCPROPERTYSINGLEVALUE('TypeName',$,IFCLABEL('MC10X33.6'),$);
#1867=IFCPROPERTYSINGLEVALUE('Version',$,IFCLABEL('0.1.0'),$);
#1868=IFCPROPERTYSINGLEVALUE('License',$,IFCLABEL('CC0-1.0'),$);
#1869=IFCPROPERTYSINGLEVALUE('Source',$,IFCLABEL('massing-families'),$);
#1870=IFCPROPERTYSINGLEVALUE('Tier',$,IFCLABEL('L300'),$);
#1871=IFCPROPERTYSINGLEVALUE('Builder',$,IFCLABEL('profile'),$);
#1872=IFCPROPERTYSINGLEVALUE('Discipline',$,IFCLABEL('structural'),$);
#1873=IFCPROPERTYSINGLEVALUE('GeometryStatus',$,IFCLABEL('parametric'),$);
#1874=IFCPROPERTYSET('1t0$406snAvxO6V3Fh2cRd',$,'MF_Quantities',$,(#1875,#1876,#1877,#1878,#1879));
#1875=IFCPROPERTYSINGLEVALUE('NominalWidth',$,IFCREAL(0.10414),$);
#1876=IFCPROPERTYSINGLEVALUE('NominalDepth',$,IFCREAL(0.254),$);
#1877=IFCPROPERTYSINGLEVALUE('NominalHeight',$,IFCREAL(6.0960000000000001),$);
#1878=IFCPROPERTYSINGLEVALUE('NominalFootprintArea',$,IFCREAL(0.026452),$);
#1879=IFCPROPERTYSINGLEVALUE('NominalVolume',$,IFCREAL(0.161249),$);
#1880=IFCMEMBERTYPE('0OtnSiRt12zvBBRkAexr5T',$,'Miscellaneous Channel - MC10X28.5',$,$,(#1897,#1901,#1912),(#1896),$,$,.NOTDEFINED.);
#1881=IFCCARTESIANPOINT((0.,0.));
#1882=IFCDIRECTION((1.,0.));
#1883=IFCAXIS2PLACEMENT2D(#1881,#1882);
#1884=IFCUSHAPEPROFILEDEF(.AREA.,'MC10X28.5',#1883,0.254,0.10033,0.010795000000000001,0.014605,0.018669000000000002,$,$);
#1885=IFCCARTESIANPOINT((0.,0.,0.));
#1886=IFCDIRECTION((0.,0.,1.));
#1887=IFCDIRECTION((1.,0.,0.));
#1888=IFCAXIS2PLACEMENT3D(#1885,#1886,#1887);
#1889=IFCDIRECTION((0.,0.,1.));
#1890=IFCEXTRUDEDAREASOLID(#1884,#1888,#1889,6.0960000000000001);
#1891=IFCSHAPEREPRESENTATION(#11,'Body','SweptSolid',(#1890));
#1892=IFCCARTESIANPOINT((0.,0.,0.));
#1893=IFCDIRECTION((1.,0.,0.));
#1894=IFCDIRECTION((0.,0.,1.));
#1895=IFCAXIS2PLACEMENT3D(#1892,#1894,#1893);
#1896=IFCREPRESENTATIONMAP(#1895,#1891);
#1897=IFCPROPERTYSET('2WETvWlpH20ecTd$XDc07f',$,'MF_Structural',$,(#1898,#1899,#1900));
#1898=IFCPROPERTYSINGLEVALUE('Section',$,IFCLABEL('MC10X28.5'),$);
#1899=IFCPROPERTYSINGLEVALUE('SectionFamily',$,IFCLABEL('MC'),$);
#1900=IFCPROPERTYSINGLEVALUE('SectionSource',$,IFCLABEL('AISC Shapes Database v15.0 (US)'),$);
#1901=IFCPROPERTYSET('1rAHW3iuf37g1JamCv8ws9',$,'MF_Library',$,(#1902,#1903,#1904,#1905,#1906,#1907,#1908,#1909,#1910,#1911));
#1902=IFCPROPERTYSINGLEVALUE('Key',$,IFCLABEL('steel_channel_mc'),$);
#1903=IFCPROPERTYSINGLEVALUE('Family',$,IFCLABEL('Miscellaneous Channel'),$);
#1904=IFCPROPERTYSINGLEVALUE('TypeName',$,IFCLABEL('MC10X28.5'),$);
#1905=IFCPROPERTYSINGLEVALUE('Version',$,IFCLABEL('0.1.0'),$);
#1906=IFCPROPERTYSINGLEVALUE('License',$,IFCLABEL('CC0-1.0'),$);
#1907=IFCPROPERTYSINGLEVALUE('Source',$,IFCLABEL('massing-families'),$);
#1908=IFCPROPERTYSINGLEVALUE('Tier',$,IFCLABEL('L300'),$);
#1909=IFCPROPERTYSINGLEVALUE('Builder',$,IFCLABEL('profile'),$);
#1910=IFCPROPERTYSINGLEVALUE('Discipline',$,IFCLABEL('structural'),$);
#1911=IFCPROPERTYSINGLEVALUE('GeometryStatus',$,IFCLABEL('parametric'),$);
#1912=IFCPROPERTYSET('0ucUnNt7n5QPfzxcQVD0zr',$,'MF_Quantities',$,(#1913,#1914,#1915,#1916,#1917));
#1913=IFCPROPERTYSINGLEVALUE('NominalWidth',$,IFCREAL(0.10033),$);
#1914=IFCPROPERTYSINGLEVALUE('NominalDepth',$,IFCREAL(0.254),$);
#1915=IFCPROPERTYSINGLEVALUE('NominalHeight',$,IFCREAL(6.0960000000000001),$);
#1916=IFCPROPERTYSINGLEVALUE('NominalFootprintArea',$,IFCREAL(0.025484),$);
#1917=IFCPROPERTYSINGLEVALUE('NominalVolume',$,IFCREAL(0.15534899999999999),$);
#1918=IFCMEMBERTYPE('2rravGO6v3Ce0dSOdtlfC9',$,'Miscellaneous Channel - MC10X25',$,$,(#1935,#1939,#1950),(#1934),$,$,.NOTDEFINED.);
#1919=IFCCARTESIANPOINT((0.,0.));
#1920=IFCDIRECTION((1.,0.));
#1921=IFCAXIS2PLACEMENT2D(#1919,#1920);
#1922=IFCUSHAPEPROFILEDEF(.AREA.,'MC10X25',#1921,0.254,0.086613999999999997,0.0096520000000000009,0.014605,0.018669000000000002,$,$);
#1923=IFCCARTESIANPOINT((0.,0.,0.));
#1924=IFCDIRECTION((0.,0.,1.));
#1925=IFCDIRECTION((1.,0.,0.));
#1926=IFCAXIS2PLACEMENT3D(#1923,#1924,#1925);
#1927=IFCDIRECTION((0.,0.,1.));
#1928=IFCEXTRUDEDAREASOLID(#1922,#1926,#1927,6.0960000000000001);
#1929=IFCSHAPEREPRESENTATION(#11,'Body','SweptSolid',(#1928));
#1930=IFCCARTESIANPOINT((0.,0.,0.));
#1931=IFCDIRECTION((1.,0.,0.));
#1932=IFCDIRECTION((0.,0.,1.));
#1933=IFCAXIS2PLACEMENT3D(#1930,#1932,#1931);
#1934=IFCREPRESENTATIONMAP(#1933,#1929);
#1935=IFCPROPERTYSET('2vlP4ockj6oAOj1c40BmHM',$,'MF_Structural',$,(#1936,#1937,#1938));
#1936=IFCPROPERTYSINGLEVALUE('Section',$,IFCLABEL('MC10X25'),$);
#1937=IFCPROPERTYSINGLEVALUE('SectionFamily',$,IFCLABEL('MC'),$);
#1938=IFCPROPERTYSINGLEVALUE('SectionSource',$,IFCLABEL('AISC Shapes Database v15.0 (US)'),$);
#1939=IFCPROPERTYSET('0KRbT8xBjAeBDJzgU6br64',$,'MF_Library',$,(#1940,#1941,#1942,#1943,#1944,#1945,#1946,#1947,#1948,#1949));
#1940=IFCPROPERTYSINGLEVALUE('Key',$,IFCLABEL('steel_channel_mc'),$);
#1941=IFCPROPERTYSINGLEVALUE('Family',$,IFCLABEL('Miscellaneous Channel'),$);
#1942=IFCPROPERTYSINGLEVALUE('TypeName',$,IFCLABEL('MC10X25'),$);
#1943=IFCPROPERTYSINGLEVALUE('Version',$,IFCLABEL('0.1.0'),$);
#1944=IFCPROPERTYSINGLEVALUE('License',$,IFCLABEL('CC0-1.0'),$);
#1945=IFCPROPERTYSINGLEVALUE('Source',$,IFCLABEL('massing-families'),$);
#1946=IFCPROPERTYSINGLEVALUE('Tier',$,IFCLABEL('L300'),$);
#1947=IFCPROPERTYSINGLEVALUE('Builder',$,IFCLABEL('profile'),$);
#1948=IFCPROPERTYSINGLEVALUE('Discipline',$,IFCLABEL('structural'),$);
#1949=IFCPROPERTYSINGLEVALUE('GeometryStatus',$,IFCLABEL('parametric'),$);
#1950=IFCPROPERTYSET('306Zg8Y2D0nBWzr8u7N8VY',$,'MF_Quantities',$,(#1951,#1952,#1953,#1954,#1955));
#1951=IFCPROPERTYSINGLEVALUE('NominalWidth',$,IFCREAL(0.086613999999999997),$);
#1952=IFCPROPERTYSINGLEVALUE('NominalDepth',$,IFCREAL(0.254),$);
#1953=IFCPROPERTYSINGLEVALUE('NominalHeight',$,IFCREAL(6.0960000000000001),$);
#1954=IFCPROPERTYSINGLEVALUE('NominalFootprintArea',$,IFCREAL(0.021999999999999999),$);
#1955=IFCPROPERTYSINGLEVALUE('NominalVolume',$,IFCREAL(0.13411200000000001),$);
#1956=IFCMEMBERTYPE('0ukP9MYLvELhLBUxwvXaxY',$,'Miscellaneous Channel - MC10X22',$,$,(#1973,#1977,#1988),(#1972),$,$,.NOTDEFINED.);
#1957=IFCCARTESIANPOINT((0.,0.));
#1958=IFCDIRECTION((1.,0.));
#1959=IFCAXIS2PLACEMENT2D(#1957,#1958);
#1960=IFCUSHAPEPROFILEDEF(.AREA.,'MC10X22',#1959,0.254,0.084328,0.0073660000000000002,0.014605,0.018669000000000002,$,$);
#1961=IFCCARTESIANPOINT((0.,0.,0.));
#1962=IFCDIRECTION((0.,0.,1.));
#1963=IFCDIRECTION((1.,0.,0.));
#1964=IFCAXIS2PLACEMENT3D(#1961,#1962,#1963);
#1965=IFCDIRECTION((0.,0.,1.));
#1966=IFCEXTRUDEDAREASOLID(#1960,#1964,#1965,6.0960000000000001);
#1967=IFCSHAPEREPRESENTATION(#11,'Body','SweptSolid',(#1966));
#1968=IFCCARTESIANPOINT((0.,0.,0.));
#1969=IFCDIRECTION((1.,0.,0.));
#1970=IFCDIRECTION((0.,0.,1.));
#1971=IFCAXIS2PLACEMENT3D(#1968,#1970,#1969);
#1972=IFCREPRESENTATIONMAP(#1971,#1967);
#1973=IFCPROPERTYSET('3Xjz_5wir6RxgzqJRgwTQJ',$,'MF_Structural',$,(#1974,#1975,#1976));
#1974=IFCPROPERTYSINGLEVALUE('Section',$,IFCLABEL('MC10X22'),$);
#1975=IFCPROPERTYSINGLEVALUE('SectionFamily',$,IFCLABEL('MC'),$);
#1976=IFCPROPERTYSINGLEVALUE('SectionSource',$,IFCLABEL('AISC Shapes Database v15.0 (US)'),$);
#1977=IFCPROPERTYSET('3BBy56JDP59Bz504Q8zQOv',$,'MF_Library',$,(#1978,#1979,#1980,#1981,#1982,#1983,#1984,#1985,#1986,#1987));
#1978=IFCPROPERTYSINGLEVALUE('Key',$,IFCLABEL('steel_channel_mc'),$);
#1979=IFCPROPERTYSINGLEVALUE('Family',$,IFCLABEL('Miscellaneous Channel'),$);
#1980=IFCPROPERTYSINGLEVALUE('TypeName',$,IFCLABEL('MC10X22'),$);
#1981=IFCPROPERTYSINGLEVALUE('Version',$,IFCLABEL('0.1.0'),$);
#1982=IFCPROPERTYSINGLEVALUE('License',$,IFCLABEL('CC0-1.0'),$);
#1983=IFCPROPERTYSINGLEVALUE('Source',$,IFCLABEL('massing-families'),$);
#1984=IFCPROPERTYSINGLEVALUE('Tier',$,IFCLABEL('L300'),$);
#1985=IFCPROPERTYSINGLEVALUE('Builder',$,IFCLABEL('profile'),$);
#1986=IFCPROPERTYSINGLEVALUE('Discipline',$,IFCLABEL('structural'),$);
#1987=IFCPROPERTYSINGLEVALUE('GeometryStatus',$,IFCLABEL('parametric'),$);
#1988=IFCPROPERTYSET('2pMiRfELv7$xBFxyx1NWyY',$,'MF_Quantities',$,(#1989,#1990,#1991,#1992,#1993));
#1989=IFCPROPERTYSINGLEVALUE('NominalWidth',$,IFCREAL(0.084328),$);
#1990=IFCPROPERTYSINGLEVALUE('NominalDepth',$,IFCREAL(0.254),$);
#1991=IFCPROPERTYSINGLEVALUE('NominalHeight',$,IFCREAL(6.0960000000000001),$);
#1992=IFCPROPERTYSINGLEVALUE('NominalFootprintArea',$,IFCREAL(0.021419000000000001),$);
#1993=IFCPROPERTYSINGLEVALUE('NominalVolume',$,IFCREAL(0.13057199999999999),$);
#1994=IFCMEMBERTYPE('07faBvILrA7QdppP9RfRKE',$,'Miscellaneous Channel - MC10X8.4',$,$,(#2011,#2015,#2026),(#2010),$,$,.NOTDEFINED.);
#1995=IFCCARTESIANPOINT((0.,0.));
#1996=IFCDIRECTION((1.,0.));
#1997=IFCAXIS2PLACEMENT2D(#1995,#1996);
#1998=IFCUSHAPEPROFILEDEF(.AREA.,'MC10X8.4',#1997,0.254,0.038100000000000002,0.0043179999999999998,0.0071120000000000003,0.011938000000000001,$,$);
#1999=IFCCARTESIANPOINT((0.,0.,0.));
#2000=IFCDIRECTION((0.,0.,1.));
#2001=IFCDIRECTION((1.,0.,0.));
#2002=IFCAXIS2PLACEMENT3D(#1999,#2000,#2001);
#2003=IFCDIRECTION((0.,0.,1.));
#2004=IFCEXTRUDEDAREASOLID(#1998,#2002,#2003,6.0960000000000001);
#2005=IFCSHAPEREPRESENTATION(#11,'Body','SweptSolid',(#2004));
#2006=IFCCARTESIANPOINT((0.,0.,0.));
#2007=IFCDIRECTION((1.,0.,0.));
#2008=IFCDIRECTION((0.,0.,1.));
#2009=IFCAXIS2PLACEMENT3D(#2006,#2008,#2007);
#2010=IFCREPRESENTATIONMAP(#2009,#2005);
#2011=IFCPROPERTYSET('2hDs$ZxO93Qgozjp8IiLdV',$,'MF_Structural',$,(#2012,#2013,#2014));
#2012=IFCPROPERTYSINGLEVALUE('Section',$,IFCLABEL('MC10X8.4'),$);
#2013=IFCPROPERTYSINGLEVALUE('SectionFamily',$,IFCLABEL('MC'),$);
#2014=IFCPROPERTYSINGLEVALUE('SectionSource',$,IFCLABEL('AISC Shapes Database v15.0 (US)'),$);
#2015=IFCPROPERTYSET('3MiHWtJQHAlOFMYtoSLmsD',$,'MF_Library',$,(#2016,#2017,#2018,#2019,#2020,#2021,#2022,#2023,#2024,#2025));
#2016=IFCPROPERTYSINGLEVALUE('Key',$,IFCLABEL('steel_channel_mc'),$);
#2017=IFCPROPERTYSINGLEVALUE('Family',$,IFCLABEL('Miscellaneous Channel'),$);
#2018=IFCPROPERTYSINGLEVALUE('TypeName',$,IFCLABEL('MC10X8.4'),$);
#2019=IFCPROPERTYSINGLEVALUE('Version',$,IFCLABEL('0.1.0'),$);
#2020=IFCPROPERTYSINGLEVALUE('License',$,IFCLABEL('CC0-1.0'),$);
#2021=IFCPROPERTYSINGLEVALUE('Source',$,IFCLABEL('massing-families'),$);
#2022=IFCPROPERTYSINGLEVALUE('Tier',$,IFCLABEL('L300'),$);
#2023=IFCPROPERTYSINGLEVALUE('Builder',$,IFCLABEL('profile'),$);
#2024=IFCPROPERTYSINGLEVALUE('Discipline',$,IFCLABEL('structural'),$);
#2025=IFCPROPERTYSINGLEVALUE('GeometryStatus',$,IFCLABEL('parametric'),$);
#2026=IFCPROPERTYSET('1_VmbF6rfC5fItOC33l4vk',$,'MF_Quantities',$,(#2027,#2028,#2029,#2030,#2031));
#2027=IFCPROPERTYSINGLEVALUE('NominalWidth',$,IFCREAL(0.038100000000000002),$);
#2028=IFCPROPERTYSINGLEVALUE('NominalDepth',$,IFCREAL(0.254),$);
#2029=IFCPROPERTYSINGLEVALUE('NominalHeight',$,IFCREAL(6.0960000000000001),$);
#2030=IFCPROPERTYSINGLEVALUE('NominalFootprintArea',$,IFCREAL(0.0096769999999999998),$);
#2031=IFCPROPERTYSINGLEVALUE('NominalVolume',$,IFCREAL(0.058992999999999997),$);
#2032=IFCMEMBERTYPE('1kCVp2lpj3hP7fGjmId1HS',$,'Miscellaneous Channel - MC10X6.5',$,$,(#2049,#2053,#2064),(#2048),$,$,.NOTDEFINED.);
#2033=IFCCARTESIANPOINT((0.,0.));
#2034=IFCDIRECTION((1.,0.));
#2035=IFCAXIS2PLACEMENT2D(#2033,#2034);
#2036=IFCUSHAPEPROFILEDEF(.AREA.,'MC10X6.5',#2035,0.254,0.029718000000000001,0.0038608000000000002,0.0051307999999999996,0.0091693999999999994,$,$);
#2037=IFCCARTESIANPOINT((0.,0.,0.));
#2038=IFCDIRECTION((0.,0.,1.));
#2039=IFCDIRECTION((1.,0.,0.));
#2040=IFCAXIS2PLACEMENT3D(#2037,#2038,#2039);
#2041=IFCDIRECTION((0.,0.,1.));
#2042=IFCEXTRUDEDAREASOLID(#2036,#2040,#2041,6.0960000000000001);
#2043=IFCSHAPEREPRESENTATION(#11,'Body','SweptSolid',(#2042));
#2044=IFCCARTESIANPOINT((0.,0.,0.));
#2045=IFCDIRECTION((1.,0.,0.));
#2046=IFCDIRECTION((0.,0.,1.));
#2047=IFCAXIS2PLACEMENT3D(#2044,#2046,#2045);
#2048=IFCREPRESENTATIONMAP(#2047,#2043);
#2049=IFCPROPERTYSET('2j5w5a8aT8xwP_poTA$ngZ',$,'MF_Structural',$,(#2050,#2051,#2052));
#2050=IFCPROPERTYSINGLEVALUE('Section',$,IFCLABEL('MC10X6.5'),$);
#2051=IFCPROPERTYSINGLEVALUE('SectionFamily',$,IFCLABEL('MC'),$);
#2052=IFCPROPERTYSINGLEVALUE('SectionSource',$,IFCLABEL('AISC Shapes Database v15.0 (US)'),$);
#2053=IFCPROPERTYSET('2gm6$TX7569vQ1nEIjPDWF',$,'MF_Library',$,(#2054,#2055,#2056,#2057,#2058,#2059,#2060,#2061,#2062,#2063));
#2054=IFCPROPERTYSINGLEVALUE('Key',$,IFCLABEL('steel_channel_mc'),$);
#2055=IFCPROPERTYSINGLEVALUE('Family',$,IFCLABEL('Miscellaneous Channel'),$);
#2056=IFCPROPERTYSINGLEVALUE('TypeName',$,IFCLABEL('MC10X6.5'),$);
#2057=IFCPROPERTYSINGLEVALUE('Version',$,IFCLABEL('0.1.0'),$);
#2058=IFCPROPERTYSINGLEVALUE('License',$,IFCLABEL('CC0-1.0'),$);
#2059=IFCPROPERTYSINGLEVALUE('Source',$,IFCLABEL('massing-families'),$);
#2060=IFCPROPERTYSINGLEVALUE('Tier',$,IFCLABEL('L300'),$);
#2061=IFCPROPERTYSINGLEVALUE('Builder',$,IFCLABEL('profile'),$);
#2062=IFCPROPERTYSINGLEVALUE('Discipline',$,IFCLABEL('structural'),$);
#2063=IFCPROPERTYSINGLEVALUE('GeometryStatus',$,IFCLABEL('parametric'),$);
#2064=IFCPROPERTYSET('1HzCNTfGbF9eQK1sCJEr69',$,'MF_Quantities',$,(#2065,#2066,#2067,#2068,#2069));
#2065=IFCPROPERTYSINGLEVALUE('NominalWidth',$,IFCREAL(0.029718000000000001),$);
#2066=IFCPROPERTYSINGLEVALUE('NominalDepth',$,IFCREAL(0.254),$);
#2067=IFCPROPERTYSINGLEVALUE('NominalHeight',$,IFCREAL(6.0960000000000001),$);
#2068=IFCPROPERTYSINGLEVALUE('NominalFootprintArea',$,IFCREAL(0.007548),$);
#2069=IFCPROPERTYSINGLEVALUE('NominalVolume',$,IFCREAL(0.046015),$);
#2070=IFCMEMBERTYPE('3MlFrGjtvAuxudgvkgvans',$,'Miscellaneous Channel - MC9X25.4',$,$,(#2087,#2091,#2102),(#2086),$,$,.NOTDEFINED.);
#2071=IFCCARTESIANPOINT((0.,0.));
#2072=IFCDIRECTION((1.,0.));
#2073=IFCAXIS2PLACEMENT2D(#2071,#2072);
#2074=IFCUSHAPEPROFILEDEF(.AREA.,'MC9X25.4',#2073,0.2286,0.088900000000000007,0.011429999999999999,0.01397,0.017780000000000001,$,$);
#2075=IFCCARTESIANPOINT((0.,0.,0.));
#2076=IFCDIRECTION((0.,0.,1.));
#2077=IFCDIRECTION((1.,0.,0.));
#2078=IFCAXIS2PLACEMENT3D(#2075,#2076,#2077);
#2079=IFCDIRECTION((0.,0.,1.));
#2080=IFCEXTRUDEDAREASOLID(#2074,#2078,#2079,6.0960000000000001);
#2081=IFCSHAPEREPRESENTATION(#11,'Body','SweptSolid',(#2080));
#2082=IFCCARTESIANPOINT((0.,0.,0.));
#2083=IFCDIRECTION((1.,0.,0.));
#2084=IFCDIRECTION((0.,0.,1.));
#2085=IFCAXIS2PLACEMENT3D(#2082,#2084,#2083);
#2086=IFCREPRESENTATIONMAP(#2085,#2081);
#2087=IFCPROPERTYSET('39kVG__9DB28MhfI8cSxLa',$,'MF_Structural',$,(#2088,#2089,#2090));
#2088=IFCPROPERTYSINGLEVALUE('Section',$,IFCLABEL('MC9X25.4'),$);
#2089=IFCPROPERTYSINGLEVALUE('SectionFamily',$,IFCLABEL('MC'),$);
#2090=IFCPROPERTYSINGLEVALUE('SectionSource',$,IFCLABEL('AISC Shapes Database v15.0 (US)'),$);
#2091=IFCPROPERTYSET('3nGSj2kNj3awaQUDMOCJDu',$,'MF_Library',$,(#2092,#2093,#2094,#2095,#2096,#2097,#2098,#2099,#2100,#2101));
#2092=IFCPROPERTYSINGLEVALUE('Key',$,IFCLABEL('steel_channel_mc'),$);
#2093=IFCPROPERTYSINGLEVALUE('Family',$,IFCLABEL('Miscellaneous Channel'),$);
#2094=IFCPROPERTYSINGLEVALUE('TypeName',$,IFCLABEL('MC9X25.4'),$);
#2095=IFCPROPERTYSINGLEVALUE('Version',$,IFCLABEL('0.1.0'),$);
#2096=IFCPROPERTYSINGLEVALUE('License',$,IFCLABEL('CC0-1.0'),$);
#2097=IFCPROPERTYSINGLEVALUE('Source',$,IFCLABEL('massing-families'),$);
#2098=IFCPROPERTYSINGLEVALUE('Tier',$,IFCLABEL('L300'),$);
#2099=IFCPROPERTYSINGLEVALUE('Builder',$,IFCLABEL('profile'),$);
#2100=IFCPROPERTYSINGLEVALUE('Discipline',$,IFCLABEL('structural'),$);
#2101=IFCPROPERTYSINGLEVALUE('GeometryStatus',$,IFCLABEL('parametric'),$);
#2102=IFCPROPERTYSET('0gWpuOm0zDDxPu9_ntkPzH',$,'MF_Quantities',$,(#2103,#2104,#2105,#2106,#2107));
#2103=IFCPROPERTYSINGLEVALUE('NominalWidth',$,IFCREAL(0.088900000000000007),$);
#2104=IFCPROPERTYSINGLEVALUE('NominalDepth',$,IFCREAL(0.2286),$);
#2105=IFCPROPERTYSINGLEVALUE('NominalHeight',$,IFCREAL(6.0960000000000001),$);
#2106=IFCPROPERTYSINGLEVALUE('NominalFootprintArea',$,IFCREAL(0.020323000000000001),$);
#2107=IFCPROPERTYSINGLEVALUE('NominalVolume',$,IFCREAL(0.123886),$);
#2108=IFCMEMBERTYPE('1L$NKWT3XENuvlkqfdWclA',$,'Miscellaneous Channel - MC9X23.9',$,$,(#2125,#2129,#2140),(#2124),$,$,.NOTDEFINED.);
#2109=IFCCARTESIANPOINT((0.,0.));
#2110=IFCDIRECTION((1.,0.));
#2111=IFCAXIS2PLACEMENT2D(#2109,#2110);
#2112=IFCUSHAPEPROFILEDEF(.AREA.,'MC9X23.9',#2111,0.2286,0.08763,0.010160000000000001,0.01397,0.017780000000000001,$,$);
#2113=IFCCARTESIANPOINT((0.,0.,0.));
#2114=IFCDIRECTION((0.,0.,1.));
#2115=IFCDIRECTION((1.,0.,0.));
#2116=IFCAXIS2PLACEMENT3D(#2113,#2114,#2115);
#2117=IFCDIRECTION((0.,0.,1.));
#2118=IFCEXTRUDEDAREASOLID(#2112,#2116,#2117,6.0960000000000001);
#2119=IFCSHAPEREPRESENTATION(#11,'Body','SweptSolid',(#2118));
#2120=IFCCARTESIANPOINT((0.,0.,0.));
#2121=IFCDIRECTION((1.,0.,0.));
#2122=IFCDIRECTION((0.,0.,1.));
#2123=IFCAXIS2PLACEMENT3D(#2120,#2122,#2121);
#2124=IFCREPRESENTATIONMAP(#2123,#2119);
#2125=IFCPROPERTYSET('0RzxnLsgD46OmaIv3auB5m',$,'MF_Structural',$,(#2126,#2127,#2128));
#2126=IFCPROPERTYSINGLEVALUE('Section',$,IFCLABEL('MC9X23.9'),$);
#2127=IFCPROPERTYSINGLEVALUE('SectionFamily',$,IFCLABEL('MC'),$);
#2128=IFCPROPERTYSINGLEVALUE('SectionSource',$,IFCLABEL('AISC Shapes Database v15.0 (US)'),$);
#2129=IFCPROPERTYSET('0EApIofLb94gvtysKgdNS3',$,'MF_Library',$,(#2130,#2131,#2132,#2133,#2134,#2135,#2136,#2137,#2138,#2139));
#2130=IFCPROPERTYSINGLEVALUE('Key',$,IFCLABEL('steel_channel_mc'),$);
#2131=IFCPROPERTYSINGLEVALUE('Family',$,IFCLABEL('Miscellaneous Channel'),$);
#2132=IFCPROPERTYSINGLEVALUE('TypeName',$,IFCLABEL('MC9X23.9'),$);
#2133=IFCPROPERTYSINGLEVALUE('Version',$,IFCLABEL('0.1.0'),$);
#2134=IFCPROPERTYSINGLEVALUE('License',$,IFCLABEL('CC0-1.0'),$);
#2135=IFCPROPERTYSINGLEVALUE('Source',$,IFCLABEL('massing-families'),$);
#2136=IFCPROPERTYSINGLEVALUE('Tier',$,IFCLABEL('L300'),$);
#2137=IFCPROPERTYSINGLEVALUE('Builder',$,IFCLABEL('profile'),$);
#2138=IFCPROPERTYSINGLEVALUE('Discipline',$,IFCLABEL('structural'),$);
#2139=IFCPROPERTYSINGLEVALUE('GeometryStatus',$,IFCLABEL('parametric'),$);
#2140=IFCPROPERTYSET('3Q$pteaOH4AODGVKN28GpI',$,'MF_Quantities',$,(#2141,#2142,#2143,#2144,#2145));
#2141=IFCPROPERTYSINGLEVALUE('NominalWidth',$,IFCREAL(0.08763),$);
#2142=IFCPROPERTYSINGLEVALUE('NominalDepth',$,IFCREAL(0.2286),$);
#2143=IFCPROPERTYSINGLEVALUE('NominalHeight',$,IFCREAL(6.0960000000000001),$);
#2144=IFCPROPERTYSINGLEVALUE('NominalFootprintArea',$,IFCREAL(0.020032000000000001),$);
#2145=IFCPROPERTYSINGLEVALUE('NominalVolume',$,IFCREAL(0.122116),$);
#2146=IFCMEMBERTYPE('2f9qJ_Jpf8wf6tciPe309$',$,'Miscellaneous Channel - MC8X22.8',$,$,(#2163,#2167,#2178),(#2162),$,$,.NOTDEFINED.);
#2147=IFCCARTESIANPOINT((0.,0.));
#2148=IFCDIRECTION((1.,0.));
#2149=IFCAXIS2PLACEMENT2D(#2147,#2148);
#2150=IFCUSHAPEPROFILEDEF(.AREA.,'MC8X22.8',#2149,0.20319999999999999,0.088900000000000007,0.010845799999999999,0.013335,0.016891,$,$);
#2151=IFCCARTESIANPOINT((0.,0.,0.));
#2152=IFCDIRECTION((0.,0.,1.));
#2153=IFCDIRECTION((1.,0.,0.));
#2154=IFCAXIS2PLACEMENT3D(#2151,#2152,#2153);
#2155=IFCDIRECTION((0.,0.,1.));
#2156=IFCEXTRUDEDAREASOLID(#2150,#2154,#2155,6.0960000000000001);
#2157=IFCSHAPEREPRESENTATION(#11,'Body','SweptSolid',(#2156));
#2158=IFCCARTESIANPOINT((0.,0.,0.));
#2159=IFCDIRECTION((1.,0.,0.));
#2160=IFCDIRECTION((0.,0.,1.));
#2161=IFCAXIS2PLACEMENT3D(#2158,#2160,#2159);
#2162=IFCREPRESENTATIONMAP(#2161,#2157);
#2163=IFCPROPERTYSET('1fQtrg8UX47fdtMV5EKmk1',$,'MF_Structural',$,(#2164,#2165,#2166));
#2164=IFCPROPERTYSINGLEVALUE('Section',$,IFCLABEL('MC8X22.8'),$);
#2165=IFCPROPERTYSINGLEVALUE('SectionFamily',$,IFCLABEL('MC'),$);
#2166=IFCPROPERTYSINGLEVALUE('SectionSource',$,IFCLABEL('AISC Shapes Database v15.0 (US)'),$);
#2167=IFCPROPERTYSET('3OTNgoPb93FPsLZIMRQ_0o',$,'MF_Library',$,(#2168,#2169,#2170,#2171,#2172,#2173,#2174,#2175,#2176,#2177));
#2168=IFCPROPERTYSINGLEVALUE('Key',$,IFCLABEL('steel_channel_mc'),$);
#2169=IFCPROPERTYSINGLEVALUE('Family',$,IFCLABEL('Miscellaneous Channel'),$);
#2170=IFCPROPERTYSINGLEVALUE('TypeName',$,IFCLABEL('MC8X22.8'),$);
#2171=IFCPROPERTYSINGLEVALUE('Version',$,IFCLABEL('0.1.0'),$);
#2172=IFCPROPERTYSINGLEVALUE('License',$,IFCLABEL('CC0-1.0'),$);
#2173=IFCPROPERTYSINGLEVALUE('Source',$,IFCLABEL('massing-families'),$);
#2174=IFCPROPERTYSINGLEVALUE('Tier',$,IFCLABEL('L300'),$);
#2175=IFCPROPERTYSINGLEVALUE('Builder',$,IFCLABEL('profile'),$);
#2176=IFCPROPERTYSINGLEVALUE('Discipline',$,IFCLABEL('structural'),$);
#2177=IFCPROPERTYSINGLEVALUE('GeometryStatus',$,IFCLABEL('parametric'),$);
#2178=IFCPROPERTYSET('09wdcyQgj1juLQha48uejW',$,'MF_Quantities',$,(#2179,#2180,#2181,#2182,#2183));
#2179=IFCPROPERTYSINGLEVALUE('NominalWidth',$,IFCREAL(0.088900000000000007),$);
#2180=IFCPROPERTYSINGLEVALUE('NominalDepth',$,IFCREAL(0.20319999999999999),$);
#2181=IFCPROPERTYSINGLEVALUE('NominalHeight',$,IFCREAL(6.0960000000000001),$);
#2182=IFCPROPERTYSINGLEVALUE('NominalFootprintArea',$,IFCREAL(0.018064),$);
#2183=IFCPROPERTYSINGLEVALUE('NominalVolume',$,IFCREAL(0.110121),$);
#2184=IFCMEMBERTYPE('3wXSH8FHX0LePeNS8qU5o9',$,'Miscellaneous Channel - MC8X21.4',$,$,(#2201,#2205,#2216),(#2200),$,$,.NOTDEFINED.);
#2185=IFCCARTESIANPOINT((0.,0.));
#2186=IFCDIRECTION((1.,0.));
#2187=IFCAXIS2PLACEMENT2D(#2185,#2186);
#2188=IFCUSHAPEPROFILEDEF(.AREA.,'MC8X21.4',#2187,0.20319999999999999,0.08763,0.0095250000000000005,0.013335,0.016891,$,$);
#2189=IFCCARTESIANPOINT((0.,0.,0.));
#2190=IFCDIRECTION((0.,0.,1.));
#2191=IFCDIRECTION((1.,0.,0.));
#2192=IFCAXIS2PLACEMENT3D(#2189,#2190,#2191);
#2193=IFCDIRECTION((0.,0.,1.));
#2194=IFCEXTRUDEDAREASOLID(#2188,#2192,#2193,6.0960000000000001);
#2195=IFCSHAPEREPRESENTATION(#11,'Body','SweptSolid',(#2194));
#2196=IFCCARTESIANPOINT((0.,0.,0.));
#2197=IFCDIRECTION((1.,0.,0.));
#2198=IFCDIRECTION((0.,0.,1.));
#2199=IFCAXIS2PLACEMENT3D(#2196,#2198,#2197);
#2200=IFCREPRESENTATIONMAP(#2199,#2195);
#2201=IFCPROPERTYSET('1V7_k5w5LDK8fUAmjhaxIn',$,'MF_Structural',$,(#2202,#2203,#2204));
#2202=IFCPROPERTYSINGLEVALUE('Section',$,IFCLABEL('MC8X21.4'),$);
#2203=IFCPROPERTYSINGLEVALUE('SectionFamily',$,IFCLABEL('MC'),$);
#2204=IFCPROPERTYSINGLEVALUE('SectionSource',$,IFCLABEL('AISC Shapes Database v15.0 (US)'),$);
#2205=IFCPROPERTYSET('1ryBcq1OPD6AgvaJ3dr6jD',$,'MF_Library',$,(#2206,#2207,#2208,#2209,#2210,#2211,#2212,#2213,#2214,#2215));
#2206=IFCPROPERTYSINGLEVALUE('Key',$,IFCLABEL('steel_channel_mc'),$);
#2207=IFCPROPERTYSINGLEVALUE('Family',$,IFCLABEL('Miscellaneous Channel'),$);
#2208=IFCPROPERTYSINGLEVALUE('TypeName',$,IFCLABEL('MC8X21.4'),$);
#2209=IFCPROPERTYSINGLEVALUE('Version',$,IFCLABEL('0.1.0'),$);
#2210=IFCPROPERTYSINGLEVALUE('License',$,IFCLABEL('CC0-1.0'),$);
#2211=IFCPROPERTYSINGLEVALUE('Source',$,IFCLABEL('massing-families'),$);
#2212=IFCPROPERTYSINGLEVALUE('Tier',$,IFCLABEL('L300'),$);
#2213=IFCPROPERTYSINGLEVALUE('Builder',$,IFCLABEL('profile'),$);
#2214=IFCPROPERTYSINGLEVALUE('Discipline',$,IFCLABEL('structural'),$);
#2215=IFCPROPERTYSINGLEVALUE('GeometryStatus',$,IFCLABEL('parametric'),$);
#2216=IFCPROPERTYSET('3_7fWNkODBCuHwA1no7dbH',$,'MF_Quantities',$,(#2217,#2218,#2219,#2220,#2221));
#2217=IFCPROPERTYSINGLEVALUE('NominalWidth',$,IFCREAL(0.08763),$);
#2218=IFCPROPERTYSINGLEVALUE('NominalDepth',$,IFCREAL(0.20319999999999999),$);
#2219=IFCPROPERTYSINGLEVALUE('NominalHeight',$,IFCREAL(6.0960000000000001),$);
#2220=IFCPROPERTYSINGLEVALUE('NominalFootprintArea',$,IFCREAL(0.017805999999999999),$);
#2221=IFCPROPERTYSINGLEVALUE('NominalVolume',$,IFCREAL(0.10854800000000001),$);
#2222=IFCMEMBERTYPE('0a_0Y0uurFVBkFSMKkMTAv',$,'Miscellaneous Channel - MC8X20',$,$,(#2239,#2243,#2254),(#2238),$,$,.NOTDEFINED.);
#2223=IFCCARTESIANPOINT((0.,0.));
#2224=IFCDIRECTION((1.,0.));
#2225=IFCAXIS2PLACEMENT2D(#2223,#2224);
#2226=IFCUSHAPEPROFILEDEF(.AREA.,'MC8X20',#2225,0.20319999999999999,0.076962000000000003,0.010160000000000001,0.012699999999999999,0.016001999999999999,$,$);
#2227=IFCCARTESIANPOINT((0.,0.,0.));
#2228=IFCDIRECTION((0.,0.,1.));
#2229=IFCDIRECTION((1.,0.,0.));
#2230=IFCAXIS2PLACEMENT3D(#2227,#2228,#2229);
#2231=IFCDIRECTION((0.,0.,1.));
#2232=IFCEXTRUDEDAREASOLID(#2226,#2230,#2231,6.0960000000000001);
#2233=IFCSHAPEREPRESENTATION(#11,'Body','SweptSolid',(#2232));
#2234=IFCCARTESIANPOINT((0.,0.,0.));
#2235=IFCDIRECTION((1.,0.,0.));
#2236=IFCDIRECTION((0.,0.,1.));
#2237=IFCAXIS2PLACEMENT3D(#2234,#2236,#2235);
#2238=IFCREPRESENTATIONMAP(#2237,#2233);
#2239=IFCPROPERTYSET('3_J_agoOz1QOQaybtQmjfw',$,'MF_Structural',$,(#2240,#2241,#2242));
#2240=IFCPROPERTYSINGLEVALUE('Section',$,IFCLABEL('MC8X20'),$);
#2241=IFCPROPERTYSINGLEVALUE('SectionFamily',$,IFCLABEL('MC'),$);
#2242=IFCPROPERTYSINGLEVALUE('SectionSource',$,IFCLABEL('AISC Shapes Database v15.0 (US)'),$);
#2243=IFCPROPERTYSET('1J_M5U9ID7Z9fH0Kqu7jBv',$,'MF_Library',$,(#2244,#2245,#2246,#2247,#2248,#2249,#2250,#2251,#2252,#2253));
#2244=IFCPROPERTYSINGLEVALUE('Key',$,IFCLABEL('steel_channel_mc'),$);
#2245=IFCPROPERTYSINGLEVALUE('Family',$,IFCLABEL('Miscellaneous Channel'),$);
#2246=IFCPROPERTYSINGLEVALUE('TypeName',$,IFCLABEL('MC8X20'),$);
#2247=IFCPROPERTYSINGLEVALUE('Version',$,IFCLABEL('0.1.0'),$);
#2248=IFCPROPERTYSINGLEVALUE('License',$,IFCLABEL('CC0-1.0'),$);
#2249=IFCPROPERTYSINGLEVALUE('Source',$,IFCLABEL('massing-families'),$);
#2250=IFCPROPERTYSINGLEVALUE('Tier',$,IFCLABEL('L300'),$);
#2251=IFCPROPERTYSINGLEVALUE('Builder',$,IFCLABEL('profile'),$);
#2252=IFCPROPERTYSINGLEVALUE('Discipline',$,IFCLABEL('structural'),$);
#2253=IFCPROPERTYSINGLEVALUE('GeometryStatus',$,IFCLABEL('parametric'),$);
#2254=IFCPROPERTYSET('2yylMWEB19lh_kNwURlP2F',$,'MF_Quantities',$,(#2255,#2256,#2257,#2258,#2259));
#2255=IFCPROPERTYSINGLEVALUE('NominalWidth',$,IFCREAL(0.076962000000000003),$);
#2256=IFCPROPERTYSINGLEVALUE('NominalDepth',$,IFCREAL(0.20319999999999999),$);
#2257=IFCPROPERTYSINGLEVALUE('NominalHeight',$,IFCREAL(6.0960000000000001),$);
#2258=IFCPROPERTYSINGLEVALUE('NominalFootprintArea',$,IFCREAL(0.015639),$);
#2259=IFCPROPERTYSINGLEVALUE('NominalVolume',$,IFCREAL(0.095333000000000001),$);
#2260=IFCMEMBERTYPE('2KM$qGbuj9rRRZ8W3z1z4t',$,'Miscellaneous Channel - MC8X18.7',$,$,(#2277,#2281,#2292),(#2276),$,$,.NOTDEFINED.);
#2261=IFCCARTESIANPOINT((0.,0.));
#2262=IFCDIRECTION((1.,0.));
#2263=IFCAXIS2PLACEMENT2D(#2261,#2262);
#2264=IFCUSHAPEPROFILEDEF(.AREA.,'MC8X18.7',#2263,0.20319999999999999,0.075691999999999995,0.0089662000000000006,0.012699999999999999,0.016001999999999999,$,$);
#2265=IFCCARTESIANPOINT((0.,0.,0.));
#2266=IFCDIRECTION((0.,0.,1.));
#2267=IFCDIRECTION((1.,0.,0.));
#2268=IFCAXIS2PLACEMENT3D(#2265,#2266,#2267);
#2269=IFCDIRECTION((0.,0.,1.));
#2270=IFCEXTRUDEDAREASOLID(#2264,#2268,#2269,6.0960000000000001);
#2271=IFCSHAPEREPRESENTATION(#11,'Body','SweptSolid',(#2270));
#2272=IFCCARTESIANPOINT((0.,0.,0.));
#2273=IFCDIRECTION((1.,0.,0.));
#2274=IFCDIRECTION((0.,0.,1.));
#2275=IFCAXIS2PLACEMENT3D(#2272,#2274,#2273);
#2276=IFCREPRESENTATIONMAP(#2275,#2271);
#2277=IFCPROPERTYSET('2M21yWTAn2Bf_wl5MMDHPW',$,'MF_Structural',$,(#2278,#2279,#2280));
#2278=IFCPROPERTYSINGLEVALUE('Section',$,IFCLABEL('MC8X18.7'),$);
#2279=IFCPROPERTYSINGLEVALUE('SectionFamily',$,IFCLABEL('MC'),$);
#2280=IFCPROPERTYSINGLEVALUE('SectionSource',$,IFCLABEL('AISC Shapes Database v15.0 (US)'),$);
#2281=IFCPROPERTYSET('2MdD0Sg0rEyu6qIAWeOH$U',$,'MF_Library',$,(#2282,#2283,#2284,#2285,#2286,#2287,#2288,#2289,#2290,#2291));
#2282=IFCPROPERTYSINGLEVALUE('Key',$,IFCLABEL('steel_channel_mc'),$);
#2283=IFCPROPERTYSINGLEVALUE('Family',$,IFCLABEL('Miscellaneous Channel'),$);
#2284=IFCPROPERTYSINGLEVALUE('TypeName',$,IFCLABEL('MC8X18.7'),$);
#2285=IFCPROPERTYSINGLEVALUE('Version',$,IFCLABEL('0.1.0'),$);
#2286=IFCPROPERTYSINGLEVALUE('License',$,IFCLABEL('CC0-1.0'),$);
#2287=IFCPROPERTYSINGLEVALUE('Source',$,IFCLABEL('massing-families'),$);
#2288=IFCPROPERTYSINGLEVALUE('Tier',$,IFCLABEL('L300'),$);
#2289=IFCPROPERTYSINGLEVALUE('Builder',$,IFCLABEL('profile'),$);
#2290=IFCPROPERTYSINGLEVALUE('Discipline',$,IFCLABEL('structural'),$);
#2291=IFCPROPERTYSINGLEVALUE('GeometryStatus',$,IFCLABEL('parametric'),$);
#2292=IFCPROPERTYSET('2i4IwWW$vCXuim_Yw_czDR',$,'MF_Quantities',$,(#2293,#2294,#2295,#2296,#2297));
#2293=IFCPROPERTYSINGLEVALUE('NominalWidth',$,IFCREAL(0.075691999999999995),$);
#2294=IFCPROPERTYSINGLEVALUE('NominalDepth',$,IFCREAL(0.20319999999999999),$);
#2295=IFCPROPERTYSINGLEVALUE('NominalHeight',$,IFCREAL(6.0960000000000001),$);
#2296=IFCPROPERTYSINGLEVALUE('NominalFootprintArea',$,IFCREAL(0.015381000000000001),$);
#2297=IFCPROPERTYSINGLEVALUE('NominalVolume',$,IFCREAL(0.093759999999999996),$);
#2298=IFCMEMBERTYPE('2vwptvaPb7iBSJcVq8xcl6',$,'Miscellaneous Channel - MC8X8.5',$,$,(#2315,#2319,#2330),(#2314),$,$,.NOTDEFINED.);
#2299=IFCCARTESIANPOINT((0.,0.));
#2300=IFCDIRECTION((1.,0.));
#2301=IFCAXIS2PLACEMENT2D(#2299,#2300);
#2302=IFCUSHAPEPROFILEDEF(.AREA.,'MC8X8.5',#2301,0.20319999999999999,0.047497999999999999,0.0045465999999999996,0.0078994000000000009,0.0127508,$,$);
#2303=IFCCARTESIANPOINT((0.,0.,0.));
#2304=IFCDIRECTION((0.,0.,1.));
#2305=IFCDIRECTION((1.,0.,0.));
#2306=IFCAXIS2PLACEMENT3D(#2303,#2304,#2305);
#2307=IFCDIRECTION((0.,0.,1.));
#2308=IFCEXTRUDEDAREASOLID(#2302,#2306,#2307,6.0960000000000001);
#2309=IFCSHAPEREPRESENTATION(#11,'Body','SweptSolid',(#2308));
#2310=IFCCARTESIANPOINT((0.,0.,0.));
#2311=IFCDIRECTION((1.,0.,0.));
#2312=IFCDIRECTION((0.,0.,1.));
#2313=IFCAXIS2PLACEMENT3D(#2310,#2312,#2311);
#2314=IFCREPRESENTATIONMAP(#2313,#2309);
#2315=IFCPROPERTYSET('3S5JpWEn57wPag7LEMC4gq',$,'MF_Structural',$,(#2316,#2317,#2318));
#2316=IFCPROPERTYSINGLEVALUE('Section',$,IFCLABEL('MC8X8.5'),$);
#2317=IFCPROPERTYSINGLEVALUE('SectionFamily',$,IFCLABEL('MC'),$);
#2318=IFCPROPERTYSINGLEVALUE('SectionSource',$,IFCLABEL('AISC Shapes Database v15.0 (US)'),$);
#2319=IFCPROPERTYSET('3G7Ud_b7b9pwMimOYRCmsE',$,'MF_Library',$,(#2320,#2321,#2322,#2323,#2324,#2325,#2326,#2327,#2328,#2329));
#2320=IFCPROPERTYSINGLEVALUE('Key',$,IFCLABEL('steel_channel_mc'),$);
#2321=IFCPROPERTYSINGLEVALUE('Family',$,IFCLABEL('Miscellaneous Channel'),$);
#2322=IFCPROPERTYSINGLEVALUE('TypeName',$,IFCLABEL('MC8X8.5'),$);
#2323=IFCPROPERTYSINGLEVALUE('Version',$,IFCLABEL('0.1.0'),$);
#2324=IFCPROPERTYSINGLEVALUE('License',$,IFCLABEL('CC0-1.0'),$);
#2325=IFCPROPERTYSINGLEVALUE('Source',$,IFCLABEL('massing-families'),$);
#2326=IFCPROPERTYSINGLEVALUE('Tier',$,IFCLABEL('L300'),$);
#2327=IFCPROPERTYSINGLEVALUE('Builder',$,IFCLABEL('profile'),$);
#2328=IFCPROPERTYSINGLEVALUE('Discipline',$,IFCLABEL('structural'),$);
#2329=IFCPROPERTYSINGLEVALUE('GeometryStatus',$,IFCLABEL('parametric'),$);
#2330=IFCPROPERTYSET('3gXB6OMzz90QZuqaw5hL$0',$,'MF_Quantities',$,(#2331,#2332,#2333,#2334,#2335));
#2331=IFCPROPERTYSINGLEVALUE('NominalWidth',$,IFCREAL(0.047497999999999999),$);
#2332=IFCPROPERTYSINGLEVALUE('NominalDepth',$,IFCREAL(0.20319999999999999),$);
#2333=IFCPROPERTYSINGLEVALUE('NominalHeight',$,IFCREAL(6.0960000000000001),$);
#2334=IFCPROPERTYSINGLEVALUE('NominalFootprintArea',$,IFCREAL(0.0096520000000000009),$);
#2335=IFCPROPERTYSINGLEVALUE('NominalVolume',$,IFCREAL(0.058835999999999999),$);
#2336=IFCMEMBERTYPE('1oZkTF1Kb4w9G2XYRzbM69',$,'Miscellaneous Channel - MC7X22.7',$,$,(#2353,#2357,#2368),(#2352),$,$,.NOTDEFINED.);
#2337=IFCCARTESIANPOINT((0.,0.));
#2338=IFCDIRECTION((1.,0.));
#2339=IFCAXIS2PLACEMENT2D(#2337,#2338);
#2340=IFCUSHAPEPROFILEDEF(.AREA.,'MC7X22.7',#2339,0.17780000000000001,0.091439999999999994,0.0127762,0.012699999999999999,0.016001999999999999,$,$);
#2341=IFCCARTESIANPOINT((0.,0.,0.));
#2342=IFCDIRECTION((0.,0.,1.));
#2343=IFCDIRECTION((1.,0.,0.));
#2344=IFCAXIS2PLACEMENT3D(#2341,#2342,#2343);
#2345=IFCDIRECTION((0.,0.,1.));
#2346=IFCEXTRUDEDAREASOLID(#2340,#2344,#2345,6.0960000000000001);
#2347=IFCSHAPEREPRESENTATION(#11,'Body','SweptSolid',(#2346));
#2348=IFCCARTESIANPOINT((0.,0.,0.));
#2349=IFCDIRECTION((1.,0.,0.));
#2350=IFCDIRECTION((0.,0.,1.));
#2351=IFCAXIS2PLACEMENT3D(#2348,#2350,#2349);
#2352=IFCREPRESENTATIONMAP(#2351,#2347);
#2353=IFCPROPERTYSET('2j7x2KHc9EVOXae4xoHHdu',$,'MF_Structural',$,(#2354,#2355,#2356));
#2354=IFCPROPERTYSINGLEVALUE('Section',$,IFCLABEL('MC7X22.7'),$);
#2355=IFCPROPERTYSINGLEVALUE('SectionFamily',$,IFCLABEL('MC'),$);
#2356=IFCPROPERTYSINGLEVALUE('SectionSource',$,IFCLABEL('AISC Shapes Database v15.0 (US)'),$);
#2357=IFCPROPERTYSET('01KyyF2_bDShdjB8pX8IKn',$,'MF_Library',$,(#2358,#2359,#2360,#2361,#2362,#2363,#2364,#2365,#2366,#2367));
#2358=IFCPROPERTYSINGLEVALUE('Key',$,IFCLABEL('steel_channel_mc'),$);
#2359=IFCPROPERTYSINGLEVALUE('Family',$,IFCLABEL('Miscellaneous Channel'),$);
#2360=IFCPROPERTYSINGLEVALUE('TypeName',$,IFCLABEL('MC7X22.7'),$);
#2361=IFCPROPERTYSINGLEVALUE('Version',$,IFCLABEL('0.1.0'),$);
#2362=IFCPROPERTYSINGLEVALUE('License',$,IFCLABEL('CC0-1.0'),$);
#2363=IFCPROPERTYSINGLEVALUE('Source',$,IFCLABEL('massing-families'),$);
#2364=IFCPROPERTYSINGLEVALUE('Tier',$,IFCLABEL('L300'),$);
#2365=IFCPROPERTYSINGLEVALUE('Builder',$,IFCLABEL('profile'),$);
#2366=IFCPROPERTYSINGLEVALUE('Discipline',$,IFCLABEL('structural'),$);
#2367=IFCPROPERTYSINGLEVALUE('GeometryStatus',$,IFCLABEL('parametric'),$);
#2368=IFCPROPERTYSET('0T43MhyNr5iRhiNuCrIW78',$,'MF_Quantities',$,(#2369,#2370,#2371,#2372,#2373));
#2369=IFCPROPERTYSINGLEVALUE('NominalWidth',$,IFCREAL(0.091439999999999994),$);
#2370=IFCPROPERTYSINGLEVALUE('NominalDepth',$,IFCREAL(0.17780000000000001),$);
#2371=IFCPROPERTYSINGLEVALUE('NominalHeight',$,IFCREAL(6.0960000000000001),$);
#2372=IFCPROPERTYSINGLEVALUE('NominalFootprintArea',$,IFCREAL(0.016258000000000002),$);
#2373=IFCPROPERTYSINGLEVALUE('NominalVolume',$,IFCREAL(0.099109000000000003),$);
#2374=IFCMEMBERTYPE('03cOXWVAz4vwVXjNKsTokH',$,'Miscellaneous Channel - MC7X19.1',$,$,(#2391,#2395,#2406),(#2390),$,$,.NOTDEFINED.);
#2375=IFCCARTESIANPOINT((0.,0.));
#2376=IFCDIRECTION((1.,0.));
#2377=IFCAXIS2PLACEMENT2D(#2375,#2376);
#2378=IFCUSHAPEPROFILEDEF(.AREA.,'MC7X19.1',#2377,0.17780000000000001,0.08763,0.0089408000000000005,0.012699999999999999,0.016001999999999999,$,$);
#2379=IFCCARTESIANPOINT((0.,0.,0.));
#2380=IFCDIRECTION((0.,0.,1.));
#2381=IFCDIRECTION((1.,0.,0.));
#2382=IFCAXIS2PLACEMENT3D(#2379,#2380,#2381);
#2383=IFCDIRECTION((0.,0.,1.));
#2384=IFCEXTRUDEDAREASOLID(#2378,#2382,#2383,6.0960000000000001);
#2385=IFCSHAPEREPRESENTATION(#11,'Body','SweptSolid',(#2384));
#2386=IFCCARTESIANPOINT((0.,0.,0.));
#2387=IFCDIRECTION((1.,0.,0.));
#2388=IFCDIRECTION((0.,0.,1.));
#2389=IFCAXIS2PLACEMENT3D(#2386,#2388,#2387);
#2390=IFCREPRESENTATIONMAP(#2389,#2385);
#2391=IFCPROPERTYSET('3Zay46Tlv85OiO049bMbFk',$,'MF_Structural',$,(#2392,#2393,#2394));
#2392=IFCPROPERTYSINGLEVALUE('Section',$,IFCLABEL('MC7X19.1'),$);
#2393=IFCPROPERTYSINGLEVALUE('SectionFamily',$,IFCLABEL('MC'),$);
#2394=IFCPROPERTYSINGLEVALUE('SectionSource',$,IFCLABEL('AISC Shapes Database v15.0 (US)'),$);
#2395=IFCPROPERTYSET('2x_nxBAjvE7g7yDvB_mp_O',$,'MF_Library',$,(#2396,#2397,#2398,#2399,#2400,#2401,#2402,#2403,#2404,#2405));
#2396=IFCPROPERTYSINGLEVALUE('Key',$,IFCLABEL('steel_channel_mc'),$);
#2397=IFCPROPERTYSINGLEVALUE('Family',$,IFCLABEL('Miscellaneous Channel'),$);
#2398=IFCPROPERTYSINGLEVALUE('TypeName',$,IFCLABEL('MC7X19.1'),$);
#2399=IFCPROPERTYSINGLEVALUE('Version',$,IFCLABEL('0.1.0'),$);
#2400=IFCPROPERTYSINGLEVALUE('License',$,IFCLABEL('CC0-1.0'),$);
#2401=IFCPROPERTYSINGLEVALUE('Source',$,IFCLABEL('massing-families'),$);
#2402=IFCPROPERTYSINGLEVALUE('Tier',$,IFCLABEL('L300'),$);
#2403=IFCPROPERTYSINGLEVALUE('Builder',$,IFCLABEL('profile'),$);
#2404=IFCPROPERTYSINGLEVALUE('Discipline',$,IFCLABEL('structural'),$);
#2405=IFCPROPERTYSINGLEVALUE('GeometryStatus',$,IFCLABEL('parametric'),$);
#2406=IFCPROPERTYSET('2LBnuJ8DXDWOPEJbFHYmQZ',$,'MF_Quantities',$,(#2407,#2408,#2409,#2410,#2411));
#2407=IFCPROPERTYSINGLEVALUE('NominalWidth',$,IFCREAL(0.08763),$);
#2408=IFCPROPERTYSINGLEVALUE('NominalDepth',$,IFCREAL(0.17780000000000001),$);
#2409=IFCPROPERTYSINGLEVALUE('NominalHeight',$,IFCREAL(6.0960000000000001),$);
#2410=IFCPROPERTYSINGLEVALUE('NominalFootprintArea',$,IFCREAL(0.015580999999999999),$);
#2411=IFCPROPERTYSINGLEVALUE('NominalVolume',$,IFCREAL(0.094978999999999994),$);
#2412=IFCMEMBERTYPE('2Uof6O56L0c89lSprRuSTv',$,'Miscellaneous Channel - MC6X18',$,$,(#2429,#2433,#2444),(#2428),$,$,.NOTDEFINED.);
#2413=IFCCARTESIANPOINT((0.,0.));
#2414=IFCDIRECTION((1.,0.));
#2415=IFCAXIS2PLACEMENT2D(#2413,#2414);
#2416=IFCUSHAPEPROFILEDEF(.AREA.,'MC6X18',#2415,0.15240000000000001,0.088900000000000007,0.0096266000000000008,0.012064999999999999,0.014859000000000001,$,$);
#2417=IFCCARTESIANPOINT((0.,0.,0.));
#2418=IFCDIRECTION((0.,0.,1.));
#2419=IFCDIRECTION((1.,0.,0.));
#2420=IFCAXIS2PLACEMENT3D(#2417,#2418,#2419);
#2421=IFCDIRECTION((0.,0.,1.));
#2422=IFCEXTRUDEDAREASOLID(#2416,#2420,#2421,6.0960000000000001);
#2423=IFCSHAPEREPRESENTATION(#11,'Body','SweptSolid',(#2422));
#2424=IFCCARTESIANPOINT((0.,0.,0.));
#2425=IFCDIRECTION((1.,0.,0.));
#2426=IFCDIRECTION((0.,0.,1.));
#2427=IFCAXIS2PLACEMENT3D(#2424,#2426,#2425);
#2428=IFCREPRESENTATIONMAP(#2427,#2423);
#2429=IFCPROPERTYSET('1djKpkV3f7$w_KQcP4V1sx',$,'MF_Structural',$,(#2430,#2431,#2432));
#2430=IFCPROPERTYSINGLEVALUE('Section',$,IFCLABEL('MC6X18'),$);
#2431=IFCPROPERTYSINGLEVALUE('SectionFamily',$,IFCLABEL('MC'),$);
#2432=IFCPROPERTYSINGLEVALUE('SectionSource',$,IFCLABEL('AISC Shapes Database v15.0 (US)'),$);
#2433=IFCPROPERTYSET('1oiz0yCxHDuRXXoP7ANQ6t',$,'MF_Library',$,(#2434,#2435,#2436,#2437,#2438,#2439,#2440,#2441,#2442,#2443));
#2434=IFCPROPERTYSINGLEVALUE('Key',$,IFCLABEL('steel_channel_mc'),$);
#2435=IFCPROPERTYSINGLEVALUE('Family',$,IFCLABEL('Miscellaneous Channel'),$);
#2436=IFCPROPERTYSINGLEVALUE('TypeName',$,IFCLABEL('MC6X18'),$);
#2437=IFCPROPERTYSINGLEVALUE('Version',$,IFCLABEL('0.1.0'),$);
#2438=IFCPROPERTYSINGLEVALUE('License',$,IFCLABEL('CC0-1.0'),$);
#2439=IFCPROPERTYSINGLEVALUE('Source',$,IFCLABEL('massing-families'),$);
#2440=IFCPROPERTYSINGLEVALUE('Tier',$,IFCLABEL('L300'),$);
#2441=IFCPROPERTYSINGLEVALUE('Builder',$,IFCLABEL('profile'),$);
#2442=IFCPROPERTYSINGLEVALUE('Discipline',$,IFCLABEL('structural'),$);
#2443=IFCPROPERTYSINGLEVALUE('GeometryStatus',$,IFCLABEL('parametric'),$);
#2444=IFCPROPERTYSET('3rsnKNhIv46vtxGE8Lvl4Q',$,'MF_Quantities',$,(#2445,#2446,#2447,#2448,#2449));
#2445=IFCPROPERTYSINGLEVALUE('NominalWidth',$,IFCREAL(0.088900000000000007),$);
#2446=IFCPROPERTYSINGLEVALUE('NominalDepth',$,IFCREAL(0.15240000000000001),$);
#2447=IFCPROPERTYSINGLEVALUE('NominalHeight',$,IFCREAL(6.0960000000000001),$);
#2448=IFCPROPERTYSINGLEVALUE('NominalFootprintArea',$,IFCREAL(0.013547999999999999),$);
#2449=IFCPROPERTYSINGLEVALUE('NominalVolume',$,IFCREAL(0.082590999999999998),$);
#2450=IFCMEMBERTYPE('36oMMmrNT3o8_ofdHKqUml',$,'Miscellaneous Channel - MC6X15.3',$,$,(#2467,#2471,#2482),(#2466),$,$,.NOTDEFINED.);
#2451=IFCCARTESIANPOINT((0.,0.));
#2452=IFCDIRECTION((1.,0.));
#2453=IFCAXIS2PLACEMENT2D(#2451,#2452);
#2454=IFCUSHAPEPROFILEDEF(.AREA.,'MC6X15.3',#2453,0.15240000000000001,0.088900000000000007,0.0086359999999999996,0.0097789999999999995,0.012446,$,$);
#2455=IFCCARTESIANPOINT((0.,0.,0.));
#2456=IFCDIRECTION((0.,0.,1.));
#2457=IFCDIRECTION((1.,0.,0.));
#2458=IFCAXIS2PLACEMENT3D(#2455,#2456,#2457);
#2459=IFCDIRECTION((0.,0.,1.));
#2460=IFCEXTRUDEDAREASOLID(#2454,#2458,#2459,6.0960000000000001);
#2461=IFCSHAPEREPRESENTATION(#11,'Body','SweptSolid',(#2460));
#2462=IFCCARTESIANPOINT((0.,0.,0.));
#2463=IFCDIRECTION((1.,0.,0.));
#2464=IFCDIRECTION((0.,0.,1.));
#2465=IFCAXIS2PLACEMENT3D(#2462,#2464,#2463);
#2466=IFCREPRESENTATIONMAP(#2465,#2461);
#2467=IFCPROPERTYSET('2d5OUmYF9C1fsBhYOEpce8',$,'MF_Structural',$,(#2468,#2469,#2470));
#2468=IFCPROPERTYSINGLEVALUE('Section',$,IFCLABEL('MC6X15.3'),$);
#2469=IFCPROPERTYSINGLEVALUE('SectionFamily',$,IFCLABEL('MC'),$);
#2470=IFCPROPERTYSINGLEVALUE('SectionSource',$,IFCLABEL('AISC Shapes Database v15.0 (US)'),$);
#2471=IFCPROPERTYSET('1xWBzZz5z5Y8nEhe8gRZS4',$,'MF_Library',$,(#2472,#2473,#2474,#2475,#2476,#2477,#2478,#2479,#2480,#2481));
#2472=IFCPROPERTYSINGLEVALUE('Key',$,IFCLABEL('steel_channel_mc'),$);
#2473=IFCPROPERTYSINGLEVALUE('Family',$,IFCLABEL('Miscellaneous Channel'),$);
#2474=IFCPROPERTYSINGLEVALUE('TypeName',$,IFCLABEL('MC6X15.3'),$);
#2475=IFCPROPERTYSINGLEVALUE('Version',$,IFCLABEL('0.1.0'),$);
#2476=IFCPROPERTYSINGLEVALUE('License',$,IFCLABEL('CC0-1.0'),$);
#2477=IFCPROPERTYSINGLEVALUE('Source',$,IFCLABEL('massing-families'),$);
#2478=IFCPROPERTYSINGLEVALUE('Tier',$,IFCLABEL('L300'),$);
#2479=IFCPROPERTYSINGLEVALUE('Builder',$,IFCLABEL('profile'),$);
#2480=IFCPROPERTYSINGLEVALUE('Discipline',$,IFCLABEL('structural'),$);
#2481=IFCPROPERTYSINGLEVALUE('GeometryStatus',$,IFCLABEL('parametric'),$);
#2482=IFCPROPERTYSET('0vwGm0_ajCOPnFYLgva3bz',$,'MF_Quantities',$,(#2483,#2484,#2485,#2486,#2487));
#2483=IFCPROPERTYSINGLEVALUE('NominalWidth',$,IFCREAL(0.088900000000000007),$);
#2484=IFCPROPERTYSINGLEVALUE('NominalDepth',$,IFCREAL(0.15240000000000001),$);
#2485=IFCPROPERTYSINGLEVALUE('NominalHeight',$,IFCREAL(6.0960000000000001),$);
#2486=IFCPROPERTYSINGLEVALUE('NominalFootprintArea',$,IFCREAL(0.013547999999999999),$);
#2487=IFCPROPERTYSINGLEVALUE('NominalVolume',$,IFCREAL(0.082590999999999998),$);
#2488=IFCMEMBERTYPE('2ef4yVSUTDLuh8UYhFTDNN',$,'Miscellaneous Channel - MC6X16.3',$,$,(#2505,#2509,#2520),(#2504),$,$,.NOTDEFINED.);
#2489=IFCCARTESIANPOINT((0.,0.));
#2490=IFCDIRECTION((1.,0.));
#2491=IFCAXIS2PLACEMENT2D(#2489,#2490);
#2492=IFCUSHAPEPROFILEDEF(.AREA.,'MC6X16.3',#2491,0.15240000000000001,0.076200000000000004,0.0095250000000000005,0.012064999999999999,0.014859000000000001,$,$);
#2493=IFCCARTESIANPOINT((0.,0.,0.));
#2494=IFCDIRECTION((0.,0.,1.));
#2495=IFCDIRECTION((1.,0.,0.));
#2496=IFCAXIS2PLACEMENT3D(#2493,#2494,#2495);
#2497=IFCDIRECTION((0.,0.,1.));
#2498=IFCEXTRUDEDAREASOLID(#2492,#2496,#2497,6.0960000000000001);
#2499=IFCSHAPEREPRESENTATION(#11,'Body','SweptSolid',(#2498));
#2500=IFCCARTESIANPOINT((0.,0.,0.));
#2501=IFCDIRECTION((1.,0.,0.));
#2502=IFCDIRECTION((0.,0.,1.));
#2503=IFCAXIS2PLACEMENT3D(#2500,#2502,#2501);
#2504=IFCREPRESENTATIONMAP(#2503,#2499);
#2505=IFCPROPERTYSET('13B6v9PKH3H8BxzB4HU7lj',$,'MF_Structural',$,(#2506,#2507,#2508));
#2506=IFCPROPERTYSINGLEVALUE('Section',$,IFCLABEL('MC6X16.3'),$);
#2507=IFCPROPERTYSINGLEVALUE('SectionFamily',$,IFCLABEL('MC'),$);
#2508=IFCPROPERTYSINGLEVALUE('SectionSource',$,IFCLABEL('AISC Shapes Database v15.0 (US)'),$);
#2509=IFCPROPERTYSET('26QVIrGRr9G9VdJmDxYUON',$,'MF_Library',$,(#2510,#2511,#2512,#2513,#2514,#2515,#2516,#2517,#2518,#2519));
#2510=IFCPROPERTYSINGLEVALUE('Key',$,IFCLABEL('steel_channel_mc'),$);
#2511=IFCPROPERTYSINGLEVALUE('Family',$,IFCLABEL('Miscellaneous Channel'),$);
#2512=IFCPROPERTYSINGLEVALUE('TypeName',$,IFCLABEL('MC6X16.3'),$);
#2513=IFCPROPERTYSINGLEVALUE('Version',$,IFCLABEL('0.1.0'),$);
#2514=IFCPROPERTYSINGLEVALUE('License',$,IFCLABEL('CC0-1.0'),$);
#2515=IFCPROPERTYSINGLEVALUE('Source',$,IFCLABEL('massing-families'),$);
#2516=IFCPROPERTYSINGLEVALUE('Tier',$,IFCLABEL('L300'),$);
#2517=IFCPROPERTYSINGLEVALUE('Builder',$,IFCLABEL('profile'),$);
#2518=IFCPROPERTYSINGLEVALUE('Discipline',$,IFCLABEL('structural'),$);
#2519=IFCPROPERTYSINGLEVALUE('GeometryStatus',$,IFCLABEL('parametric'),$);
#2520=IFCPROPERTYSET('2mUN54lEf8XxPaCjU$nVes',$,'MF_Quantities',$,(#2521,#2522,#2523,#2524,#2525));
#2521=IFCPROPERTYSINGLEVALUE('NominalWidth',$,IFCREAL(0.076200000000000004),$);
#2522=IFCPROPERTYSINGLEVALUE('NominalDepth',$,IFCREAL(0.15240000000000001),$);
#2523=IFCPROPERTYSINGLEVALUE('NominalHeight',$,IFCREAL(6.0960000000000001),$);
#2524=IFCPROPERTYSINGLEVALUE('NominalFootprintArea',$,IFCREAL(0.011613),$);
#2525=IFCPROPERTYSINGLEVALUE('NominalVolume',$,IFCREAL(0.070791999999999994),$);
#2526=IFCMEMBERTYPE('1e9QL6m$b1agrfV4EwM180',$,'Miscellaneous Channel - MC6X15.1',$,$,(#2543,#2547,#2558),(#2542),$,$,.NOTDEFINED.);
#2527=IFCCARTESIANPOINT((0.,0.));
#2528=IFCDIRECTION((1.,0.));
#2529=IFCAXIS2PLACEMENT2D(#2527,#2528);
#2530=IFCUSHAPEPROFILEDEF(.AREA.,'MC6X15.1',#2529,0.15240000000000001,0.074676000000000006,0.0080263999999999995,0.012064999999999999,0.014859000000000001,$,$);
#2531=IFCCARTESIANPOINT((0.,0.,0.));
#2532=IFCDIRECTION((0.,0.,1.));
#2533=IFCDIRECTION((1.,0.,0.));
#2534=IFCAXIS2PLACEMENT3D(#2531,#2532,#2533);
#2535=IFCDIRECTION((0.,0.,1.));
#2536=IFCEXTRUDEDAREASOLID(#2530,#2534,#2535,6.0960000000000001);
#2537=IFCSHAPEREPRESENTATION(#11,'Body','SweptSolid',(#2536));
#2538=IFCCARTESIANPOINT((0.,0.,0.));
#2539=IFCDIRECTION((1.,0.,0.));
#2540=IFCDIRECTION((0.,0.,1.));
#2541=IFCAXIS2PLACEMENT3D(#2538,#2540,#2539);
#2542=IFCREPRESENTATIONMAP(#2541,#2537);
#2543=IFCPROPERTYSET('2v3myTFID5VffoD6BU5mlo',$,'MF_Structural',$,(#2544,#2545,#2546));
#2544=IFCPROPERTYSINGLEVALUE('Section',$,IFCLABEL('MC6X15.1'),$);
#2545=IFCPROPERTYSINGLEVALUE('SectionFamily',$,IFCLABEL('MC'),$);
#2546=IFCPROPERTYSINGLEVALUE('SectionSource',$,IFCLABEL('AISC Shapes Database v15.0 (US)'),$);
#2547=IFCPROPERTYSET('333HTxwGb6JeJsipBCDec2',$,'MF_Library',$,(#2548,#2549,#2550,#2551,#2552,#2553,#2554,#2555,#2556,#2557));
#2548=IFCPROPERTYSINGLEVALUE('Key',$,IFCLABEL('steel_channel_mc'),$);
#2549=IFCPROPERTYSINGLEVALUE('Family',$,IFCLABEL('Miscellaneous Channel'),$);
#2550=IFCPROPERTYSINGLEVALUE('TypeName',$,IFCLABEL('MC6X15.1'),$);
#2551=IFCPROPERTYSINGLEVALUE('Version',$,IFCLABEL('0.1.0'),$);
#2552=IFCPROPERTYSINGLEVALUE('License',$,IFCLABEL('CC0-1.0'),$);
#2553=IFCPROPERTYSINGLEVALUE('Source',$,IFCLABEL('massing-families'),$);
#2554=IFCPROPERTYSINGLEVALUE('Tier',$,IFCLABEL('L300'),$);
#2555=IFCPROPERTYSINGLEVALUE('Builder',$,IFCLABEL('profile'),$);
#2556=IFCPROPERTYSINGLEVALUE('Discipline',$,IFCLABEL('structural'),$);
#2557=IFCPROPERTYSINGLEVALUE('GeometryStatus',$,IFCLABEL('parametric'),$);
#2558=IFCPROPERTYSET('1nf86BIJvFKPzL4JRJdi3E',$,'MF_Quantities',$,(#2559,#2560,#2561,#2562,#2563));
#2559=IFCPROPERTYSINGLEVALUE('NominalWidth',$,IFCREAL(0.074676000000000006),$);
#2560=IFCPROPERTYSINGLEVALUE('NominalDepth',$,IFCREAL(0.15240000000000001),$);
#2561=IFCPROPERTYSINGLEVALUE('NominalHeight',$,IFCREAL(6.0960000000000001),$);
#2562=IFCPROPERTYSINGLEVALUE('NominalFootprintArea',$,IFCREAL(0.011381),$);
#2563=IFCPROPERTYSINGLEVALUE('NominalVolume',$,IFCREAL(0.069375999999999993),$);
#2564=IFCMEMBERTYPE('1P6SKKXS59KvToJ6sfaqhI',$,'Miscellaneous Channel - MC6X12',$,$,(#2581,#2585,#2596),(#2580),$,$,.NOTDEFINED.);
#2565=IFCCARTESIANPOINT((0.,0.));
#2566=IFCDIRECTION((1.,0.));
#2567=IFCAXIS2PLACEMENT2D(#2565,#2566);
#2568=IFCUSHAPEPROFILEDEF(.AREA.,'MC6X12',#2567,0.15240000000000001,0.063500000000000001,0.0078740000000000008,0.0095250000000000005,0.012699999999999999,$,$);
#2569=IFCCARTESIANPOINT((0.,0.,0.));
#2570=IFCDIRECTION((0.,0.,1.));
#2571=IFCDIRECTION((1.,0.,0.));
#2572=IFCAXIS2PLACEMENT3D(#2569,#2570,#2571);
#2573=IFCDIRECTION((0.,0.,1.));
#2574=IFCEXTRUDEDAREASOLID(#2568,#2572,#2573,6.0960000000000001);
#2575=IFCSHAPEREPRESENTATION(#11,'Body','SweptSolid',(#2574));
#2576=IFCCARTESIANPOINT((0.,0.,0.));
#2577=IFCDIRECTION((1.,0.,0.));
#2578=IFCDIRECTION((0.,0.,1.));
#2579=IFCAXIS2PLACEMENT3D(#2576,#2578,#2577);
#2580=IFCREPRESENTATIONMAP(#2579,#2575);
#2581=IFCPROPERTYSET('2jxmMZx9X45wwWsA_95Chz',$,'MF_Structural',$,(#2582,#2583,#2584));
#2582=IFCPROPERTYSINGLEVALUE('Section',$,IFCLABEL('MC6X12'),$);
#2583=IFCPROPERTYSINGLEVALUE('SectionFamily',$,IFCLABEL('MC'),$);
#2584=IFCPROPERTYSINGLEVALUE('SectionSource',$,IFCLABEL('AISC Shapes Database v15.0 (US)'),$);
#2585=IFCPROPERTYSET('0546CW46zDJQvPZKSK9vbn',$,'MF_Library',$,(#2586,#2587,#2588,#2589,#2590,#2591,#2592,#2593,#2594,#2595));
#2586=IFCPROPERTYSINGLEVALUE('Key',$,IFCLABEL('steel_channel_mc'),$);
#2587=IFCPROPERTYSINGLEVALUE('Family',$,IFCLABEL('Miscellaneous Channel'),$);
#2588=IFCPROPERTYSINGLEVALUE('TypeName',$,IFCLABEL('MC6X12'),$);
#2589=IFCPROPERTYSINGLEVALUE('Version',$,IFCLABEL('0.1.0'),$);
#2590=IFCPROPERTYSINGLEVALUE('License',$,IFCLABEL('CC0-1.0'),$);
#2591=IFCPROPERTYSINGLEVALUE('Source',$,IFCLABEL('massing-families'),$);
#2592=IFCPROPERTYSINGLEVALUE('Tier',$,IFCLABEL('L300'),$);
#2593=IFCPROPERTYSINGLEVALUE('Builder',$,IFCLABEL('profile'),$);
#2594=IFCPROPERTYSINGLEVALUE('Discipline',$,IFCLABEL('structural'),$);
#2595=IFCPROPERTYSINGLEVALUE('GeometryStatus',$,IFCLABEL('parametric'),$);
#2596=IFCPROPERTYSET('0EkJtiBMPF_91EQHuKAS2K',$,'MF_Quantities',$,(#2597,#2598,#2599,#2600,#2601));
#2597=IFCPROPERTYSINGLEVALUE('NominalWidth',$,IFCREAL(0.063500000000000001),$);
#2598=IFCPROPERTYSINGLEVALUE('NominalDepth',$,IFCREAL(0.15240000000000001),$);
#2599=IFCPROPERTYSINGLEVALUE('NominalHeight',$,IFCREAL(6.0960000000000001),$);
#2600=IFCPROPERTYSINGLEVALUE('NominalFootprintArea',$,IFCREAL(0.0096769999999999998),$);
#2601=IFCPROPERTYSINGLEVALUE('NominalVolume',$,IFCREAL(0.058992999999999997),$);
#2602=IFCMEMBERTYPE('3FKEumca5DyOTtqK$VXli_',$,'Miscellaneous Channel - MC6X7',$,$,(#2619,#2623,#2634),(#2618),$,$,.NOTDEFINED.);
#2603=IFCCARTESIANPOINT((0.,0.));
#2604=IFCDIRECTION((1.,0.));
#2605=IFCAXIS2PLACEMENT2D(#2603,#2604);
#2606=IFCUSHAPEPROFILEDEF(.AREA.,'MC6X7',#2605,0.15240000000000001,0.047752000000000003,0.0045465999999999996,0.0073914000000000002,0.0116586,$,$);
#2607=IFCCARTESIANPOINT((0.,0.,0.));
#2608=IFCDIRECTION((0.,0.,1.));
#2609=IFCDIRECTION((1.,0.,0.));
#2610=IFCAXIS2PLACEMENT3D(#2607,#2608,#2609);
#2611=IFCDIRECTION((0.,0.,1.));
#2612=IFCEXTRUDEDAREASOLID(#2606,#2610,#2611,6.0960000000000001);
#2613=IFCSHAPEREPRESENTATION(#11,'Body','SweptSolid',(#2612));
#2614=IFCCARTESIANPOINT((0.,0.,0.));
#2615=IFCDIRECTION((1.,0.,0.));
#2616=IFCDIRECTION((0.,0.,1.));
#2617=IFCAXIS2PLACEMENT3D(#2614,#2616,#2615);
#2618=IFCREPRESENTATIONMAP(#2617,#2613);
#2619=IFCPROPERTYSET('3zZ0n5m3b4mw1VV$US0lMd',$,'MF_Structural',$,(#2620,#2621,#2622));
#2620=IFCPROPERTYSINGLEVALUE('Section',$,IFCLABEL('MC6X7'),$);
#2621=IFCPROPERTYSINGLEVALUE('SectionFamily',$,IFCLABEL('MC'),$);
#2622=IFCPROPERTYSINGLEVALUE('SectionSource',$,IFCLABEL('AISC Shapes Database v15.0 (US)'),$);
#2623=IFCPROPERTYSET('3cOvrsypnAvgJljKH$z5nq',$,'MF_Library',$,(#2624,#2625,#2626,#2627,#2628,#2629,#2630,#2631,#2632,#2633));
#2624=IFCPROPERTYSINGLEVALUE('Key',$,IFCLABEL('steel_channel_mc'),$);
#2625=IFCPROPERTYSINGLEVALUE('Family',$,IFCLABEL('Miscellaneous Channel'),$);
#2626=IFCPROPERTYSINGLEVALUE('TypeName',$,IFCLABEL('MC6X7'),$);
#2627=IFCPROPERTYSINGLEVALUE('Version',$,IFCLABEL('0.1.0'),$);
#2628=IFCPROPERTYSINGLEVALUE('License',$,IFCLABEL('CC0-1.0'),$);
#2629=IFCPROPERTYSINGLEVALUE('Source',$,IFCLABEL('massing-families'),$);
#2630=IFCPROPERTYSINGLEVALUE('Tier',$,IFCLABEL('L300'),$);
#2631=IFCPROPERTYSINGLEVALUE('Builder',$,IFCLABEL('profile'),$);
#2632=IFCPROPERTYSINGLEVALUE('Discipline',$,IFCLABEL('structural'),$);
#2633=IFCPROPERTYSINGLEVALUE('GeometryStatus',$,IFCLABEL('parametric'),$);
#2634=IFCPROPERTYSET('2dGLY3GsbExBrD6$msC9ZE',$,'MF_Quantities',$,(#2635,#2636,#2637,#2638,#2639));
#2635=IFCPROPERTYSINGLEVALUE('NominalWidth',$,IFCREAL(0.047752000000000003),$);
#2636=IFCPROPERTYSINGLEVALUE('NominalDepth',$,IFCREAL(0.15240000000000001),$);
#2637=IFCPROPERTYSINGLEVALUE('NominalHeight',$,IFCREAL(6.0960000000000001),$);
#2638=IFCPROPERTYSINGLEVALUE('NominalFootprintArea',$,IFCREAL(0.0072769999999999996),$);
#2639=IFCPROPERTYSINGLEVALUE('NominalVolume',$,IFCREAL(0.044363),$);
#2640=IFCMEMBERTYPE('0Kdv$wttDC3gtvbYpROK9Z',$,'Miscellaneous Channel - MC6X6.5',$,$,(#2657,#2661,#2672),(#2656),$,$,.NOTDEFINED.);
#2641=IFCCARTESIANPOINT((0.,0.));
#2642=IFCDIRECTION((1.,0.));
#2643=IFCAXIS2PLACEMENT2D(#2641,#2642);
#2644=IFCUSHAPEPROFILEDEF(.AREA.,'MC6X6.5',#2643,0.15240000000000001,0.046989999999999997,0.0039370000000000004,0.0073914000000000002,0.0116586,$,$);
#2645=IFCCARTESIANPOINT((0.,0.,0.));
#2646=IFCDIRECTION((0.,0.,1.));
#2647=IFCDIRECTION((1.,0.,0.));
#2648=IFCAXIS2PLACEMENT3D(#2645,#2646,#2647);
#2649=IFCDIRECTION((0.,0.,1.));
#2650=IFCEXTRUDEDAREASOLID(#2644,#2648,#2649,6.0960000000000001);
#2651=IFCSHAPEREPRESENTATION(#11,'Body','SweptSolid',(#2650));
#2652=IFCCARTESIANPOINT((0.,0.,0.));
#2653=IFCDIRECTION((1.,0.,0.));
#2654=IFCDIRECTION((0.,0.,1.));
#2655=IFCAXIS2PLACEMENT3D(#2652,#2654,#2653);
#2656=IFCREPRESENTATIONMAP(#2655,#2651);
#2657=IFCPROPERTYSET('31C4_wrqH9UwwHWJwz4umM',$,'MF_Structural',$,(#2658,#2659,#2660));
#2658=IFCPROPERTYSINGLEVALUE('Section',$,IFCLABEL('MC6X6.5'),$);
#2659=IFCPROPERTYSINGLEVALUE('SectionFamily',$,IFCLABEL('MC'),$);
#2660=IFCPROPERTYSINGLEVALUE('SectionSource',$,IFCLABEL('AISC Shapes Database v15.0 (US)'),$);
#2661=IFCPROPERTYSET('0JeDGzZHb7eAu1VN8MDGkS',$,'MF_Library',$,(#2662,#2663,#2664,#2665,#2666,#2667,#2668,#2669,#2670,#2671));
#2662=IFCPROPERTYSINGLEVALUE('Key',$,IFCLABEL('steel_channel_mc'),$);
#2663=IFCPROPERTYSINGLEVALUE('Family',$,IFCLABEL('Miscellaneous Channel'),$);
#2664=IFCPROPERTYSINGLEVALUE('TypeName',$,IFCLABEL('MC6X6.5'),$);
#2665=IFCPROPERTYSINGLEVALUE('Version',$,IFCLABEL('0.1.0'),$);
#2666=IFCPROPERTYSINGLEVALUE('License',$,IFCLABEL('CC0-1.0'),$);
#2667=IFCPROPERTYSINGLEVALUE('Source',$,IFCLABEL('massing-families'),$);
#2668=IFCPROPERTYSINGLEVALUE('Tier',$,IFCLABEL('L300'),$);
#2669=IFCPROPERTYSINGLEVALUE('Builder',$,IFCLABEL('profile'),$);
#2670=IFCPROPERTYSINGLEVALUE('Discipline',$,IFCLABEL('structural'),$);
#2671=IFCPROPERTYSINGLEVALUE('GeometryStatus',$,IFCLABEL('parametric'),$);
#2672=IFCPROPERTYSET('1Z2olYZPL9ovk1iWuQ2pE2',$,'MF_Quantities',$,(#2673,#2674,#2675,#2676,#2677));
#2673=IFCPROPERTYSINGLEVALUE('NominalWidth',$,IFCREAL(0.046989999999999997),$);
#2674=IFCPROPERTYSINGLEVALUE('NominalDepth',$,IFCREAL(0.15240000000000001),$);
#2675=IFCPROPERTYSINGLEVALUE('NominalHeight',$,IFCREAL(6.0960000000000001),$);
#2676=IFCPROPERTYSINGLEVALUE('NominalFootprintArea',$,IFCREAL(0.0071609999999999998),$);
#2677=IFCPROPERTYSINGLEVALUE('NominalVolume',$,IFCREAL(0.043654999999999999),$);
#2678=IFCMEMBERTYPE('0TNy8q02PDh9RqXeT93xYV',$,'Miscellaneous Channel - MC4X13.8',$,$,(#2695,#2699,#2710),(#2694),$,$,.NOTDEFINED.);
#2679=IFCCARTESIANPOINT((0.,0.));
#2680=IFCDIRECTION((1.,0.));
#2681=IFCAXIS2PLACEMENT2D(#2679,#2680);
#2682=IFCUSHAPEPROFILEDEF(.AREA.,'MC4X13.8',#2681,0.1016,0.063500000000000001,0.012699999999999999,0.012699999999999999,0.012699999999999999,$,$);
#2683=IFCCARTESIANPOINT((0.,0.,0.));
#2684=IFCDIRECTION((0.,0.,1.));
#2685=IFCDIRECTION((1.,0.,0.));
#2686=IFCAXIS2PLACEMENT3D(#2683,#2684,#2685);
#2687=IFCDIRECTION((0.,0.,1.));
#2688=IFCEXTRUDEDAREASOLID(#2682,#2686,#2687,6.0960000000000001);
#2689=IFCSHAPEREPRESENTATION(#11,'Body','SweptSolid',(#2688));
#2690=IFCCARTESIANPOINT((0.,0.,0.));
#2691=IFCDIRECTION((1.,0.,0.));
#2692=IFCDIRECTION((0.,0.,1.));
#2693=IFCAXIS2PLACEMENT3D(#2690,#2692,#2691);
#2694=IFCREPRESENTATIONMAP(#2693,#2689);
#2695=IFCPROPERTYSET('1$G564I2b8wwDTdhJO9yo$',$,'MF_Structural',$,(#2696,#2697,#2698));
#2696=IFCPROPERTYSINGLEVALUE('Section',$,IFCLABEL('MC4X13.8'),$);
#2697=IFCPROPERTYSINGLEVALUE('SectionFamily',$,IFCLABEL('MC'),$);
#2698=IFCPROPERTYSINGLEVALUE('SectionSource',$,IFCLABEL('AISC Shapes Database v15.0 (US)'),$);
#2699=IFCPROPERTYSET('2zP8llhhr3dBVPfmvcT1wR',$,'MF_Library',$,(#2700,#2701,#2702,#2703,#2704,#2705,#2706,#2707,#2708,#2709));
#2700=IFCPROPERTYSINGLEVALUE('Key',$,IFCLABEL('steel_channel_mc'),$);
#2701=IFCPROPERTYSINGLEVALUE('Family',$,IFCLABEL('Miscellaneous Channel'),$);
#2702=IFCPROPERTYSINGLEVALUE('TypeName',$,IFCLABEL('MC4X13.8'),$);
#2703=IFCPROPERTYSINGLEVALUE('Version',$,IFCLABEL('0.1.0'),$);
#2704=IFCPROPERTYSINGLEVALUE('License',$,IFCLABEL('CC0-1.0'),$);
#2705=IFCPROPERTYSINGLEVALUE('Source',$,IFCLABEL('massing-families'),$);
#2706=IFCPROPERTYSINGLEVALUE('Tier',$,IFCLABEL('L300'),$);
#2707=IFCPROPERTYSINGLEVALUE('Builder',$,IFCLABEL('profile'),$);
#2708=IFCPROPERTYSINGLEVALUE('Discipline',$,IFCLABEL('structural'),$);
#2709=IFCPROPERTYSINGLEVALUE('GeometryStatus',$,IFCLABEL('parametric'),$);
#2710=IFCPROPERTYSET('1HhgMXsKLD4vhus_ZKwTbW',$,'MF_Quantities',$,(#2711,#2712,#2713,#2714,#2715));
#2711=IFCPROPERTYSINGLEVALUE('NominalWidth',$,IFCREAL(0.063500000000000001),$);
#2712=IFCPROPERTYSINGLEVALUE('NominalDepth',$,IFCREAL(0.1016),$);
#2713=IFCPROPERTYSINGLEVALUE('NominalHeight',$,IFCREAL(6.0960000000000001),$);
#2714=IFCPROPERTYSINGLEVALUE('NominalFootprintArea',$,IFCREAL(0.0064520000000000003),$);
#2715=IFCPROPERTYSINGLEVALUE('NominalVolume',$,IFCREAL(0.039329000000000003),$);
#2716=IFCMEMBERTYPE('2chUXmUrP8aBigCvuZEcDN',$,'Miscellaneous Channel - MC3X7.1',$,$,(#2733,#2737,#2748),(#2732),$,$,.NOTDEFINED.);
#2717=IFCCARTESIANPOINT((0.,0.));
#2718=IFCDIRECTION((1.,0.));
#2719=IFCAXIS2PLACEMENT2D(#2717,#2718);
#2720=IFCUSHAPEPROFILEDEF(.AREA.,'MC3X7.1',#2719,0.076200000000000004,0.049276,0.0079247999999999992,0.0089154000000000004,0.0117348,$,$);
#2721=IFCCARTESIANPOINT((0.,0.,0.));
#2722=IFCDIRECTION((0.,0.,1.));
#2723=IFCDIRECTION((1.,0.,0.));
#2724=IFCAXIS2PLACEMENT3D(#2721,#2722,#2723);
#2725=IFCDIRECTION((0.,0.,1.));
#2726=IFCEXTRUDEDAREASOLID(#2720,#2724,#2725,6.0960000000000001);
#2727=IFCSHAPEREPRESENTATION(#11,'Body','SweptSolid',(#2726));
#2728=IFCCARTESIANPOINT((0.,0.,0.));
#2729=IFCDIRECTION((1.,0.,0.));
#2730=IFCDIRECTION((0.,0.,1.));
#2731=IFCAXIS2PLACEMENT3D(#2728,#2730,#2729);
#2732=IFCREPRESENTATIONMAP(#2731,#2727);
#2733=IFCPROPERTYSET('2HqO$4eqvAbPdoSqq_I8IX',$,'MF_Structural',$,(#2734,#2735,#2736));
#2734=IFCPROPERTYSINGLEVALUE('Section',$,IFCLABEL('MC3X7.1'),$);
#2735=IFCPROPERTYSINGLEVALUE('SectionFamily',$,IFCLABEL('MC'),$);
#2736=IFCPROPERTYSINGLEVALUE('SectionSource',$,IFCLABEL('AISC Shapes Database v15.0 (US)'),$);
#2737=IFCPROPERTYSET('2GUN_m38HDfQPA$lywtRzU',$,'MF_Library',$,(#2738,#2739,#2740,#2741,#2742,#2743,#2744,#2745,#2746,#2747));
#2738=IFCPROPERTYSINGLEVALUE('Key',$,IFCLABEL('steel_channel_mc'),$);
#2739=IFCPROPERTYSINGLEVALUE('Family',$,IFCLABEL('Miscellaneous Channel'),$);
#2740=IFCPROPERTYSINGLEVALUE('TypeName',$,IFCLABEL('MC3X7.1'),$);
#2741=IFCPROPERTYSINGLEVALUE('Version',$,IFCLABEL('0.1.0'),$);
#2742=IFCPROPERTYSINGLEVALUE('License',$,IFCLABEL('CC0-1.0'),$);
#2743=IFCPROPERTYSINGLEVALUE('Source',$,IFCLABEL('massing-families'),$);
#2744=IFCPROPERTYSINGLEVALUE('Tier',$,IFCLABEL('L300'),$);
#2745=IFCPROPERTYSINGLEVALUE('Builder',$,IFCLABEL('profile'),$);
#2746=IFCPROPERTYSINGLEVALUE('Discipline',$,IFCLABEL('structural'),$);
#2747=IFCPROPERTYSINGLEVALUE('GeometryStatus',$,IFCLABEL('parametric'),$);
#2748=IFCPROPERTYSET('2W$5RVTofDxRonzVJ8aBkD',$,'MF_Quantities',$,(#2749,#2750,#2751,#2752,#2753));
#2749=IFCPROPERTYSINGLEVALUE('NominalWidth',$,IFCREAL(0.049276),$);
#2750=IFCPROPERTYSINGLEVALUE('NominalDepth',$,IFCREAL(0.076200000000000004),$);
#2751=IFCPROPERTYSINGLEVALUE('NominalHeight',$,IFCREAL(6.0960000000000001),$);
#2752=IFCPROPERTYSINGLEVALUE('NominalFootprintArea',$,IFCREAL(0.0037550000000000001),$);
#2753=IFCPROPERTYSINGLEVALUE('NominalVolume',$,IFCREAL(0.022889),$);
#2754=IFCMEMBERTYPE('2ZkuYbS1T19Rnb2UZRr98D',$,'Angle - L12X12X1-3/8',$,$,(#2771,#2775,#2786),(#2770),$,$,.NOTDEFINED.);
#2755=IFCCARTESIANPOINT((0.,0.));
#2756=IFCDIRECTION((1.,0.));
#2757=IFCAXIS2PLACEMENT2D(#2755,#2756);
#2758=IFCLSHAPEPROFILEDEF(.AREA.,'L12X12X1-3/8',#2757,0.30480000000000002,0.30480000000000002,0.035052,0.,$,$);
#2759=IFCCARTESIANPOINT((0.,0.,0.));
#2760=IFCDIRECTION((0.,0.,1.));
#2761=IFCDIRECTION((1.,0.,0.));
#2762=IFCAXIS2PLACEMENT3D(#2759,#2760,#2761);
#2763=IFCDIRECTION((0.,0.,1.));
#2764=IFCEXTRUDEDAREASOLID(#2758,#2762,#2763,3.048);
#2765=IFCSHAPEREPRESENTATION(#11,'Body','SweptSolid',(#2764));
#2766=IFCCARTESIANPOINT((0.,0.,0.));
#2767=IFCDIRECTION((1.,0.,0.));
#2768=IFCDIRECTION((0.,0.,1.));
#2769=IFCAXIS2PLACEMENT3D(#2766,#2768,#2767);
#2770=IFCREPRESENTATIONMAP(#2769,#2765);
#2771=IFCPROPERTYSET('3Awq_YYtr1sh1cRapqvs5Z',$,'MF_Structural',$,(#2772,#2773,#2774));
#2772=IFCPROPERTYSINGLEVALUE('Section',$,IFCLABEL('L12X12X1-3/8'),$);
#2773=IFCPROPERTYSINGLEVALUE('SectionFamily',$,IFCLABEL('L'),$);
#2774=IFCPROPERTYSINGLEVALUE('SectionSource',$,IFCLABEL('AISC Shapes Database v15.0 (US)'),$);
#2775=IFCPROPERTYSET('1sXAZa1mj1wPJqAuJeDSFb',$,'MF_Library',$,(#2776,#2777,#2778,#2779,#2780,#2781,#2782,#2783,#2784,#2785));
#2776=IFCPROPERTYSINGLEVALUE('Key',$,IFCLABEL('steel_angle'),$);
#2777=IFCPROPERTYSINGLEVALUE('Family',$,IFCLABEL('Angle'),$);
#2778=IFCPROPERTYSINGLEVALUE('TypeName',$,IFCLABEL('L12X12X1-3/8'),$);
#2779=IFCPROPERTYSINGLEVALUE('Version',$,IFCLABEL('0.1.0'),$);
#2780=IFCPROPERTYSINGLEVALUE('License',$,IFCLABEL('CC0-1.0'),$);
#2781=IFCPROPERTYSINGLEVALUE('Source',$,IFCLABEL('massing-families'),$);
#2782=IFCPROPERTYSINGLEVALUE('Tier',$,IFCLABEL('L300'),$);
#2783=IFCPROPERTYSINGLEVALUE('Builder',$,IFCLABEL('profile'),$);
#2784=IFCPROPERTYSINGLEVALUE('Discipline',$,IFCLABEL('structural'),$);
#2785=IFCPROPERTYSINGLEVALUE('GeometryStatus',$,IFCLABEL('parametric'),$);
#2786=IFCPROPERTYSET('071EaG9E1BTgM9rHr3VSg4',$,'MF_Quantities',$,(#2787,#2788,#2789,#2790,#2791));
#2787=IFCPROPERTYSINGLEVALUE('NominalWidth',$,IFCREAL(0.30480000000000002),$);
#2788=IFCPROPERTYSINGLEVALUE('NominalDepth',$,IFCREAL(0.30480000000000002),$);
#2789=IFCPROPERTYSINGLEVALUE('NominalHeight',$,IFCREAL(3.048),$);
#2790=IFCPROPERTYSINGLEVALUE('NominalFootprintArea',$,IFCREAL(0.092902999999999999),$);
#2791=IFCPROPERTYSINGLEVALUE('NominalVolume',$,IFCREAL(0.28316799999999998),$);
#2792=IFCMEMBERTYPE('2uY5L9f9rDwPccT0NckB9$',$,'Angle - L12X12X1-1/4',$,$,(#2809,#2813,#2824),(#2808),$,$,.NOTDEFINED.);
#2793=IFCCARTESIANPOINT((0.,0.));
#2794=IFCDIRECTION((1.,0.));
#2795=IFCAXIS2PLACEMENT2D(#2793,#2794);
#2796=IFCLSHAPEPROFILEDEF(.AREA.,'L12X12X1-1/4',#2795,0.30480000000000002,0.30480000000000002,0.03175,0.,$,$);
#2797=IFCCARTESIANPOINT((0.,0.,0.));
#2798=IFCDIRECTION((0.,0.,1.));
#2799=IFCDIRECTION((1.,0.,0.));
#2800=IFCAXIS2PLACEMENT3D(#2797,#2798,#2799);
#2801=IFCDIRECTION((0.,0.,1.));
#2802=IFCEXTRUDEDAREASOLID(#2796,#2800,#2801,3.048);
#2803=IFCSHAPEREPRESENTATION(#11,'Body','SweptSolid',(#2802));
#2804=IFCCARTESIANPOINT((0.,0.,0.));
#2805=IFCDIRECTION((1.,0.,0.));
#2806=IFCDIRECTION((0.,0.,1.));
#2807=IFCAXIS2PLACEMENT3D(#2804,#2806,#2805);
#2808=IFCREPRESENTATIONMAP(#2807,#2803);
#2809=IFCPROPERTYSET('0Njmb2xJXD9QOdxpnlBTYZ',$,'MF_Structural',$,(#2810,#2811,#2812));
#2810=IFCPROPERTYSINGLEVALUE('Section',$,IFCLABEL('L12X12X1-1/4'),$);
#2811=IFCPROPERTYSINGLEVALUE('SectionFamily',$,IFCLABEL('L'),$);
#2812=IFCPROPERTYSINGLEVALUE('SectionSource',$,IFCLABEL('AISC Shapes Database v15.0 (US)'),$);
#2813=IFCPROPERTYSET('3WXoI3ianFJQ2Mgkdjtfzv',$,'MF_Library',$,(#2814,#2815,#2816,#2817,#2818,#2819,#2820,#2821,#2822,#2823));
#2814=IFCPROPERTYSINGLEVALUE('Key',$,IFCLABEL('steel_angle'),$);
#2815=IFCPROPERTYSINGLEVALUE('Family',$,IFCLABEL('Angle'),$);
#2816=IFCPROPERTYSINGLEVALUE('TypeName',$,IFCLABEL('L12X12X1-1/4'),$);
#2817=IFCPROPERTYSINGLEVALUE('Version',$,IFCLABEL('0.1.0'),$);
#2818=IFCPROPERTYSINGLEVALUE('License',$,IFCLABEL('CC0-1.0'),$);
#2819=IFCPROPERTYSINGLEVALUE('Source',$,IFCLABEL('massing-families'),$);
#2820=IFCPROPERTYSINGLEVALUE('Tier',$,IFCLABEL('L300'),$);
#2821=IFCPROPERTYSINGLEVALUE('Builder',$,IFCLABEL('profile'),$);
#2822=IFCPROPERTYSINGLEVALUE('Discipline',$,IFCLABEL('structural'),$);
#2823=IFCPROPERTYSINGLEVALUE('GeometryStatus',$,IFCLABEL('parametric'),$);
#2824=IFCPROPERTYSET('3e6P73yi54Agpl1q4yNGzY',$,'MF_Quantities',$,(#2825,#2826,#2827,#2828,#2829));
#2825=IFCPROPERTYSINGLEVALUE('NominalWidth',$,IFCREAL(0.30480000000000002),$);
#2826=IFCPROPERTYSINGLEVALUE('NominalDepth',$,IFCREAL(0.30480000000000002),$);
#2827=IFCPROPERTYSINGLEVALUE('NominalHeight',$,IFCREAL(3.048),$);
#2828=IFCPROPERTYSINGLEVALUE('NominalFootprintArea',$,IFCREAL(0.092902999999999999),$);
#2829=IFCPROPERTYSINGLEVALUE('NominalVolume',$,IFCREAL(0.28316799999999998),$);
#2830=IFCMEMBERTYPE('3sQaAKbKL9YwJXDTCS5gVE',$,'Angle - L12X12X1-1/8',$,$,(#2847,#2851,#2862),(#2846),$,$,.NOTDEFINED.);
#2831=IFCCARTESIANPOINT((0.,0.));
#2832=IFCDIRECTION((1.,0.));
#2833=IFCAXIS2PLACEMENT2D(#2831,#2832);
#2834=IFCLSHAPEPROFILEDEF(.AREA.,'L12X12X1-1/8',#2833,0.30480000000000002,0.30480000000000002,0.028701999999999998,0.,$,$);
#2835=IFCCARTESIANPOINT((0.,0.,0.));
#2836=IFCDIRECTION((0.,0.,1.));
#2837=IFCDIRECTION((1.,0.,0.));
#2838=IFCAXIS2PLACEMENT3D(#2835,#2836,#2837);
#2839=IFCDIRECTION((0.,0.,1.));
#2840=IFCEXTRUDEDAREASOLID(#2834,#2838,#2839,3.048);
#2841=IFCSHAPEREPRESENTATION(#11,'Body','SweptSolid',(#2840));
#2842=IFCCARTESIANPOINT((0.,0.,0.));
#2843=IFCDIRECTION((1.,0.,0.));
#2844=IFCDIRECTION((0.,0.,1.));
#2845=IFCAXIS2PLACEMENT3D(#2842,#2844,#2843);
#2846=IFCREPRESENTATIONMAP(#2845,#2841);
#2847=IFCPROPERTYSET('0irtOlODvATxYznt3Ow$7N',$,'MF_Structural',$,(#2848,#2849,#2850));
#2848=IFCPROPERTYSINGLEVALUE('Section',$,IFCLABEL('L12X12X1-1/8'),$);
#2849=IFCPROPERTYSINGLEVALUE('SectionFamily',$,IFCLABEL('L'),$);
#2850=IFCPROPERTYSINGLEVALUE('SectionSource',$,IFCLABEL('AISC Shapes Database v15.0 (US)'),$);
#2851=IFCPROPERTYSET('21_ErnueXB3AF7vJuuC_og',$,'MF_Library',$,(#2852,#2853,#2854,#2855,#2856,#2857,#2858,#2859,#2860,#2861));
#2852=IFCPROPERTYSINGLEVALUE('Key',$,IFCLABEL('steel_angle'),$);
#2853=IFCPROPERTYSINGLEVALUE('Family',$,IFCLABEL('Angle'),$);
#2854=IFCPROPERTYSINGLEVALUE('TypeName',$,IFCLABEL('L12X12X1-1/8'),$);
#2855=IFCPROPERTYSINGLEVALUE('Version',$,IFCLABEL('0.1.0'),$);
#2856=IFCPROPERTYSINGLEVALUE('License',$,IFCLABEL('CC0-1.0'),$);
#2857=IFCPROPERTYSINGLEVALUE('Source',$,IFCLABEL('massing-families'),$);
#2858=IFCPROPERTYSINGLEVALUE('Tier',$,IFCLABEL('L300'),$);
#2859=IFCPROPERTYSINGLEVALUE('Builder',$,IFCLABEL('profile'),$);
#2860=IFCPROPERTYSINGLEVALUE('Discipline',$,IFCLABEL('structural'),$);
#2861=IFCPROPERTYSINGLEVALUE('GeometryStatus',$,IFCLABEL('parametric'),$);
#2862=IFCPROPERTYSET('2aQWkyxnT2QeGYf6buAQm9',$,'MF_Quantities',$,(#2863,#2864,#2865,#2866,#2867));
#2863=IFCPROPERTYSINGLEVALUE('NominalWidth',$,IFCREAL(0.30480000000000002),$);
#2864=IFCPROPERTYSINGLEVALUE('NominalDepth',$,IFCREAL(0.30480000000000002),$);
#2865=IFCPROPERTYSINGLEVALUE('NominalHeight',$,IFCREAL(3.048),$);
#2866=IFCPROPERTYSINGLEVALUE('NominalFootprintArea',$,IFCREAL(0.092902999999999999),$);
#2867=IFCPROPERTYSINGLEVALUE('NominalVolume',$,IFCREAL(0.28316799999999998),$);
#2868=IFCMEMBERTYPE('226yy$qkL4X8sCmFjzu3D9',$,'Angle - L12X12X1',$,$,(#2885,#2889,#2900),(#2884),$,$,.NOTDEFINED.);
#2869=IFCCARTESIANPOINT((0.,0.));
#2870=IFCDIRECTION((1.,0.));
#2871=IFCAXIS2PLACEMENT2D(#2869,#2870);
#2872=IFCLSHAPEPROFILEDEF(.AREA.,'L12X12X1',#2871,0.30480000000000002,0.30480000000000002,0.025399999999999999,0.,$,$);
#2873=IFCCARTESIANPOINT((0.,0.,0.));
#2874=IFCDIRECTION((0.,0.,1.));
#2875=IFCDIRECTION((1.,0.,0.));
#2876=IFCAXIS2PLACEMENT3D(#2873,#2874,#2875);
#2877=IFCDIRECTION((0.,0.,1.));
#2878=IFCEXTRUDEDAREASOLID(#2872,#2876,#2877,3.048);
#2879=IFCSHAPEREPRESENTATION(#11,'Body','SweptSolid',(#2878));
#2880=IFCCARTESIANPOINT((0.,0.,0.));
#2881=IFCDIRECTION((1.,0.,0.));
#2882=IFCDIRECTION((0.,0.,1.));
#2883=IFCAXIS2PLACEMENT3D(#2880,#2882,#2881);
#2884=IFCREPRESENTATIONMAP(#2883,#2879);
#2885=IFCPROPERTYSET('06oNGZ28jFyej$srRV5h7R',$,'MF_Structural',$,(#2886,#2887,#2888));
#2886=IFCPROPERTYSINGLEVALUE('Section',$,IFCLABEL('L12X12X1'),$);
#2887=IFCPROPERTYSINGLEVALUE('SectionFamily',$,IFCLABEL('L'),$);
#2888=IFCPROPERTYSINGLEVALUE('SectionSource',$,IFCLABEL('AISC Shapes Database v15.0 (US)'),$);
#2889=IFCPROPERTYSET('194kNv2Lf2PxvZJLNEt18r',$,'MF_Library',$,(#2890,#2891,#2892,#2893,#2894,#2895,#2896,#2897,#2898,#2899));
#2890=IFCPROPERTYSINGLEVALUE('Key',$,IFCLABEL('steel_angle'),$);
#2891=IFCPROPERTYSINGLEVALUE('Family',$,IFCLABEL('Angle'),$);
#2892=IFCPROPERTYSINGLEVALUE('TypeName',$,IFCLABEL('L12X12X1'),$);
#2893=IFCPROPERTYSINGLEVALUE('Version',$,IFCLABEL('0.1.0'),$);
#2894=IFCPROPERTYSINGLEVALUE('License',$,IFCLABEL('CC0-1.0'),$);
#2895=IFCPROPERTYSINGLEVALUE('Source',$,IFCLABEL('massing-families'),$);
#2896=IFCPROPERTYSINGLEVALUE('Tier',$,IFCLABEL('L300'),$);
#2897=IFCPROPERTYSINGLEVALUE('Builder',$,IFCLABEL('profile'),$);
#2898=IFCPROPERTYSINGLEVALUE('Discipline',$,IFCLABEL('structural'),$);
#2899=IFCPROPERTYSINGLEVALUE('GeometryStatus',$,IFCLABEL('parametric'),$);
#2900=IFCPROPERTYSET('2XbOPbtg9CA9eAJyDJF0X6',$,'MF_Quantities',$,(#2901,#2902,#2903,#2904,#2905));
#2901=IFCPROPERTYSINGLEVALUE('NominalWidth',$,IFCREAL(0.30480000000000002),$);
#2902=IFCPROPERTYSINGLEVALUE('NominalDepth',$,IFCREAL(0.30480000000000002),$);
#2903=IFCPROPERTYSINGLEVALUE('NominalHeight',$,IFCREAL(3.048),$);
#2904=IFCPROPERTYSINGLEVALUE('NominalFootprintArea',$,IFCREAL(0.092902999999999999),$);
#2905=IFCPROPERTYSINGLEVALUE('NominalVolume',$,IFCREAL(0.28316799999999998),$);
#2906=IFCMEMBERTYPE('2TGnI8X3T96PKCtS1TArrA',$,'Angle - L10X10X1-3/8',$,$,(#2923,#2927,#2938),(#2922),$,$,.NOTDEFINED.);
#2907=IFCCARTESIANPOINT((0.,0.));
#2908=IFCDIRECTION((1.,0.));
#2909=IFCAXIS2PLACEMENT2D(#2907,#2908);
#2910=IFCLSHAPEPROFILEDEF(.AREA.,'L10X10X1-3/8',#2909,0.254,0.254,0.035052,0.,$,$);
#2911=IFCCARTESIANPOINT((0.,0.,0.));
#2912=IFCDIRECTION((0.,0.,1.));
#2913=IFCDIRECTION((1.,0.,0.));
#2914=IFCAXIS2PLACEMENT3D(#2911,#2912,#2913);
#2915=IFCDIRECTION((0.,0.,1.));
#2916=IFCEXTRUDEDAREASOLID(#2910,#2914,#2915,3.048);
#2917=IFCSHAPEREPRESENTATION(#11,'Body','SweptSolid',(#2916));
#2918=IFCCARTESIANPOINT((0.,0.,0.));
#2919=IFCDIRECTION((1.,0.,0.));
#2920=IFCDIRECTION((0.,0.,1.));
#2921=IFCAXIS2PLACEMENT3D(#2918,#2920,#2919);
#2922=IFCREPRESENTATIONMAP(#2921,#2917);
#2923=IFCPROPERTYSET('1VGxdej9D4WwfZGEuqJzy9',$,'MF_Structural',$,(#2924,#2925,#2926));
#2924=IFCPROPERTYSINGLEVALUE('Section',$,IFCLABEL('L10X10X1-3/8'),$);
#2925=IFCPROPERTYSINGLEVALUE('SectionFamily',$,IFCLABEL('L'),$);
#2926=IFCPROPERTYSINGLEVALUE('SectionSource',$,IFCLABEL('AISC Shapes Database v15.0 (US)'),$);
#2927=IFCPROPERTYSET('0RkAUCEsz6kuKNRJNIgndf',$,'MF_Library',$,(#2928,#2929,#2930,#2931,#2932,#2933,#2934,#2935,#2936,#2937));
#2928=IFCPROPERTYSINGLEVALUE('Key',$,IFCLABEL('steel_angle'),$);
#2929=IFCPROPERTYSINGLEVALUE('Family',$,IFCLABEL('Angle'),$);
#2930=IFCPROPERTYSINGLEVALUE('TypeName',$,IFCLABEL('L10X10X1-3/8'),$);
#2931=IFCPROPERTYSINGLEVALUE('Version',$,IFCLABEL('0.1.0'),$);
#2932=IFCPROPERTYSINGLEVALUE('License',$,IFCLABEL('CC0-1.0'),$);
#2933=IFCPROPERTYSINGLEVALUE('Source',$,IFCLABEL('massing-families'),$);
#2934=IFCPROPERTYSINGLEVALUE('Tier',$,IFCLABEL('L300'),$);
#2935=IFCPROPERTYSINGLEVALUE('Builder',$,IFCLABEL('profile'),$);
#2936=IFCPROPERTYSINGLEVALUE('Discipline',$,IFCLABEL('structural'),$);
#2937=IFCPROPERTYSINGLEVALUE('GeometryStatus',$,IFCLABEL('parametric'),$);
#2938=IFCPROPERTYSET('0XOpAYjIz3GBiEcEga31TX',$,'MF_Quantities',$,(#2939,#2940,#2941,#2942,#2943));
#2939=IFCPROPERTYSINGLEVALUE('NominalWidth',$,IFCREAL(0.254),$);
#2940=IFCPROPERTYSINGLEVALUE('NominalDepth',$,IFCREAL(0.254),$);
#2941=IFCPROPERTYSINGLEVALUE('NominalHeight',$,IFCREAL(3.048),$);
#2942=IFCPROPERTYSINGLEVALUE('NominalFootprintArea',$,IFCREAL(0.064516000000000004),$);
#2943=IFCPROPERTYSINGLEVALUE('NominalVolume',$,IFCREAL(0.19664499999999999),$);
#2944=IFCMEMBERTYPE('1sWPB2KNLB1OlQGqFgNTT2',$,'Angle - L10X10X1-1/4',$,$,(#2961,#2965,#2976),(#2960),$,$,.NOTDEFINED.);
#2945=IFCCARTESIANPOINT((0.,0.));
#2946=IFCDIRECTION((1.,0.));
#2947=IFCAXIS2PLACEMENT2D(#2945,#2946);
#2948=IFCLSHAPEPROFILEDEF(.AREA.,'L10X10X1-1/4',#2947,0.254,0.254,0.03175,0.,$,$);
#2949=IFCCARTESIANPOINT((0.,0.,0.));
#2950=IFCDIRECTION((0.,0.,1.));
#2951=IFCDIRECTION((1.,0.,0.));
#2952=IFCAXIS2PLACEMENT3D(#2949,#2950,#2951);
#2953=IFCDIRECTION((0.,0.,1.));
#2954=IFCEXTRUDEDAREASOLID(#2948,#2952,#2953,3.048);
#2955=IFCSHAPEREPRESENTATION(#11,'Body','SweptSolid',(#2954));
#2956=IFCCARTESIANPOINT((0.,0.,0.));
#2957=IFCDIRECTION((1.,0.,0.));
#2958=IFCDIRECTION((0.,0.,1.));
#2959=IFCAXIS2PLACEMENT3D(#2956,#2958,#2957);
#2960=IFCREPRESENTATIONMAP(#2959,#2955);
#2961=IFCPROPERTYSET('1oDZAQ7STASuYdQAukYmue',$,'MF_Structural',$,(#2962,#2963,#2964));
#2962=IFCPROPERTYSINGLEVALUE('Section',$,IFCLABEL('L10X10X1-1/4'),$);
#2963=IFCPROPERTYSINGLEVALUE('SectionFamily',$,IFCLABEL('L'),$);
#2964=IFCPROPERTYSINGLEVALUE('SectionSource',$,IFCLABEL('AISC Shapes Database v15.0 (US)'),$);
#2965=IFCPROPERTYSET('01A_hu7$n4zvuBCC9A0NFj',$,'MF_Library',$,(#2966,#2967,#2968,#2969,#2970,#2971,#2972,#2973,#2974,#2975));
#2966=IFCPROPERTYSINGLEVALUE('Key',$,IFCLABEL('steel_angle'),$);
#2967=IFCPROPERTYSINGLEVALUE('Family',$,IFCLABEL('Angle'),$);
#2968=IFCPROPERTYSINGLEVALUE('TypeName',$,IFCLABEL('L10X10X1-1/4'),$);
#2969=IFCPROPERTYSINGLEVALUE('Version',$,IFCLABEL('0.1.0'),$);
#2970=IFCPROPERTYSINGLEVALUE('License',$,IFCLABEL('CC0-1.0'),$);
#2971=IFCPROPERTYSINGLEVALUE('Source',$,IFCLABEL('massing-families'),$);
#2972=IFCPROPERTYSINGLEVALUE('Tier',$,IFCLABEL('L300'),$);
#2973=IFCPROPERTYSINGLEVALUE('Builder',$,IFCLABEL('profile'),$);
#2974=IFCPROPERTYSINGLEVALUE('Discipline',$,IFCLABEL('structural'),$);
#2975=IFCPROPERTYSINGLEVALUE('GeometryStatus',$,IFCLABEL('parametric'),$);
#2976=IFCPROPERTYSET('35qjeAT6zAOvqqsbq75NTk',$,'MF_Quantities',$,(#2977,#2978,#2979,#2980,#2981));
#2977=IFCPROPERTYSINGLEVALUE('NominalWidth',$,IFCREAL(0.254),$);
#2978=IFCPROPERTYSINGLEVALUE('NominalDepth',$,IFCREAL(0.254),$);
#2979=IFCPROPERTYSINGLEVALUE('NominalHeight',$,IFCREAL(3.048),$);
#2980=IFCPROPERTYSINGLEVALUE('NominalFootprintArea',$,IFCREAL(0.064516000000000004),$);
#2981=IFCPROPERTYSINGLEVALUE('NominalVolume',$,IFCREAL(0.19664499999999999),$);
#2982=IFCMEMBERTYPE('2LuinhTKHEWR6oWHbxNmPu',$,'Angle - L10X10X1-1/8',$,$,(#2999,#3003,#3014),(#2998),$,$,.NOTDEFINED.);
#2983=IFCCARTESIANPOINT((0.,0.));
#2984=IFCDIRECTION((1.,0.));
#2985=IFCAXIS2PLACEMENT2D(#2983,#2984);
#2986=IFCLSHAPEPROFILEDEF(.AREA.,'L10X10X1-1/8',#2985,0.254,0.254,0.028701999999999998,0.,$,$);
#2987=IFCCARTESIANPOINT((0.,0.,0.));
#2988=IFCDIRECTION((0.,0.,1.));
#2989=IFCDIRECTION((1.,0.,0.));
#2990=IFCAXIS2PLACEMENT3D(#2987,#2988,#2989);
#2991=IFCDIRECTION((0.,0.,1.));
#2992=IFCEXTRUDEDAREASOLID(#2986,#2990,#2991,3.048);
#2993=IFCSHAPEREPRESENTATION(#11,'Body','SweptSolid',(#2992));
#2994=IFCCARTESIANPOINT((0.,0.,0.));
#2995=IFCDIRECTION((1.,0.,0.));
#2996=IFCDIRECTION((0.,0.,1.));
#2997=IFCAXIS2PLACEMENT3D(#2994,#2996,#2995);
#2998=IFCREPRESENTATIONMAP(#2997,#2993);
#2999=IFCPROPERTYSET('170Sb6hAz1zeeQAVkQwNuG',$,'MF_Structural',$,(#3000,#3001,#3002));
#3000=IFCPROPERTYSINGLEVALUE('Section',$,IFCLABEL('L10X10X1-1/8'),$);
#3001=IFCPROPERTYSINGLEVALUE('SectionFamily',$,IFCLABEL('L'),$);
#3002=IFCPROPERTYSINGLEVALUE('SectionSource',$,IFCLABEL('AISC Shapes Database v15.0 (US)'),$);
#3003=IFCPROPERTYSET('3iFlp9rbjDM875NFEJcDH_',$,'MF_Library',$,(#3004,#3005,#3006,#3007,#3008,#3009,#3010,#3011,#3012,#3013));
#3004=IFCPROPERTYSINGLEVALUE('Key',$,IFCLABEL('steel_angle'),$);
#3005=IFCPROPERTYSINGLEVALUE('Family',$,IFCLABEL('Angle'),$);
#3006=IFCPROPERTYSINGLEVALUE('TypeName',$,IFCLABEL('L10X10X1-1/8'),$);
#3007=IFCPROPERTYSINGLEVALUE('Version',$,IFCLABEL('0.1.0'),$);
#3008=IFCPROPERTYSINGLEVALUE('License',$,IFCLABEL('CC0-1.0'),$);
#3009=IFCPROPERTYSINGLEVALUE('Source',$,IFCLABEL('massing-families'),$);
#3010=IFCPROPERTYSINGLEVALUE('Tier',$,IFCLABEL('L300'),$);
#3011=IFCPROPERTYSINGLEVALUE('Builder',$,IFCLABEL('profile'),$);
#3012=IFCPROPERTYSINGLEVALUE('Discipline',$,IFCLABEL('structural'),$);
#3013=IFCPROPERTYSINGLEVALUE('GeometryStatus',$,IFCLABEL('parametric'),$);
#3014=IFCPROPERTYSET('1lMOeXGPrCcwa2y3GInn1_',$,'MF_Quantities',$,(#3015,#3016,#3017,#3018,#3019));
#3015=IFCPROPERTYSINGLEVALUE('NominalWidth',$,IFCREAL(0.254),$);
#3016=IFCPROPERTYSINGLEVALUE('NominalDepth',$,IFCREAL(0.254),$);
#3017=IFCPROPERTYSINGLEVALUE('NominalHeight',$,IFCREAL(3.048),$);
#3018=IFCPROPERTYSINGLEVALUE('NominalFootprintArea',$,IFCREAL(0.064516000000000004),$);
#3019=IFCPROPERTYSINGLEVALUE('NominalVolume',$,IFCREAL(0.19664499999999999),$);
#3020=IFCMEMBERTYPE('3x_RgYJjzA7gg70W_MNwTL',$,'Angle - L10X10X1',$,$,(#3037,#3041,#3052),(#3036),$,$,.NOTDEFINED.);
#3021=IFCCARTESIANPOINT((0.,0.));
#3022=IFCDIRECTION((1.,0.));
#3023=IFCAXIS2PLACEMENT2D(#3021,#3022);
#3024=IFCLSHAPEPROFILEDEF(.AREA.,'L10X10X1',#3023,0.254,0.254,0.025399999999999999,0.,$,$);
#3025=IFCCARTESIANPOINT((0.,0.,0.));
#3026=IFCDIRECTION((0.,0.,1.));
#3027=IFCDIRECTION((1.,0.,0.));
#3028=IFCAXIS2PLACEMENT3D(#3025,#3026,#3027);
#3029=IFCDIRECTION((0.,0.,1.));
#3030=IFCEXTRUDEDAREASOLID(#3024,#3028,#3029,3.048);
#3031=IFCSHAPEREPRESENTATION(#11,'Body','SweptSolid',(#3030));
#3032=IFCCARTESIANPOINT((0.,0.,0.));
#3033=IFCDIRECTION((1.,0.,0.));
#3034=IFCDIRECTION((0.,0.,1.));
#3035=IFCAXIS2PLACEMENT3D(#3032,#3034,#3033);
#3036=IFCREPRESENTATIONMAP(#3035,#3031);
#3037=IFCPROPERTYSET('358oyuAWD0c8_Nv8F6rMn$',$,'MF_Structural',$,(#3038,#3039,#3040));
#3038=IFCPROPERTYSINGLEVALUE('Section',$,IFCLABEL('L10X10X1'),$);
#3039=IFCPROPERTYSINGLEVALUE('SectionFamily',$,IFCLABEL('L'),$);
#3040=IFCPROPERTYSINGLEVALUE('SectionSource',$,IFCLABEL('AISC Shapes Database v15.0 (US)'),$);
#3041=IFCPROPERTYSET('1uAqGDqFvB$hbTLCL_8LmW',$,'MF_Library',$,(#3042,#3043,#3044,#3045,#3046,#3047,#3048,#3049,#3050,#3051));
#3042=IFCPROPERTYSINGLEVALUE('Key',$,IFCLABEL('steel_angle'),$);
#3043=IFCPROPERTYSINGLEVALUE('Family',$,IFCLABEL('Angle'),$);
#3044=IFCPROPERTYSINGLEVALUE('TypeName',$,IFCLABEL('L10X10X1'),$);
#3045=IFCPROPERTYSINGLEVALUE('Version',$,IFCLABEL('0.1.0'),$);
#3046=IFCPROPERTYSINGLEVALUE('License',$,IFCLABEL('CC0-1.0'),$);
#3047=IFCPROPERTYSINGLEVALUE('Source',$,IFCLABEL('massing-families'),$);
#3048=IFCPROPERTYSINGLEVALUE('Tier',$,IFCLABEL('L300'),$);
#3049=IFCPROPERTYSINGLEVALUE('Builder',$,IFCLABEL('profile'),$);
#3050=IFCPROPERTYSINGLEVALUE('Discipline',$,IFCLABEL('structural'),$);
#3051=IFCPROPERTYSINGLEVALUE('GeometryStatus',$,IFCLABEL('parametric'),$);
#3052=IFCPROPERTYSET('34SJ7fYhP6MRIKUkcFI7eg',$,'MF_Quantities',$,(#3053,#3054,#3055,#3056,#3057));
#3053=IFCPROPERTYSINGLEVALUE('NominalWidth',$,IFCREAL(0.254),$);
#3054=IFCPROPERTYSINGLEVALUE('NominalDepth',$,IFCREAL(0.254),$);
#3055=IFCPROPERTYSINGLEVALUE('NominalHeight',$,IFCREAL(3.048),$);
#3056=IFCPROPERTYSINGLEVALUE('NominalFootprintArea',$,IFCREAL(0.064516000000000004),$);
#3057=IFCPROPERTYSINGLEVALUE('NominalVolume',$,IFCREAL(0.19664499999999999),$);
#3058=IFCMEMBERTYPE('01MYbPpVHDKfAauk9KagUl',$,'Angle - L10X10X7/8',$,$,(#3075,#3079,#3090),(#3074),$,$,.NOTDEFINED.);
#3059=IFCCARTESIANPOINT((0.,0.));
#3060=IFCDIRECTION((1.,0.));
#3061=IFCAXIS2PLACEMENT2D(#3059,#3060);
#3062=IFCLSHAPEPROFILEDEF(.AREA.,'L10X10X7/8',#3061,0.254,0.254,0.022225000000000002,0.,$,$);
#3063=IFCCARTESIANPOINT((0.,0.,0.));
#3064=IFCDIRECTION((0.,0.,1.));
#3065=IFCDIRECTION((1.,0.,0.));
#3066=IFCAXIS2PLACEMENT3D(#3063,#3064,#3065);
#3067=IFCDIRECTION((0.,0.,1.));
#3068=IFCEXTRUDEDAREASOLID(#3062,#3066,#3067,3.048);
#3069=IFCSHAPEREPRESENTATION(#11,'Body','SweptSolid',(#3068));
#3070=IFCCARTESIANPOINT((0.,0.,0.));
#3071=IFCDIRECTION((1.,0.,0.));
#3072=IFCDIRECTION((0.,0.,1.));
#3073=IFCAXIS2PLACEMENT3D(#3070,#3072,#3071);
#3074=IFCREPRESENTATIONMAP(#3073,#3069);
#3075=IFCPROPERTYSET('2ilyBK_vTF39$HehLIx$ve',$,'MF_Structural',$,(#3076,#3077,#3078));
#3076=IFCPROPERTYSINGLEVALUE('Section',$,IFCLABEL('L10X10X7/8'),$);
#3077=IFCPROPERTYSINGLEVALUE('SectionFamily',$,IFCLABEL('L'),$);
#3078=IFCPROPERTYSINGLEVALUE('SectionSource',$,IFCLABEL('AISC Shapes Database v15.0 (US)'),$);
#3079=IFCPROPERTYSET('1KIuTpWRPBn9wT4Z2gDsTe',$,'MF_Library',$,(#3080,#3081,#3082,#3083,#3084,#3085,#3086,#3087,#3088,#3089));
#3080=IFCPROPERTYSINGLEVALUE('Key',$,IFCLABEL('steel_angle'),$);
#3081=IFCPROPERTYSINGLEVALUE('Family',$,IFCLABEL('Angle'),$);
#3082=IFCPROPERTYSINGLEVALUE('TypeName',$,IFCLABEL('L10X10X7/8'),$);
#3083=IFCPROPERTYSINGLEVALUE('Version',$,IFCLABEL('0.1.0'),$);
#3084=IFCPROPERTYSINGLEVALUE('License',$,IFCLABEL('CC0-1.0'),$);
#3085=IFCPROPERTYSINGLEVALUE('Source',$,IFCLABEL('massing-families'),$);
#3086=IFCPROPERTYSINGLEVALUE('Tier',$,IFCLABEL('L300'),$);
#3087=IFCPROPERTYSINGLEVALUE('Builder',$,IFCLABEL('profile'),$);
#3088=IFCPROPERTYSINGLEVALUE('Discipline',$,IFCLABEL('structural'),$);
#3089=IFCPROPERTYSINGLEVALUE('GeometryStatus',$,IFCLABEL('parametric'),$);
#3090=IFCPROPERTYSET('0f4Aa_xgLDJP2FGAlSRQPD',$,'MF_Quantities',$,(#3091,#3092,#3093,#3094,#3095));
#3091=IFCPROPERTYSINGLEVALUE('NominalWidth',$,IFCREAL(0.254),$);
#3092=IFCPROPERTYSINGLEVALUE('NominalDepth',$,IFCREAL(0.254),$);
#3093=IFCPROPERTYSINGLEVALUE('NominalHeight',$,IFCREAL(3.048),$);
#3094=IFCPROPERTYSINGLEVALUE('NominalFootprintArea',$,IFCREAL(0.064516000000000004),$);
#3095=IFCPROPERTYSINGLEVALUE('NominalVolume',$,IFCREAL(0.19664499999999999),$);
#3096=IFCMEMBERTYPE('0_9zpD_Fj6pOiML_jYhifL',$,'Angle - L10X10X3/4',$,$,(#3113,#3117,#3128),(#3112),$,$,.NOTDEFINED.);
#3097=IFCCARTESIANPOINT((0.,0.));
#3098=IFCDIRECTION((1.,0.));
#3099=IFCAXIS2PLACEMENT2D(#3097,#3098);
#3100=IFCLSHAPEPROFILEDEF(.AREA.,'L10X10X3/4',#3099,0.254,0.254,0.019050000000000001,0.,$,$);
#3101=IFCCARTESIANPOINT((0.,0.,0.));
#3102=IFCDIRECTION((0.,0.,1.));
#3103=IFCDIRECTION((1.,0.,0.));
#3104=IFCAXIS2PLACEMENT3D(#3101,#3102,#3103);
#3105=IFCDIRECTION((0.,0.,1.));
#3106=IFCEXTRUDEDAREASOLID(#3100,#3104,#3105,3.048);
#3107=IFCSHAPEREPRESENTATION(#11,'Body','SweptSolid',(#3106));
#3108=IFCCARTESIANPOINT((0.,0.,0.));
#3109=IFCDIRECTION((1.,0.,0.));
#3110=IFCDIRECTION((0.,0.,1.));
#3111=IFCAXIS2PLACEMENT3D(#3108,#3110,#3109);
#3112=IFCREPRESENTATIONMAP(#3111,#3107);
#3113=IFCPROPERTYSET('3$JasXCs19PePZfeiTZyZc',$,'MF_Structural',$,(#3114,#3115,#3116));
#3114=IFCPROPERTYSINGLEVALUE('Section',$,IFCLABEL('L10X10X3/4'),$);
#3115=IFCPROPERTYSINGLEVALUE('SectionFamily',$,IFCLABEL('L'),$);
#3116=IFCPROPERTYSINGLEVALUE('SectionSource',$,IFCLABEL('AISC Shapes Database v15.0 (US)'),$);
#3117=IFCPROPERTYSET('0gv2twWLz7YONT6D0EMm5B',$,'MF_Library',$,(#3118,#3119,#3120,#3121,#3122,#3123,#3124,#3125,#3126,#3127));
#3118=IFCPROPERTYSINGLEVALUE('Key',$,IFCLABEL('steel_angle'),$);
#3119=IFCPROPERTYSINGLEVALUE('Family',$,IFCLABEL('Angle'),$);
#3120=IFCPROPERTYSINGLEVALUE('TypeName',$,IFCLABEL('L10X10X3/4'),$);
#3121=IFCPROPERTYSINGLEVALUE('Version',$,IFCLABEL('0.1.0'),$);
#3122=IFCPROPERTYSINGLEVALUE('License',$,IFCLABEL('CC0-1.0'),$);
#3123=IFCPROPERTYSINGLEVALUE('Source',$,IFCLABEL('massing-families'),$);
#3124=IFCPROPERTYSINGLEVALUE('Tier',$,IFCLABEL('L300'),$);
#3125=IFCPROPERTYSINGLEVALUE('Builder',$,IFCLABEL('profile'),$);
#3126=IFCPROPERTYSINGLEVALUE('Discipline',$,IFCLABEL('structural'),$);
#3127=IFCPROPERTYSINGLEVALUE('GeometryStatus',$,IFCLABEL('parametric'),$);
#3128=IFCPROPERTYSET('1HimeZgEfC4BW6pbJqlbRq',$,'MF_Quantities',$,(#3129,#3130,#3131,#3132,#3133));
#3129=IFCPROPERTYSINGLEVALUE('NominalWidth',$,IFCREAL(0.254),$);
#3130=IFCPROPERTYSINGLEVALUE('NominalDepth',$,IFCREAL(0.254),$);
#3131=IFCPROPERTYSINGLEVALUE('NominalHeight',$,IFCREAL(3.048),$);
#3132=IFCPROPERTYSINGLEVALUE('NominalFootprintArea',$,IFCREAL(0.064516000000000004),$);
#3133=IFCPROPERTYSINGLEVALUE('NominalVolume',$,IFCREAL(0.19664499999999999),$);
#3134=IFCMEMBERTYPE('2y0ik2y9j8_8WEyPyQXcxo',$,'Angle - L8X8X1-1/8',$,$,(#3151,#3155,#3166),(#3150),$,$,.NOTDEFINED.);
#3135=IFCCARTESIANPOINT((0.,0.));
#3136=IFCDIRECTION((1.,0.));
#3137=IFCAXIS2PLACEMENT2D(#3135,#3136);
#3138=IFCLSHAPEPROFILEDEF(.AREA.,'L8X8X1-1/8',#3137,0.20319999999999999,0.20319999999999999,0.028701999999999998,0.,$,$);
#3139=IFCCARTESIANPOINT((0.,0.,0.));
#3140=IFCDIRECTION((0.,0.,1.));
#3141=IFCDIRECTION((1.,0.,0.));
#3142=IFCAXIS2PLACEMENT3D(#3139,#3140,#3141);
#3143=IFCDIRECTION((0.,0.,1.));
#3144=IFCEXTRUDEDAREASOLID(#3138,#3142,#3143,3.048);
#3145=IFCSHAPEREPRESENTATION(#11,'Body','SweptSolid',(#3144));
#3146=IFCCARTESIANPOINT((0.,0.,0.));
#3147=IFCDIRECTION((1.,0.,0.));
#3148=IFCDIRECTION((0.,0.,1.));
#3149=IFCAXIS2PLACEMENT3D(#3146,#3148,#3147);
#3150=IFCREPRESENTATIONMAP(#3149,#3145);
#3151=IFCPROPERTYSET('2Mxk4x9Cf2eQwpunS5cJxU',$,'MF_Structural',$,(#3152,#3153,#3154));
#3152=IFCPROPERTYSINGLEVALUE('Section',$,IFCLABEL('L8X8X1-1/8'),$);
#3153=IFCPROPERTYSINGLEVALUE('SectionFamily',$,IFCLABEL('L'),$);
#3154=IFCPROPERTYSINGLEVALUE('SectionSource',$,IFCLABEL('AISC Shapes Database v15.0 (US)'),$);
#3155=IFCPROPERTYSET('2W_1z5S51DI9ofa5MXJ4kH',$,'MF_Library',$,(#3156,#3157,#3158,#3159,#3160,#3161,#3162,#3163,#3164,#3165));
#3156=IFCPROPERTYSINGLEVALUE('Key',$,IFCLABEL('steel_angle'),$);
#3157=IFCPROPERTYSINGLEVALUE('Family',$,IFCLABEL('Angle'),$);
#3158=IFCPROPERTYSINGLEVALUE('TypeName',$,IFCLABEL('L8X8X1-1/8'),$);
#3159=IFCPROPERTYSINGLEVALUE('Version',$,IFCLABEL('0.1.0'),$);
#3160=IFCPROPERTYSINGLEVALUE('License',$,IFCLABEL('CC0-1.0'),$);
#3161=IFCPROPERTYSINGLEVALUE('Source',$,IFCLABEL('massing-families'),$);
#3162=IFCPROPERTYSINGLEVALUE('Tier',$,IFCLABEL('L300'),$);
#3163=IFCPROPERTYSINGLEVALUE('Builder',$,IFCLABEL('profile'),$);
#3164=IFCPROPERTYSINGLEVALUE('Discipline',$,IFCLABEL('structural'),$);
#3165=IFCPROPERTYSINGLEVALUE('GeometryStatus',$,IFCLABEL('parametric'),$);
#3166=IFCPROPERTYSET('3$eu70l4r4vOJaw1CI1qco',$,'MF_Quantities',$,(#3167,#3168,#3169,#3170,#3171));
#3167=IFCPROPERTYSINGLEVALUE('NominalWidth',$,IFCREAL(0.20319999999999999),$);
#3168=IFCPROPERTYSINGLEVALUE('NominalDepth',$,IFCREAL(0.20319999999999999),$);
#3169=IFCPROPERTYSINGLEVALUE('NominalHeight',$,IFCREAL(3.048),$);
#3170=IFCPROPERTYSINGLEVALUE('NominalFootprintArea',$,IFCREAL(0.04129),$);
#3171=IFCPROPERTYSINGLEVALUE('NominalVolume',$,IFCREAL(0.12585299999999999),$);
#3172=IFCMEMBERTYPE('0FbELQ65H3JeAREWwEMazz',$,'Angle - L8X8X1',$,$,(#3189,#3193,#3204),(#3188),$,$,.NOTDEFINED.);
#3173=IFCCARTESIANPOINT((0.,0.));
#3174=IFCDIRECTION((1.,0.));
#3175=IFCAXIS2PLACEMENT2D(#3173,#3174);
#3176=IFCLSHAPEPROFILEDEF(.AREA.,'L8X8X1',#3175,0.20319999999999999,0.20319999999999999,0.025399999999999999,0.,$,$);
#3177=IFCCARTESIANPOINT((0.,0.,0.));
#3178=IFCDIRECTION((0.,0.,1.));
#3179=IFCDIRECTION((1.,0.,0.));
#3180=IFCAXIS2PLACEMENT3D(#3177,#3178,#3179);
#3181=IFCDIRECTION((0.,0.,1.));
#3182=IFCEXTRUDEDAREASOLID(#3176,#3180,#3181,3.048);
#3183=IFCSHAPEREPRESENTATION(#11,'Body','SweptSolid',(#3182));
#3184=IFCCARTESIANPOINT((0.,0.,0.));
#3185=IFCDIRECTION((1.,0.,0.));
#3186=IFCDIRECTION((0.,0.,1.));
#3187=IFCAXIS2PLACEMENT3D(#3184,#3186,#3185);
#3188=IFCREPRESENTATIONMAP(#3187,#3183);
#3189=IFCPROPERTYSET('1h4PeCZD9C8gfj0$e6DUmm',$,'MF_Structural',$,(#3190,#3191,#3192));
#3190=IFCPROPERTYSINGLEVALUE('Section',$,IFCLABEL('L8X8X1'),$);
#3191=IFCPROPERTYSINGLEVALUE('SectionFamily',$,IFCLABEL('L'),$);
#3192=IFCPROPERTYSINGLEVALUE('SectionSource',$,IFCLABEL('AISC Shapes Database v15.0 (US)'),$);
#3193=IFCPROPERTYSET('3fKbm9mMf1WhcrRSfh267X',$,'MF_Library',$,(#3194,#3195,#3196,#3197,#3198,#3199,#3200,#3201,#3202,#3203));
#3194=IFCPROPERTYSINGLEVALUE('Key',$,IFCLABEL('steel_angle'),$);
#3195=IFCPROPERTYSINGLEVALUE('Family',$,IFCLABEL('Angle'),$);
#3196=IFCPROPERTYSINGLEVALUE('TypeName',$,IFCLABEL('L8X8X1'),$);
#3197=IFCPROPERTYSINGLEVALUE('Version',$,IFCLABEL('0.1.0'),$);
#3198=IFCPROPERTYSINGLEVALUE('License',$,IFCLABEL('CC0-1.0'),$);
#3199=IFCPROPERTYSINGLEVALUE('Source',$,IFCLABEL('massing-families'),$);
#3200=IFCPROPERTYSINGLEVALUE('Tier',$,IFCLABEL('L300'),$);
#3201=IFCPROPERTYSINGLEVALUE('Builder',$,IFCLABEL('profile'),$);
#3202=IFCPROPERTYSINGLEVALUE('Discipline',$,IFCLABEL('structural'),$);
#3203=IFCPROPERTYSINGLEVALUE('GeometryStatus',$,IFCLABEL('parametric'),$);
#3204=IFCPROPERTYSET('1Iy2ZZvVrDbvWhHe$h$No8',$,'MF_Quantities',$,(#3205,#3206,#3207,#3208,#3209));
#3205=IFCPROPERTYSINGLEVALUE('NominalWidth',$,IFCREAL(0.20319999999999999),$);
#3206=IFCPROPERTYSINGLEVALUE('NominalDepth',$,IFCREAL(0.20319999999999999),$);
#3207=IFCPROPERTYSINGLEVALUE('NominalHeight',$,IFCREAL(3.048),$);
#3208=IFCPROPERTYSINGLEVALUE('NominalFootprintArea',$,IFCREAL(0.04129),$);
#3209=IFCPROPERTYSINGLEVALUE('NominalVolume',$,IFCREAL(0.12585299999999999),$);
#3210=IFCMEMBERTYPE('1dzal8rbb6jfWH_63I_On_',$,'Angle - L8X8X7/8',$,$,(#3227,#3231,#3242),(#3226),$,$,.NOTDEFINED.);
#3211=IFCCARTESIANPOINT((0.,0.));
#3212=IFCDIRECTION((1.,0.));
#3213=IFCAXIS2PLACEMENT2D(#3211,#3212);
#3214=IFCLSHAPEPROFILEDEF(.AREA.,'L8X8X7/8',#3213,0.20319999999999999,0.20319999999999999,0.022225000000000002,0.,$,$);
#3215=IFCCARTESIANPOINT((0.,0.,0.));
#3216=IFCDIRECTION((0.,0.,1.));
#3217=IFCDIRECTION((1.,0.,0.));
#3218=IFCAXIS2PLACEMENT3D(#3215,#3216,#3217);
#3219=IFCDIRECTION((0.,0.,1.));
#3220=IFCEXTRUDEDAREASOLID(#3214,#3218,#3219,3.048);
#3221=IFCSHAPEREPRESENTATION(#11,'Body','SweptSolid',(#3220));
#3222=IFCCARTESIANPOINT((0.,0.,0.));
#3223=IFCDIRECTION((1.,0.,0.));
#3224=IFCDIRECTION((0.,0.,1.));
#3225=IFCAXIS2PLACEMENT3D(#3222,#3224,#3223);
#3226=IFCREPRESENTATIONMAP(#3225,#3221);
#3227=IFCPROPERTYSET('3iJQKKmrX8j9rrsB0tPm8j',$,'MF_Structural',$,(#3228,#3229,#3230));
#3228=IFCPROPERTYSINGLEVALUE('Section',$,IFCLABEL('L8X8X7/8'),$);
#3229=IFCPROPERTYSINGLEVALUE('SectionFamily',$,IFCLABEL('L'),$);
#3230=IFCPROPERTYSINGLEVALUE('SectionSource',$,IFCLABEL('AISC Shapes Database v15.0 (US)'),$);
#3231=IFCPROPERTYSET('1BOjAEZY98h89Rp8a1mx6T',$,'MF_Library',$,(#3232,#3233,#3234,#3235,#3236,#3237,#3238,#3239,#3240,#3241));
#3232=IFCPROPERTYSINGLEVALUE('Key',$,IFCLABEL('steel_angle'),$);
#3233=IFCPROPERTYSINGLEVALUE('Family',$,IFCLABEL('Angle'),$);
#3234=IFCPROPERTYSINGLEVALUE('TypeName',$,IFCLABEL('L8X8X7/8'),$);
#3235=IFCPROPERTYSINGLEVALUE('Version',$,IFCLABEL('0.1.0'),$);
#3236=IFCPROPERTYSINGLEVALUE('License',$,IFCLABEL('CC0-1.0'),$);
#3237=IFCPROPERTYSINGLEVALUE('Source',$,IFCLABEL('massing-families'),$);
#3238=IFCPROPERTYSINGLEVALUE('Tier',$,IFCLABEL('L300'),$);
#3239=IFCPROPERTYSINGLEVALUE('Builder',$,IFCLABEL('profile'),$);
#3240=IFCPROPERTYSINGLEVALUE('Discipline',$,IFCLABEL('structural'),$);
#3241=IFCPROPERTYSINGLEVALUE('GeometryStatus',$,IFCLABEL('parametric'),$);
#3242=IFCPROPERTYSET('3lrcDGXbn4bRHTjgnIk8Cs',$,'MF_Quantities',$,(#3243,#3244,#3245,#3246,#3247));
#3243=IFCPROPERTYSINGLEVALUE('NominalWidth',$,IFCREAL(0.20319999999999999),$);
#3244=IFCPROPERTYSINGLEVALUE('NominalDepth',$,IFCREAL(0.20319999999999999),$);
#3245=IFCPROPERTYSINGLEVALUE('NominalHeight',$,IFCREAL(3.048),$);
#3246=IFCPROPERTYSINGLEVALUE('NominalFootprintArea',$,IFCREAL(0.04129),$);
#3247=IFCPROPERTYSINGLEVALUE('NominalVolume',$,IFCREAL(0.12585299999999999),$);
#3248=IFCMEMBERTYPE('2F8FXdKzvDbfOX6dieaU6L',$,'Angle - L8X8X3/4',$,$,(#3265,#3269,#3280),(#3264),$,$,.NOTDEFINED.);
#3249=IFCCARTESIANPOINT((0.,0.));
#3250=IFCDIRECTION((1.,0.));
#3251=IFCAXIS2PLACEMENT2D(#3249,#3250);
#3252=IFCLSHAPEPROFILEDEF(.AREA.,'L8X8X3/4',#3251,0.20319999999999999,0.20319999999999999,0.019050000000000001,0.,$,$);
#3253=IFCCARTESIANPOINT((0.,0.,0.));
#3254=IFCDIRECTION((0.,0.,1.));
#3255=IFCDIRECTION((1.,0.,0.));
#3256=IFCAXIS2PLACEMENT3D(#3253,#3254,#3255);
#3257=IFCDIRECTION((0.,0.,1.));
#3258=IFCEXTRUDEDAREASOLID(#3252,#3256,#3257,3.048);
#3259=IFCSHAPEREPRESENTATION(#11,'Body','SweptSolid',(#3258));
#3260=IFCCARTESIANPOINT((0.,0.,0.));
#3261=IFCDIRECTION((1.,0.,0.));
#3262=IFCDIRECTION((0.,0.,1.));
#3263=IFCAXIS2PLACEMENT3D(#3260,#3262,#3261);
#3264=IFCREPRESENTATIONMAP(#3263,#3259);
#3265=IFCPROPERTYSET('3ZU88w3PP9pfLHsmueBHv3',$,'MF_Structural',$,(#3266,#3267,#3268));
#3266=IFCPROPERTYSINGLEVALUE('Section',$,IFCLABEL('L8X8X3/4'),$);
#3267=IFCPROPERTYSINGLEVALUE('SectionFamily',$,IFCLABEL('L'),$);
#3268=IFCPROPERTYSINGLEVALUE('SectionSource',$,IFCLABEL('AISC Shapes Database v15.0 (US)'),$);
#3269=IFCPROPERTYSET('2HqEopQ6b4nRj1J6CFshnY',$,'MF_Library',$,(#3270,#3271,#3272,#3273,#3274,#3275,#3276,#3277,#3278,#3279));
#3270=IFCPROPERTYSINGLEVALUE('Key',$,IFCLABEL('steel_angle'),$);
#3271=IFCPROPERTYSINGLEVALUE('Family',$,IFCLABEL('Angle'),$);
#3272=IFCPROPERTYSINGLEVALUE('TypeName',$,IFCLABEL('L8X8X3/4'),$);
#3273=IFCPROPERTYSINGLEVALUE('Version',$,IFCLABEL('0.1.0'),$);
#3274=IFCPROPERTYSINGLEVALUE('License',$,IFCLABEL('CC0-1.0'),$);
#3275=IFCPROPERTYSINGLEVALUE('Source',$,IFCLABEL('massing-families'),$);
#3276=IFCPROPERTYSINGLEVALUE('Tier',$,IFCLABEL('L300'),$);
#3277=IFCPROPERTYSINGLEVALUE('Builder',$,IFCLABEL('profile'),$);
#3278=IFCPROPERTYSINGLEVALUE('Discipline',$,IFCLABEL('structural'),$);
#3279=IFCPROPERTYSINGLEVALUE('GeometryStatus',$,IFCLABEL('parametric'),$);
#3280=IFCPROPERTYSET('3$hcXMEiHABQGlbTjxr34F',$,'MF_Quantities',$,(#3281,#3282,#3283,#3284,#3285));
#3281=IFCPROPERTYSINGLEVALUE('NominalWidth',$,IFCREAL(0.20319999999999999),$);
#3282=IFCPROPERTYSINGLEVALUE('NominalDepth',$,IFCREAL(0.20319999999999999),$);
#3283=IFCPROPERTYSINGLEVALUE('NominalHeight',$,IFCREAL(3.048),$);
#3284=IFCPROPERTYSINGLEVALUE('NominalFootprintArea',$,IFCREAL(0.04129),$);
#3285=IFCPROPERTYSINGLEVALUE('NominalVolume',$,IFCREAL(0.12585299999999999),$);
#3286=IFCMEMBERTYPE('3oLOQWiNH3Xekq6Zu3KsKy',$,'Angle - L8X8X5/8',$,$,(#3303,#3307,#3318),(#3302),$,$,.NOTDEFINED.);
#3287=IFCCARTESIANPOINT((0.,0.));
#3288=IFCDIRECTION((1.,0.));
#3289=IFCAXIS2PLACEMENT2D(#3287,#3288);
#3290=IFCLSHAPEPROFILEDEF(.AREA.,'L8X8X5/8',#3289,0.20319999999999999,0.20319999999999999,0.015875,0.,$,$);
#3291=IFCCARTESIANPOINT((0.,0.,0.));
#3292=IFCDIRECTION((0.,0.,1.));
#3293=IFCDIRECTION((1.,0.,0.));
#3294=IFCAXIS2PLACEMENT3D(#3291,#3292,#3293);
#3295=IFCDIRECTION((0.,0.,1.));
#3296=IFCEXTRUDEDAREASOLID(#3290,#3294,#3295,3.048);
#3297=IFCSHAPEREPRESENTATION(#11,'Body','SweptSolid',(#3296));
#3298=IFCCARTESIANPOINT((0.,0.,0.));
#3299=IFCDIRECTION((1.,0.,0.));
#3300=IFCDIRECTION((0.,0.,1.));
#3301=IFCAXIS2PLACEMENT3D(#3298,#3300,#3299);
#3302=IFCREPRESENTATIONMAP(#3301,#3297);
#3303=IFCPROPERTYSET('0EYOAHxvT8wgWv1Nl51Pi5',$,'MF_Structural',$,(#3304,#3305,#3306));
#3304=IFCPROPERTYSINGLEVALUE('Section',$,IFCLABEL('L8X8X5/8'),$);
#3305=IFCPROPERTYSINGLEVALUE('SectionFamily',$,IFCLABEL('L'),$);
#3306=IFCPROPERTYSINGLEVALUE('SectionSource',$,IFCLABEL('AISC Shapes Database v15.0 (US)'),$);
#3307=IFCPROPERTYSET('1Q$E3yMpb3QPiLvD2BLdgs',$,'MF_Library',$,(#3308,#3309,#3310,#3311,#3312,#3313,#3314,#3315,#3316,#3317));
#3308=IFCPROPERTYSINGLEVALUE('Key',$,IFCLABEL('steel_angle'),$);
#3309=IFCPROPERTYSINGLEVALUE('Family',$,IFCLABEL('Angle'),$);
#3310=IFCPROPERTYSINGLEVALUE('TypeName',$,IFCLABEL('L8X8X5/8'),$);
#3311=IFCPROPERTYSINGLEVALUE('Version',$,IFCLABEL('0.1.0'),$);
#3312=IFCPROPERTYSINGLEVALUE('License',$,IFCLABEL('CC0-1.0'),$);
#3313=IFCPROPERTYSINGLEVALUE('Source',$,IFCLABEL('massing-families'),$);
#3314=IFCPROPERTYSINGLEVALUE('Tier',$,IFCLABEL('L300'),$);
#3315=IFCPROPERTYSINGLEVALUE('Builder',$,IFCLABEL('profile'),$);
#3316=IFCPROPERTYSINGLEVALUE('Discipline',$,IFCLABEL('structural'),$);
#3317=IFCPROPERTYSINGLEVALUE('GeometryStatus',$,IFCLABEL('parametric'),$);
#3318=IFCPROPERTYSET('064CJFjIvAfeHM$QjAz$_o',$,'MF_Quantities',$,(#3319,#3320,#3321,#3322,#3323));
#3319=IFCPROPERTYSINGLEVALUE('NominalWidth',$,IFCREAL(0.20319999999999999),$);
#3320=IFCPROPERTYSINGLEVALUE('NominalDepth',$,IFCREAL(0.20319999999999999),$);
#3321=IFCPROPERTYSINGLEVALUE('NominalHeight',$,IFCREAL(3.048),$);
#3322=IFCPROPERTYSINGLEVALUE('NominalFootprintArea',$,IFCREAL(0.04129),$);
#3323=IFCPROPERTYSINGLEVALUE('NominalVolume',$,IFCREAL(0.12585299999999999),$);
#3324=IFCMEMBERTYPE('14IpD$mnP0GR0328A7X5uc',$,'Angle - L8X8X9/16',$,$,(#3341,#3345,#3356),(#3340),$,$,.NOTDEFINED.);
#3325=IFCCARTESIANPOINT((0.,0.));
#3326=IFCDIRECTION((1.,0.));
#3327=IFCAXIS2PLACEMENT2D(#3325,#3326);
#3328=IFCLSHAPEPROFILEDEF(.AREA.,'L8X8X9/16',#3327,0.20319999999999999,0.20319999999999999,0.014300200000000001,0.,$,$);
#3329=IFCCARTESIANPOINT((0.,0.,0.));
#3330=IFCDIRECTION((0.,0.,1.));
#3331=IFCDIRECTION((1.,0.,0.));
#3332=IFCAXIS2PLACEMENT3D(#3329,#3330,#3331);
#3333=IFCDIRECTION((0.,0.,1.));
#3334=IFCEXTRUDEDAREASOLID(#3328,#3332,#3333,3.048);
#3335=IFCSHAPEREPRESENTATION(#11,'Body','SweptSolid',(#3334));
#3336=IFCCARTESIANPOINT((0.,0.,0.));
#3337=IFCDIRECTION((1.,0.,0.));
#3338=IFCDIRECTION((0.,0.,1.));
#3339=IFCAXIS2PLACEMENT3D(#3336,#3338,#3337);
#3340=IFCREPRESENTATIONMAP(#3339,#3335);
#3341=IFCPROPERTYSET('3JkCI915L0weIrXtv$0GQ5',$,'MF_Structural',$,(#3342,#3343,#3344));
#3342=IFCPROPERTYSINGLEVALUE('Section',$,IFCLABEL('L8X8X9/16'),$);
#3343=IFCPROPERTYSINGLEVALUE('SectionFamily',$,IFCLABEL('L'),$);
#3344=IFCPROPERTYSINGLEVALUE('SectionSource',$,IFCLABEL('AISC Shapes Database v15.0 (US)'),$);
#3345=IFCPROPERTYSET('04AExfunr6OR7FcxNvzIOm',$,'MF_Library',$,(#3346,#3347,#3348,#3349,#3350,#3351,#3352,#3353,#3354,#3355));
#3346=IFCPROPERTYSINGLEVALUE('Key',$,IFCLABEL('steel_angle'),$);
#3347=IFCPROPERTYSINGLEVALUE('Family',$,IFCLABEL('Angle'),$);
#3348=IFCPROPERTYSINGLEVALUE('TypeName',$,IFCLABEL('L8X8X9/16'),$);
#3349=IFCPROPERTYSINGLEVALUE('Version',$,IFCLABEL('0.1.0'),$);
#3350=IFCPROPERTYSINGLEVALUE('License',$,IFCLABEL('CC0-1.0'),$);
#3351=IFCPROPERTYSINGLEVALUE('Source',$,IFCLABEL('massing-families'),$);
#3352=IFCPROPERTYSINGLEVALUE('Tier',$,IFCLABEL('L300'),$);
#3353=IFCPROPERTYSINGLEVALUE('Builder',$,IFCLABEL('profile'),$);
#3354=IFCPROPERTYSINGLEVALUE('Discipline',$,IFCLABEL('structural'),$);
#3355=IFCPROPERTYSINGLEVALUE('GeometryStatus',$,IFCLABEL('parametric'),$);
#3356=IFCPROPERTYSET('11F_$dZV17ZB8QuSyfD7ac',$,'MF_Quantities',$,(#3357,#3358,#3359,#3360,#3361));
#3357=IFCPROPERTYSINGLEVALUE('NominalWidth',$,IFCREAL(0.20319999999999999),$);
#3358=IFCPROPERTYSINGLEVALUE('NominalDepth',$,IFCREAL(0.20319999999999999),$);
#3359=IFCPROPERTYSINGLEVALUE('NominalHeight',$,IFCREAL(3.048),$);
#3360=IFCPROPERTYSINGLEVALUE('NominalFootprintArea',$,IFCREAL(0.04129),$);
#3361=IFCPROPERTYSINGLEVALUE('NominalVolume',$,IFCREAL(0.12585299999999999),$);
#3362=IFCMEMBERTYPE('0qAcuMFzH0_e$DopLx4gFv',$,'Angle - L8X8X1/2',$,$,(#3379,#3383,#3394),(#3378),$,$,.NOTDEFINED.);
#3363=IFCCARTESIANPOINT((0.,0.));
#3364=IFCDIRECTION((1.,0.));
#3365=IFCAXIS2PLACEMENT2D(#3363,#3364);
#3366=IFCLSHAPEPROFILEDEF(.AREA.,'L8X8X1/2',#3365,0.20319999999999999,0.20319999999999999,0.012699999999999999,0.,$,$);
#3367=IFCCARTESIANPOINT((0.,0.,0.));
#3368=IFCDIRECTION((0.,0.,1.));
#3369=IFCDIRECTION((1.,0.,0.));
#3370=IFCAXIS2PLACEMENT3D(#3367,#3368,#3369);
#3371=IFCDIRECTION((0.,0.,1.));
#3372=IFCEXTRUDEDAREASOLID(#3366,#3370,#3371,3.048);
#3373=IFCSHAPEREPRESENTATION(#11,'Body','SweptSolid',(#3372));
#3374=IFCCARTESIANPOINT((0.,0.,0.));
#3375=IFCDIRECTION((1.,0.,0.));
#3376=IFCDIRECTION((0.,0.,1.));
#3377=IFCAXIS2PLACEMENT3D(#3374,#3376,#3375);
#3378=IFCREPRESENTATIONMAP(#3377,#3373);
#3379=IFCPROPERTYSET('0pJlW5S2zCSv38KKk599c4',$,'MF_Structural',$,(#3380,#3381,#3382));
#3380=IFCPROPERTYSINGLEVALUE('Section',$,IFCLABEL('L8X8X1/2'),$);
#3381=IFCPROPERTYSINGLEVALUE('SectionFamily',$,IFCLABEL('L'),$);
#3382=IFCPROPERTYSINGLEVALUE('SectionSource',$,IFCLABEL('AISC Shapes Database v15.0 (US)'),$);
#3383=IFCPROPERTYSET('3T0jClCyz6M8hit11uAblm',$,'MF_Library',$,(#3384,#3385,#3386,#3387,#3388,#3389,#3390,#3391,#3392,#3393));
#3384=IFCPROPERTYSINGLEVALUE('Key',$,IFCLABEL('steel_angle'),$);
#3385=IFCPROPERTYSINGLEVALUE('Family',$,IFCLABEL('Angle'),$);
#3386=IFCPROPERTYSINGLEVALUE('TypeName',$,IFCLABEL('L8X8X1/2'),$);
#3387=IFCPROPERTYSINGLEVALUE('Version',$,IFCLABEL('0.1.0'),$);
#3388=IFCPROPERTYSINGLEVALUE('License',$,IFCLABEL('CC0-1.0'),$);
#3389=IFCPROPERTYSINGLEVALUE('Source',$,IFCLABEL('massing-families'),$);
#3390=IFCPROPERTYSINGLEVALUE('Tier',$,IFCLABEL('L300'),$);
#3391=IFCPROPERTYSINGLEVALUE('Builder',$,IFCLABEL('profile'),$);
#3392=IFCPROPERTYSINGLEVALUE('Discipline',$,IFCLABEL('structural'),$);
#3393=IFCPROPERTYSINGLEVALUE('GeometryStatus',$,IFCLABEL('parametric'),$);
#3394=IFCPROPERTYSET('3BI3yczGDEuO$UVf1biq3r',$,'MF_Quantities',$,(#3395,#3396,#3397,#3398,#3399));
#3395=IFCPROPERTYSINGLEVALUE('NominalWidth',$,IFCREAL(0.20319999999999999),$);
#3396=IFCPROPERTYSINGLEVALUE('NominalDepth',$,IFCREAL(0.20319999999999999),$);
#3397=IFCPROPERTYSINGLEVALUE('NominalHeight',$,IFCREAL(3.048),$);
#3398=IFCPROPERTYSINGLEVALUE('NominalFootprintArea',$,IFCREAL(0.04129),$);
#3399=IFCPROPERTYSINGLEVALUE('NominalVolume',$,IFCREAL(0.12585299999999999),$);
#3400=IFCMEMBERTYPE('1fUNfaolb1KeBrDfXUnVHH',$,'Angle - L8X6X1',$,$,(#3417,#3421,#3432),(#3416),$,$,.NOTDEFINED.);
#3401=IFCCARTESIANPOINT((0.,0.));
#3402=IFCDIRECTION((1.,0.));
#3403=IFCAXIS2PLACEMENT2D(#3401,#3402);
#3404=IFCLSHAPEPROFILEDEF(.AREA.,'L8X6X1',#3403,0.15240000000000001,0.20319999999999999,0.025399999999999999,0.,$,$);
#3405=IFCCARTESIANPOINT((0.,0.,0.));
#3406=IFCDIRECTION((0.,0.,1.));
#3407=IFCDIRECTION((1.,0.,0.));
#3408=IFCAXIS2PLACEMENT3D(#3405,#3406,#3407);
#3409=IFCDIRECTION((0.,0.,1.));
#3410=IFCEXTRUDEDAREASOLID(#3404,#3408,#3409,3.048);
#3411=IFCSHAPEREPRESENTATION(#11,'Body','SweptSolid',(#3410));
#3412=IFCCARTESIANPOINT((0.,0.,0.));
#3413=IFCDIRECTION((1.,0.,0.));
#3414=IFCDIRECTION((0.,0.,1.));
#3415=IFCAXIS2PLACEMENT3D(#3412,#3414,#3413);
#3416=IFCREPRESENTATIONMAP(#3415,#3411);
#3417=IFCPROPERTYSET('2ddqHafvH5ExLit6QWbFAw',$,'MF_Structural',$,(#3418,#3419,#3420));
#3418=IFCPROPERTYSINGLEVALUE('Section',$,IFCLABEL('L8X6X1'),$);
#3419=IFCPROPERTYSINGLEVALUE('SectionFamily',$,IFCLABEL('L'),$);
#3420=IFCPROPERTYSINGLEVALUE('SectionSource',$,IFCLABEL('AISC Shapes Database v15.0 (US)'),$);
#3421=IFCPROPERTYSET('3Fp84GGHLF8QiX5dpgeKJV',$,'MF_Library',$,(#3422,#3423,#3424,#3425,#3426,#3427,#3428,#3429,#3430,#3431));
#3422=IFCPROPERTYSINGLEVALUE('Key',$,IFCLABEL('steel_angle'),$);
#3423=IFCPROPERTYSINGLEVALUE('Family',$,IFCLABEL('Angle'),$);
#3424=IFCPROPERTYSINGLEVALUE('TypeName',$,IFCLABEL('L8X6X1'),$);
#3425=IFCPROPERTYSINGLEVALUE('Version',$,IFCLABEL('0.1.0'),$);
#3426=IFCPROPERTYSINGLEVALUE('License',$,IFCLABEL('CC0-1.0'),$);
#3427=IFCPROPERTYSINGLEVALUE('Source',$,IFCLABEL('massing-families'),$);
#3428=IFCPROPERTYSINGLEVALUE('Tier',$,IFCLABEL('L300'),$);
#3429=IFCPROPERTYSINGLEVALUE('Builder',$,IFCLABEL('profile'),$);
#3430=IFCPROPERTYSINGLEVALUE('Discipline',$,IFCLABEL('structural'),$);
#3431=IFCPROPERTYSINGLEVALUE('GeometryStatus',$,IFCLABEL('parametric'),$);
#3432=IFCPROPERTYSET('2YfM2gYLz8E8xgwHKrRm8j',$,'MF_Quantities',$,(#3433,#3434,#3435,#3436,#3437));
#3433=IFCPROPERTYSINGLEVALUE('NominalWidth',$,IFCREAL(0.20319999999999999),$);
#3434=IFCPROPERTYSINGLEVALUE('NominalDepth',$,IFCREAL(0.15240000000000001),$);
#3435=IFCPROPERTYSINGLEVALUE('NominalHeight',$,IFCREAL(3.048),$);
#3436=IFCPROPERTYSINGLEVALUE('NominalFootprintArea',$,IFCREAL(0.030967999999999999),$);
#3437=IFCPROPERTYSINGLEVALUE('NominalVolume',$,IFCREAL(0.094389000000000001),$);
#3438=IFCMEMBERTYPE('3ViEA_lyT3vBZPxLkyp3HA',$,'Angle - L8X6X7/8',$,$,(#3455,#3459,#3470),(#3454),$,$,.NOTDEFINED.);
#3439=IFCCARTESIANPOINT((0.,0.));
#3440=IFCDIRECTION((1.,0.));
#3441=IFCAXIS2PLACEMENT2D(#3439,#3440);
#3442=IFCLSHAPEPROFILEDEF(.AREA.,'L8X6X7/8',#3441,0.15240000000000001,0.20319999999999999,0.022225000000000002,0.,$,$);
#3443=IFCCARTESIANPOINT((0.,0.,0.));
#3444=IFCDIRECTION((0.,0.,1.));
#3445=IFCDIRECTION((1.,0.,0.));
#3446=IFCAXIS2PLACEMENT3D(#3443,#3444,#3445);
#3447=IFCDIRECTION((0.,0.,1.));
#3448=IFCEXTRUDEDAREASOLID(#3442,#3446,#3447,3.048);
#3449=IFCSHAPEREPRESENTATION(#11,'Body','SweptSolid',(#3448));
#3450=IFCCARTESIANPOINT((0.,0.,0.));
#3451=IFCDIRECTION((1.,0.,0.));
#3452=IFCDIRECTION((0.,0.,1.));
#3453=IFCAXIS2PLACEMENT3D(#3450,#3452,#3451);
#3454=IFCREPRESENTATIONMAP(#3453,#3449);
#3455=IFCPROPERTYSET('0V7KptMBf4E8qJdnF7L6u$',$,'MF_Structural',$,(#3456,#3457,#3458));
#3456=IFCPROPERTYSINGLEVALUE('Section',$,IFCLABEL('L8X6X7/8'),$);
#3457=IFCPROPERTYSINGLEVALUE('SectionFamily',$,IFCLABEL('L'),$);
#3458=IFCPROPERTYSINGLEVALUE('SectionSource',$,IFCLABEL('AISC Shapes Database v15.0 (US)'),$);
#3459=IFCPROPERTYSET('3bkN1FU2XBMuoJxSMBzRJp',$,'MF_Library',$,(#3460,#3461,#3462,#3463,#3464,#3465,#3466,#3467,#3468,#3469));
#3460=IFCPROPERTYSINGLEVALUE('Key',$,IFCLABEL('steel_angle'),$);
#3461=IFCPROPERTYSINGLEVALUE('Family',$,IFCLABEL('Angle'),$);
#3462=IFCPROPERTYSINGLEVALUE('TypeName',$,IFCLABEL('L8X6X7/8'),$);
#3463=IFCPROPERTYSINGLEVALUE('Version',$,IFCLABEL('0.1.0'),$);
#3464=IFCPROPERTYSINGLEVALUE('License',$,IFCLABEL('CC0-1.0'),$);
#3465=IFCPROPERTYSINGLEVALUE('Source',$,IFCLABEL('massing-families'),$);
#3466=IFCPROPERTYSINGLEVALUE('Tier',$,IFCLABEL('L300'),$);
#3467=IFCPROPERTYSINGLEVALUE('Builder',$,IFCLABEL('profile'),$);
#3468=IFCPROPERTYSINGLEVALUE('Discipline',$,IFCLABEL('structural'),$);
#3469=IFCPROPERTYSINGLEVALUE('GeometryStatus',$,IFCLABEL('parametric'),$);
#3470=IFCPROPERTYSET('35B20FAbP30xLlPD8mCzDZ',$,'MF_Quantities',$,(#3471,#3472,#3473,#3474,#3475));
#3471=IFCPROPERTYSINGLEVALUE('NominalWidth',$,IFCREAL(0.20319999999999999),$);
#3472=IFCPROPERTYSINGLEVALUE('NominalDepth',$,IFCREAL(0.15240000000000001),$);
#3473=IFCPROPERTYSINGLEVALUE('NominalHeight',$,IFCREAL(3.048),$);
#3474=IFCPROPERTYSINGLEVALUE('NominalFootprintArea',$,IFCREAL(0.030967999999999999),$);
#3475=IFCPROPERTYSINGLEVALUE('NominalVolume',$,IFCREAL(0.094389000000000001),$);
#3476=IFCMEMBERTYPE('2hQdRV$Sz5jPAYa4BgdvZ8',$,'Angle - L8X6X3/4',$,$,(#3493,#3497,#3508),(#3492),$,$,.NOTDEFINED.);
#3477=IFCCARTESIANPOINT((0.,0.));
#3478=IFCDIRECTION((1.,0.));
#3479=IFCAXIS2PLACEMENT2D(#3477,#3478);
#3480=IFCLSHAPEPROFILEDEF(.AREA.,'L8X6X3/4',#3479,0.15240000000000001,0.20319999999999999,0.019050000000000001,0.,$,$);
#3481=IFCCARTESIANPOINT((0.,0.,0.));
#3482=IFCDIRECTION((0.,0.,1.));
#3483=IFCDIRECTION((1.,0.,0.));
#3484=IFCAXIS2PLACEMENT3D(#3481,#3482,#3483);
#3485=IFCDIRECTION((0.,0.,1.));
#3486=IFCEXTRUDEDAREASOLID(#3480,#3484,#3485,3.048);
#3487=IFCSHAPEREPRESENTATION(#11,'Body','SweptSolid',(#3486));
#3488=IFCCARTESIANPOINT((0.,0.,0.));
#3489=IFCDIRECTION((1.,0.,0.));
#3490=IFCDIRECTION((0.,0.,1.));
#3491=IFCAXIS2PLACEMENT3D(#3488,#3490,#3489);
#3492=IFCREPRESENTATIONMAP(#3491,#3487);
#3493=IFCPROPERTYSET('3SAQJCWA94uxIbW76RSY0Y',$,'MF_Structural',$,(#3494,#3495,#3496));
#3494=IFCPROPERTYSINGLEVALUE('Section',$,IFCLABEL('L8X6X3/4'),$);
#3495=IFCPROPERTYSINGLEVALUE('SectionFamily',$,IFCLABEL('L'),$);
#3496=IFCPROPERTYSINGLEVALUE('SectionSource',$,IFCLABEL('AISC Shapes Database v15.0 (US)'),$);
#3497=IFCPROPERTYSET('3LlYg0BLb0_wgMAtdFcIAY',$,'MF_Library',$,(#3498,#3499,#3500,#3501,#3502,#3503,#3504,#3505,#3506,#3507));
#3498=IFCPROPERTYSINGLEVALUE('Key',$,IFCLABEL('steel_angle'),$);
#3499=IFCPROPERTYSINGLEVALUE('Family',$,IFCLABEL('Angle'),$);
#3500=IFCPROPERTYSINGLEVALUE('TypeName',$,IFCLABEL('L8X6X3/4'),$);
#3501=IFCPROPERTYSINGLEVALUE('Version',$,IFCLABEL('0.1.0'),$);
#3502=IFCPROPERTYSINGLEVALUE('License',$,IFCLABEL('CC0-1.0'),$);
#3503=IFCPROPERTYSINGLEVALUE('Source',$,IFCLABEL('massing-families'),$);
#3504=IFCPROPERTYSINGLEVALUE('Tier',$,IFCLABEL('L300'),$);
#3505=IFCPROPERTYSINGLEVALUE('Builder',$,IFCLABEL('profile'),$);
#3506=IFCPROPERTYSINGLEVALUE('Discipline',$,IFCLABEL('structural'),$);
#3507=IFCPROPERTYSINGLEVALUE('GeometryStatus',$,IFCLABEL('parametric'),$);
#3508=IFCPROPERTYSET('3pX_d1SXDAYPFwspVi1g3J',$,'MF_Quantities',$,(#3509,#3510,#3511,#3512,#3513));
#3509=IFCPROPERTYSINGLEVALUE('NominalWidth',$,IFCREAL(0.20319999999999999),$);
#3510=IFCPROPERTYSINGLEVALUE('NominalDepth',$,IFCREAL(0.15240000000000001),$);
#3511=IFCPROPERTYSINGLEVALUE('NominalHeight',$,IFCREAL(3.048),$);
#3512=IFCPROPERTYSINGLEVALUE('NominalFootprintArea',$,IFCREAL(0.030967999999999999),$);
#3513=IFCPROPERTYSINGLEVALUE('NominalVolume',$,IFCREAL(0.094389000000000001),$);
#3514=IFCMEMBERTYPE('1S3HFvDpD2YPRzj8ULFZ0o',$,'Angle - L8X6X5/8',$,$,(#3531,#3535,#3546),(#3530),$,$,.NOTDEFINED.);
#3515=IFCCARTESIANPOINT((0.,0.));
#3516=IFCDIRECTION((1.,0.));
#3517=IFCAXIS2PLACEMENT2D(#3515,#3516);
#3518=IFCLSHAPEPROFILEDEF(.AREA.,'L8X6X5/8',#3517,0.15240000000000001,0.20319999999999999,0.015875,0.,$,$);
#3519=IFCCARTESIANPOINT((0.,0.,0.));
#3520=IFCDIRECTION((0.,0.,1.));
#3521=IFCDIRECTION((1.,0.,0.));
#3522=IFCAXIS2PLACEMENT3D(#3519,#3520,#3521);
#3523=IFCDIRECTION((0.,0.,1.));
#3524=IFCEXTRUDEDAREASOLID(#3518,#3522,#3523,3.048);
#3525=IFCSHAPEREPRESENTATION(#11,'Body','SweptSolid',(#3524));
#3526=IFCCARTESIANPOINT((0.,0.,0.));
#3527=IFCDIRECTION((1.,0.,0.));
#3528=IFCDIRECTION((0.,0.,1.));
#3529=IFCAXIS2PLACEMENT3D(#3526,#3528,#3527);
#3530=IFCREPRESENTATIONMAP(#3529,#3525);
#3531=IFCPROPERTYSET('3pCpoV73j9g8zr8Pht2RrI',$,'MF_Structural',$,(#3532,#3533,#3534));
#3532=IFCPROPERTYSINGLEVALUE('Section',$,IFCLABEL('L8X6X5/8'),$);
#3533=IFCPROPERTYSINGLEVALUE('SectionFamily',$,IFCLABEL('L'),$);
#3534=IFCPROPERTYSINGLEVALUE('SectionSource',$,IFCLABEL('AISC Shapes Database v15.0 (US)'),$);
#3535=IFCPROPERTYSET('2B5KnLGFH2Hx5a59sDHYuB',$,'MF_Library',$,(#3536,#3537,#3538,#3539,#3540,#3541,#3542,#3543,#3544,#3545));
#3536=IFCPROPERTYSINGLEVALUE('Key',$,IFCLABEL('steel_angle'),$);
#3537=IFCPROPERTYSINGLEVALUE('Family',$,IFCLABEL('Angle'),$);
#3538=IFCPROPERTYSINGLEVALUE('TypeName',$,IFCLABEL('L8X6X5/8'),$);
#3539=IFCPROPERTYSINGLEVALUE('Version',$,IFCLABEL('0.1.0'),$);
#3540=IFCPROPERTYSINGLEVALUE('License',$,IFCLABEL('CC0-1.0'),$);
#3541=IFCPROPERTYSINGLEVALUE('Source',$,IFCLABEL('massing-families'),$);
#3542=IFCPROPERTYSINGLEVALUE('Tier',$,IFCLABEL('L300'),$);
#3543=IFCPROPERTYSINGLEVALUE('Builder',$,IFCLABEL('profile'),$);
#3544=IFCPROPERTYSINGLEVALUE('Discipline',$,IFCLABEL('structural'),$);
#3545=IFCPROPERTYSINGLEVALUE('GeometryStatus',$,IFCLABEL('parametric'),$);
#3546=IFCPROPERTYSET('1sOh$xrRX1gPZLm_5awsMV',$,'MF_Quantities',$,(#3547,#3548,#3549,#3550,#3551));
#3547=IFCPROPERTYSINGLEVALUE('NominalWidth',$,IFCREAL(0.20319999999999999),$);
#3548=IFCPROPERTYSINGLEVALUE('NominalDepth',$,IFCREAL(0.15240000000000001),$);
#3549=IFCPROPERTYSINGLEVALUE('NominalHeight',$,IFCREAL(3.048),$);
#3550=IFCPROPERTYSINGLEVALUE('NominalFootprintArea',$,IFCREAL(0.030967999999999999),$);
#3551=IFCPROPERTYSINGLEVALUE('NominalVolume',$,IFCREAL(0.094389000000000001),$);
#3552=IFCMEMBERTYPE('3BxxMg_1P3r9HXwir32x_u',$,'Angle - L8X6X9/16',$,$,(#3569,#3573,#3584),(#3568),$,$,.NOTDEFINED.);
#3553=IFCCARTESIANPOINT((0.,0.));
#3554=IFCDIRECTION((1.,0.));
#3555=IFCAXIS2PLACEMENT2D(#3553,#3554);
#3556=IFCLSHAPEPROFILEDEF(.AREA.,'L8X6X9/16',#3555,0.15240000000000001,0.20319999999999999,0.014300200000000001,0.,$,$);
#3557=IFCCARTESIANPOINT((0.,0.,0.));
#3558=IFCDIRECTION((0.,0.,1.));
#3559=IFCDIRECTION((1.,0.,0.));
#3560=IFCAXIS2PLACEMENT3D(#3557,#3558,#3559);
#3561=IFCDIRECTION((0.,0.,1.));
#3562=IFCEXTRUDEDAREASOLID(#3556,#3560,#3561,3.048);
#3563=IFCSHAPEREPRESENTATION(#11,'Body','SweptSolid',(#3562));
#3564=IFCCARTESIANPOINT((0.,0.,0.));
#3565=IFCDIRECTION((1.,0.,0.));
#3566=IFCDIRECTION((0.,0.,1.));
#3567=IFCAXIS2PLACEMENT3D(#3564,#3566,#3565);
#3568=IFCREPRESENTATIONMAP(#3567,#3563);
#3569=IFCPROPERTYSET('20MypVirj0jP3nmzo5BYqp',$,'MF_Structural',$,(#3570,#3571,#3572));
#3570=IFCPROPERTYSINGLEVALUE('Section',$,IFCLABEL('L8X6X9/16'),$);
#3571=IFCPROPERTYSINGLEVALUE('SectionFamily',$,IFCLABEL('L'),$);
#3572=IFCPROPERTYSINGLEVALUE('SectionSource',$,IFCLABEL('AISC Shapes Database v15.0 (US)'),$);
#3573=IFCPROPERTYSET('3tFQty8656kOMT7u6gDJxZ',$,'MF_Library',$,(#3574,#3575,#3576,#3577,#3578,#3579,#3580,#3581,#3582,#3583));
#3574=IFCPROPERTYSINGLEVALUE('Key',$,IFCLABEL('steel_angle'),$);
#3575=IFCPROPERTYSINGLEVALUE('Family',$,IFCLABEL('Angle'),$);
#3576=IFCPROPERTYSINGLEVALUE('TypeName',$,IFCLABEL('L8X6X9/16'),$);
#3577=IFCPROPERTYSINGLEVALUE('Version',$,IFCLABEL('0.1.0'),$);
#3578=IFCPROPERTYSINGLEVALUE('License',$,IFCLABEL('CC0-1.0'),$);
#3579=IFCPROPERTYSINGLEVALUE('Source',$,IFCLABEL('massing-families'),$);
#3580=IFCPROPERTYSINGLEVALUE('Tier',$,IFCLABEL('L300'),$);
#3581=IFCPROPERTYSINGLEVALUE('Builder',$,IFCLABEL('profile'),$);
#3582=IFCPROPERTYSINGLEVALUE('Discipline',$,IFCLABEL('structural'),$);
#3583=IFCPROPERTYSINGLEVALUE('GeometryStatus',$,IFCLABEL('parametric'),$);
#3584=IFCPROPERTYSET('335ee1byX3hAHq4IrUp_HO',$,'MF_Quantities',$,(#3585,#3586,#3587,#3588,#3589));
#3585=IFCPROPERTYSINGLEVALUE('NominalWidth',$,IFCREAL(0.20319999999999999),$);
#3586=IFCPROPERTYSINGLEVALUE('NominalDepth',$,IFCREAL(0.15240000000000001),$);
#3587=IFCPROPERTYSINGLEVALUE('NominalHeight',$,IFCREAL(3.048),$);
#3588=IFCPROPERTYSINGLEVALUE('NominalFootprintArea',$,IFCREAL(0.030967999999999999),$);
#3589=IFCPROPERTYSINGLEVALUE('NominalVolume',$,IFCREAL(0.094389000000000001),$);
#3590=IFCMEMBERTYPE('2sC1kDGurBhxGQzaUr6tcX',$,'Angle - L8X6X1/2',$,$,(#3607,#3611,#3622),(#3606),$,$,.NOTDEFINED.);
#3591=IFCCARTESIANPOINT((0.,0.));
#3592=IFCDIRECTION((1.,0.));
#3593=IFCAXIS2PLACEMENT2D(#3591,#3592);
#3594=IFCLSHAPEPROFILEDEF(.AREA.,'L8X6X1/2',#3593,0.15240000000000001,0.20319999999999999,0.012699999999999999,0.,$,$);
#3595=IFCCARTESIANPOINT((0.,0.,0.));
#3596=IFCDIRECTION((0.,0.,1.));
#3597=IFCDIRECTION((1.,0.,0.));
#3598=IFCAXIS2PLACEMENT3D(#3595,#3596,#3597);
#3599=IFCDIRECTION((0.,0.,1.));
#3600=IFCEXTRUDEDAREASOLID(#3594,#3598,#3599,3.048);
#3601=IFCSHAPEREPRESENTATION(#11,'Body','SweptSolid',(#3600));
#3602=IFCCARTESIANPOINT((0.,0.,0.));
#3603=IFCDIRECTION((1.,0.,0.));
#3604=IFCDIRECTION((0.,0.,1.));
#3605=IFCAXIS2PLACEMENT3D(#3602,#3604,#3603);
#3606=IFCREPRESENTATIONMAP(#3605,#3601);
#3607=IFCPROPERTYSET('3dzPg8n6r45gtnc$lDtUc8',$,'MF_Structural',$,(#3608,#3609,#3610));
#3608=IFCPROPERTYSINGLEVALUE('Section',$,IFCLABEL('L8X6X1/2'),$);
#3609=IFCPROPERTYSINGLEVALUE('SectionFamily',$,IFCLABEL('L'),$);
#3610=IFCPROPERTYSINGLEVALUE('SectionSource',$,IFCLABEL('AISC Shapes Database v15.0 (US)'),$);
#3611=IFCPROPERTYSET('0qxxpr$KPCQw5KMjFfVOHS',$,'MF_Library',$,(#3612,#3613,#3614,#3615,#3616,#3617,#3618,#3619,#3620,#3621));
#3612=IFCPROPERTYSINGLEVALUE('Key',$,IFCLABEL('steel_angle'),$);
#3613=IFCPROPERTYSINGLEVALUE('Family',$,IFCLABEL('Angle'),$);
#3614=IFCPROPERTYSINGLEVALUE('TypeName',$,IFCLABEL('L8X6X1/2'),$);
#3615=IFCPROPERTYSINGLEVALUE('Version',$,IFCLABEL('0.1.0'),$);
#3616=IFCPROPERTYSINGLEVALUE('License',$,IFCLABEL('CC0-1.0'),$);
#3617=IFCPROPERTYSINGLEVALUE('Source',$,IFCLABEL('massing-families'),$);
#3618=IFCPROPERTYSINGLEVALUE('Tier',$,IFCLABEL('L300'),$);
#3619=IFCPROPERTYSINGLEVALUE('Builder',$,IFCLABEL('profile'),$);
#3620=IFCPROPERTYSINGLEVALUE('Discipline',$,IFCLABEL('structural'),$);
#3621=IFCPROPERTYSINGLEVALUE('GeometryStatus',$,IFCLABEL('parametric'),$);
#3622=IFCPROPERTYSET('2LdQx6Hjv1If4dNLl35_EH',$,'MF_Quantities',$,(#3623,#3624,#3625,#3626,#3627));
#3623=IFCPROPERTYSINGLEVALUE('NominalWidth',$,IFCREAL(0.20319999999999999),$);
#3624=IFCPROPERTYSINGLEVALUE('NominalDepth',$,IFCREAL(0.15240000000000001),$);
#3625=IFCPROPERTYSINGLEVALUE('NominalHeight',$,IFCREAL(3.048),$);
#3626=IFCPROPERTYSINGLEVALUE('NominalFootprintArea',$,IFCREAL(0.030967999999999999),$);
#3627=IFCPROPERTYSINGLEVALUE('NominalVolume',$,IFCREAL(0.094389000000000001),$);
#3628=IFCMEMBERTYPE('1_C732pCv6tRE3TrndnOM3',$,'Angle - L8X6X7/16',$,$,(#3645,#3649,#3660),(#3644),$,$,.NOTDEFINED.);
#3629=IFCCARTESIANPOINT((0.,0.));
#3630=IFCDIRECTION((1.,0.));
#3631=IFCAXIS2PLACEMENT2D(#3629,#3630);
#3632=IFCLSHAPEPROFILEDEF(.AREA.,'L8X6X7/16',#3631,0.15240000000000001,0.20319999999999999,0.0111252,0.,$,$);
#3633=IFCCARTESIANPOINT((0.,0.,0.));
#3634=IFCDIRECTION((0.,0.,1.));
#3635=IFCDIRECTION((1.,0.,0.));
#3636=IFCAXIS2PLACEMENT3D(#3633,#3634,#3635);
#3637=IFCDIRECTION((0.,0.,1.));
#3638=IFCEXTRUDEDAREASOLID(#3632,#3636,#3637,3.048);
#3639=IFCSHAPEREPRESENTATION(#11,'Body','SweptSolid',(#3638));
#3640=IFCCARTESIANPOINT((0.,0.,0.));
#3641=IFCDIRECTION((1.,0.,0.));
#3642=IFCDIRECTION((0.,0.,1.));
#3643=IFCAXIS2PLACEMENT3D(#3640,#3642,#3641);
#3644=IFCREPRESENTATIONMAP(#3643,#3639);
#3645=IFCPROPERTYSET('0mQnWAVFv06AH6EzA5esmk',$,'MF_Structural',$,(#3646,#3647,#3648));
#3646=IFCPROPERTYSINGLEVALUE('Section',$,IFCLABEL('L8X6X7/16'),$);
#3647=IFCPROPERTYSINGLEVALUE('SectionFamily',$,IFCLABEL('L'),$);
#3648=IFCPROPERTYSINGLEVALUE('SectionSource',$,IFCLABEL('AISC Shapes Database v15.0 (US)'),$);
#3649=IFCPROPERTYSET('1p32IvwI1BkR$ccGRujLJf',$,'MF_Library',$,(#3650,#3651,#3652,#3653,#3654,#3655,#3656,#3657,#3658,#3659));
#3650=IFCPROPERTYSINGLEVALUE('Key',$,IFCLABEL('steel_angle'),$);
#3651=IFCPROPERTYSINGLEVALUE('Family',$,IFCLABEL('Angle'),$);
#3652=IFCPROPERTYSINGLEVALUE('TypeName',$,IFCLABEL('L8X6X7/16'),$);
#3653=IFCPROPERTYSINGLEVALUE('Version',$,IFCLABEL('0.1.0'),$);
#3654=IFCPROPERTYSINGLEVALUE('License',$,IFCLABEL('CC0-1.0'),$);
#3655=IFCPROPERTYSINGLEVALUE('Source',$,IFCLABEL('massing-families'),$);
#3656=IFCPROPERTYSINGLEVALUE('Tier',$,IFCLABEL('L300'),$);
#3657=IFCPROPERTYSINGLEVALUE('Builder',$,IFCLABEL('profile'),$);
#3658=IFCPROPERTYSINGLEVALUE('Discipline',$,IFCLABEL('structural'),$);
#3659=IFCPROPERTYSINGLEVALUE('GeometryStatus',$,IFCLABEL('parametric'),$);
#3660=IFCPROPERTYSET('22JfuICSXFmemLaT5Uf3B$',$,'MF_Quantities',$,(#3661,#3662,#3663,#3664,#3665));
#3661=IFCPROPERTYSINGLEVALUE('NominalWidth',$,IFCREAL(0.20319999999999999),$);
#3662=IFCPROPERTYSINGLEVALUE('NominalDepth',$,IFCREAL(0.15240000000000001),$);
#3663=IFCPROPERTYSINGLEVALUE('NominalHeight',$,IFCREAL(3.048),$);
#3664=IFCPROPERTYSINGLEVALUE('NominalFootprintArea',$,IFCREAL(0.030967999999999999),$);
#3665=IFCPROPERTYSINGLEVALUE('NominalVolume',$,IFCREAL(0.094389000000000001),$);
#3666=IFCMEMBERTYPE('3BvvOAorr8uezj6KzXPXcq',$,'Angle - L8X4X1',$,$,(#3683,#3687,#3698),(#3682),$,$,.NOTDEFINED.);
#3667=IFCCARTESIANPOINT((0.,0.));
#3668=IFCDIRECTION((1.,0.));
#3669=IFCAXIS2PLACEMENT2D(#3667,#3668);
#3670=IFCLSHAPEPROFILEDEF(.AREA.,'L8X4X1',#3669,0.1016,0.20319999999999999,0.025399999999999999,0.,$,$);
#3671=IFCCARTESIANPOINT((0.,0.,0.));
#3672=IFCDIRECTION((0.,0.,1.));
#3673=IFCDIRECTION((1.,0.,0.));
#3674=IFCAXIS2PLACEMENT3D(#3671,#3672,#3673);
#3675=IFCDIRECTION((0.,0.,1.));
#3676=IFCEXTRUDEDAREASOLID(#3670,#3674,#3675,3.048);
#3677=IFCSHAPEREPRESENTATION(#11,'Body','SweptSolid',(#3676));
#3678=IFCCARTESIANPOINT((0.,0.,0.));
#3679=IFCDIRECTION((1.,0.,0.));
#3680=IFCDIRECTION((0.,0.,1.));
#3681=IFCAXIS2PLACEMENT3D(#3678,#3680,#3679);
#3682=IFCREPRESENTATIONMAP(#3681,#3677);
#3683=IFCPROPERTYSET('1Sbh2iAu18GPQsdRsAVRje',$,'MF_Structural',$,(#3684,#3685,#3686));
#3684=IFCPROPERTYSINGLEVALUE('Section',$,IFCLABEL('L8X4X1'),$);
#3685=IFCPROPERTYSINGLEVALUE('SectionFamily',$,IFCLABEL('L'),$);
#3686=IFCPROPERTYSINGLEVALUE('SectionSource',$,IFCLABEL('AISC Shapes Database v15.0 (US)'),$);
#3687=IFCPROPERTYSET('2ffaXe8lDDxeRDoEB_J5je',$,'MF_Library',$,(#3688,#3689,#3690,#3691,#3692,#3693,#3694,#3695,#3696,#3697));
#3688=IFCPROPERTYSINGLEVALUE('Key',$,IFCLABEL('steel_angle'),$);
#3689=IFCPROPERTYSINGLEVALUE('Family',$,IFCLABEL('Angle'),$);
#3690=IFCPROPERTYSINGLEVALUE('TypeName',$,IFCLABEL('L8X4X1'),$);
#3691=IFCPROPERTYSINGLEVALUE('Version',$,IFCLABEL('0.1.0'),$);
#3692=IFCPROPERTYSINGLEVALUE('License',$,IFCLABEL('CC0-1.0'),$);
#3693=IFCPROPERTYSINGLEVALUE('Source',$,IFCLABEL('massing-families'),$);
#3694=IFCPROPERTYSINGLEVALUE('Tier',$,IFCLABEL('L300'),$);
#3695=IFCPROPERTYSINGLEVALUE('Builder',$,IFCLABEL('profile'),$);
#3696=IFCPROPERTYSINGLEVALUE('Discipline',$,IFCLABEL('structural'),$);
#3697=IFCPROPERTYSINGLEVALUE('GeometryStatus',$,IFCLABEL('parametric'),$);
#3698=IFCPROPERTYSET('2uC_XVHmP3txm1wxc1f6SM',$,'MF_Quantities',$,(#3699,#3700,#3701,#3702,#3703));
#3699=IFCPROPERTYSINGLEVALUE('NominalWidth',$,IFCREAL(0.20319999999999999),$);
#3700=IFCPROPERTYSINGLEVALUE('NominalDepth',$,IFCREAL(0.1016),$);
#3701=IFCPROPERTYSINGLEVALUE('NominalHeight',$,IFCREAL(3.048),$);
#3702=IFCPROPERTYSINGLEVALUE('NominalFootprintArea',$,IFCREAL(0.020645),$);
#3703=IFCPROPERTYSINGLEVALUE('NominalVolume',$,IFCREAL(0.062925999999999996),$);
#3704=IFCMEMBERTYPE('3EBEBWdA15dPgErtLudYWs',$,'Angle - L8X4X7/8',$,$,(#3721,#3725,#3736),(#3720),$,$,.NOTDEFINED.);
#3705=IFCCARTESIANPOINT((0.,0.));
#3706=IFCDIRECTION((1.,0.));
#3707=IFCAXIS2PLACEMENT2D(#3705,#3706);
#3708=IFCLSHAPEPROFILEDEF(.AREA.,'L8X4X7/8',#3707,0.1016,0.20319999999999999,0.022225000000000002,0.,$,$);
#3709=IFCCARTESIANPOINT((0.,0.,0.));
#3710=IFCDIRECTION((0.,0.,1.));
#3711=IFCDIRECTION((1.,0.,0.));
#3712=IFCAXIS2PLACEMENT3D(#3709,#3710,#3711);
#3713=IFCDIRECTION((0.,0.,1.));
#3714=IFCEXTRUDEDAREASOLID(#3708,#3712,#3713,3.048);
#3715=IFCSHAPEREPRESENTATION(#11,'Body','SweptSolid',(#3714));
#3716=IFCCARTESIANPOINT((0.,0.,0.));
#3717=IFCDIRECTION((1.,0.,0.));
#3718=IFCDIRECTION((0.,0.,1.));
#3719=IFCAXIS2PLACEMENT3D(#3716,#3718,#3717);
#3720=IFCREPRESENTATIONMAP(#3719,#3715);
#3721=IFCPROPERTYSET('0vFW9MOMH37wWnoD0lx4l$',$,'MF_Structural',$,(#3722,#3723,#3724));
#3722=IFCPROPERTYSINGLEVALUE('Section',$,IFCLABEL('L8X4X7/8'),$);
#3723=IFCPROPERTYSINGLEVALUE('SectionFamily',$,IFCLABEL('L'),$);
#3724=IFCPROPERTYSINGLEVALUE('SectionSource',$,IFCLABEL('AISC Shapes Database v15.0 (US)'),$);
#3725=IFCPROPERTYSET('31bNMu5hPETAgrn7v12$PC',$,'MF_Library',$,(#3726,#3727,#3728,#3729,#3730,#3731,#3732,#3733,#3734,#3735));
#3726=IFCPROPERTYSINGLEVALUE('Key',$,IFCLABEL('steel_angle'),$);
#3727=IFCPROPERTYSINGLEVALUE('Family',$,IFCLABEL('Angle'),$);
#3728=IFCPROPERTYSINGLEVALUE('TypeName',$,IFCLABEL('L8X4X7/8'),$);
#3729=IFCPROPERTYSINGLEVALUE('Version',$,IFCLABEL('0.1.0'),$);
#3730=IFCPROPERTYSINGLEVALUE('License',$,IFCLABEL('CC0-1.0'),$);
#3731=IFCPROPERTYSINGLEVALUE('Source',$,IFCLABEL('massing-families'),$);
#3732=IFCPROPERTYSINGLEVALUE('Tier',$,IFCLABEL('L300'),$);
#3733=IFCPROPERTYSINGLEVALUE('Builder',$,IFCLABEL('profile'),$);
#3734=IFCPROPERTYSINGLEVALUE('Discipline',$,IFCLABEL('structural'),$);
#3735=IFCPROPERTYSINGLEVALUE('GeometryStatus',$,IFCLABEL('parametric'),$);
#3736=IFCPROPERTYSET('3L2lmcIz12JfoB$n8qesTg',$,'MF_Quantities',$,(#3737,#3738,#3739,#3740,#3741));
#3737=IFCPROPERTYSINGLEVALUE('NominalWidth',$,IFCREAL(0.20319999999999999),$);
#3738=IFCPROPERTYSINGLEVALUE('NominalDepth',$,IFCREAL(0.1016),$);
#3739=IFCPROPERTYSINGLEVALUE('NominalHeight',$,IFCREAL(3.048),$);
#3740=IFCPROPERTYSINGLEVALUE('NominalFootprintArea',$,IFCREAL(0.020645),$);
#3741=IFCPROPERTYSINGLEVALUE('NominalVolume',$,IFCREAL(0.062925999999999996),$);
#3742=IFCMEMBERTYPE('1saoenyPbEMPVMSeHr84SX',$,'Angle - L8X4X3/4',$,$,(#3759,#3763,#3774),(#3758),$,$,.NOTDEFINED.);
#3743=IFCCARTESIANPOINT((0.,0.));
#3744=IFCDIRECTION((1.,0.));
#3745=IFCAXIS2PLACEMENT2D(#3743,#3744);
#3746=IFCLSHAPEPROFILEDEF(.AREA.,'L8X4X3/4',#3745,0.1016,0.20319999999999999,0.019050000000000001,0.,$,$);
#3747=IFCCARTESIANPOINT((0.,0.,0.));
#3748=IFCDIRECTION((0.,0.,1.));
#3749=IFCDIRECTION((1.,0.,0.));
#3750=IFCAXIS2PLACEMENT3D(#3747,#3748,#3749);
#3751=IFCDIRECTION((0.,0.,1.));
#3752=IFCEXTRUDEDAREASOLID(#3746,#3750,#3751,3.048);
#3753=IFCSHAPEREPRESENTATION(#11,'Body','SweptSolid',(#3752));
#3754=IFCCARTESIANPOINT((0.,0.,0.));
#3755=IFCDIRECTION((1.,0.,0.));
#3756=IFCDIRECTION((0.,0.,1.));
#3757=IFCAXIS2PLACEMENT3D(#3754,#3756,#3755);
#3758=IFCREPRESENTATIONMAP(#3757,#3753);
#3759=IFCPROPERTYSET('3$OZ13DOz4WfGixKgPf0M9',$,'MF_Structural',$,(#3760,#3761,#3762));
#3760=IFCPROPERTYSINGLEVALUE('Section',$,IFCLABEL('L8X4X3/4'),$);
#3761=IFCPROPERTYSINGLEVALUE('SectionFamily',$,IFCLABEL('L'),$);
#3762=IFCPROPERTYSINGLEVALUE('SectionSource',$,IFCLABEL('AISC Shapes Database v15.0 (US)'),$);
#3763=IFCPROPERTYSET('1RvPhuYIL1MQFM_sVO5sIU',$,'MF_Library',$,(#3764,#3765,#3766,#3767,#3768,#3769,#3770,#3771,#3772,#3773));
#3764=IFCPROPERTYSINGLEVALUE('Key',$,IFCLABEL('steel_angle'),$);
#3765=IFCPROPERTYSINGLEVALUE('Family',$,IFCLABEL('Angle'),$);
#3766=IFCPROPERTYSINGLEVALUE('TypeName',$,IFCLABEL('L8X4X3/4'),$);
#3767=IFCPROPERTYSINGLEVALUE('Version',$,IFCLABEL('0.1.0'),$);
#3768=IFCPROPERTYSINGLEVALUE('License',$,IFCLABEL('CC0-1.0'),$);
#3769=IFCPROPERTYSINGLEVALUE('Source',$,IFCLABEL('massing-families'),$);
#3770=IFCPROPERTYSINGLEVALUE('Tier',$,IFCLABEL('L300'),$);
#3771=IFCPROPERTYSINGLEVALUE('Builder',$,IFCLABEL('profile'),$);
#3772=IFCPROPERTYSINGLEVALUE('Discipline',$,IFCLABEL('structural'),$);
#3773=IFCPROPERTYSINGLEVALUE('GeometryStatus',$,IFCLABEL('parametric'),$);
#3774=IFCPROPERTYSET('2QV0YKT_v05uZqkU3DDn$a',$,'MF_Quantities',$,(#3775,#3776,#3777,#3778,#3779));
#3775=IFCPROPERTYSINGLEVALUE('NominalWidth',$,IFCREAL(0.20319999999999999),$);
#3776=IFCPROPERTYSINGLEVALUE('NominalDepth',$,IFCREAL(0.1016),$);
#3777=IFCPROPERTYSINGLEVALUE('NominalHeight',$,IFCREAL(3.048),$);
#3778=IFCPROPERTYSINGLEVALUE('NominalFootprintArea',$,IFCREAL(0.020645),$);
#3779=IFCPROPERTYSINGLEVALUE('NominalVolume',$,IFCREAL(0.062925999999999996),$);
#3780=IFCMEMBERTYPE('17LMOwy79CDOebEW$OF5Tx',$,'Angle - L8X4X5/8',$,$,(#3797,#3801,#3812),(#3796),$,$,.NOTDEFINED.);
#3781=IFCCARTESIANPOINT((0.,0.));
#3782=IFCDIRECTION((1.,0.));
#3783=IFCAXIS2PLACEMENT2D(#3781,#3782);
#3784=IFCLSHAPEPROFILEDEF(.AREA.,'L8X4X5/8',#3783,0.1016,0.20319999999999999,0.015875,0.,$,$);
#3785=IFCCARTESIANPOINT((0.,0.,0.));
#3786=IFCDIRECTION((0.,0.,1.));
#3787=IFCDIRECTION((1.,0.,0.));
#3788=IFCAXIS2PLACEMENT3D(#3785,#3786,#3787);
#3789=IFCDIRECTION((0.,0.,1.));
#3790=IFCEXTRUDEDAREASOLID(#3784,#3788,#3789,3.048);
#3791=IFCSHAPEREPRESENTATION(#11,'Body','SweptSolid',(#3790));
#3792=IFCCARTESIANPOINT((0.,0.,0.));
#3793=IFCDIRECTION((1.,0.,0.));
#3794=IFCDIRECTION((0.,0.,1.));
#3795=IFCAXIS2PLACEMENT3D(#3792,#3794,#3793);
#3796=IFCREPRESENTATIONMAP(#3795,#3791);
#3797=IFCPROPERTYSET('16JnKcWeH8nQuBfDqz5YiJ',$,'MF_Structural',$,(#3798,#3799,#3800));
#3798=IFCPROPERTYSINGLEVALUE('Section',$,IFCLABEL('L8X4X5/8'),$);
#3799=IFCPROPERTYSINGLEVALUE('SectionFamily',$,IFCLABEL('L'),$);
#3800=IFCPROPERTYSINGLEVALUE('SectionSource',$,IFCLABEL('AISC Shapes Database v15.0 (US)'),$);
#3801=IFCPROPERTYSET('0mUn4RJ_jDJ8b3uUKx4EiK',$,'MF_Library',$,(#3802,#3803,#3804,#3805,#3806,#3807,#3808,#3809,#3810,#3811));
#3802=IFCPROPERTYSINGLEVALUE('Key',$,IFCLABEL('steel_angle'),$);
#3803=IFCPROPERTYSINGLEVALUE('Family',$,IFCLABEL('Angle'),$);
#3804=IFCPROPERTYSINGLEVALUE('TypeName',$,IFCLABEL('L8X4X5/8'),$);
#3805=IFCPROPERTYSINGLEVALUE('Version',$,IFCLABEL('0.1.0'),$);
#3806=IFCPROPERTYSINGLEVALUE('License',$,IFCLABEL('CC0-1.0'),$);
#3807=IFCPROPERTYSINGLEVALUE('Source',$,IFCLABEL('massing-families'),$);
#3808=IFCPROPERTYSINGLEVALUE('Tier',$,IFCLABEL('L300'),$);
#3809=IFCPROPERTYSINGLEVALUE('Builder',$,IFCLABEL('profile'),$);
#3810=IFCPROPERTYSINGLEVALUE('Discipline',$,IFCLABEL('structural'),$);
#3811=IFCPROPERTYSINGLEVALUE('GeometryStatus',$,IFCLABEL('parametric'),$);
#3812=IFCPROPERTYSET('0fE4ndq9vBOgAiOPdThgdu',$,'MF_Quantities',$,(#3813,#3814,#3815,#3816,#3817));
#3813=IFCPROPERTYSINGLEVALUE('NominalWidth',$,IFCREAL(0.20319999999999999),$);
#3814=IFCPROPERTYSINGLEVALUE('NominalDepth',$,IFCREAL(0.1016),$);
#3815=IFCPROPERTYSINGLEVALUE('NominalHeight',$,IFCREAL(3.048),$);
#3816=IFCPROPERTYSINGLEVALUE('NominalFootprintArea',$,IFCREAL(0.020645),$);
#3817=IFCPROPERTYSINGLEVALUE('NominalVolume',$,IFCREAL(0.062925999999999996),$);
#3818=IFCMEMBERTYPE('23Cl8JU0PF0w$dHdUINsFb',$,'Angle - L8X4X9/16',$,$,(#3835,#3839,#3850),(#3834),$,$,.NOTDEFINED.);
#3819=IFCCARTESIANPOINT((0.,0.));
#3820=IFCDIRECTION((1.,0.));
#3821=IFCAXIS2PLACEMENT2D(#3819,#3820);
#3822=IFCLSHAPEPROFILEDEF(.AREA.,'L8X4X9/16',#3821,0.1016,0.20319999999999999,0.014300200000000001,0.,$,$);
#3823=IFCCARTESIANPOINT((0.,0.,0.));
#3824=IFCDIRECTION((0.,0.,1.));
#3825=IFCDIRECTION((1.,0.,0.));
#3826=IFCAXIS2PLACEMENT3D(#3823,#3824,#3825);
#3827=IFCDIRECTION((0.,0.,1.));
#3828=IFCEXTRUDEDAREASOLID(#3822,#3826,#3827,3.048);
#3829=IFCSHAPEREPRESENTATION(#11,'Body','SweptSolid',(#3828));
#3830=IFCCARTESIANPOINT((0.,0.,0.));
#3831=IFCDIRECTION((1.,0.,0.));
#3832=IFCDIRECTION((0.,0.,1.));
#3833=IFCAXIS2PLACEMENT3D(#3830,#3832,#3831);
#3834=IFCREPRESENTATIONMAP(#3833,#3829);
#3835=IFCPROPERTYSET('07xXVBFV5868GkMJaY3ITj',$,'MF_Structural',$,(#3836,#3837,#3838));
#3836=IFCPROPERTYSINGLEVALUE('Section',$,IFCLABEL('L8X4X9/16'),$);
#3837=IFCPROPERTYSINGLEVALUE('SectionFamily',$,IFCLABEL('L'),$);
#3838=IFCPROPERTYSINGLEVALUE('SectionSource',$,IFCLABEL('AISC Shapes Database v15.0 (US)'),$);
#3839=IFCPROPERTYSET('3i8tqIai96exj2rsLkPQPk',$,'MF_Library',$,(#3840,#3841,#3842,#3843,#3844,#3845,#3846,#3847,#3848,#3849));
#3840=IFCPROPERTYSINGLEVALUE('Key',$,IFCLABEL('steel_angle'),$);
#3841=IFCPROPERTYSINGLEVALUE('Family',$,IFCLABEL('Angle'),$);
#3842=IFCPROPERTYSINGLEVALUE('TypeName',$,IFCLABEL('L8X4X9/16'),$);
#3843=IFCPROPERTYSINGLEVALUE('Version',$,IFCLABEL('0.1.0'),$);
#3844=IFCPROPERTYSINGLEVALUE('License',$,IFCLABEL('CC0-1.0'),$);
#3845=IFCPROPERTYSINGLEVALUE('Source',$,IFCLABEL('massing-families'),$);
#3846=IFCPROPERTYSINGLEVALUE('Tier',$,IFCLABEL('L300'),$);
#3847=IFCPROPERTYSINGLEVALUE('Builder',$,IFCLABEL('profile'),$);
#3848=IFCPROPERTYSINGLEVALUE('Discipline',$,IFCLABEL('structural'),$);
#3849=IFCPROPERTYSINGLEVALUE('GeometryStatus',$,IFCLABEL('parametric'),$);
#3850=IFCPROPERTYSET('2PGxvP8_r98gReM0qtgNhg',$,'MF_Quantities',$,(#3851,#3852,#3853,#3854,#3855));
#3851=IFCPROPERTYSINGLEVALUE('NominalWidth',$,IFCREAL(0.20319999999999999),$);
#3852=IFCPROPERTYSINGLEVALUE('NominalDepth',$,IFCREAL(0.1016),$);
#3853=IFCPROPERTYSINGLEVALUE('NominalHeight',$,IFCREAL(3.048),$);
#3854=IFCPROPERTYSINGLEVALUE('NominalFootprintArea',$,IFCREAL(0.020645),$);
#3855=IFCPROPERTYSINGLEVALUE('NominalVolume',$,IFCREAL(0.062925999999999996),$);
#3856=IFCMEMBERTYPE('3b1s21ViPATfc71qodp9zz',$,'Angle - L8X4X1/2',$,$,(#3873,#3877,#3888),(#3872),$,$,.NOTDEFINED.);
#3857=IFCCARTESIANPOINT((0.,0.));
#3858=IFCDIRECTION((1.,0.));
#3859=IFCAXIS2PLACEMENT2D(#3857,#3858);
#3860=IFCLSHAPEPROFILEDEF(.AREA.,'L8X4X1/2',#3859,0.1016,0.20319999999999999,0.012699999999999999,0.,$,$);
#3861=IFCCARTESIANPOINT((0.,0.,0.));
#3862=IFCDIRECTION((0.,0.,1.));
#3863=IFCDIRECTION((1.,0.,0.));
#3864=IFCAXIS2PLACEMENT3D(#3861,#3862,#3863);
#3865=IFCDIRECTION((0.,0.,1.));
#3866=IFCEXTRUDEDAREASOLID(#3860,#3864,#3865,3.048);
#3867=IFCSHAPEREPRESENTATION(#11,'Body','SweptSolid',(#3866));
#3868=IFCCARTESIANPOINT((0.,0.,0.));
#3869=IFCDIRECTION((1.,0.,0.));
#3870=IFCDIRECTION((0.,0.,1.));
#3871=IFCAXIS2PLACEMENT3D(#3868,#3870,#3869);
#3872=IFCREPRESENTATIONMAP(#3871,#3867);
#3873=IFCPROPERTYSET('3FSli7snnErPm3O5790b5w',$,'MF_Structural',$,(#3874,#3875,#3876));
#3874=IFCPROPERTYSINGLEVALUE('Section',$,IFCLABEL('L8X4X1/2'),$);
#3875=IFCPROPERTYSINGLEVALUE('SectionFamily',$,IFCLABEL('L'),$);
#3876=IFCPROPERTYSINGLEVALUE('SectionSource',$,IFCLABEL('AISC Shapes Database v15.0 (US)'),$);
#3877=IFCPROPERTYSET('20EN2A9CvE3RugDpVtFWNu',$,'MF_Library',$,(#3878,#3879,#3880,#3881,#3882,#3883,#3884,#3885,#3886,#3887));
#3878=IFCPROPERTYSINGLEVALUE('Key',$,IFCLABEL('steel_angle'),$);
#3879=IFCPROPERTYSINGLEVALUE('Family',$,IFCLABEL('Angle'),$);
#3880=IFCPROPERTYSINGLEVALUE('TypeName',$,IFCLABEL('L8X4X1/2'),$);
#3881=IFCPROPERTYSINGLEVALUE('Version',$,IFCLABEL('0.1.0'),$);
#3882=IFCPROPERTYSINGLEVALUE('License',$,IFCLABEL('CC0-1.0'),$);
#3883=IFCPROPERTYSINGLEVALUE('Source',$,IFCLABEL('massing-families'),$);
#3884=IFCPROPERTYSINGLEVALUE('Tier',$,IFCLABEL('L300'),$);
#3885=IFCPROPERTYSINGLEVALUE('Builder',$,IFCLABEL('profile'),$);
#3886=IFCPROPERTYSINGLEVALUE('Discipline',$,IFCLABEL('structural'),$);
#3887=IFCPROPERTYSINGLEVALUE('GeometryStatus',$,IFCLABEL('parametric'),$);
#3888=IFCPROPERTYSET('1ymqUUaAzCnfxM$2_COFAL',$,'MF_Quantities',$,(#3889,#3890,#3891,#3892,#3893));
#3889=IFCPROPERTYSINGLEVALUE('NominalWidth',$,IFCREAL(0.20319999999999999),$);
#3890=IFCPROPERTYSINGLEVALUE('NominalDepth',$,IFCREAL(0.1016),$);
#3891=IFCPROPERTYSINGLEVALUE('NominalHeight',$,IFCREAL(3.048),$);
#3892=IFCPROPERTYSINGLEVALUE('NominalFootprintArea',$,IFCREAL(0.020645),$);
#3893=IFCPROPERTYSINGLEVALUE('NominalVolume',$,IFCREAL(0.062925999999999996),$);
#3894=IFCMEMBERTYPE('3x1j9dYf18aQiTI973Zlne',$,'Angle - L8X4X7/16',$,$,(#3911,#3915,#3926),(#3910),$,$,.NOTDEFINED.);
#3895=IFCCARTESIANPOINT((0.,0.));
#3896=IFCDIRECTION((1.,0.));
#3897=IFCAXIS2PLACEMENT2D(#3895,#3896);
#3898=IFCLSHAPEPROFILEDEF(.AREA.,'L8X4X7/16',#3897,0.1016,0.20319999999999999,0.0111252,0.,$,$);
#3899=IFCCARTESIANPOINT((0.,0.,0.));
#3900=IFCDIRECTION((0.,0.,1.));
#3901=IFCDIRECTION((1.,0.,0.));
#3902=IFCAXIS2PLACEMENT3D(#3899,#3900,#3901);
#3903=IFCDIRECTION((0.,0.,1.));
#3904=IFCEXTRUDEDAREASOLID(#3898,#3902,#3903,3.048);
#3905=IFCSHAPEREPRESENTATION(#11,'Body','SweptSolid',(#3904));
#3906=IFCCARTESIANPOINT((0.,0.,0.));
#3907=IFCDIRECTION((1.,0.,0.));
#3908=IFCDIRECTION((0.,0.,1.));
#3909=IFCAXIS2PLACEMENT3D(#3906,#3908,#3907);
#3910=IFCREPRESENTATIONMAP(#3909,#3905);
#3911=IFCPROPERTYSET('1ZwTAOu$H6T9s3QpF_URFn',$,'MF_Structural',$,(#3912,#3913,#3914));
#3912=IFCPROPERTYSINGLEVALUE('Section',$,IFCLABEL('L8X4X7/16'),$);
#3913=IFCPROPERTYSINGLEVALUE('SectionFamily',$,IFCLABEL('L'),$);
#3914=IFCPROPERTYSINGLEVALUE('SectionSource',$,IFCLABEL('AISC Shapes Database v15.0 (US)'),$);
#3915=IFCPROPERTYSET('1SkMC90ojFvxim3Omaz9Y1',$,'MF_Library',$,(#3916,#3917,#3918,#3919,#3920,#3921,#3922,#3923,#3924,#3925));
#3916=IFCPROPERTYSINGLEVALUE('Key',$,IFCLABEL('steel_angle'),$);
#3917=IFCPROPERTYSINGLEVALUE('Family',$,IFCLABEL('Angle'),$);
#3918=IFCPROPERTYSINGLEVALUE('TypeName',$,IFCLABEL('L8X4X7/16'),$);
#3919=IFCPROPERTYSINGLEVALUE('Version',$,IFCLABEL('0.1.0'),$);
#3920=IFCPROPERTYSINGLEVALUE('License',$,IFCLABEL('CC0-1.0'),$);
#3921=IFCPROPERTYSINGLEVALUE('Source',$,IFCLABEL('massing-families'),$);
#3922=IFCPROPERTYSINGLEVALUE('Tier',$,IFCLABEL('L300'),$);
#3923=IFCPROPERTYSINGLEVALUE('Builder',$,IFCLABEL('profile'),$);
#3924=IFCPROPERTYSINGLEVALUE('Discipline',$,IFCLABEL('structural'),$);
#3925=IFCPROPERTYSINGLEVALUE('GeometryStatus',$,IFCLABEL('parametric'),$);
#3926=IFCPROPERTYSET('0teDm__lbDRAx4o5pHLuGs',$,'MF_Quantities',$,(#3927,#3928,#3929,#3930,#3931));
#3927=IFCPROPERTYSINGLEVALUE('NominalWidth',$,IFCREAL(0.20319999999999999),$);
#3928=IFCPROPERTYSINGLEVALUE('NominalDepth',$,IFCREAL(0.1016),$);
#3929=IFCPROPERTYSINGLEVALUE('NominalHeight',$,IFCREAL(3.048),$);
#3930=IFCPROPERTYSINGLEVALUE('NominalFootprintArea',$,IFCREAL(0.020645),$);
#3931=IFCPROPERTYSINGLEVALUE('NominalVolume',$,IFCREAL(0.062925999999999996),$);
#3932=IFCMEMBERTYPE('1tLfQzTgH3H9$J3HGMLU6A',$,'Angle - L7X4X3/4',$,$,(#3949,#3953,#3964),(#3948),$,$,.NOTDEFINED.);
#3933=IFCCARTESIANPOINT((0.,0.));
#3934=IFCDIRECTION((1.,0.));
#3935=IFCAXIS2PLACEMENT2D(#3933,#3934);
#3936=IFCLSHAPEPROFILEDEF(.AREA.,'L7X4X3/4',#3935,0.1016,0.17780000000000001,0.019050000000000001,0.,$,$);
#3937=IFCCARTESIANPOINT((0.,0.,0.));
#3938=IFCDIRECTION((0.,0.,1.));
#3939=IFCDIRECTION((1.,0.,0.));
#3940=IFCAXIS2PLACEMENT3D(#3937,#3938,#3939);
#3941=IFCDIRECTION((0.,0.,1.));
#3942=IFCEXTRUDEDAREASOLID(#3936,#3940,#3941,3.048);
#3943=IFCSHAPEREPRESENTATION(#11,'Body','SweptSolid',(#3942));
#3944=IFCCARTESIANPOINT((0.,0.,0.));
#3945=IFCDIRECTION((1.,0.,0.));
#3946=IFCDIRECTION((0.,0.,1.));
#3947=IFCAXIS2PLACEMENT3D(#3944,#3946,#3945);
#3948=IFCREPRESENTATIONMAP(#3947,#3943);
#3949=IFCPROPERTYSET('1lTmWNxbPD7vYdYyZ79QwP',$,'MF_Structural',$,(#3950,#3951,#3952));
#3950=IFCPROPERTYSINGLEVALUE('Section',$,IFCLABEL('L7X4X3/4'),$);
#3951=IFCPROPERTYSINGLEVALUE('SectionFamily',$,IFCLABEL('L'),$);
#3952=IFCPROPERTYSINGLEVALUE('SectionSource',$,IFCLABEL('AISC Shapes Database v15.0 (US)'),$);
#3953=IFCPROPERTYSET('282pgVnlH0Lv0ePP2fpZYz',$,'MF_Library',$,(#3954,#3955,#3956,#3957,#3958,#3959,#3960,#3961,#3962,#3963));
#3954=IFCPROPERTYSINGLEVALUE('Key',$,IFCLABEL('steel_angle'),$);
#3955=IFCPROPERTYSINGLEVALUE('Family',$,IFCLABEL('Angle'),$);
#3956=IFCPROPERTYSINGLEVALUE('TypeName',$,IFCLABEL('L7X4X3/4'),$);
#3957=IFCPROPERTYSINGLEVALUE('Version',$,IFCLABEL('0.1.0'),$);
#3958=IFCPROPERTYSINGLEVALUE('License',$,IFCLABEL('CC0-1.0'),$);
#3959=IFCPROPERTYSINGLEVALUE('Source',$,IFCLABEL('massing-families'),$);
#3960=IFCPROPERTYSINGLEVALUE('Tier',$,IFCLABEL('L300'),$);
#3961=IFCPROPERTYSINGLEVALUE('Builder',$,IFCLABEL('profile'),$);
#3962=IFCPROPERTYSINGLEVALUE('Discipline',$,IFCLABEL('structural'),$);
#3963=IFCPROPERTYSINGLEVALUE('GeometryStatus',$,IFCLABEL('parametric'),$);
#3964=IFCPROPERTYSET('3MqxzmVX576ee66SKZjl3k',$,'MF_Quantities',$,(#3965,#3966,#3967,#3968,#3969));
#3965=IFCPROPERTYSINGLEVALUE('NominalWidth',$,IFCREAL(0.17780000000000001),$);
#3966=IFCPROPERTYSINGLEVALUE('NominalDepth',$,IFCREAL(0.1016),$);
#3967=IFCPROPERTYSINGLEVALUE('NominalHeight',$,IFCREAL(3.048),$);
#3968=IFCPROPERTYSINGLEVALUE('NominalFootprintArea',$,IFCREAL(0.018064),$);
#3969=IFCPROPERTYSINGLEVALUE('NominalVolume',$,IFCREAL(0.055060999999999999),$);
#3970=IFCMEMBERTYPE('2ePYCMb_z188E7zM_zXzPu',$,'Angle - L7X4X5/8',$,$,(#3987,#3991,#4002),(#3986),$,$,.NOTDEFINED.);
#3971=IFCCARTESIANPOINT((0.,0.));
#3972=IFCDIRECTION((1.,0.));
#3973=IFCAXIS2PLACEMENT2D(#3971,#3972);
#3974=IFCLSHAPEPROFILEDEF(.AREA.,'L7X4X5/8',#3973,0.1016,0.17780000000000001,0.015875,0.,$,$);
#3975=IFCCARTESIANPOINT((0.,0.,0.));
#3976=IFCDIRECTION((0.,0.,1.));
#3977=IFCDIRECTION((1.,0.,0.));
#3978=IFCAXIS2PLACEMENT3D(#3975,#3976,#3977);
#3979=IFCDIRECTION((0.,0.,1.));
#3980=IFCEXTRUDEDAREASOLID(#3974,#3978,#3979,3.048);
#3981=IFCSHAPEREPRESENTATION(#11,'Body','SweptSolid',(#3980));
#3982=IFCCARTESIANPOINT((0.,0.,0.));
#3983=IFCDIRECTION((1.,0.,0.));
#3984=IFCDIRECTION((0.,0.,1.));
#3985=IFCAXIS2PLACEMENT3D(#3982,#3984,#3983);
#3986=IFCREPRESENTATIONMAP(#3985,#3981);
#3987=IFCPROPERTYSET('2b_FHdaxr84RXCDxgSW$v_',$,'MF_Structural',$,(#3988,#3989,#3990));
#3988=IFCPROPERTYSINGLEVALUE('Section',$,IFCLABEL('L7X4X5/8'),$);
#3989=IFCPROPERTYSINGLEVALUE('SectionFamily',$,IFCLABEL('L'),$);
#3990=IFCPROPERTYSINGLEVALUE('SectionSource',$,IFCLABEL('AISC Shapes Database v15.0 (US)'),$);
#3991=IFCPROPERTYSET('2R6GIMYRjEyPrf7kJ7nYR2',$,'MF_Library',$,(#3992,#3993,#3994,#3995,#3996,#3997,#3998,#3999,#4000,#4001));
#3992=IFCPROPERTYSINGLEVALUE('Key',$,IFCLABEL('steel_angle'),$);
#3993=IFCPROPERTYSINGLEVALUE('Family',$,IFCLABEL('Angle'),$);
#3994=IFCPROPERTYSINGLEVALUE('TypeName',$,IFCLABEL('L7X4X5/8'),$);
#3995=IFCPROPERTYSINGLEVALUE('Version',$,IFCLABEL('0.1.0'),$);
#3996=IFCPROPERTYSINGLEVALUE('License',$,IFCLABEL('CC0-1.0'),$);
#3997=IFCPROPERTYSINGLEVALUE('Source',$,IFCLABEL('massing-families'),$);
#3998=IFCPROPERTYSINGLEVALUE('Tier',$,IFCLABEL('L300'),$);
#3999=IFCPROPERTYSINGLEVALUE('Builder',$,IFCLABEL('profile'),$);
#4000=IFCPROPERTYSINGLEVALUE('Discipline',$,IFCLABEL('structural'),$);
#4001=IFCPROPERTYSINGLEVALUE('GeometryStatus',$,IFCLABEL('parametric'),$);
#4002=IFCPROPERTYSET('3dyLj0x2fDRgK93UXkLnBW',$,'MF_Quantities',$,(#4003,#4004,#4005,#4006,#4007));
#4003=IFCPROPERTYSINGLEVALUE('NominalWidth',$,IFCREAL(0.17780000000000001),$);
#4004=IFCPROPERTYSINGLEVALUE('NominalDepth',$,IFCREAL(0.1016),$);
#4005=IFCPROPERTYSINGLEVALUE('NominalHeight',$,IFCREAL(3.048),$);
#4006=IFCPROPERTYSINGLEVALUE('NominalFootprintArea',$,IFCREAL(0.018064),$);
#4007=IFCPROPERTYSINGLEVALUE('NominalVolume',$,IFCREAL(0.055060999999999999),$);
#4008=IFCMEMBERTYPE('1huuQQQ159h9W2jiGUXae6',$,'Angle - L7X4X1/2',$,$,(#4025,#4029,#4040),(#4024),$,$,.NOTDEFINED.);
#4009=IFCCARTESIANPOINT((0.,0.));
#4010=IFCDIRECTION((1.,0.));
#4011=IFCAXIS2PLACEMENT2D(#4009,#4010);
#4012=IFCLSHAPEPROFILEDEF(.AREA.,'L7X4X1/2',#4011,0.1016,0.17780000000000001,0.012699999999999999,0.,$,$);
#4013=IFCCARTESIANPOINT((0.,0.,0.));
#4014=IFCDIRECTION((0.,0.,1.));
#4015=IFCDIRECTION((1.,0.,0.));
#4016=IFCAXIS2PLACEMENT3D(#4013,#4014,#4015);
#4017=IFCDIRECTION((0.,0.,1.));
#4018=IFCEXTRUDEDAREASOLID(#4012,#4016,#4017,3.048);
#4019=IFCSHAPEREPRESENTATION(#11,'Body','SweptSolid',(#4018));
#4020=IFCCARTESIANPOINT((0.,0.,0.));
#4021=IFCDIRECTION((1.,0.,0.));
#4022=IFCDIRECTION((0.,0.,1.));
#4023=IFCAXIS2PLACEMENT3D(#4020,#4022,#4021);
#4024=IFCREPRESENTATIONMAP(#4023,#4019);
#4025=IFCPROPERTYSET('0zxf1c0vn2puHn4AezioRW',$,'MF_Structural',$,(#4026,#4027,#4028));
#4026=IFCPROPERTYSINGLEVALUE('Section',$,IFCLABEL('L7X4X1/2'),$);
#4027=IFCPROPERTYSINGLEVALUE('SectionFamily',$,IFCLABEL('L'),$);
#4028=IFCPROPERTYSINGLEVALUE('SectionSource',$,IFCLABEL('AISC Shapes Database v15.0 (US)'),$);
#4029=IFCPROPERTYSET('3mqt6b12D48BSU_AR0Nqzj',$,'MF_Library',$,(#4030,#4031,#4032,#4033,#4034,#4035,#4036,#4037,#4038,#4039));
#4030=IFCPROPERTYSINGLEVALUE('Key',$,IFCLABEL('steel_angle'),$);
#4031=IFCPROPERTYSINGLEVALUE('Family',$,IFCLABEL('Angle'),$);
#4032=IFCPROPERTYSINGLEVALUE('TypeName',$,IFCLABEL('L7X4X1/2'),$);
#4033=IFCPROPERTYSINGLEVALUE('Version',$,IFCLABEL('0.1.0'),$);
#4034=IFCPROPERTYSINGLEVALUE('License',$,IFCLABEL('CC0-1.0'),$);
#4035=IFCPROPERTYSINGLEVALUE('Source',$,IFCLABEL('massing-families'),$);
#4036=IFCPROPERTYSINGLEVALUE('Tier',$,IFCLABEL('L300'),$);
#4037=IFCPROPERTYSINGLEVALUE('Builder',$,IFCLABEL('profile'),$);
#4038=IFCPROPERTYSINGLEVALUE('Discipline',$,IFCLABEL('structural'),$);
#4039=IFCPROPERTYSINGLEVALUE('GeometryStatus',$,IFCLABEL('parametric'),$);
#4040=IFCPROPERTYSET('2fHQm9YPj9oB4_XQWeW2wK',$,'MF_Quantities',$,(#4041,#4042,#4043,#4044,#4045));
#4041=IFCPROPERTYSINGLEVALUE('NominalWidth',$,IFCREAL(0.17780000000000001),$);
#4042=IFCPROPERTYSINGLEVALUE('NominalDepth',$,IFCREAL(0.1016),$);
#4043=IFCPROPERTYSINGLEVALUE('NominalHeight',$,IFCREAL(3.048),$);
#4044=IFCPROPERTYSINGLEVALUE('NominalFootprintArea',$,IFCREAL(0.018064),$);
#4045=IFCPROPERTYSINGLEVALUE('NominalVolume',$,IFCREAL(0.055060999999999999),$);
#4046=IFCMEMBERTYPE('1ccm1F2qn13xGgWXvkqdB9',$,'Angle - L7X4X7/16',$,$,(#4063,#4067,#4078),(#4062),$,$,.NOTDEFINED.);
#4047=IFCCARTESIANPOINT((0.,0.));
#4048=IFCDIRECTION((1.,0.));
#4049=IFCAXIS2PLACEMENT2D(#4047,#4048);
#4050=IFCLSHAPEPROFILEDEF(.AREA.,'L7X4X7/16',#4049,0.1016,0.17780000000000001,0.0111252,0.,$,$);
#4051=IFCCARTESIANPOINT((0.,0.,0.));
#4052=IFCDIRECTION((0.,0.,1.));
#4053=IFCDIRECTION((1.,0.,0.));
#4054=IFCAXIS2PLACEMENT3D(#4051,#4052,#4053);
#4055=IFCDIRECTION((0.,0.,1.));
#4056=IFCEXTRUDEDAREASOLID(#4050,#4054,#4055,3.048);
#4057=IFCSHAPEREPRESENTATION(#11,'Body','SweptSolid',(#4056));
#4058=IFCCARTESIANPOINT((0.,0.,0.));
#4059=IFCDIRECTION((1.,0.,0.));
#4060=IFCDIRECTION((0.,0.,1.));
#4061=IFCAXIS2PLACEMENT3D(#4058,#4060,#4059);
#4062=IFCREPRESENTATIONMAP(#4061,#4057);
#4063=IFCPROPERTYSET('1joDQDzhj4rxPdtbaPgxvK',$,'MF_Structural',$,(#4064,#4065,#4066));
#4064=IFCPROPERTYSINGLEVALUE('Section',$,IFCLABEL('L7X4X7/16'),$);
#4065=IFCPROPERTYSINGLEVALUE('SectionFamily',$,IFCLABEL('L'),$);
#4066=IFCPROPERTYSINGLEVALUE('SectionSource',$,IFCLABEL('AISC Shapes Database v15.0 (US)'),$);
#4067=IFCPROPERTYSET('1V5zqtY5L99xqfHND0XYn9',$,'MF_Library',$,(#4068,#4069,#4070,#4071,#4072,#4073,#4074,#4075,#4076,#4077));
#4068=IFCPROPERTYSINGLEVALUE('Key',$,IFCLABEL('steel_angle'),$);
#4069=IFCPROPERTYSINGLEVALUE('Family',$,IFCLABEL('Angle'),$);
#4070=IFCPROPERTYSINGLEVALUE('TypeName',$,IFCLABEL('L7X4X7/16'),$);
#4071=IFCPROPERTYSINGLEVALUE('Version',$,IFCLABEL('0.1.0'),$);
#4072=IFCPROPERTYSINGLEVALUE('License',$,IFCLABEL('CC0-1.0'),$);
#4073=IFCPROPERTYSINGLEVALUE('Source',$,IFCLABEL('massing-families'),$);
#4074=IFCPROPERTYSINGLEVALUE('Tier',$,IFCLABEL('L300'),$);
#4075=IFCPROPERTYSINGLEVALUE('Builder',$,IFCLABEL('profile'),$);
#4076=IFCPROPERTYSINGLEVALUE('Discipline',$,IFCLABEL('structural'),$);
#4077=IFCPROPERTYSINGLEVALUE('GeometryStatus',$,IFCLABEL('parametric'),$);
#4078=IFCPROPERTYSET('0UZijjUYD9zvQcc83P_03P',$,'MF_Quantities',$,(#4079,#4080,#4081,#4082,#4083));
#4079=IFCPROPERTYSINGLEVALUE('NominalWidth',$,IFCREAL(0.17780000000000001),$);
#4080=IFCPROPERTYSINGLEVALUE('NominalDepth',$,IFCREAL(0.1016),$);
#4081=IFCPROPERTYSINGLEVALUE('NominalHeight',$,IFCREAL(3.048),$);
#4082=IFCPROPERTYSINGLEVALUE('NominalFootprintArea',$,IFCREAL(0.018064),$);
#4083=IFCPROPERTYSINGLEVALUE('NominalVolume',$,IFCREAL(0.055060999999999999),$);
#4084=IFCMEMBERTYPE('1ZcSSwFmPF_AWFaH$I9ULC',$,'Angle - L7X4X3/8',$,$,(#4101,#4105,#4116),(#4100),$,$,.NOTDEFINED.);
#4085=IFCCARTESIANPOINT((0.,0.));
#4086=IFCDIRECTION((1.,0.));
#4087=IFCAXIS2PLACEMENT2D(#4085,#4086);
#4088=IFCLSHAPEPROFILEDEF(.AREA.,'L7X4X3/8',#4087,0.1016,0.17780000000000001,0.0095250000000000005,0.,$,$);
#4089=IFCCARTESIANPOINT((0.,0.,0.));
#4090=IFCDIRECTION((0.,0.,1.));
#4091=IFCDIRECTION((1.,0.,0.));
#4092=IFCAXIS2PLACEMENT3D(#4089,#4090,#4091);
#4093=IFCDIRECTION((0.,0.,1.));
#4094=IFCEXTRUDEDAREASOLID(#4088,#4092,#4093,3.048);
#4095=IFCSHAPEREPRESENTATION(#11,'Body','SweptSolid',(#4094));
#4096=IFCCARTESIANPOINT((0.,0.,0.));
#4097=IFCDIRECTION((1.,0.,0.));
#4098=IFCDIRECTION((0.,0.,1.));
#4099=IFCAXIS2PLACEMENT3D(#4096,#4098,#4097);
#4100=IFCREPRESENTATIONMAP(#4099,#4095);
#4101=IFCPROPERTYSET('3Gul$Pgo1B19PbiuQnWfCW',$,'MF_Structural',$,(#4102,#4103,#4104));
#4102=IFCPROPERTYSINGLEVALUE('Section',$,IFCLABEL('L7X4X3/8'),$);
#4103=IFCPROPERTYSINGLEVALUE('SectionFamily',$,IFCLABEL('L'),$);
#4104=IFCPROPERTYSINGLEVALUE('SectionSource',$,IFCLABEL('AISC Shapes Database v15.0 (US)'),$);
#4105=IFCPROPERTYSET('3eg1RJgsn88861$egMpN_A',$,'MF_Library',$,(#4106,#4107,#4108,#4109,#4110,#4111,#4112,#4113,#4114,#4115));
#4106=IFCPROPERTYSINGLEVALUE('Key',$,IFCLABEL('steel_angle'),$);
#4107=IFCPROPERTYSINGLEVALUE('Family',$,IFCLABEL('Angle'),$);
#4108=IFCPROPERTYSINGLEVALUE('TypeName',$,IFCLABEL('L7X4X3/8'),$);
#4109=IFCPROPERTYSINGLEVALUE('Version',$,IFCLABEL('0.1.0'),$);
#4110=IFCPROPERTYSINGLEVALUE('License',$,IFCLABEL('CC0-1.0'),$);
#4111=IFCPROPERTYSINGLEVALUE('Source',$,IFCLABEL('massing-families'),$);
#4112=IFCPROPERTYSINGLEVALUE('Tier',$,IFCLABEL('L300'),$);
#4113=IFCPROPERTYSINGLEVALUE('Builder',$,IFCLABEL('profile'),$);
#4114=IFCPROPERTYSINGLEVALUE('Discipline',$,IFCLABEL('structural'),$);
#4115=IFCPROPERTYSINGLEVALUE('GeometryStatus',$,IFCLABEL('parametric'),$);
#4116=IFCPROPERTYSET('2Y7Sg$bZv6mx2F7qH1Fsj6',$,'MF_Quantities',$,(#4117,#4118,#4119,#4120,#4121));
#4117=IFCPROPERTYSINGLEVALUE('NominalWidth',$,IFCREAL(0.17780000000000001),$);
#4118=IFCPROPERTYSINGLEVALUE('NominalDepth',$,IFCREAL(0.1016),$);
#4119=IFCPROPERTYSINGLEVALUE('NominalHeight',$,IFCREAL(3.048),$);
#4120=IFCPROPERTYSINGLEVALUE('NominalFootprintArea',$,IFCREAL(0.018064),$);
#4121=IFCPROPERTYSINGLEVALUE('NominalVolume',$,IFCREAL(0.055060999999999999),$);
#4122=IFCMEMBERTYPE('3dvgJKjt515wdYfFEsxKU_',$,'Angle - L6X6X1',$,$,(#4139,#4143,#4154),(#4138),$,$,.NOTDEFINED.);
#4123=IFCCARTESIANPOINT((0.,0.));
#4124=IFCDIRECTION((1.,0.));
#4125=IFCAXIS2PLACEMENT2D(#4123,#4124);
#4126=IFCLSHAPEPROFILEDEF(.AREA.,'L6X6X1',#4125,0.15240000000000001,0.15240000000000001,0.025399999999999999,0.,$,$);
#4127=IFCCARTESIANPOINT((0.,0.,0.));
#4128=IFCDIRECTION((0.,0.,1.));
#4129=IFCDIRECTION((1.,0.,0.));
#4130=IFCAXIS2PLACEMENT3D(#4127,#4128,#4129);
#4131=IFCDIRECTION((0.,0.,1.));
#4132=IFCEXTRUDEDAREASOLID(#4126,#4130,#4131,3.048);
#4133=IFCSHAPEREPRESENTATION(#11,'Body','SweptSolid',(#4132));
#4134=IFCCARTESIANPOINT((0.,0.,0.));
#4135=IFCDIRECTION((1.,0.,0.));
#4136=IFCDIRECTION((0.,0.,1.));
#4137=IFCAXIS2PLACEMENT3D(#4134,#4136,#4135);
#4138=IFCREPRESENTATIONMAP(#4137,#4133);
#4139=IFCPROPERTYSET('0HrkYyB4j49ffZ7QC2EW$Y',$,'MF_Structural',$,(#4140,#4141,#4142));
#4140=IFCPROPERTYSINGLEVALUE('Section',$,IFCLABEL('L6X6X1'),$);
#4141=IFCPROPERTYSINGLEVALUE('SectionFamily',$,IFCLABEL('L'),$);
#4142=IFCPROPERTYSINGLEVALUE('SectionSource',$,IFCLABEL('AISC Shapes Database v15.0 (US)'),$);
#4143=IFCPROPERTYSET('3ZggrNKNP7xfQWMw$zH1N3',$,'MF_Library',$,(#4144,#4145,#4146,#4147,#4148,#4149,#4150,#4151,#4152,#4153));
#4144=IFCPROPERTYSINGLEVALUE('Key',$,IFCLABEL('steel_angle'),$);
#4145=IFCPROPERTYSINGLEVALUE('Family',$,IFCLABEL('Angle'),$);
#4146=IFCPROPERTYSINGLEVALUE('TypeName',$,IFCLABEL('L6X6X1'),$);
#4147=IFCPROPERTYSINGLEVALUE('Version',$,IFCLABEL('0.1.0'),$);
#4148=IFCPROPERTYSINGLEVALUE('License',$,IFCLABEL('CC0-1.0'),$);
#4149=IFCPROPERTYSINGLEVALUE('Source',$,IFCLABEL('massing-families'),$);
#4150=IFCPROPERTYSINGLEVALUE('Tier',$,IFCLABEL('L300'),$);
#4151=IFCPROPERTYSINGLEVALUE('Builder',$,IFCLABEL('profile'),$);
#4152=IFCPROPERTYSINGLEVALUE('Discipline',$,IFCLABEL('structural'),$);
#4153=IFCPROPERTYSINGLEVALUE('GeometryStatus',$,IFCLABEL('parametric'),$);
#4154=IFCPROPERTYSET('11w9jt1FvDdP_J7gD0B0YN',$,'MF_Quantities',$,(#4155,#4156,#4157,#4158,#4159));
#4155=IFCPROPERTYSINGLEVALUE('NominalWidth',$,IFCREAL(0.15240000000000001),$);
#4156=IFCPROPERTYSINGLEVALUE('NominalDepth',$,IFCREAL(0.15240000000000001),$);
#4157=IFCPROPERTYSINGLEVALUE('NominalHeight',$,IFCREAL(3.048),$);
#4158=IFCPROPERTYSINGLEVALUE('NominalFootprintArea',$,IFCREAL(0.023226),$);
#4159=IFCPROPERTYSINGLEVALUE('NominalVolume',$,IFCREAL(0.070791999999999994),$);
#4160=IFCMEMBERTYPE('0$5QT9vCT5Ge1Gcd0BDewF',$,'Angle - L6X6X7/8',$,$,(#4177,#4181,#4192),(#4176),$,$,.NOTDEFINED.);
#4161=IFCCARTESIANPOINT((0.,0.));
#4162=IFCDIRECTION((1.,0.));
#4163=IFCAXIS2PLACEMENT2D(#4161,#4162);
#4164=IFCLSHAPEPROFILEDEF(.AREA.,'L6X6X7/8',#4163,0.15240000000000001,0.15240000000000001,0.022225000000000002,0.,$,$);
#4165=IFCCARTESIANPOINT((0.,0.,0.));
#4166=IFCDIRECTION((0.,0.,1.));
#4167=IFCDIRECTION((1.,0.,0.));
#4168=IFCAXIS2PLACEMENT3D(#4165,#4166,#4167);
#4169=IFCDIRECTION((0.,0.,1.));
#4170=IFCEXTRUDEDAREASOLID(#4164,#4168,#4169,3.048);
#4171=IFCSHAPEREPRESENTATION(#11,'Body','SweptSolid',(#4170));
#4172=IFCCARTESIANPOINT((0.,0.,0.));
#4173=IFCDIRECTION((1.,0.,0.));
#4174=IFCDIRECTION((0.,0.,1.));
#4175=IFCAXIS2PLACEMENT3D(#4172,#4174,#4173);
#4176=IFCREPRESENTATIONMAP(#4175,#4171);
#4177=IFCPROPERTYSET('20P_ZBJlnEpRgd5Hc4NyA8',$,'MF_Structural',$,(#4178,#4179,#4180));
#4178=IFCPROPERTYSINGLEVALUE('Section',$,IFCLABEL('L6X6X7/8'),$);
#4179=IFCPROPERTYSINGLEVALUE('SectionFamily',$,IFCLABEL('L'),$);
#4180=IFCPROPERTYSINGLEVALUE('SectionSource',$,IFCLABEL('AISC Shapes Database v15.0 (US)'),$);
#4181=IFCPROPERTYSET('20AyZg2sbECRrSEQU_m4Ae',$,'MF_Library',$,(#4182,#4183,#4184,#4185,#4186,#4187,#4188,#4189,#4190,#4191));
#4182=IFCPROPERTYSINGLEVALUE('Key',$,IFCLABEL('steel_angle'),$);
#4183=IFCPROPERTYSINGLEVALUE('Family',$,IFCLABEL('Angle'),$);
#4184=IFCPROPERTYSINGLEVALUE('TypeName',$,IFCLABEL('L6X6X7/8'),$);
#4185=IFCPROPERTYSINGLEVALUE('Version',$,IFCLABEL('0.1.0'),$);
#4186=IFCPROPERTYSINGLEVALUE('License',$,IFCLABEL('CC0-1.0'),$);
#4187=IFCPROPERTYSINGLEVALUE('Source',$,IFCLABEL('massing-families'),$);
#4188=IFCPROPERTYSINGLEVALUE('Tier',$,IFCLABEL('L300'),$);
#4189=IFCPROPERTYSINGLEVALUE('Builder',$,IFCLABEL('profile'),$);
#4190=IFCPROPERTYSINGLEVALUE('Discipline',$,IFCLABEL('structural'),$);
#4191=IFCPROPERTYSINGLEVALUE('GeometryStatus',$,IFCLABEL('parametric'),$);
#4192=IFCPROPERTYSET('2ws8E0Po53hOmh5XFXoBml',$,'MF_Quantities',$,(#4193,#4194,#4195,#4196,#4197));
#4193=IFCPROPERTYSINGLEVALUE('NominalWidth',$,IFCREAL(0.15240000000000001),$);
#4194=IFCPROPERTYSINGLEVALUE('NominalDepth',$,IFCREAL(0.15240000000000001),$);
#4195=IFCPROPERTYSINGLEVALUE('NominalHeight',$,IFCREAL(3.048),$);
#4196=IFCPROPERTYSINGLEVALUE('NominalFootprintArea',$,IFCREAL(0.023226),$);
#4197=IFCPROPERTYSINGLEVALUE('NominalVolume',$,IFCREAL(0.070791999999999994),$);
#4198=IFCMEMBERTYPE('0DdeelniH8Qwb9kPVqKIa4',$,'Angle - L6X6X3/4',$,$,(#4215,#4219,#4230),(#4214),$,$,.NOTDEFINED.);
#4199=IFCCARTESIANPOINT((0.,0.));
#4200=IFCDIRECTION((1.,0.));
#4201=IFCAXIS2PLACEMENT2D(#4199,#4200);
#4202=IFCLSHAPEPROFILEDEF(.AREA.,'L6X6X3/4',#4201,0.15240000000000001,0.15240000000000001,0.019050000000000001,0.,$,$);
#4203=IFCCARTESIANPOINT((0.,0.,0.));
#4204=IFCDIRECTION((0.,0.,1.));
#4205=IFCDIRECTION((1.,0.,0.));
#4206=IFCAXIS2PLACEMENT3D(#4203,#4204,#4205);
#4207=IFCDIRECTION((0.,0.,1.));
#4208=IFCEXTRUDEDAREASOLID(#4202,#4206,#4207,3.048);
#4209=IFCSHAPEREPRESENTATION(#11,'Body','SweptSolid',(#4208));
#4210=IFCCARTESIANPOINT((0.,0.,0.));
#4211=IFCDIRECTION((1.,0.,0.));
#4212=IFCDIRECTION((0.,0.,1.));
#4213=IFCAXIS2PLACEMENT3D(#4210,#4212,#4211);
#4214=IFCREPRESENTATIONMAP(#4213,#4209);
#4215=IFCPROPERTYSET('3nQJpb02X00PAbOUIts9iC',$,'MF_Structural',$,(#4216,#4217,#4218));
#4216=IFCPROPERTYSINGLEVALUE('Section',$,IFCLABEL('L6X6X3/4'),$);
#4217=IFCPROPERTYSINGLEVALUE('SectionFamily',$,IFCLABEL('L'),$);
#4218=IFCPROPERTYSINGLEVALUE('SectionSource',$,IFCLABEL('AISC Shapes Database v15.0 (US)'),$);
#4219=IFCPROPERTYSET('1osVJrL4L5Ne90ssOz1ETH',$,'MF_Library',$,(#4220,#4221,#4222,#4223,#4224,#4225,#4226,#4227,#4228,#4229));
#4220=IFCPROPERTYSINGLEVALUE('Key',$,IFCLABEL('steel_angle'),$);
#4221=IFCPROPERTYSINGLEVALUE('Family',$,IFCLABEL('Angle'),$);
#4222=IFCPROPERTYSINGLEVALUE('TypeName',$,IFCLABEL('L6X6X3/4'),$);
#4223=IFCPROPERTYSINGLEVALUE('Version',$,IFCLABEL('0.1.0'),$);
#4224=IFCPROPERTYSINGLEVALUE('License',$,IFCLABEL('CC0-1.0'),$);
#4225=IFCPROPERTYSINGLEVALUE('Source',$,IFCLABEL('massing-families'),$);
#4226=IFCPROPERTYSINGLEVALUE('Tier',$,IFCLABEL('L300'),$);
#4227=IFCPROPERTYSINGLEVALUE('Builder',$,IFCLABEL('profile'),$);
#4228=IFCPROPERTYSINGLEVALUE('Discipline',$,IFCLABEL('structural'),$);
#4229=IFCPROPERTYSINGLEVALUE('GeometryStatus',$,IFCLABEL('parametric'),$);
#4230=IFCPROPERTYSET('002VMn0nLAaADqg49XNXXt',$,'MF_Quantities',$,(#4231,#4232,#4233,#4234,#4235));
#4231=IFCPROPERTYSINGLEVALUE('NominalWidth',$,IFCREAL(0.15240000000000001),$);
#4232=IFCPROPERTYSINGLEVALUE('NominalDepth',$,IFCREAL(0.15240000000000001),$);
#4233=IFCPROPERTYSINGLEVALUE('NominalHeight',$,IFCREAL(3.048),$);
#4234=IFCPROPERTYSINGLEVALUE('NominalFootprintArea',$,IFCREAL(0.023226),$);
#4235=IFCPROPERTYSINGLEVALUE('NominalVolume',$,IFCREAL(0.070791999999999994),$);
#4236=IFCMEMBERTYPE('2PTpFivc17XvfnxFSYIhBM',$,'Angle - L6X6X5/8',$,$,(#4253,#4257,#4268),(#4252),$,$,.NOTDEFINED.);
#4237=IFCCARTESIANPOINT((0.,0.));
#4238=IFCDIRECTION((1.,0.));
#4239=IFCAXIS2PLACEMENT2D(#4237,#4238);
#4240=IFCLSHAPEPROFILEDEF(.AREA.,'L6X6X5/8',#4239,0.15240000000000001,0.15240000000000001,0.015875,0.,$,$);
#4241=IFCCARTESIANPOINT((0.,0.,0.));
#4242=IFCDIRECTION((0.,0.,1.));
#4243=IFCDIRECTION((1.,0.,0.));
#4244=IFCAXIS2PLACEMENT3D(#4241,#4242,#4243);
#4245=IFCDIRECTION((0.,0.,1.));
#4246=IFCEXTRUDEDAREASOLID(#4240,#4244,#4245,3.048);
#4247=IFCSHAPEREPRESENTATION(#11,'Body','SweptSolid',(#4246));
#4248=IFCCARTESIANPOINT((0.,0.,0.));
#4249=IFCDIRECTION((1.,0.,0.));
#4250=IFCDIRECTION((0.,0.,1.));
#4251=IFCAXIS2PLACEMENT3D(#4248,#4250,#4249);
#4252=IFCREPRESENTATIONMAP(#4251,#4247);
#4253=IFCPROPERTYSET('3TANPIkcj2b8aP9Vcic2rB',$,'MF_Structural',$,(#4254,#4255,#4256));
#4254=IFCPROPERTYSINGLEVALUE('Section',$,IFCLABEL('L6X6X5/8'),$);
#4255=IFCPROPERTYSINGLEVALUE('SectionFamily',$,IFCLABEL('L'),$);
#4256=IFCPROPERTYSINGLEVALUE('SectionSource',$,IFCLABEL('AISC Shapes Database v15.0 (US)'),$);
#4257=IFCPROPERTYSET('0akpvH7mr91ekVpd6WZPiJ',$,'MF_Library',$,(#4258,#4259,#4260,#4261,#4262,#4263,#4264,#4265,#4266,#4267));
#4258=IFCPROPERTYSINGLEVALUE('Key',$,IFCLABEL('steel_angle'),$);
#4259=IFCPROPERTYSINGLEVALUE('Family',$,IFCLABEL('Angle'),$);
#4260=IFCPROPERTYSINGLEVALUE('TypeName',$,IFCLABEL('L6X6X5/8'),$);
#4261=IFCPROPERTYSINGLEVALUE('Version',$,IFCLABEL('0.1.0'),$);
#4262=IFCPROPERTYSINGLEVALUE('License',$,IFCLABEL('CC0-1.0'),$);
#4263=IFCPROPERTYSINGLEVALUE('Source',$,IFCLABEL('massing-families'),$);
#4264=IFCPROPERTYSINGLEVALUE('Tier',$,IFCLABEL('L300'),$);
#4265=IFCPROPERTYSINGLEVALUE('Builder',$,IFCLABEL('profile'),$);
#4266=IFCPROPERTYSINGLEVALUE('Discipline',$,IFCLABEL('structural'),$);
#4267=IFCPROPERTYSINGLEVALUE('GeometryStatus',$,IFCLABEL('parametric'),$);
#4268=IFCPROPERTYSET('0bDiOQj8D0VvO2K1$Txp1B',$,'MF_Quantities',$,(#4269,#4270,#4271,#4272,#4273));
#4269=IFCPROPERTYSINGLEVALUE('NominalWidth',$,IFCREAL(0.15240000000000001),$);
#4270=IFCPROPERTYSINGLEVALUE('NominalDepth',$,IFCREAL(0.15240000000000001),$);
#4271=IFCPROPERTYSINGLEVALUE('NominalHeight',$,IFCREAL(3.048),$);
#4272=IFCPROPERTYSINGLEVALUE('NominalFootprintArea',$,IFCREAL(0.023226),$);
#4273=IFCPROPERTYSINGLEVALUE('NominalVolume',$,IFCREAL(0.070791999999999994),$);
#4274=IFCMEMBERTYPE('3A5pGwh75FMuDT4fBC30jw',$,'Angle - L6X6X9/16',$,$,(#4291,#4295,#4306),(#4290),$,$,.NOTDEFINED.);
#4275=IFCCARTESIANPOINT((0.,0.));
#4276=IFCDIRECTION((1.,0.));
#4277=IFCAXIS2PLACEMENT2D(#4275,#4276);
#4278=IFCLSHAPEPROFILEDEF(.AREA.,'L6X6X9/16',#4277,0.15240000000000001,0.15240000000000001,0.014300200000000001,0.,$,$);
#4279=IFCCARTESIANPOINT((0.,0.,0.));
#4280=IFCDIRECTION((0.,0.,1.));
#4281=IFCDIRECTION((1.,0.,0.));
#4282=IFCAXIS2PLACEMENT3D(#4279,#4280,#4281);
#4283=IFCDIRECTION((0.,0.,1.));
#4284=IFCEXTRUDEDAREASOLID(#4278,#4282,#4283,3.048);
#4285=IFCSHAPEREPRESENTATION(#11,'Body','SweptSolid',(#4284));
#4286=IFCCARTESIANPOINT((0.,0.,0.));
#4287=IFCDIRECTION((1.,0.,0.));
#4288=IFCDIRECTION((0.,0.,1.));
#4289=IFCAXIS2PLACEMENT3D(#4286,#4288,#4287);
#4290=IFCREPRESENTATIONMAP(#4289,#4285);
#4291=IFCPROPERTYSET('0QxsaIHKLEXwMiU13oFdQG',$,'MF_Structural',$,(#4292,#4293,#4294));
#4292=IFCPROPERTYSINGLEVALUE('Section',$,IFCLABEL('L6X6X9/16'),$);
#4293=IFCPROPERTYSINGLEVALUE('SectionFamily',$,IFCLABEL('L'),$);
#4294=IFCPROPERTYSINGLEVALUE('SectionSource',$,IFCLABEL('AISC Shapes Database v15.0 (US)'),$);
#4295=IFCPROPERTYSET('0tkiFyU4P599BoAMf9Seud',$,'MF_Library',$,(#4296,#4297,#4298,#4299,#4300,#4301,#4302,#4303,#4304,#4305));
#4296=IFCPROPERTYSINGLEVALUE('Key',$,IFCLABEL('steel_angle'),$);
#4297=IFCPROPERTYSINGLEVALUE('Family',$,IFCLABEL('Angle'),$);
#4298=IFCPROPERTYSINGLEVALUE('TypeName',$,IFCLABEL('L6X6X9/16'),$);
#4299=IFCPROPERTYSINGLEVALUE('Version',$,IFCLABEL('0.1.0'),$);
#4300=IFCPROPERTYSINGLEVALUE('License',$,IFCLABEL('CC0-1.0'),$);
#4301=IFCPROPERTYSINGLEVALUE('Source',$,IFCLABEL('massing-families'),$);
#4302=IFCPROPERTYSINGLEVALUE('Tier',$,IFCLABEL('L300'),$);
#4303=IFCPROPERTYSINGLEVALUE('Builder',$,IFCLABEL('profile'),$);
#4304=IFCPROPERTYSINGLEVALUE('Discipline',$,IFCLABEL('structural'),$);
#4305=IFCPROPERTYSINGLEVALUE('GeometryStatus',$,IFCLABEL('parametric'),$);
#4306=IFCPROPERTYSET('1BOJvwJLf6Y8s7oMunL5OZ',$,'MF_Quantities',$,(#4307,#4308,#4309,#4310,#4311));
#4307=IFCPROPERTYSINGLEVALUE('NominalWidth',$,IFCREAL(0.15240000000000001),$);
#4308=IFCPROPERTYSINGLEVALUE('NominalDepth',$,IFCREAL(0.15240000000000001),$);
#4309=IFCPROPERTYSINGLEVALUE('NominalHeight',$,IFCREAL(3.048),$);
#4310=IFCPROPERTYSINGLEVALUE('NominalFootprintArea',$,IFCREAL(0.023226),$);
#4311=IFCPROPERTYSINGLEVALUE('NominalVolume',$,IFCREAL(0.070791999999999994),$);
#4312=IFCMEMBERTYPE('1sVF6Yf217HuiIFT9hCYFR',$,'Angle - L6X6X1/2',$,$,(#4329,#4333,#4344),(#4328),$,$,.NOTDEFINED.);
#4313=IFCCARTESIANPOINT((0.,0.));
#4314=IFCDIRECTION((1.,0.));
#4315=IFCAXIS2PLACEMENT2D(#4313,#4314);
#4316=IFCLSHAPEPROFILEDEF(.AREA.,'L6X6X1/2',#4315,0.15240000000000001,0.15240000000000001,0.012699999999999999,0.,$,$);
#4317=IFCCARTESIANPOINT((0.,0.,0.));
#4318=IFCDIRECTION((0.,0.,1.));
#4319=IFCDIRECTION((1.,0.,0.));
#4320=IFCAXIS2PLACEMENT3D(#4317,#4318,#4319);
#4321=IFCDIRECTION((0.,0.,1.));
#4322=IFCEXTRUDEDAREASOLID(#4316,#4320,#4321,3.048);
#4323=IFCSHAPEREPRESENTATION(#11,'Body','SweptSolid',(#4322));
#4324=IFCCARTESIANPOINT((0.,0.,0.));
#4325=IFCDIRECTION((1.,0.,0.));
#4326=IFCDIRECTION((0.,0.,1.));
#4327=IFCAXIS2PLACEMENT3D(#4324,#4326,#4325);
#4328=IFCREPRESENTATIONMAP(#4327,#4323);
#4329=IFCPROPERTYSET('1JTzeJ_crFAwpLsUJ7GTdt',$,'MF_Structural',$,(#4330,#4331,#4332));
#4330=IFCPROPERTYSINGLEVALUE('Section',$,IFCLABEL('L6X6X1/2'),$);
#4331=IFCPROPERTYSINGLEVALUE('SectionFamily',$,IFCLABEL('L'),$);
#4332=IFCPROPERTYSINGLEVALUE('SectionSource',$,IFCLABEL('AISC Shapes Database v15.0 (US)'),$);
#4333=IFCPROPERTYSET('0Wcsfdhz13IgXXfkMO7Gfu',$,'MF_Library',$,(#4334,#4335,#4336,#4337,#4338,#4339,#4340,#4341,#4342,#4343));
#4334=IFCPROPERTYSINGLEVALUE('Key',$,IFCLABEL('steel_angle'),$);
#4335=IFCPROPERTYSINGLEVALUE('Family',$,IFCLABEL('Angle'),$);
#4336=IFCPROPERTYSINGLEVALUE('TypeName',$,IFCLABEL('L6X6X1/2'),$);
#4337=IFCPROPERTYSINGLEVALUE('Version',$,IFCLABEL('0.1.0'),$);
#4338=IFCPROPERTYSINGLEVALUE('License',$,IFCLABEL('CC0-1.0'),$);
#4339=IFCPROPERTYSINGLEVALUE('Source',$,IFCLABEL('massing-families'),$);
#4340=IFCPROPERTYSINGLEVALUE('Tier',$,IFCLABEL('L300'),$);
#4341=IFCPROPERTYSINGLEVALUE('Builder',$,IFCLABEL('profile'),$);
#4342=IFCPROPERTYSINGLEVALUE('Discipline',$,IFCLABEL('structural'),$);
#4343=IFCPROPERTYSINGLEVALUE('GeometryStatus',$,IFCLABEL('parametric'),$);
#4344=IFCPROPERTYSET('350d2J9mf83BEvea3c3FjW',$,'MF_Quantities',$,(#4345,#4346,#4347,#4348,#4349));
#4345=IFCPROPERTYSINGLEVALUE('NominalWidth',$,IFCREAL(0.15240000000000001),$);
#4346=IFCPROPERTYSINGLEVALUE('NominalDepth',$,IFCREAL(0.15240000000000001),$);
#4347=IFCPROPERTYSINGLEVALUE('NominalHeight',$,IFCREAL(3.048),$);
#4348=IFCPROPERTYSINGLEVALUE('NominalFootprintArea',$,IFCREAL(0.023226),$);
#4349=IFCPROPERTYSINGLEVALUE('NominalVolume',$,IFCREAL(0.070791999999999994),$);
#4350=IFCMEMBERTYPE('3n5KOUZFLFDOP$K0_mZOj$',$,'Angle - L6X6X7/16',$,$,(#4367,#4371,#4382),(#4366),$,$,.NOTDEFINED.);
#4351=IFCCARTESIANPOINT((0.,0.));
#4352=IFCDIRECTION((1.,0.));
#4353=IFCAXIS2PLACEMENT2D(#4351,#4352);
#4354=IFCLSHAPEPROFILEDEF(.AREA.,'L6X6X7/16',#4353,0.15240000000000001,0.15240000000000001,0.0111252,0.,$,$);
#4355=IFCCARTESIANPOINT((0.,0.,0.));
#4356=IFCDIRECTION((0.,0.,1.));
#4357=IFCDIRECTION((1.,0.,0.));
#4358=IFCAXIS2PLACEMENT3D(#4355,#4356,#4357);
#4359=IFCDIRECTION((0.,0.,1.));
#4360=IFCEXTRUDEDAREASOLID(#4354,#4358,#4359,3.048);
#4361=IFCSHAPEREPRESENTATION(#11,'Body','SweptSolid',(#4360));
#4362=IFCCARTESIANPOINT((0.,0.,0.));
#4363=IFCDIRECTION((1.,0.,0.));
#4364=IFCDIRECTION((0.,0.,1.));
#4365=IFCAXIS2PLACEMENT3D(#4362,#4364,#4363);
#4366=IFCREPRESENTATIONMAP(#4365,#4361);
#4367=IFCPROPERTYSET('1gRaYN_ZX0ROkOCxc9F566',$,'MF_Structural',$,(#4368,#4369,#4370));
#4368=IFCPROPERTYSINGLEVALUE('Section',$,IFCLABEL('L6X6X7/16'),$);
#4369=IFCPROPERTYSINGLEVALUE('SectionFamily',$,IFCLABEL('L'),$);
#4370=IFCPROPERTYSINGLEVALUE('SectionSource',$,IFCLABEL('AISC Shapes Database v15.0 (US)'),$);
#4371=IFCPROPERTYSET('1fi0q1KgP67QTOp5A20Ew7',$,'MF_Library',$,(#4372,#4373,#4374,#4375,#4376,#4377,#4378,#4379,#4380,#4381));
#4372=IFCPROPERTYSINGLEVALUE('Key',$,IFCLABEL('steel_angle'),$);
#4373=IFCPROPERTYSINGLEVALUE('Family',$,IFCLABEL('Angle'),$);
#4374=IFCPROPERTYSINGLEVALUE('TypeName',$,IFCLABEL('L6X6X7/16'),$);
#4375=IFCPROPERTYSINGLEVALUE('Version',$,IFCLABEL('0.1.0'),$);
#4376=IFCPROPERTYSINGLEVALUE('License',$,IFCLABEL('CC0-1.0'),$);
#4377=IFCPROPERTYSINGLEVALUE('Source',$,IFCLABEL('massing-families'),$);
#4378=IFCPROPERTYSINGLEVALUE('Tier',$,IFCLABEL('L300'),$);
#4379=IFCPROPERTYSINGLEVALUE('Builder',$,IFCLABEL('profile'),$);
#4380=IFCPROPERTYSINGLEVALUE('Discipline',$,IFCLABEL('structural'),$);
#4381=IFCPROPERTYSINGLEVALUE('GeometryStatus',$,IFCLABEL('parametric'),$);
#4382=IFCPROPERTYSET('0iyDHHRzL4PP4slRHx0HT0',$,'MF_Quantities',$,(#4383,#4384,#4385,#4386,#4387));
#4383=IFCPROPERTYSINGLEVALUE('NominalWidth',$,IFCREAL(0.15240000000000001),$);
#4384=IFCPROPERTYSINGLEVALUE('NominalDepth',$,IFCREAL(0.15240000000000001),$);
#4385=IFCPROPERTYSINGLEVALUE('NominalHeight',$,IFCREAL(3.048),$);
#4386=IFCPROPERTYSINGLEVALUE('NominalFootprintArea',$,IFCREAL(0.023226),$);
#4387=IFCPROPERTYSINGLEVALUE('NominalVolume',$,IFCREAL(0.070791999999999994),$);
#4388=IFCMEMBERTYPE('0duX3K0C91QhOZ8Yv654tC',$,'Angle - L6X6X3/8',$,$,(#4405,#4409,#4420),(#4404),$,$,.NOTDEFINED.);
#4389=IFCCARTESIANPOINT((0.,0.));
#4390=IFCDIRECTION((1.,0.));
#4391=IFCAXIS2PLACEMENT2D(#4389,#4390);
#4392=IFCLSHAPEPROFILEDEF(.AREA.,'L6X6X3/8',#4391,0.15240000000000001,0.15240000000000001,0.0095250000000000005,0.,$,$);
#4393=IFCCARTESIANPOINT((0.,0.,0.));
#4394=IFCDIRECTION((0.,0.,1.));
#4395=IFCDIRECTION((1.,0.,0.));
#4396=IFCAXIS2PLACEMENT3D(#4393,#4394,#4395);
#4397=IFCDIRECTION((0.,0.,1.));
#4398=IFCEXTRUDEDAREASOLID(#4392,#4396,#4397,3.048);
#4399=IFCSHAPEREPRESENTATION(#11,'Body','SweptSolid',(#4398));
#4400=IFCCARTESIANPOINT((0.,0.,0.));
#4401=IFCDIRECTION((1.,0.,0.));
#4402=IFCDIRECTION((0.,0.,1.));
#4403=IFCAXIS2PLACEMENT3D(#4400,#4402,#4401);
#4404=IFCREPRESENTATIONMAP(#4403,#4399);
#4405=IFCPROPERTYSET('2duWU$rVHEyh2L451bV_d$',$,'MF_Structural',$,(#4406,#4407,#4408));
#4406=IFCPROPERTYSINGLEVALUE('Section',$,IFCLABEL('L6X6X3/8'),$);
#4407=IFCPROPERTYSINGLEVALUE('SectionFamily',$,IFCLABEL('L'),$);
#4408=IFCPROPERTYSINGLEVALUE('SectionSource',$,IFCLABEL('AISC Shapes Database v15.0 (US)'),$);
#4409=IFCPROPERTYSET('2rtQeOjG950gvrerJGiPGa',$,'MF_Library',$,(#4410,#4411,#4412,#4413,#4414,#4415,#4416,#4417,#4418,#4419));
#4410=IFCPROPERTYSINGLEVALUE('Key',$,IFCLABEL('steel_angle'),$);
#4411=IFCPROPERTYSINGLEVALUE('Family',$,IFCLABEL('Angle'),$);
#4412=IFCPROPERTYSINGLEVALUE('TypeName',$,IFCLABEL('L6X6X3/8'),$);
#4413=IFCPROPERTYSINGLEVALUE('Version',$,IFCLABEL('0.1.0'),$);
#4414=IFCPROPERTYSINGLEVALUE('License',$,IFCLABEL('CC0-1.0'),$);
#4415=IFCPROPERTYSINGLEVALUE('Source',$,IFCLABEL('massing-families'),$);
#4416=IFCPROPERTYSINGLEVALUE('Tier',$,IFCLABEL('L300'),$);
#4417=IFCPROPERTYSINGLEVALUE('Builder',$,IFCLABEL('profile'),$);
#4418=IFCPROPERTYSINGLEVALUE('Discipline',$,IFCLABEL('structural'),$);
#4419=IFCPROPERTYSINGLEVALUE('GeometryStatus',$,IFCLABEL('parametric'),$);
#4420=IFCPROPERTYSET('3VP3oA9ajDIhcIiSokPQ6K',$,'MF_Quantities',$,(#4421,#4422,#4423,#4424,#4425));
#4421=IFCPROPERTYSINGLEVALUE('NominalWidth',$,IFCREAL(0.15240000000000001),$);
#4422=IFCPROPERTYSINGLEVALUE('NominalDepth',$,IFCREAL(0.15240000000000001),$);
#4423=IFCPROPERTYSINGLEVALUE('NominalHeight',$,IFCREAL(3.048),$);
#4424=IFCPROPERTYSINGLEVALUE('NominalFootprintArea',$,IFCREAL(0.023226),$);
#4425=IFCPROPERTYSINGLEVALUE('NominalVolume',$,IFCREAL(0.070791999999999994),$);
#4426=IFCMEMBERTYPE('3F8vgVImzCNQVEQp2Ek2PL',$,'Angle - L6X6X5/16',$,$,(#4443,#4447,#4458),(#4442),$,$,.NOTDEFINED.);
#4427=IFCCARTESIANPOINT((0.,0.));
#4428=IFCDIRECTION((1.,0.));
#4429=IFCAXIS2PLACEMENT2D(#4427,#4428);
#4430=IFCLSHAPEPROFILEDEF(.AREA.,'L6X6X5/16',#4429,0.15240000000000001,0.15240000000000001,0.0079501999999999993,0.,$,$);
#4431=IFCCARTESIANPOINT((0.,0.,0.));
#4432=IFCDIRECTION((0.,0.,1.));
#4433=IFCDIRECTION((1.,0.,0.));
#4434=IFCAXIS2PLACEMENT3D(#4431,#4432,#4433);
#4435=IFCDIRECTION((0.,0.,1.));
#4436=IFCEXTRUDEDAREASOLID(#4430,#4434,#4435,3.048);
#4437=IFCSHAPEREPRESENTATION(#11,'Body','SweptSolid',(#4436));
#4438=IFCCARTESIANPOINT((0.,0.,0.));
#4439=IFCDIRECTION((1.,0.,0.));
#4440=IFCDIRECTION((0.,0.,1.));
#4441=IFCAXIS2PLACEMENT3D(#4438,#4440,#4439);
#4442=IFCREPRESENTATIONMAP(#4441,#4437);
#4443=IFCPROPERTYSET('3tkX4Fi6DDzwa9wre7TV_P',$,'MF_Structural',$,(#4444,#4445,#4446));
#4444=IFCPROPERTYSINGLEVALUE('Section',$,IFCLABEL('L6X6X5/16'),$);
#4445=IFCPROPERTYSINGLEVALUE('SectionFamily',$,IFCLABEL('L'),$);
#4446=IFCPROPERTYSINGLEVALUE('SectionSource',$,IFCLABEL('AISC Shapes Database v15.0 (US)'),$);
#4447=IFCPROPERTYSET('0BVYdeP6z7_xVnDOt$03j0',$,'MF_Library',$,(#4448,#4449,#4450,#4451,#4452,#4453,#4454,#4455,#4456,#4457));
#4448=IFCPROPERTYSINGLEVALUE('Key',$,IFCLABEL('steel_angle'),$);
#4449=IFCPROPERTYSINGLEVALUE('Family',$,IFCLABEL('Angle'),$);
#4450=IFCPROPERTYSINGLEVALUE('TypeName',$,IFCLABEL('L6X6X5/16'),$);
#4451=IFCPROPERTYSINGLEVALUE('Version',$,IFCLABEL('0.1.0'),$);
#4452=IFCPROPERTYSINGLEVALUE('License',$,IFCLABEL('CC0-1.0'),$);
#4453=IFCPROPERTYSINGLEVALUE('Source',$,IFCLABEL('massing-families'),$);
#4454=IFCPROPERTYSINGLEVALUE('Tier',$,IFCLABEL('L300'),$);
#4455=IFCPROPERTYSINGLEVALUE('Builder',$,IFCLABEL('profile'),$);
#4456=IFCPROPERTYSINGLEVALUE('Discipline',$,IFCLABEL('structural'),$);
#4457=IFCPROPERTYSINGLEVALUE('GeometryStatus',$,IFCLABEL('parametric'),$);
#4458=IFCPROPERTYSET('2yhflt_EnFnvdRx5iwwxsA',$,'MF_Quantities',$,(#4459,#4460,#4461,#4462,#4463));
#4459=IFCPROPERTYSINGLEVALUE('NominalWidth',$,IFCREAL(0.15240000000000001),$);
#4460=IFCPROPERTYSINGLEVALUE('NominalDepth',$,IFCREAL(0.15240000000000001),$);
#4461=IFCPROPERTYSINGLEVALUE('NominalHeight',$,IFCREAL(3.048),$);
#4462=IFCPROPERTYSINGLEVALUE('NominalFootprintArea',$,IFCREAL(0.023226),$);
#4463=IFCPROPERTYSINGLEVALUE('NominalVolume',$,IFCREAL(0.070791999999999994),$);
#4464=IFCMEMBERTYPE('0zS8vHYX52bwYzgOgLdH7p',$,'Angle - L6X4X7/8',$,$,(#4481,#4485,#4496),(#4480),$,$,.NOTDEFINED.);
#4465=IFCCARTESIANPOINT((0.,0.));
#4466=IFCDIRECTION((1.,0.));
#4467=IFCAXIS2PLACEMENT2D(#4465,#4466);
#4468=IFCLSHAPEPROFILEDEF(.AREA.,'L6X4X7/8',#4467,0.1016,0.15240000000000001,0.022225000000000002,0.,$,$);
#4469=IFCCARTESIANPOINT((0.,0.,0.));
#4470=IFCDIRECTION((0.,0.,1.));
#4471=IFCDIRECTION((1.,0.,0.));
#4472=IFCAXIS2PLACEMENT3D(#4469,#4470,#4471);
#4473=IFCDIRECTION((0.,0.,1.));
#4474=IFCEXTRUDEDAREASOLID(#4468,#4472,#4473,3.048);
#4475=IFCSHAPEREPRESENTATION(#11,'Body','SweptSolid',(#4474));
#4476=IFCCARTESIANPOINT((0.,0.,0.));
#4477=IFCDIRECTION((1.,0.,0.));
#4478=IFCDIRECTION((0.,0.,1.));
#4479=IFCAXIS2PLACEMENT3D(#4476,#4478,#4477);
#4480=IFCREPRESENTATIONMAP(#4479,#4475);
#4481=IFCPROPERTYSET('1FEYyaE$16B8yjb3uiSC5S',$,'MF_Structural',$,(#4482,#4483,#4484));
#4482=IFCPROPERTYSINGLEVALUE('Section',$,IFCLABEL('L6X4X7/8'),$);
#4483=IFCPROPERTYSINGLEVALUE('SectionFamily',$,IFCLABEL('L'),$);
#4484=IFCPROPERTYSINGLEVALUE('SectionSource',$,IFCLABEL('AISC Shapes Database v15.0 (US)'),$);
#4485=IFCPROPERTYSET('3Mmcsz9v12GfRklGvWnlqG',$,'MF_Library',$,(#4486,#4487,#4488,#4489,#4490,#4491,#4492,#4493,#4494,#4495));
#4486=IFCPROPERTYSINGLEVALUE('Key',$,IFCLABEL('steel_angle'),$);
#4487=IFCPROPERTYSINGLEVALUE('Family',$,IFCLABEL('Angle'),$);
#4488=IFCPROPERTYSINGLEVALUE('TypeName',$,IFCLABEL('L6X4X7/8'),$);
#4489=IFCPROPERTYSINGLEVALUE('Version',$,IFCLABEL('0.1.0'),$);
#4490=IFCPROPERTYSINGLEVALUE('License',$,IFCLABEL('CC0-1.0'),$);
#4491=IFCPROPERTYSINGLEVALUE('Source',$,IFCLABEL('massing-families'),$);
#4492=IFCPROPERTYSINGLEVALUE('Tier',$,IFCLABEL('L300'),$);
#4493=IFCPROPERTYSINGLEVALUE('Builder',$,IFCLABEL('profile'),$);
#4494=IFCPROPERTYSINGLEVALUE('Discipline',$,IFCLABEL('structural'),$);
#4495=IFCPROPERTYSINGLEVALUE('GeometryStatus',$,IFCLABEL('parametric'),$);
#4496=IFCPROPERTYSET('09hsCcBWf88911GwkapCaB',$,'MF_Quantities',$,(#4497,#4498,#4499,#4500,#4501));
#4497=IFCPROPERTYSINGLEVALUE('NominalWidth',$,IFCREAL(0.15240000000000001),$);
#4498=IFCPROPERTYSINGLEVALUE('NominalDepth',$,IFCREAL(0.1016),$);
#4499=IFCPROPERTYSINGLEVALUE('NominalHeight',$,IFCREAL(3.048),$);
#4500=IFCPROPERTYSINGLEVALUE('NominalFootprintArea',$,IFCREAL(0.015484),$);
#4501=IFCPROPERTYSINGLEVALUE('NominalVolume',$,IFCREAL(0.047195000000000001),$);
#4502=IFCMEMBERTYPE('3aw4NuGC9ByxfPqEv4mkcl',$,'Angle - L6X4X3/4',$,$,(#4519,#4523,#4534),(#4518),$,$,.NOTDEFINED.);
#4503=IFCCARTESIANPOINT((0.,0.));
#4504=IFCDIRECTION((1.,0.));
#4505=IFCAXIS2PLACEMENT2D(#4503,#4504);
#4506=IFCLSHAPEPROFILEDEF(.AREA.,'L6X4X3/4',#4505,0.1016,0.15240000000000001,0.019050000000000001,0.,$,$);
#4507=IFCCARTESIANPOINT((0.,0.,0.));
#4508=IFCDIRECTION((0.,0.,1.));
#4509=IFCDIRECTION((1.,0.,0.));
#4510=IFCAXIS2PLACEMENT3D(#4507,#4508,#4509);
#4511=IFCDIRECTION((0.,0.,1.));
#4512=IFCEXTRUDEDAREASOLID(#4506,#4510,#4511,3.048);
#4513=IFCSHAPEREPRESENTATION(#11,'Body','SweptSolid',(#4512));
#4514=IFCCARTESIANPOINT((0.,0.,0.));
#4515=IFCDIRECTION((1.,0.,0.));
#4516=IFCDIRECTION((0.,0.,1.));
#4517=IFCAXIS2PLACEMENT3D(#4514,#4516,#4515);
#4518=IFCREPRESENTATIONMAP(#4517,#4513);
#4519=IFCPROPERTYSET('2xZBpktUH1s9ZMCdbBW97L',$,'MF_Structural',$,(#4520,#4521,#4522));
#4520=IFCPROPERTYSINGLEVALUE('Section',$,IFCLABEL('L6X4X3/4'),$);
#4521=IFCPROPERTYSINGLEVALUE('SectionFamily',$,IFCLABEL('L'),$);
#4522=IFCPROPERTYSINGLEVALUE('SectionSource',$,IFCLABEL('AISC Shapes Database v15.0 (US)'),$);
#4523=IFCPROPERTYSET('0DVm46VjHA6AN8RzagSZ5J',$,'MF_Library',$,(#4524,#4525,#4526,#4527,#4528,#4529,#4530,#4531,#4532,#4533));
#4524=IFCPROPERTYSINGLEVALUE('Key',$,IFCLABEL('steel_angle'),$);
#4525=IFCPROPERTYSINGLEVALUE('Family',$,IFCLABEL('Angle'),$);
#4526=IFCPROPERTYSINGLEVALUE('TypeName',$,IFCLABEL('L6X4X3/4'),$);
#4527=IFCPROPERTYSINGLEVALUE('Version',$,IFCLABEL('0.1.0'),$);
#4528=IFCPROPERTYSINGLEVALUE('License',$,IFCLABEL('CC0-1.0'),$);
#4529=IFCPROPERTYSINGLEVALUE('Source',$,IFCLABEL('massing-families'),$);
#4530=IFCPROPERTYSINGLEVALUE('Tier',$,IFCLABEL('L300'),$);
#4531=IFCPROPERTYSINGLEVALUE('Builder',$,IFCLABEL('profile'),$);
#4532=IFCPROPERTYSINGLEVALUE('Discipline',$,IFCLABEL('structural'),$);
#4533=IFCPROPERTYSINGLEVALUE('GeometryStatus',$,IFCLABEL('parametric'),$);
#4534=IFCPROPERTYSET('1tx9DBhgj7OPzg9wUXVpLa',$,'MF_Quantities',$,(#4535,#4536,#4537,#4538,#4539));
#4535=IFCPROPERTYSINGLEVALUE('NominalWidth',$,IFCREAL(0.15240000000000001),$);
#4536=IFCPROPERTYSINGLEVALUE('NominalDepth',$,IFCREAL(0.1016),$);
#4537=IFCPROPERTYSINGLEVALUE('NominalHeight',$,IFCREAL(3.048),$);
#4538=IFCPROPERTYSINGLEVALUE('NominalFootprintArea',$,IFCREAL(0.015484),$);
#4539=IFCPROPERTYSINGLEVALUE('NominalVolume',$,IFCREAL(0.047195000000000001),$);
#4540=IFCMEMBERTYPE('3tuZ5yAOr308ZQxZ7hB3Sr',$,'Angle - L6X4X5/8',$,$,(#4557,#4561,#4572),(#4556),$,$,.NOTDEFINED.);
#4541=IFCCARTESIANPOINT((0.,0.));
#4542=IFCDIRECTION((1.,0.));
#4543=IFCAXIS2PLACEMENT2D(#4541,#4542);
#4544=IFCLSHAPEPROFILEDEF(.AREA.,'L6X4X5/8',#4543,0.1016,0.15240000000000001,0.015875,0.,$,$);
#4545=IFCCARTESIANPOINT((0.,0.,0.));
#4546=IFCDIRECTION((0.,0.,1.));
#4547=IFCDIRECTION((1.,0.,0.));
#4548=IFCAXIS2PLACEMENT3D(#4545,#4546,#4547);
#4549=IFCDIRECTION((0.,0.,1.));
#4550=IFCEXTRUDEDAREASOLID(#4544,#4548,#4549,3.048);
#4551=IFCSHAPEREPRESENTATION(#11,'Body','SweptSolid',(#4550));
#4552=IFCCARTESIANPOINT((0.,0.,0.));
#4553=IFCDIRECTION((1.,0.,0.));
#4554=IFCDIRECTION((0.,0.,1.));
#4555=IFCAXIS2PLACEMENT3D(#4552,#4554,#4553);
#4556=IFCREPRESENTATIONMAP(#4555,#4551);
#4557=IFCPROPERTYSET('14hY4PHND1_Qx7K9Ai6SAJ',$,'MF_Structural',$,(#4558,#4559,#4560));
#4558=IFCPROPERTYSINGLEVALUE('Section',$,IFCLABEL('L6X4X5/8'),$);
#4559=IFCPROPERTYSINGLEVALUE('SectionFamily',$,IFCLABEL('L'),$);
#4560=IFCPROPERTYSINGLEVALUE('SectionSource',$,IFCLABEL('AISC Shapes Database v15.0 (US)'),$);
#4561=IFCPROPERTYSET('19q7Uyp6rBVuTtu6lxtHfX',$,'MF_Library',$,(#4562,#4563,#4564,#4565,#4566,#4567,#4568,#4569,#4570,#4571));
#4562=IFCPROPERTYSINGLEVALUE('Key',$,IFCLABEL('steel_angle'),$);
#4563=IFCPROPERTYSINGLEVALUE('Family',$,IFCLABEL('Angle'),$);
#4564=IFCPROPERTYSINGLEVALUE('TypeName',$,IFCLABEL('L6X4X5/8'),$);
#4565=IFCPROPERTYSINGLEVALUE('Version',$,IFCLABEL('0.1.0'),$);
#4566=IFCPROPERTYSINGLEVALUE('License',$,IFCLABEL('CC0-1.0'),$);
#4567=IFCPROPERTYSINGLEVALUE('Source',$,IFCLABEL('massing-families'),$);
#4568=IFCPROPERTYSINGLEVALUE('Tier',$,IFCLABEL('L300'),$);
#4569=IFCPROPERTYSINGLEVALUE('Builder',$,IFCLABEL('profile'),$);
#4570=IFCPROPERTYSINGLEVALUE('Discipline',$,IFCLABEL('structural'),$);
#4571=IFCPROPERTYSINGLEVALUE('GeometryStatus',$,IFCLABEL('parametric'),$);
#4572=IFCPROPERTYSET('1$klmOSsj5RPdwQL40eiuw',$,'MF_Quantities',$,(#4573,#4574,#4575,#4576,#4577));
#4573=IFCPROPERTYSINGLEVALUE('NominalWidth',$,IFCREAL(0.15240000000000001),$);
#4574=IFCPROPERTYSINGLEVALUE('NominalDepth',$,IFCREAL(0.1016),$);
#4575=IFCPROPERTYSINGLEVALUE('NominalHeight',$,IFCREAL(3.048),$);
#4576=IFCPROPERTYSINGLEVALUE('NominalFootprintArea',$,IFCREAL(0.015484),$);
#4577=IFCPROPERTYSINGLEVALUE('NominalVolume',$,IFCREAL(0.047195000000000001),$);
#4578=IFCMEMBERTYPE('2Q2MeXdwnAVg61$eYCr2Hq',$,'Angle - L6X4X9/16',$,$,(#4595,#4599,#4610),(#4594),$,$,.NOTDEFINED.);
#4579=IFCCARTESIANPOINT((0.,0.));
#4580=IFCDIRECTION((1.,0.));
#4581=IFCAXIS2PLACEMENT2D(#4579,#4580);
#4582=IFCLSHAPEPROFILEDEF(.AREA.,'L6X4X9/16',#4581,0.1016,0.15240000000000001,0.014300200000000001,0.,$,$);
#4583=IFCCARTESIANPOINT((0.,0.,0.));
#4584=IFCDIRECTION((0.,0.,1.));
#4585=IFCDIRECTION((1.,0.,0.));
#4586=IFCAXIS2PLACEMENT3D(#4583,#4584,#4585);
#4587=IFCDIRECTION((0.,0.,1.));
#4588=IFCEXTRUDEDAREASOLID(#4582,#4586,#4587,3.048);
#4589=IFCSHAPEREPRESENTATION(#11,'Body','SweptSolid',(#4588));
#4590=IFCCARTESIANPOINT((0.,0.,0.));
#4591=IFCDIRECTION((1.,0.,0.));
#4592=IFCDIRECTION((0.,0.,1.));
#4593=IFCAXIS2PLACEMENT3D(#4590,#4592,#4591);
#4594=IFCREPRESENTATIONMAP(#4593,#4589);
#4595=IFCPROPERTYSET('2uPIjA2Cj0EQWUD7W4JwEN',$,'MF_Structural',$,(#4596,#4597,#4598));
#4596=IFCPROPERTYSINGLEVALUE('Section',$,IFCLABEL('L6X4X9/16'),$);
#4597=IFCPROPERTYSINGLEVALUE('SectionFamily',$,IFCLABEL('L'),$);
#4598=IFCPROPERTYSINGLEVALUE('SectionSource',$,IFCLABEL('AISC Shapes Database v15.0 (US)'),$);
#4599=IFCPROPERTYSET('3DA6GHqInBHu0qtWdSJA4S',$,'MF_Library',$,(#4600,#4601,#4602,#4603,#4604,#4605,#4606,#4607,#4608,#4609));
#4600=IFCPROPERTYSINGLEVALUE('Key',$,IFCLABEL('steel_angle'),$);
#4601=IFCPROPERTYSINGLEVALUE('Family',$,IFCLABEL('Angle'),$);
#4602=IFCPROPERTYSINGLEVALUE('TypeName',$,IFCLABEL('L6X4X9/16'),$);
#4603=IFCPROPERTYSINGLEVALUE('Version',$,IFCLABEL('0.1.0'),$);
#4604=IFCPROPERTYSINGLEVALUE('License',$,IFCLABEL('CC0-1.0'),$);
#4605=IFCPROPERTYSINGLEVALUE('Source',$,IFCLABEL('massing-families'),$);
#4606=IFCPROPERTYSINGLEVALUE('Tier',$,IFCLABEL('L300'),$);
#4607=IFCPROPERTYSINGLEVALUE('Builder',$,IFCLABEL('profile'),$);
#4608=IFCPROPERTYSINGLEVALUE('Discipline',$,IFCLABEL('structural'),$);
#4609=IFCPROPERTYSINGLEVALUE('GeometryStatus',$,IFCLABEL('parametric'),$);
#4610=IFCPROPERTYSET('1360F2pCb7tRmJfE_qeDJ7',$,'MF_Quantities',$,(#4611,#4612,#4613,#4614,#4615));
#4611=IFCPROPERTYSINGLEVALUE('NominalWidth',$,IFCREAL(0.15240000000000001),$);
#4612=IFCPROPERTYSINGLEVALUE('NominalDepth',$,IFCREAL(0.1016),$);
#4613=IFCPROPERTYSINGLEVALUE('NominalHeight',$,IFCREAL(3.048),$);
#4614=IFCPROPERTYSINGLEVALUE('NominalFootprintArea',$,IFCREAL(0.015484),$);
#4615=IFCPROPERTYSINGLEVALUE('NominalVolume',$,IFCREAL(0.047195000000000001),$);
#4616=IFCMEMBERTYPE('39h7EJ0jzC3QmmEmimpgUS',$,'Angle - L6X4X1/2',$,$,(#4633,#4637,#4648),(#4632),$,$,.NOTDEFINED.);
#4617=IFCCARTESIANPOINT((0.,0.));
#4618=IFCDIRECTION((1.,0.));
#4619=IFCAXIS2PLACEMENT2D(#4617,#4618);
#4620=IFCLSHAPEPROFILEDEF(.AREA.,'L6X4X1/2',#4619,0.1016,0.15240000000000001,0.012699999999999999,0.,$,$);
#4621=IFCCARTESIANPOINT((0.,0.,0.));
#4622=IFCDIRECTION((0.,0.,1.));
#4623=IFCDIRECTION((1.,0.,0.));
#4624=IFCAXIS2PLACEMENT3D(#4621,#4622,#4623);
#4625=IFCDIRECTION((0.,0.,1.));
#4626=IFCEXTRUDEDAREASOLID(#4620,#4624,#4625,3.048);
#4627=IFCSHAPEREPRESENTATION(#11,'Body','SweptSolid',(#4626));
#4628=IFCCARTESIANPOINT((0.,0.,0.));
#4629=IFCDIRECTION((1.,0.,0.));
#4630=IFCDIRECTION((0.,0.,1.));
#4631=IFCAXIS2PLACEMENT3D(#4628,#4630,#4629);
#4632=IFCREPRESENTATIONMAP(#4631,#4627);
#4633=IFCPROPERTYSET('2_TP9MhK1FFBeGdkB4sYUA',$,'MF_Structural',$,(#4634,#4635,#4636));
#4634=IFCPROPERTYSINGLEVALUE('Section',$,IFCLABEL('L6X4X1/2'),$);
#4635=IFCPROPERTYSINGLEVALUE('SectionFamily',$,IFCLABEL('L'),$);
#4636=IFCPROPERTYSINGLEVALUE('SectionSource',$,IFCLABEL('AISC Shapes Database v15.0 (US)'),$);
#4637=IFCPROPERTYSET('3qu460SLP1T8m5jyIp6o80',$,'MF_Library',$,(#4638,#4639,#4640,#4641,#4642,#4643,#4644,#4645,#4646,#4647));
#4638=IFCPROPERTYSINGLEVALUE('Key',$,IFCLABEL('steel_angle'),$);
#4639=IFCPROPERTYSINGLEVALUE('Family',$,IFCLABEL('Angle'),$);
#4640=IFCPROPERTYSINGLEVALUE('TypeName',$,IFCLABEL('L6X4X1/2'),$);
#4641=IFCPROPERTYSINGLEVALUE('Version',$,IFCLABEL('0.1.0'),$);
#4642=IFCPROPERTYSINGLEVALUE('License',$,IFCLABEL('CC0-1.0'),$);
#4643=IFCPROPERTYSINGLEVALUE('Source',$,IFCLABEL('massing-families'),$);
#4644=IFCPROPERTYSINGLEVALUE('Tier',$,IFCLABEL('L300'),$);
#4645=IFCPROPERTYSINGLEVALUE('Builder',$,IFCLABEL('profile'),$);
#4646=IFCPROPERTYSINGLEVALUE('Discipline',$,IFCLABEL('structural'),$);
#4647=IFCPROPERTYSINGLEVALUE('GeometryStatus',$,IFCLABEL('parametric'),$);
#4648=IFCPROPERTYSET('3AIZrEjSb6Rwa7S2dp61y8',$,'MF_Quantities',$,(#4649,#4650,#4651,#4652,#4653));
#4649=IFCPROPERTYSINGLEVALUE('NominalWidth',$,IFCREAL(0.15240000000000001),$);
#4650=IFCPROPERTYSINGLEVALUE('NominalDepth',$,IFCREAL(0.1016),$);
#4651=IFCPROPERTYSINGLEVALUE('NominalHeight',$,IFCREAL(3.048),$);
#4652=IFCPROPERTYSINGLEVALUE('NominalFootprintArea',$,IFCREAL(0.015484),$);
#4653=IFCPROPERTYSINGLEVALUE('NominalVolume',$,IFCREAL(0.047195000000000001),$);
#4654=IFCMEMBERTYPE('01n9gs7DH5FgA1q1vPrPl_',$,'Angle - L6X4X7/16',$,$,(#4671,#4675,#4686),(#4670),$,$,.NOTDEFINED.);
#4655=IFCCARTESIANPOINT((0.,0.));
#4656=IFCDIRECTION((1.,0.));
#4657=IFCAXIS2PLACEMENT2D(#4655,#4656);
#4658=IFCLSHAPEPROFILEDEF(.AREA.,'L6X4X7/16',#4657,0.1016,0.15240000000000001,0.0111252,0.,$,$);
#4659=IFCCARTESIANPOINT((0.,0.,0.));
#4660=IFCDIRECTION((0.,0.,1.));
#4661=IFCDIRECTION((1.,0.,0.));
#4662=IFCAXIS2PLACEMENT3D(#4659,#4660,#4661);
#4663=IFCDIRECTION((0.,0.,1.));
#4664=IFCEXTRUDEDAREASOLID(#4658,#4662,#4663,3.048);
#4665=IFCSHAPEREPRESENTATION(#11,'Body','SweptSolid',(#4664));
#4666=IFCCARTESIANPOINT((0.,0.,0.));
#4667=IFCDIRECTION((1.,0.,0.));
#4668=IFCDIRECTION((0.,0.,1.));
#4669=IFCAXIS2PLACEMENT3D(#4666,#4668,#4667);
#4670=IFCREPRESENTATIONMAP(#4669,#4665);
#4671=IFCPROPERTYSET('2BjpWK1I1FEQkKUnbHqn5t',$,'MF_Structural',$,(#4672,#4673,#4674));
#4672=IFCPROPERTYSINGLEVALUE('Section',$,IFCLABEL('L6X4X7/16'),$);
#4673=IFCPROPERTYSINGLEVALUE('SectionFamily',$,IFCLABEL('L'),$);
#4674=IFCPROPERTYSINGLEVALUE('SectionSource',$,IFCLABEL('AISC Shapes Database v15.0 (US)'),$);
#4675=IFCPROPERTYSET('2CdDR$6zvB5B8IZQ1AW42W',$,'MF_Library',$,(#4676,#4677,#4678,#4679,#4680,#4681,#4682,#4683,#4684,#4685));
#4676=IFCPROPERTYSINGLEVALUE('Key',$,IFCLABEL('steel_angle'),$);
#4677=IFCPROPERTYSINGLEVALUE('Family',$,IFCLABEL('Angle'),$);
#4678=IFCPROPERTYSINGLEVALUE('TypeName',$,IFCLABEL('L6X4X7/16'),$);
#4679=IFCPROPERTYSINGLEVALUE('Version',$,IFCLABEL('0.1.0'),$);
#4680=IFCPROPERTYSINGLEVALUE('License',$,IFCLABEL('CC0-1.0'),$);
#4681=IFCPROPERTYSINGLEVALUE('Source',$,IFCLABEL('massing-families'),$);
#4682=IFCPROPERTYSINGLEVALUE('Tier',$,IFCLABEL('L300'),$);
#4683=IFCPROPERTYSINGLEVALUE('Builder',$,IFCLABEL('profile'),$);
#4684=IFCPROPERTYSINGLEVALUE('Discipline',$,IFCLABEL('structural'),$);
#4685=IFCPROPERTYSINGLEVALUE('GeometryStatus',$,IFCLABEL('parametric'),$);
#4686=IFCPROPERTYSET('2b8lx6Kcb6jfX9yDfTy9Zm',$,'MF_Quantities',$,(#4687,#4688,#4689,#4690,#4691));
#4687=IFCPROPERTYSINGLEVALUE('NominalWidth',$,IFCREAL(0.15240000000000001),$);
#4688=IFCPROPERTYSINGLEVALUE('NominalDepth',$,IFCREAL(0.1016),$);
#4689=IFCPROPERTYSINGLEVALUE('NominalHeight',$,IFCREAL(3.048),$);
#4690=IFCPROPERTYSINGLEVALUE('NominalFootprintArea',$,IFCREAL(0.015484),$);
#4691=IFCPROPERTYSINGLEVALUE('NominalVolume',$,IFCREAL(0.047195000000000001),$);
#4692=IFCMEMBERTYPE('13bgzvKOT0kQScCHdpq1rP',$,'Angle - L6X4X3/8',$,$,(#4709,#4713,#4724),(#4708),$,$,.NOTDEFINED.);
#4693=IFCCARTESIANPOINT((0.,0.));
#4694=IFCDIRECTION((1.,0.));
#4695=IFCAXIS2PLACEMENT2D(#4693,#4694);
#4696=IFCLSHAPEPROFILEDEF(.AREA.,'L6X4X3/8',#4695,0.1016,0.15240000000000001,0.0095250000000000005,0.,$,$);
#4697=IFCCARTESIANPOINT((0.,0.,0.));
#4698=IFCDIRECTION((0.,0.,1.));
#4699=IFCDIRECTION((1.,0.,0.));
#4700=IFCAXIS2PLACEMENT3D(#4697,#4698,#4699);
#4701=IFCDIRECTION((0.,0.,1.));
#4702=IFCEXTRUDEDAREASOLID(#4696,#4700,#4701,3.048);
#4703=IFCSHAPEREPRESENTATION(#11,'Body','SweptSolid',(#4702));
#4704=IFCCARTESIANPOINT((0.,0.,0.));
#4705=IFCDIRECTION((1.,0.,0.));
#4706=IFCDIRECTION((0.,0.,1.));
#4707=IFCAXIS2PLACEMENT3D(#4704,#4706,#4705);
#4708=IFCREPRESENTATIONMAP(#4707,#4703);
#4709=IFCPROPERTYSET('2oU9Yj42XAnPPJZIdMsOKZ',$,'MF_Structural',$,(#4710,#4711,#4712));
#4710=IFCPROPERTYSINGLEVALUE('Section',$,IFCLABEL('L6X4X3/8'),$);
#4711=IFCPROPERTYSINGLEVALUE('SectionFamily',$,IFCLABEL('L'),$);
#4712=IFCPROPERTYSINGLEVALUE('SectionSource',$,IFCLABEL('AISC Shapes Database v15.0 (US)'),$);
#4713=IFCPROPERTYSET('3t1RLnqLD4YRLBFspDKVyB',$,'MF_Library',$,(#4714,#4715,#4716,#4717,#4718,#4719,#4720,#4721,#4722,#4723));
#4714=IFCPROPERTYSINGLEVALUE('Key',$,IFCLABEL('steel_angle'),$);
#4715=IFCPROPERTYSINGLEVALUE('Family',$,IFCLABEL('Angle'),$);
#4716=IFCPROPERTYSINGLEVALUE('TypeName',$,IFCLABEL('L6X4X3/8'),$);
#4717=IFCPROPERTYSINGLEVALUE('Version',$,IFCLABEL('0.1.0'),$);
#4718=IFCPROPERTYSINGLEVALUE('License',$,IFCLABEL('CC0-1.0'),$);
#4719=IFCPROPERTYSINGLEVALUE('Source',$,IFCLABEL('massing-families'),$);
#4720=IFCPROPERTYSINGLEVALUE('Tier',$,IFCLABEL('L300'),$);
#4721=IFCPROPERTYSINGLEVALUE('Builder',$,IFCLABEL('profile'),$);
#4722=IFCPROPERTYSINGLEVALUE('Discipline',$,IFCLABEL('structural'),$);
#4723=IFCPROPERTYSINGLEVALUE('GeometryStatus',$,IFCLABEL('parametric'),$);
#4724=IFCPROPERTYSET('2wTfLHOU94BAlTQiF_gwLZ',$,'MF_Quantities',$,(#4725,#4726,#4727,#4728,#4729));
#4725=IFCPROPERTYSINGLEVALUE('NominalWidth',$,IFCREAL(0.15240000000000001),$);
#4726=IFCPROPERTYSINGLEVALUE('NominalDepth',$,IFCREAL(0.1016),$);
#4727=IFCPROPERTYSINGLEVALUE('NominalHeight',$,IFCREAL(3.048),$);
#4728=IFCPROPERTYSINGLEVALUE('NominalFootprintArea',$,IFCREAL(0.015484),$);
#4729=IFCPROPERTYSINGLEVALUE('NominalVolume',$,IFCREAL(0.047195000000000001),$);
#4730=IFCMEMBERTYPE('0NPWAvLKn4hgyJMZFb_QD8',$,'Angle - L6X4X5/16',$,$,(#4747,#4751,#4762),(#4746),$,$,.NOTDEFINED.);
#4731=IFCCARTESIANPOINT((0.,0.));
#4732=IFCDIRECTION((1.,0.));
#4733=IFCAXIS2PLACEMENT2D(#4731,#4732);
#4734=IFCLSHAPEPROFILEDEF(.AREA.,'L6X4X5/16',#4733,0.1016,0.15240000000000001,0.0079501999999999993,0.,$,$);
#4735=IFCCARTESIANPOINT((0.,0.,0.));
#4736=IFCDIRECTION((0.,0.,1.));
#4737=IFCDIRECTION((1.,0.,0.));
#4738=IFCAXIS2PLACEMENT3D(#4735,#4736,#4737);
#4739=IFCDIRECTION((0.,0.,1.));
#4740=IFCEXTRUDEDAREASOLID(#4734,#4738,#4739,3.048);
#4741=IFCSHAPEREPRESENTATION(#11,'Body','SweptSolid',(#4740));
#4742=IFCCARTESIANPOINT((0.,0.,0.));
#4743=IFCDIRECTION((1.,0.,0.));
#4744=IFCDIRECTION((0.,0.,1.));
#4745=IFCAXIS2PLACEMENT3D(#4742,#4744,#4743);
#4746=IFCREPRESENTATIONMAP(#4745,#4741);
#4747=IFCPROPERTYSET('0ektfM$VD5KQQ3TduL$_8u',$,'MF_Structural',$,(#4748,#4749,#4750));
#4748=IFCPROPERTYSINGLEVALUE('Section',$,IFCLABEL('L6X4X5/16'),$);
#4749=IFCPROPERTYSINGLEVALUE('SectionFamily',$,IFCLABEL('L'),$);
#4750=IFCPROPERTYSINGLEVALUE('SectionSource',$,IFCLABEL('AISC Shapes Database v15.0 (US)'),$);
#4751=IFCPROPERTYSET('2MWB2fBpn0K8c9iZ8Rw47V',$,'MF_Library',$,(#4752,#4753,#4754,#4755,#4756,#4757,#4758,#4759,#4760,#4761));
#4752=IFCPROPERTYSINGLEVALUE('Key',$,IFCLABEL('steel_angle'),$);
#4753=IFCPROPERTYSINGLEVALUE('Family',$,IFCLABEL('Angle'),$);
#4754=IFCPROPERTYSINGLEVALUE('TypeName',$,IFCLABEL('L6X4X5/16'),$);
#4755=IFCPROPERTYSINGLEVALUE('Version',$,IFCLABEL('0.1.0'),$);
#4756=IFCPROPERTYSINGLEVALUE('License',$,IFCLABEL('CC0-1.0'),$);
#4757=IFCPROPERTYSINGLEVALUE('Source',$,IFCLABEL('massing-families'),$);
#4758=IFCPROPERTYSINGLEVALUE('Tier',$,IFCLABEL('L300'),$);
#4759=IFCPROPERTYSINGLEVALUE('Builder',$,IFCLABEL('profile'),$);
#4760=IFCPROPERTYSINGLEVALUE('Discipline',$,IFCLABEL('structural'),$);
#4761=IFCPROPERTYSINGLEVALUE('GeometryStatus',$,IFCLABEL('parametric'),$);
#4762=IFCPROPERTYSET('1I0SecfjfDN80kTKPRNFjT',$,'MF_Quantities',$,(#4763,#4764,#4765,#4766,#4767));
#4763=IFCPROPERTYSINGLEVALUE('NominalWidth',$,IFCREAL(0.15240000000000001),$);
#4764=IFCPROPERTYSINGLEVALUE('NominalDepth',$,IFCREAL(0.1016),$);
#4765=IFCPROPERTYSINGLEVALUE('NominalHeight',$,IFCREAL(3.048),$);
#4766=IFCPROPERTYSINGLEVALUE('NominalFootprintArea',$,IFCREAL(0.015484),$);
#4767=IFCPROPERTYSINGLEVALUE('NominalVolume',$,IFCREAL(0.047195000000000001),$);
#4768=IFCMEMBERTYPE('2lPBAr9dT80Q0uRnX3KEar',$,'Angle - L6X3-1/2X1/2',$,$,(#4785,#4789,#4800),(#4784),$,$,.NOTDEFINED.);
#4769=IFCCARTESIANPOINT((0.,0.));
#4770=IFCDIRECTION((1.,0.));
#4771=IFCAXIS2PLACEMENT2D(#4769,#4770);
#4772=IFCLSHAPEPROFILEDEF(.AREA.,'L6X3-1/2X1/2',#4771,0.088900000000000007,0.15240000000000001,0.012699999999999999,0.,$,$);
#4773=IFCCARTESIANPOINT((0.,0.,0.));
#4774=IFCDIRECTION((0.,0.,1.));
#4775=IFCDIRECTION((1.,0.,0.));
#4776=IFCAXIS2PLACEMENT3D(#4773,#4774,#4775);
#4777=IFCDIRECTION((0.,0.,1.));
#4778=IFCEXTRUDEDAREASOLID(#4772,#4776,#4777,3.048);
#4779=IFCSHAPEREPRESENTATION(#11,'Body','SweptSolid',(#4778));
#4780=IFCCARTESIANPOINT((0.,0.,0.));
#4781=IFCDIRECTION((1.,0.,0.));
#4782=IFCDIRECTION((0.,0.,1.));
#4783=IFCAXIS2PLACEMENT3D(#4780,#4782,#4781);
#4784=IFCREPRESENTATIONMAP(#4783,#4779);
#4785=IFCPROPERTYSET('3EcBAb3kX8CONdI$WMXFZq',$,'MF_Structural',$,(#4786,#4787,#4788));
#4786=IFCPROPERTYSINGLEVALUE('Section',$,IFCLABEL('L6X3-1/2X1/2'),$);
#4787=IFCPROPERTYSINGLEVALUE('SectionFamily',$,IFCLABEL('L'),$);
#4788=IFCPROPERTYSINGLEVALUE('SectionSource',$,IFCLABEL('AISC Shapes Database v15.0 (US)'),$);
#4789=IFCPROPERTYSET('3MHc7tKg56dAZUmu4mbFI6',$,'MF_Library',$,(#4790,#4791,#4792,#4793,#4794,#4795,#4796,#4797,#4798,#4799));
#4790=IFCPROPERTYSINGLEVALUE('Key',$,IFCLABEL('steel_angle'),$);
#4791=IFCPROPERTYSINGLEVALUE('Family',$,IFCLABEL('Angle'),$);
#4792=IFCPROPERTYSINGLEVALUE('TypeName',$,IFCLABEL('L6X3-1/2X1/2'),$);
#4793=IFCPROPERTYSINGLEVALUE('Version',$,IFCLABEL('0.1.0'),$);
#4794=IFCPROPERTYSINGLEVALUE('License',$,IFCLABEL('CC0-1.0'),$);
#4795=IFCPROPERTYSINGLEVALUE('Source',$,IFCLABEL('massing-families'),$);
#4796=IFCPROPERTYSINGLEVALUE('Tier',$,IFCLABEL('L300'),$);
#4797=IFCPROPERTYSINGLEVALUE('Builder',$,IFCLABEL('profile'),$);
#4798=IFCPROPERTYSINGLEVALUE('Discipline',$,IFCLABEL('structural'),$);
#4799=IFCPROPERTYSINGLEVALUE('GeometryStatus',$,IFCLABEL('parametric'),$);
#4800=IFCPROPERTYSET('0FwchDBT923wFQS62zf0DS',$,'MF_Quantities',$,(#4801,#4802,#4803,#4804,#4805));
#4801=IFCPROPERTYSINGLEVALUE('NominalWidth',$,IFCREAL(0.15240000000000001),$);
#4802=IFCPROPERTYSINGLEVALUE('NominalDepth',$,IFCREAL(0.088900000000000007),$);
#4803=IFCPROPERTYSINGLEVALUE('NominalHeight',$,IFCREAL(3.048),$);
#4804=IFCPROPERTYSINGLEVALUE('NominalFootprintArea',$,IFCREAL(0.013547999999999999),$);
#4805=IFCPROPERTYSINGLEVALUE('NominalVolume',$,IFCREAL(0.041294999999999998),$);
#4806=IFCMEMBERTYPE('1MeP2hvDX2C9GwGgVWVyKu',$,'Angle - L6X3-1/2X3/8',$,$,(#4823,#4827,#4838),(#4822),$,$,.NOTDEFINED.);
#4807=IFCCARTESIANPOINT((0.,0.));
#4808=IFCDIRECTION((1.,0.));
#4809=IFCAXIS2PLACEMENT2D(#4807,#4808);
#4810=IFCLSHAPEPROFILEDEF(.AREA.,'L6X3-1/2X3/8',#4809,0.088900000000000007,0.15240000000000001,0.0095250000000000005,0.,$,$);
#4811=IFCCARTESIANPOINT((0.,0.,0.));
#4812=IFCDIRECTION((0.,0.,1.));
#4813=IFCDIRECTION((1.,0.,0.));
#4814=IFCAXIS2PLACEMENT3D(#4811,#4812,#4813);
#4815=IFCDIRECTION((0.,0.,1.));
#4816=IFCEXTRUDEDAREASOLID(#4810,#4814,#4815,3.048);
#4817=IFCSHAPEREPRESENTATION(#11,'Body','SweptSolid',(#4816));
#4818=IFCCARTESIANPOINT((0.,0.,0.));
#4819=IFCDIRECTION((1.,0.,0.));
#4820=IFCDIRECTION((0.,0.,1.));
#4821=IFCAXIS2PLACEMENT3D(#4818,#4820,#4819);
#4822=IFCREPRESENTATIONMAP(#4821,#4817);
#4823=IFCPROPERTYSET('0zNzQT07j3yPPhd_vplL8G',$,'MF_Structural',$,(#4824,#4825,#4826));
#4824=IFCPROPERTYSINGLEVALUE('Section',$,IFCLABEL('L6X3-1/2X3/8'),$);
#4825=IFCPROPERTYSINGLEVALUE('SectionFamily',$,IFCLABEL('L'),$);
#4826=IFCPROPERTYSINGLEVALUE('SectionSource',$,IFCLABEL('AISC Shapes Database v15.0 (US)'),$);
#4827=IFCPROPERTYSET('1ibnLD6nX97wBdIQ$IEL7L',$,'MF_Library',$,(#4828,#4829,#4830,#4831,#4832,#4833,#4834,#4835,#4836,#4837));
#4828=IFCPROPERTYSINGLEVALUE('Key',$,IFCLABEL('steel_angle'),$);
#4829=IFCPROPERTYSINGLEVALUE('Family',$,IFCLABEL('Angle'),$);
#4830=IFCPROPERTYSINGLEVALUE('TypeName',$,IFCLABEL('L6X3-1/2X3/8'),$);
#4831=IFCPROPERTYSINGLEVALUE('Version',$,IFCLABEL('0.1.0'),$);
#4832=IFCPROPERTYSINGLEVALUE('License',$,IFCLABEL('CC0-1.0'),$);
#4833=IFCPROPERTYSINGLEVALUE('Source',$,IFCLABEL('massing-families'),$);
#4834=IFCPROPERTYSINGLEVALUE('Tier',$,IFCLABEL('L300'),$);
#4835=IFCPROPERTYSINGLEVALUE('Builder',$,IFCLABEL('profile'),$);
#4836=IFCPROPERTYSINGLEVALUE('Discipline',$,IFCLABEL('structural'),$);
#4837=IFCPROPERTYSINGLEVALUE('GeometryStatus',$,IFCLABEL('parametric'),$);
#4838=IFCPROPERTYSET('050WxsD_b9IOPyeRXHpEm$',$,'MF_Quantities',$,(#4839,#4840,#4841,#4842,#4843));
#4839=IFCPROPERTYSINGLEVALUE('NominalWidth',$,IFCREAL(0.15240000000000001),$);
#4840=IFCPROPERTYSINGLEVALUE('NominalDepth',$,IFCREAL(0.088900000000000007),$);
#4841=IFCPROPERTYSINGLEVALUE('NominalHeight',$,IFCREAL(3.048),$);
#4842=IFCPROPERTYSINGLEVALUE('NominalFootprintArea',$,IFCREAL(0.013547999999999999),$);
#4843=IFCPROPERTYSINGLEVALUE('NominalVolume',$,IFCREAL(0.041294999999999998),$);
#4844=IFCMEMBERTYPE('23EXTLvgrBOB8NkQ3aCUUx',$,'Angle - L6X3-1/2X5/16',$,$,(#4861,#4865,#4876),(#4860),$,$,.NOTDEFINED.);
#4845=IFCCARTESIANPOINT((0.,0.));
#4846=IFCDIRECTION((1.,0.));
#4847=IFCAXIS2PLACEMENT2D(#4845,#4846);
#4848=IFCLSHAPEPROFILEDEF(.AREA.,'L6X3-1/2X5/16',#4847,0.088900000000000007,0.15240000000000001,0.0079501999999999993,0.,$,$);
#4849=IFCCARTESIANPOINT((0.,0.,0.));
#4850=IFCDIRECTION((0.,0.,1.));
#4851=IFCDIRECTION((1.,0.,0.));
#4852=IFCAXIS2PLACEMENT3D(#4849,#4850,#4851);
#4853=IFCDIRECTION((0.,0.,1.));
#4854=IFCEXTRUDEDAREASOLID(#4848,#4852,#4853,3.048);
#4855=IFCSHAPEREPRESENTATION(#11,'Body','SweptSolid',(#4854));
#4856=IFCCARTESIANPOINT((0.,0.,0.));
#4857=IFCDIRECTION((1.,0.,0.));
#4858=IFCDIRECTION((0.,0.,1.));
#4859=IFCAXIS2PLACEMENT3D(#4856,#4858,#4857);
#4860=IFCREPRESENTATIONMAP(#4859,#4855);
#4861=IFCPROPERTYSET('1y13GV0Qr0f98TWi4VaozC',$,'MF_Structural',$,(#4862,#4863,#4864));
#4862=IFCPROPERTYSINGLEVALUE('Section',$,IFCLABEL('L6X3-1/2X5/16'),$);
#4863=IFCPROPERTYSINGLEVALUE('SectionFamily',$,IFCLABEL('L'),$);
#4864=IFCPROPERTYSINGLEVALUE('SectionSource',$,IFCLABEL('AISC Shapes Database v15.0 (US)'),$);
#4865=IFCPROPERTYSET('0Jp1zrptLAxBbmsuZN7TQ4',$,'MF_Library',$,(#4866,#4867,#4868,#4869,#4870,#4871,#4872,#4873,#4874,#4875));
#4866=IFCPROPERTYSINGLEVALUE('Key',$,IFCLABEL('steel_angle'),$);
#4867=IFCPROPERTYSINGLEVALUE('Family',$,IFCLABEL('Angle'),$);
#4868=IFCPROPERTYSINGLEVALUE('TypeName',$,IFCLABEL('L6X3-1/2X5/16'),$);
#4869=IFCPROPERTYSINGLEVALUE('Version',$,IFCLABEL('0.1.0'),$);
#4870=IFCPROPERTYSINGLEVALUE('License',$,IFCLABEL('CC0-1.0'),$);
#4871=IFCPROPERTYSINGLEVALUE('Source',$,IFCLABEL('massing-families'),$);
#4872=IFCPROPERTYSINGLEVALUE('Tier',$,IFCLABEL('L300'),$);
#4873=IFCPROPERTYSINGLEVALUE('Builder',$,IFCLABEL('profile'),$);
#4874=IFCPROPERTYSINGLEVALUE('Discipline',$,IFCLABEL('structural'),$);
#4875=IFCPROPERTYSINGLEVALUE('GeometryStatus',$,IFCLABEL('parametric'),$);
#4876=IFCPROPERTYSET('1T43whG5nAcgfR3SbcwgAV',$,'MF_Quantities',$,(#4877,#4878,#4879,#4880,#4881));
#4877=IFCPROPERTYSINGLEVALUE('NominalWidth',$,IFCREAL(0.15240000000000001),$);
#4878=IFCPROPERTYSINGLEVALUE('NominalDepth',$,IFCREAL(0.088900000000000007),$);
#4879=IFCPROPERTYSINGLEVALUE('NominalHeight',$,IFCREAL(3.048),$);
#4880=IFCPROPERTYSINGLEVALUE('NominalFootprintArea',$,IFCREAL(0.013547999999999999),$);
#4881=IFCPROPERTYSINGLEVALUE('NominalVolume',$,IFCREAL(0.041294999999999998),$);
#4882=IFCMEMBERTYPE('1YZGnqHgT5vRsrSJfzmXUz',$,'Angle - L5X5X7/8',$,$,(#4899,#4903,#4914),(#4898),$,$,.NOTDEFINED.);
#4883=IFCCARTESIANPOINT((0.,0.));
#4884=IFCDIRECTION((1.,0.));
#4885=IFCAXIS2PLACEMENT2D(#4883,#4884);
#4886=IFCLSHAPEPROFILEDEF(.AREA.,'L5X5X7/8',#4885,0.127,0.127,0.022225000000000002,0.,$,$);
#4887=IFCCARTESIANPOINT((0.,0.,0.));
#4888=IFCDIRECTION((0.,0.,1.));
#4889=IFCDIRECTION((1.,0.,0.));
#4890=IFCAXIS2PLACEMENT3D(#4887,#4888,#4889);
#4891=IFCDIRECTION((0.,0.,1.));
#4892=IFCEXTRUDEDAREASOLID(#4886,#4890,#4891,3.048);
#4893=IFCSHAPEREPRESENTATION(#11,'Body','SweptSolid',(#4892));
#4894=IFCCARTESIANPOINT((0.,0.,0.));
#4895=IFCDIRECTION((1.,0.,0.));
#4896=IFCDIRECTION((0.,0.,1.));
#4897=IFCAXIS2PLACEMENT3D(#4894,#4896,#4895);
#4898=IFCREPRESENTATIONMAP(#4897,#4893);
#4899=IFCPROPERTYSET('3dUdSv6Y53iBRoTHh$HL4g',$,'MF_Structural',$,(#4900,#4901,#4902));
#4900=IFCPROPERTYSINGLEVALUE('Section',$,IFCLABEL('L5X5X7/8'),$);
#4901=IFCPROPERTYSINGLEVALUE('SectionFamily',$,IFCLABEL('L'),$);
#4902=IFCPROPERTYSINGLEVALUE('SectionSource',$,IFCLABEL('AISC Shapes Database v15.0 (US)'),$);
#4903=IFCPROPERTYSET('01S7$HM3f4e94Uv3ZV6aL_',$,'MF_Library',$,(#4904,#4905,#4906,#4907,#4908,#4909,#4910,#4911,#4912,#4913));
#4904=IFCPROPERTYSINGLEVALUE('Key',$,IFCLABEL('steel_angle'),$);
#4905=IFCPROPERTYSINGLEVALUE('Family',$,IFCLABEL('Angle'),$);
#4906=IFCPROPERTYSINGLEVALUE('TypeName',$,IFCLABEL('L5X5X7/8'),$);
#4907=IFCPROPERTYSINGLEVALUE('Version',$,IFCLABEL('0.1.0'),$);
#4908=IFCPROPERTYSINGLEVALUE('License',$,IFCLABEL('CC0-1.0'),$);
#4909=IFCPROPERTYSINGLEVALUE('Source',$,IFCLABEL('massing-families'),$);
#4910=IFCPROPERTYSINGLEVALUE('Tier',$,IFCLABEL('L300'),$);
#4911=IFCPROPERTYSINGLEVALUE('Builder',$,IFCLABEL('profile'),$);
#4912=IFCPROPERTYSINGLEVALUE('Discipline',$,IFCLABEL('structural'),$);
#4913=IFCPROPERTYSINGLEVALUE('GeometryStatus',$,IFCLABEL('parametric'),$);
#4914=IFCPROPERTYSET('2vQP7ZFVvBrBLOJaW_AJbl',$,'MF_Quantities',$,(#4915,#4916,#4917,#4918,#4919));
#4915=IFCPROPERTYSINGLEVALUE('NominalWidth',$,IFCREAL(0.127),$);
#4916=IFCPROPERTYSINGLEVALUE('NominalDepth',$,IFCREAL(0.127),$);
#4917=IFCPROPERTYSINGLEVALUE('NominalHeight',$,IFCREAL(3.048),$);
#4918=IFCPROPERTYSINGLEVALUE('NominalFootprintArea',$,IFCREAL(0.016129000000000001),$);
#4919=IFCPROPERTYSINGLEVALUE('NominalVolume',$,IFCREAL(0.049161000000000003),$);
#4920=IFCMEMBERTYPE('2GAfpHfZP7Xge2Yui75Oto',$,'Angle - L5X5X3/4',$,$,(#4937,#4941,#4952),(#4936),$,$,.NOTDEFINED.);
#4921=IFCCARTESIANPOINT((0.,0.));
#4922=IFCDIRECTION((1.,0.));
#4923=IFCAXIS2PLACEMENT2D(#4921,#4922);
#4924=IFCLSHAPEPROFILEDEF(.AREA.,'L5X5X3/4',#4923,0.127,0.127,0.019050000000000001,0.,$,$);
#4925=IFCCARTESIANPOINT((0.,0.,0.));
#4926=IFCDIRECTION((0.,0.,1.));
#4927=IFCDIRECTION((1.,0.,0.));
#4928=IFCAXIS2PLACEMENT3D(#4925,#4926,#4927);
#4929=IFCDIRECTION((0.,0.,1.));
#4930=IFCEXTRUDEDAREASOLID(#4924,#4928,#4929,3.048);
#4931=IFCSHAPEREPRESENTATION(#11,'Body','SweptSolid',(#4930));
#4932=IFCCARTESIANPOINT((0.,0.,0.));
#4933=IFCDIRECTION((1.,0.,0.));
#4934=IFCDIRECTION((0.,0.,1.));
#4935=IFCAXIS2PLACEMENT3D(#4932,#4934,#4933);
#4936=IFCREPRESENTATIONMAP(#4935,#4931);
#4937=IFCPROPERTYSET('2HhwWaoN15cvJe3YOQpQUL',$,'MF_Structural',$,(#4938,#4939,#4940));
#4938=IFCPROPERTYSINGLEVALUE('Section',$,IFCLABEL('L5X5X3/4'),$);
#4939=IFCPROPERTYSINGLEVALUE('SectionFamily',$,IFCLABEL('L'),$);
#4940=IFCPROPERTYSINGLEVALUE('SectionSource',$,IFCLABEL('AISC Shapes Database v15.0 (US)'),$);
#4941=IFCPROPERTYSET('0eP6oHBV93J9zp0iW1AB2L',$,'MF_Library',$,(#4942,#4943,#4944,#4945,#4946,#4947,#4948,#4949,#4950,#4951));
#4942=IFCPROPERTYSINGLEVALUE('Key',$,IFCLABEL('steel_angle'),$);
#4943=IFCPROPERTYSINGLEVALUE('Family',$,IFCLABEL('Angle'),$);
#4944=IFCPROPERTYSINGLEVALUE('TypeName',$,IFCLABEL('L5X5X3/4'),$);
#4945=IFCPROPERTYSINGLEVALUE('Version',$,IFCLABEL('0.1.0'),$);
#4946=IFCPROPERTYSINGLEVALUE('License',$,IFCLABEL('CC0-1.0'),$);
#4947=IFCPROPERTYSINGLEVALUE('Source',$,IFCLABEL('massing-families'),$);
#4948=IFCPROPERTYSINGLEVALUE('Tier',$,IFCLABEL('L300'),$);
#4949=IFCPROPERTYSINGLEVALUE('Builder',$,IFCLABEL('profile'),$);
#4950=IFCPROPERTYSINGLEVALUE('Discipline',$,IFCLABEL('structural'),$);
#4951=IFCPROPERTYSINGLEVALUE('GeometryStatus',$,IFCLABEL('parametric'),$);
#4952=IFCPROPERTYSET('3ym9$OlJrARegOtWtt8ggx',$,'MF_Quantities',$,(#4953,#4954,#4955,#4956,#4957));
#4953=IFCPROPERTYSINGLEVALUE('NominalWidth',$,IFCREAL(0.127),$);
#4954=IFCPROPERTYSINGLEVALUE('NominalDepth',$,IFCREAL(0.127),$);
#4955=IFCPROPERTYSINGLEVALUE('NominalHeight',$,IFCREAL(3.048),$);
#4956=IFCPROPERTYSINGLEVALUE('NominalFootprintArea',$,IFCREAL(0.016129000000000001),$);
#4957=IFCPROPERTYSINGLEVALUE('NominalVolume',$,IFCREAL(0.049161000000000003),$);
#4958=IFCMEMBERTYPE('1k$120Wtn4Wgv3vjL4uP5m',$,'Angle - L5X5X5/8',$,$,(#4975,#4979,#4990),(#4974),$,$,.NOTDEFINED.);
#4959=IFCCARTESIANPOINT((0.,0.));
#4960=IFCDIRECTION((1.,0.));
#4961=IFCAXIS2PLACEMENT2D(#4959,#4960);
#4962=IFCLSHAPEPROFILEDEF(.AREA.,'L5X5X5/8',#4961,0.127,0.127,0.015875,0.,$,$);
#4963=IFCCARTESIANPOINT((0.,0.,0.));
#4964=IFCDIRECTION((0.,0.,1.));
#4965=IFCDIRECTION((1.,0.,0.));
#4966=IFCAXIS2PLACEMENT3D(#4963,#4964,#4965);
#4967=IFCDIRECTION((0.,0.,1.));
#4968=IFCEXTRUDEDAREASOLID(#4962,#4966,#4967,3.048);
#4969=IFCSHAPEREPRESENTATION(#11,'Body','SweptSolid',(#4968));
#4970=IFCCARTESIANPOINT((0.,0.,0.));
#4971=IFCDIRECTION((1.,0.,0.));
#4972=IFCDIRECTION((0.,0.,1.));
#4973=IFCAXIS2PLACEMENT3D(#4970,#4972,#4971);
#4974=IFCREPRESENTATIONMAP(#4973,#4969);
#4975=IFCPROPERTYSET('0GGTDmqrPE_gwk56qJFopl',$,'MF_Structural',$,(#4976,#4977,#4978));
#4976=IFCPROPERTYSINGLEVALUE('Section',$,IFCLABEL('L5X5X5/8'),$);
#4977=IFCPROPERTYSINGLEVALUE('SectionFamily',$,IFCLABEL('L'),$);
#4978=IFCPROPERTYSINGLEVALUE('SectionSource',$,IFCLABEL('AISC Shapes Database v15.0 (US)'),$);
#4979=IFCPROPERTYSET('3xf8PE8n9DZ94xR186saSR',$,'MF_Library',$,(#4980,#4981,#4982,#4983,#4984,#4985,#4986,#4987,#4988,#4989));
#4980=IFCPROPERTYSINGLEVALUE('Key',$,IFCLABEL('steel_angle'),$);
#4981=IFCPROPERTYSINGLEVALUE('Family',$,IFCLABEL('Angle'),$);
#4982=IFCPROPERTYSINGLEVALUE('TypeName',$,IFCLABEL('L5X5X5/8'),$);
#4983=IFCPROPERTYSINGLEVALUE('Version',$,IFCLABEL('0.1.0'),$);
#4984=IFCPROPERTYSINGLEVALUE('License',$,IFCLABEL('CC0-1.0'),$);
#4985=IFCPROPERTYSINGLEVALUE('Source',$,IFCLABEL('massing-families'),$);
#4986=IFCPROPERTYSINGLEVALUE('Tier',$,IFCLABEL('L300'),$);
#4987=IFCPROPERTYSINGLEVALUE('Builder',$,IFCLABEL('profile'),$);
#4988=IFCPROPERTYSINGLEVALUE('Discipline',$,IFCLABEL('structural'),$);
#4989=IFCPROPERTYSINGLEVALUE('GeometryStatus',$,IFCLABEL('parametric'),$);
#4990=IFCPROPERTYSET('2aqLB4xRP9AfwYk3Svr1ay',$,'MF_Quantities',$,(#4991,#4992,#4993,#4994,#4995));
#4991=IFCPROPERTYSINGLEVALUE('NominalWidth',$,IFCREAL(0.127),$);
#4992=IFCPROPERTYSINGLEVALUE('NominalDepth',$,IFCREAL(0.127),$);
#4993=IFCPROPERTYSINGLEVALUE('NominalHeight',$,IFCREAL(3.048),$);
#4994=IFCPROPERTYSINGLEVALUE('NominalFootprintArea',$,IFCREAL(0.016129000000000001),$);
#4995=IFCPROPERTYSINGLEVALUE('NominalVolume',$,IFCREAL(0.049161000000000003),$);
#4996=IFCMEMBERTYPE('293iAiskbEshAYxYjuOeRu',$,'Angle - L5X5X1/2',$,$,(#5013,#5017,#5028),(#5012),$,$,.NOTDEFINED.);
#4997=IFCCARTESIANPOINT((0.,0.));
#4998=IFCDIRECTION((1.,0.));
#4999=IFCAXIS2PLACEMENT2D(#4997,#4998);
#5000=IFCLSHAPEPROFILEDEF(.AREA.,'L5X5X1/2',#4999,0.127,0.127,0.012699999999999999,0.,$,$);
#5001=IFCCARTESIANPOINT((0.,0.,0.));
#5002=IFCDIRECTION((0.,0.,1.));
#5003=IFCDIRECTION((1.,0.,0.));
#5004=IFCAXIS2PLACEMENT3D(#5001,#5002,#5003);
#5005=IFCDIRECTION((0.,0.,1.));
#5006=IFCEXTRUDEDAREASOLID(#5000,#5004,#5005,3.048);
#5007=IFCSHAPEREPRESENTATION(#11,'Body','SweptSolid',(#5006));
#5008=IFCCARTESIANPOINT((0.,0.,0.));
#5009=IFCDIRECTION((1.,0.,0.));
#5010=IFCDIRECTION((0.,0.,1.));
#5011=IFCAXIS2PLACEMENT3D(#5008,#5010,#5009);
#5012=IFCREPRESENTATIONMAP(#5011,#5007);
#5013=IFCPROPERTYSET('1p9AhFbbrF9eiFuwsZ8lY2',$,'MF_Structural',$,(#5014,#5015,#5016));
#5014=IFCPROPERTYSINGLEVALUE('Section',$,IFCLABEL('L5X5X1/2'),$);
#5015=IFCPROPERTYSINGLEVALUE('SectionFamily',$,IFCLABEL('L'),$);
#5016=IFCPROPERTYSINGLEVALUE('SectionSource',$,IFCLABEL('AISC Shapes Database v15.0 (US)'),$);
#5017=IFCPROPERTYSET('1LwZpDvOD1yBWjMLfxFFIE',$,'MF_Library',$,(#5018,#5019,#5020,#5021,#5022,#5023,#5024,#5025,#5026,#5027));
#5018=IFCPROPERTYSINGLEVALUE('Key',$,IFCLABEL('steel_angle'),$);
#5019=IFCPROPERTYSINGLEVALUE('Family',$,IFCLABEL('Angle'),$);
#5020=IFCPROPERTYSINGLEVALUE('TypeName',$,IFCLABEL('L5X5X1/2'),$);
#5021=IFCPROPERTYSINGLEVALUE('Version',$,IFCLABEL('0.1.0'),$);
#5022=IFCPROPERTYSINGLEVALUE('License',$,IFCLABEL('CC0-1.0'),$);
#5023=IFCPROPERTYSINGLEVALUE('Source',$,IFCLABEL('massing-families'),$);
#5024=IFCPROPERTYSINGLEVALUE('Tier',$,IFCLABEL('L300'),$);
#5025=IFCPROPERTYSINGLEVALUE('Builder',$,IFCLABEL('profile'),$);
#5026=IFCPROPERTYSINGLEVALUE('Discipline',$,IFCLABEL('structural'),$);
#5027=IFCPROPERTYSINGLEVALUE('GeometryStatus',$,IFCLABEL('parametric'),$);
#5028=IFCPROPERTYSET('0oZFLAIYH1M8cEt4dWgNNO',$,'MF_Quantities',$,(#5029,#5030,#5031,#5032,#5033));
#5029=IFCPROPERTYSINGLEVALUE('NominalWidth',$,IFCREAL(0.127),$);
#5030=IFCPROPERTYSINGLEVALUE('NominalDepth',$,IFCREAL(0.127),$);
#5031=IFCPROPERTYSINGLEVALUE('NominalHeight',$,IFCREAL(3.048),$);
#5032=IFCPROPERTYSINGLEVALUE('NominalFootprintArea',$,IFCREAL(0.016129000000000001),$);
#5033=IFCPROPERTYSINGLEVALUE('NominalVolume',$,IFCREAL(0.049161000000000003),$);
#5034=IFCMEMBERTYPE('0PvmjbLJTBL96RjlxKaVRr',$,'Angle - L5X5X7/16',$,$,(#5051,#5055,#5066),(#5050),$,$,.NOTDEFINED.);
#5035=IFCCARTESIANPOINT((0.,0.));
#5036=IFCDIRECTION((1.,0.));
#5037=IFCAXIS2PLACEMENT2D(#5035,#5036);
#5038=IFCLSHAPEPROFILEDEF(.AREA.,'L5X5X7/16',#5037,0.127,0.127,0.0111252,0.,$,$);
#5039=IFCCARTESIANPOINT((0.,0.,0.));
#5040=IFCDIRECTION((0.,0.,1.));
#5041=IFCDIRECTION((1.,0.,0.));
#5042=IFCAXIS2PLACEMENT3D(#5039,#5040,#5041);
#5043=IFCDIRECTION((0.,0.,1.));
#5044=IFCEXTRUDEDAREASOLID(#5038,#5042,#5043,3.048);
#5045=IFCSHAPEREPRESENTATION(#11,'Body','SweptSolid',(#5044));
#5046=IFCCARTESIANPOINT((0.,0.,0.));
#5047=IFCDIRECTION((1.,0.,0.));
#5048=IFCDIRECTION((0.,0.,1.));
#5049=IFCAXIS2PLACEMENT3D(#5046,#5048,#5047);
#5050=IFCREPRESENTATIONMAP(#5049,#5045);
#5051=IFCPROPERTYSET('3J_gcSI4j8vPS8r5QKE7l5',$,'MF_Structural',$,(#5052,#5053,#5054));
#5052=IFCPROPERTYSINGLEVALUE('Section',$,IFCLABEL('L5X5X7/16'),$);
#5053=IFCPROPERTYSINGLEVALUE('SectionFamily',$,IFCLABEL('L'),$);
#5054=IFCPROPERTYSINGLEVALUE('SectionSource',$,IFCLABEL('AISC Shapes Database v15.0 (US)'),$);
#5055=IFCPROPERTYSET('2GewmaiZX5Eu4htPvwOYZ_',$,'MF_Library',$,(#5056,#5057,#5058,#5059,#5060,#5061,#5062,#5063,#5064,#5065));
#5056=IFCPROPERTYSINGLEVALUE('Key',$,IFCLABEL('steel_angle'),$);
#5057=IFCPROPERTYSINGLEVALUE('Family',$,IFCLABEL('Angle'),$);
#5058=IFCPROPERTYSINGLEVALUE('TypeName',$,IFCLABEL('L5X5X7/16'),$);
#5059=IFCPROPERTYSINGLEVALUE('Version',$,IFCLABEL('0.1.0'),$);
#5060=IFCPROPERTYSINGLEVALUE('License',$,IFCLABEL('CC0-1.0'),$);
#5061=IFCPROPERTYSINGLEVALUE('Source',$,IFCLABEL('massing-families'),$);
#5062=IFCPROPERTYSINGLEVALUE('Tier',$,IFCLABEL('L300'),$);
#5063=IFCPROPERTYSINGLEVALUE('Builder',$,IFCLABEL('profile'),$);
#5064=IFCPROPERTYSINGLEVALUE('Discipline',$,IFCLABEL('structural'),$);
#5065=IFCPROPERTYSINGLEVALUE('GeometryStatus',$,IFCLABEL('parametric'),$);
#5066=IFCPROPERTYSET('2kkxdKd2H5QgaZVtYCVJ6T',$,'MF_Quantities',$,(#5067,#5068,#5069,#5070,#5071));
#5067=IFCPROPERTYSINGLEVALUE('NominalWidth',$,IFCREAL(0.127),$);
#5068=IFCPROPERTYSINGLEVALUE('NominalDepth',$,IFCREAL(0.127),$);
#5069=IFCPROPERTYSINGLEVALUE('NominalHeight',$,IFCREAL(3.048),$);
#5070=IFCPROPERTYSINGLEVALUE('NominalFootprintArea',$,IFCREAL(0.016129000000000001),$);
#5071=IFCPROPERTYSINGLEVALUE('NominalVolume',$,IFCREAL(0.049161000000000003),$);
#5072=IFCMEMBERTYPE('2Oc8uL4vH79f_j7HlqGkYb',$,'Angle - L5X5X3/8',$,$,(#5089,#5093,#5104),(#5088),$,$,.NOTDEFINED.);
#5073=IFCCARTESIANPOINT((0.,0.));
#5074=IFCDIRECTION((1.,0.));
#5075=IFCAXIS2PLACEMENT2D(#5073,#5074);
#5076=IFCLSHAPEPROFILEDEF(.AREA.,'L5X5X3/8',#5075,0.127,0.127,0.0095250000000000005,0.,$,$);
#5077=IFCCARTESIANPOINT((0.,0.,0.));
#5078=IFCDIRECTION((0.,0.,1.));
#5079=IFCDIRECTION((1.,0.,0.));
#5080=IFCAXIS2PLACEMENT3D(#5077,#5078,#5079);
#5081=IFCDIRECTION((0.,0.,1.));
#5082=IFCEXTRUDEDAREASOLID(#5076,#5080,#5081,3.048);
#5083=IFCSHAPEREPRESENTATION(#11,'Body','SweptSolid',(#5082));
#5084=IFCCARTESIANPOINT((0.,0.,0.));
#5085=IFCDIRECTION((1.,0.,0.));
#5086=IFCDIRECTION((0.,0.,1.));
#5087=IFCAXIS2PLACEMENT3D(#5084,#5086,#5085);
#5088=IFCREPRESENTATIONMAP(#5087,#5083);
#5089=IFCPROPERTYSET('3fwnRfzqD8JQl5$piplHlk',$,'MF_Structural',$,(#5090,#5091,#5092));
#5090=IFCPROPERTYSINGLEVALUE('Section',$,IFCLABEL('L5X5X3/8'),$);
#5091=IFCPROPERTYSINGLEVALUE('SectionFamily',$,IFCLABEL('L'),$);
#5092=IFCPROPERTYSINGLEVALUE('SectionSource',$,IFCLABEL('AISC Shapes Database v15.0 (US)'),$);
#5093=IFCPROPERTYSET('2qdn9myFPCofzN62RI$gom',$,'MF_Library',$,(#5094,#5095,#5096,#5097,#5098,#5099,#5100,#5101,#5102,#5103));
#5094=IFCPROPERTYSINGLEVALUE('Key',$,IFCLABEL('steel_angle'),$);
#5095=IFCPROPERTYSINGLEVALUE('Family',$,IFCLABEL('Angle'),$);
#5096=IFCPROPERTYSINGLEVALUE('TypeName',$,IFCLABEL('L5X5X3/8'),$);
#5097=IFCPROPERTYSINGLEVALUE('Version',$,IFCLABEL('0.1.0'),$);
#5098=IFCPROPERTYSINGLEVALUE('License',$,IFCLABEL('CC0-1.0'),$);
#5099=IFCPROPERTYSINGLEVALUE('Source',$,IFCLABEL('massing-families'),$);
#5100=IFCPROPERTYSINGLEVALUE('Tier',$,IFCLABEL('L300'),$);
#5101=IFCPROPERTYSINGLEVALUE('Builder',$,IFCLABEL('profile'),$);
#5102=IFCPROPERTYSINGLEVALUE('Discipline',$,IFCLABEL('structural'),$);
#5103=IFCPROPERTYSINGLEVALUE('GeometryStatus',$,IFCLABEL('parametric'),$);
#5104=IFCPROPERTYSET('1xF0Ko_0b3jeqsiiap5jvT',$,'MF_Quantities',$,(#5105,#5106,#5107,#5108,#5109));
#5105=IFCPROPERTYSINGLEVALUE('NominalWidth',$,IFCREAL(0.127),$);
#5106=IFCPROPERTYSINGLEVALUE('NominalDepth',$,IFCREAL(0.127),$);
#5107=IFCPROPERTYSINGLEVALUE('NominalHeight',$,IFCREAL(3.048),$);
#5108=IFCPROPERTYSINGLEVALUE('NominalFootprintArea',$,IFCREAL(0.016129000000000001),$);
#5109=IFCPROPERTYSINGLEVALUE('NominalVolume',$,IFCREAL(0.049161000000000003),$);
#5110=IFCMEMBERTYPE('0JHRk3Fuj2OfMAscQ6EgXI',$,'Angle - L5X5X5/16',$,$,(#5127,#5131,#5142),(#5126),$,$,.NOTDEFINED.);
#5111=IFCCARTESIANPOINT((0.,0.));
#5112=IFCDIRECTION((1.,0.));
#5113=IFCAXIS2PLACEMENT2D(#5111,#5112);
#5114=IFCLSHAPEPROFILEDEF(.AREA.,'L5X5X5/16',#5113,0.127,0.127,0.0079501999999999993,0.,$,$);
#5115=IFCCARTESIANPOINT((0.,0.,0.));
#5116=IFCDIRECTION((0.,0.,1.));
#5117=IFCDIRECTION((1.,0.,0.));
#5118=IFCAXIS2PLACEMENT3D(#5115,#5116,#5117);
#5119=IFCDIRECTION((0.,0.,1.));
#5120=IFCEXTRUDEDAREASOLID(#5114,#5118,#5119,3.048);
#5121=IFCSHAPEREPRESENTATION(#11,'Body','SweptSolid',(#5120));
#5122=IFCCARTESIANPOINT((0.,0.,0.));
#5123=IFCDIRECTION((1.,0.,0.));
#5124=IFCDIRECTION((0.,0.,1.));
#5125=IFCAXIS2PLACEMENT3D(#5122,#5124,#5123);
#5126=IFCREPRESENTATIONMAP(#5125,#5121);
#5127=IFCPROPERTYSET('24$GPi_y54v9Ckt1_uDeTk',$,'MF_Structural',$,(#5128,#5129,#5130));
#5128=IFCPROPERTYSINGLEVALUE('Section',$,IFCLABEL('L5X5X5/16'),$);
#5129=IFCPROPERTYSINGLEVALUE('SectionFamily',$,IFCLABEL('L'),$);
#5130=IFCPROPERTYSINGLEVALUE('SectionSource',$,IFCLABEL('AISC Shapes Database v15.0 (US)'),$);
#5131=IFCPROPERTYSET('1nUJ9yAIX8GOq2KDAi$63Y',$,'MF_Library',$,(#5132,#5133,#5134,#5135,#5136,#5137,#5138,#5139,#5140,#5141));
#5132=IFCPROPERTYSINGLEVALUE('Key',$,IFCLABEL('steel_angle'),$);
#5133=IFCPROPERTYSINGLEVALUE('Family',$,IFCLABEL('Angle'),$);
#5134=IFCPROPERTYSINGLEVALUE('TypeName',$,IFCLABEL('L5X5X5/16'),$);
#5135=IFCPROPERTYSINGLEVALUE('Version',$,IFCLABEL('0.1.0'),$);
#5136=IFCPROPERTYSINGLEVALUE('License',$,IFCLABEL('CC0-1.0'),$);
#5137=IFCPROPERTYSINGLEVALUE('Source',$,IFCLABEL('massing-families'),$);
#5138=IFCPROPERTYSINGLEVALUE('Tier',$,IFCLABEL('L300'),$);
#5139=IFCPROPERTYSINGLEVALUE('Builder',$,IFCLABEL('profile'),$);
#5140=IFCPROPERTYSINGLEVALUE('Discipline',$,IFCLABEL('structural'),$);
#5141=IFCPROPERTYSINGLEVALUE('GeometryStatus',$,IFCLABEL('parametric'),$);
#5142=IFCPROPERTYSET('2IOBQr7e9DKvC2OVGooKPG',$,'MF_Quantities',$,(#5143,#5144,#5145,#5146,#5147));
#5143=IFCPROPERTYSINGLEVALUE('NominalWidth',$,IFCREAL(0.127),$);
#5144=IFCPROPERTYSINGLEVALUE('NominalDepth',$,IFCREAL(0.127),$);
#5145=IFCPROPERTYSINGLEVALUE('NominalHeight',$,IFCREAL(3.048),$);
#5146=IFCPROPERTYSINGLEVALUE('NominalFootprintArea',$,IFCREAL(0.016129000000000001),$);
#5147=IFCPROPERTYSINGLEVALUE('NominalVolume',$,IFCREAL(0.049161000000000003),$);
#5148=IFCMEMBERTYPE('0IEhue22rChx1gem2JlM5L',$,'Angle - L5X3-1/2X3/4',$,$,(#5165,#5169,#5180),(#5164),$,$,.NOTDEFINED.);
#5149=IFCCARTESIANPOINT((0.,0.));
#5150=IFCDIRECTION((1.,0.));
#5151=IFCAXIS2PLACEMENT2D(#5149,#5150);
#5152=IFCLSHAPEPROFILEDEF(.AREA.,'L5X3-1/2X3/4',#5151,0.088900000000000007,0.127,0.019050000000000001,0.,$,$);
#5153=IFCCARTESIANPOINT((0.,0.,0.));
#5154=IFCDIRECTION((0.,0.,1.));
#5155=IFCDIRECTION((1.,0.,0.));
#5156=IFCAXIS2PLACEMENT3D(#5153,#5154,#5155);
#5157=IFCDIRECTION((0.,0.,1.));
#5158=IFCEXTRUDEDAREASOLID(#5152,#5156,#5157,3.048);
#5159=IFCSHAPEREPRESENTATION(#11,'Body','SweptSolid',(#5158));
#5160=IFCCARTESIANPOINT((0.,0.,0.));
#5161=IFCDIRECTION((1.,0.,0.));
#5162=IFCDIRECTION((0.,0.,1.));
#5163=IFCAXIS2PLACEMENT3D(#5160,#5162,#5161);
#5164=IFCREPRESENTATIONMAP(#5163,#5159);
#5165=IFCPROPERTYSET('2fvQnqvlXBjhus4T6H$UTS',$,'MF_Structural',$,(#5166,#5167,#5168));
#5166=IFCPROPERTYSINGLEVALUE('Section',$,IFCLABEL('L5X3-1/2X3/4'),$);
#5167=IFCPROPERTYSINGLEVALUE('SectionFamily',$,IFCLABEL('L'),$);
#5168=IFCPROPERTYSINGLEVALUE('SectionSource',$,IFCLABEL('AISC Shapes Database v15.0 (US)'),$);
#5169=IFCPROPERTYSET('1cBLrTyC5EJA6IuvTD_BzZ',$,'MF_Library',$,(#5170,#5171,#5172,#5173,#5174,#5175,#5176,#5177,#5178,#5179));
#5170=IFCPROPERTYSINGLEVALUE('Key',$,IFCLABEL('steel_angle'),$);
#5171=IFCPROPERTYSINGLEVALUE('Family',$,IFCLABEL('Angle'),$);
#5172=IFCPROPERTYSINGLEVALUE('TypeName',$,IFCLABEL('L5X3-1/2X3/4'),$);
#5173=IFCPROPERTYSINGLEVALUE('Version',$,IFCLABEL('0.1.0'),$);
#5174=IFCPROPERTYSINGLEVALUE('License',$,IFCLABEL('CC0-1.0'),$);
#5175=IFCPROPERTYSINGLEVALUE('Source',$,IFCLABEL('massing-families'),$);
#5176=IFCPROPERTYSINGLEVALUE('Tier',$,IFCLABEL('L300'),$);
#5177=IFCPROPERTYSINGLEVALUE('Builder',$,IFCLABEL('profile'),$);
#5178=IFCPROPERTYSINGLEVALUE('Discipline',$,IFCLABEL('structural'),$);
#5179=IFCPROPERTYSINGLEVALUE('GeometryStatus',$,IFCLABEL('parametric'),$);
#5180=IFCPROPERTYSET('3y5i04gZn9yg9PAcdFZ0rV',$,'MF_Quantities',$,(#5181,#5182,#5183,#5184,#5185));
#5181=IFCPROPERTYSINGLEVALUE('NominalWidth',$,IFCREAL(0.127),$);
#5182=IFCPROPERTYSINGLEVALUE('NominalDepth',$,IFCREAL(0.088900000000000007),$);
#5183=IFCPROPERTYSINGLEVALUE('NominalHeight',$,IFCREAL(3.048),$);
#5184=IFCPROPERTYSINGLEVALUE('NominalFootprintArea',$,IFCREAL(0.01129),$);
#5185=IFCPROPERTYSINGLEVALUE('NominalVolume',$,IFCREAL(0.034412999999999999),$);
#5186=IFCMEMBERTYPE('1$gQV_NgX5Ex2b7FirlB$N',$,'Angle - L5X3-1/2X5/8',$,$,(#5203,#5207,#5218),(#5202),$,$,.NOTDEFINED.);
#5187=IFCCARTESIANPOINT((0.,0.));
#5188=IFCDIRECTION((1.,0.));
#5189=IFCAXIS2PLACEMENT2D(#5187,#5188);
#5190=IFCLSHAPEPROFILEDEF(.AREA.,'L5X3-1/2X5/8',#5189,0.088900000000000007,0.127,0.015875,0.,$,$);
#5191=IFCCARTESIANPOINT((0.,0.,0.));
#5192=IFCDIRECTION((0.,0.,1.));
#5193=IFCDIRECTION((1.,0.,0.));
#5194=IFCAXIS2PLACEMENT3D(#5191,#5192,#5193);
#5195=IFCDIRECTION((0.,0.,1.));
#5196=IFCEXTRUDEDAREASOLID(#5190,#5194,#5195,3.048);
#5197=IFCSHAPEREPRESENTATION(#11,'Body','SweptSolid',(#5196));
#5198=IFCCARTESIANPOINT((0.,0.,0.));
#5199=IFCDIRECTION((1.,0.,0.));
#5200=IFCDIRECTION((0.,0.,1.));
#5201=IFCAXIS2PLACEMENT3D(#5198,#5200,#5199);
#5202=IFCREPRESENTATIONMAP(#5201,#5197);
#5203=IFCPROPERTYSET('3seFLQ6lD1cu8VmOjLDbVz',$,'MF_Structural',$,(#5204,#5205,#5206));
#5204=IFCPROPERTYSINGLEVALUE('Section',$,IFCLABEL('L5X3-1/2X5/8'),$);
#5205=IFCPROPERTYSINGLEVALUE('SectionFamily',$,IFCLABEL('L'),$);
#5206=IFCPROPERTYSINGLEVALUE('SectionSource',$,IFCLABEL('AISC Shapes Database v15.0 (US)'),$);
#5207=IFCPROPERTYSET('1UZruAOg1FeO8CKKzNbQAA',$,'MF_Library',$,(#5208,#5209,#5210,#5211,#5212,#5213,#5214,#5215,#5216,#5217));
#5208=IFCPROPERTYSINGLEVALUE('Key',$,IFCLABEL('steel_angle'),$);
#5209=IFCPROPERTYSINGLEVALUE('Family',$,IFCLABEL('Angle'),$);
#5210=IFCPROPERTYSINGLEVALUE('TypeName',$,IFCLABEL('L5X3-1/2X5/8'),$);
#5211=IFCPROPERTYSINGLEVALUE('Version',$,IFCLABEL('0.1.0'),$);
#5212=IFCPROPERTYSINGLEVALUE('License',$,IFCLABEL('CC0-1.0'),$);
#5213=IFCPROPERTYSINGLEVALUE('Source',$,IFCLABEL('massing-families'),$);
#5214=IFCPROPERTYSINGLEVALUE('Tier',$,IFCLABEL('L300'),$);
#5215=IFCPROPERTYSINGLEVALUE('Builder',$,IFCLABEL('profile'),$);
#5216=IFCPROPERTYSINGLEVALUE('Discipline',$,IFCLABEL('structural'),$);
#5217=IFCPROPERTYSINGLEVALUE('GeometryStatus',$,IFCLABEL('parametric'),$);
#5218=IFCPROPERTYSET('1Xl3wqNbrB8eL5_C4XsM6N',$,'MF_Quantities',$,(#5219,#5220,#5221,#5222,#5223));
#5219=IFCPROPERTYSINGLEVALUE('NominalWidth',$,IFCREAL(0.127),$);
#5220=IFCPROPERTYSINGLEVALUE('NominalDepth',$,IFCREAL(0.088900000000000007),$);
#5221=IFCPROPERTYSINGLEVALUE('NominalHeight',$,IFCREAL(3.048),$);
#5222=IFCPROPERTYSINGLEVALUE('NominalFootprintArea',$,IFCREAL(0.01129),$);
#5223=IFCPROPERTYSINGLEVALUE('NominalVolume',$,IFCREAL(0.034412999999999999),$);
#5224=IFCMEMBERTYPE('3C4Z0zMav9gQzCnyRYq4X_',$,'Angle - L5X3-1/2X1/2',$,$,(#5241,#5245,#5256),(#5240),$,$,.NOTDEFINED.);
#5225=IFCCARTESIANPOINT((0.,0.));
#5226=IFCDIRECTION((1.,0.));
#5227=IFCAXIS2PLACEMENT2D(#5225,#5226);
#5228=IFCLSHAPEPROFILEDEF(.AREA.,'L5X3-1/2X1/2',#5227,0.088900000000000007,0.127,0.012699999999999999,0.,$,$);
#5229=IFCCARTESIANPOINT((0.,0.,0.));
#5230=IFCDIRECTION((0.,0.,1.));
#5231=IFCDIRECTION((1.,0.,0.));
#5232=IFCAXIS2PLACEMENT3D(#5229,#5230,#5231);
#5233=IFCDIRECTION((0.,0.,1.));
#5234=IFCEXTRUDEDAREASOLID(#5228,#5232,#5233,3.048);
#5235=IFCSHAPEREPRESENTATION(#11,'Body','SweptSolid',(#5234));
#5236=IFCCARTESIANPOINT((0.,0.,0.));
#5237=IFCDIRECTION((1.,0.,0.));
#5238=IFCDIRECTION((0.,0.,1.));
#5239=IFCAXIS2PLACEMENT3D(#5236,#5238,#5237);
#5240=IFCREPRESENTATIONMAP(#5239,#5235);
#5241=IFCPROPERTYSET('1tE928YzT6twJcRsdeSEwP',$,'MF_Structural',$,(#5242,#5243,#5244));
#5242=IFCPROPERTYSINGLEVALUE('Section',$,IFCLABEL('L5X3-1/2X1/2'),$);
#5243=IFCPROPERTYSINGLEVALUE('SectionFamily',$,IFCLABEL('L'),$);
#5244=IFCPROPERTYSINGLEVALUE('SectionSource',$,IFCLABEL('AISC Shapes Database v15.0 (US)'),$);
#5245=IFCPROPERTYSET('1CD8_4Oqb2Ph_Iit5fiew1',$,'MF_Library',$,(#5246,#5247,#5248,#5249,#5250,#5251,#5252,#5253,#5254,#5255));
#5246=IFCPROPERTYSINGLEVALUE('Key',$,IFCLABEL('steel_angle'),$);
#5247=IFCPROPERTYSINGLEVALUE('Family',$,IFCLABEL('Angle'),$);
#5248=IFCPROPERTYSINGLEVALUE('TypeName',$,IFCLABEL('L5X3-1/2X1/2'),$);
#5249=IFCPROPERTYSINGLEVALUE('Version',$,IFCLABEL('0.1.0'),$);
#5250=IFCPROPERTYSINGLEVALUE('License',$,IFCLABEL('CC0-1.0'),$);
#5251=IFCPROPERTYSINGLEVALUE('Source',$,IFCLABEL('massing-families'),$);
#5252=IFCPROPERTYSINGLEVALUE('Tier',$,IFCLABEL('L300'),$);
#5253=IFCPROPERTYSINGLEVALUE('Builder',$,IFCLABEL('profile'),$);
#5254=IFCPROPERTYSINGLEVALUE('Discipline',$,IFCLABEL('structural'),$);
#5255=IFCPROPERTYSINGLEVALUE('GeometryStatus',$,IFCLABEL('parametric'),$);
#5256=IFCPROPERTYSET('0QVbeNnPLCt9E4p70RA5c_',$,'MF_Quantities',$,(#5257,#5258,#5259,#5260,#5261));
#5257=IFCPROPERTYSINGLEVALUE('NominalWidth',$,IFCREAL(0.127),$);
#5258=IFCPROPERTYSINGLEVALUE('NominalDepth',$,IFCREAL(0.088900000000000007),$);
#5259=IFCPROPERTYSINGLEVALUE('NominalHeight',$,IFCREAL(3.048),$);
#5260=IFCPROPERTYSINGLEVALUE('NominalFootprintArea',$,IFCREAL(0.01129),$);
#5261=IFCPROPERTYSINGLEVALUE('NominalVolume',$,IFCREAL(0.034412999999999999),$);
#5262=IFCMEMBERTYPE('0wYLWf0JLB9uuLq0FQlqx7',$,'Angle - L5X3-1/2X3/8',$,$,(#5279,#5283,#5294),(#5278),$,$,.NOTDEFINED.);
#5263=IFCCARTESIANPOINT((0.,0.));
#5264=IFCDIRECTION((1.,0.));
#5265=IFCAXIS2PLACEMENT2D(#5263,#5264);
#5266=IFCLSHAPEPROFILEDEF(.AREA.,'L5X3-1/2X3/8',#5265,0.088900000000000007,0.127,0.0095250000000000005,0.,$,$);
#5267=IFCCARTESIANPOINT((0.,0.,0.));
#5268=IFCDIRECTION((0.,0.,1.));
#5269=IFCDIRECTION((1.,0.,0.));
#5270=IFCAXIS2PLACEMENT3D(#5267,#5268,#5269);
#5271=IFCDIRECTION((0.,0.,1.));
#5272=IFCEXTRUDEDAREASOLID(#5266,#5270,#5271,3.048);
#5273=IFCSHAPEREPRESENTATION(#11,'Body','SweptSolid',(#5272));
#5274=IFCCARTESIANPOINT((0.,0.,0.));
#5275=IFCDIRECTION((1.,0.,0.));
#5276=IFCDIRECTION((0.,0.,1.));
#5277=IFCAXIS2PLACEMENT3D(#5274,#5276,#5275);
#5278=IFCREPRESENTATIONMAP(#5277,#5273);
#5279=IFCPROPERTYSET('0$rEw829HC4RhaZFAicQTM',$,'MF_Structural',$,(#5280,#5281,#5282));
#5280=IFCPROPERTYSINGLEVALUE('Section',$,IFCLABEL('L5X3-1/2X3/8'),$);
#5281=IFCPROPERTYSINGLEVALUE('SectionFamily',$,IFCLABEL('L'),$);
#5282=IFCPROPERTYSINGLEVALUE('SectionSource',$,IFCLABEL('AISC Shapes Database v15.0 (US)'),$);
#5283=IFCPROPERTYSET('3y6ciQ1tDF8v7Sfg7D0Pma',$,'MF_Library',$,(#5284,#5285,#5286,#5287,#5288,#5289,#5290,#5291,#5292,#5293));
#5284=IFCPROPERTYSINGLEVALUE('Key',$,IFCLABEL('steel_angle'),$);
#5285=IFCPROPERTYSINGLEVALUE('Family',$,IFCLABEL('Angle'),$);
#5286=IFCPROPERTYSINGLEVALUE('TypeName',$,IFCLABEL('L5X3-1/2X3/8'),$);
#5287=IFCPROPERTYSINGLEVALUE('Version',$,IFCLABEL('0.1.0'),$);
#5288=IFCPROPERTYSINGLEVALUE('License',$,IFCLABEL('CC0-1.0'),$);
#5289=IFCPROPERTYSINGLEVALUE('Source',$,IFCLABEL('massing-families'),$);
#5290=IFCPROPERTYSINGLEVALUE('Tier',$,IFCLABEL('L300'),$);
#5291=IFCPROPERTYSINGLEVALUE('Builder',$,IFCLABEL('profile'),$);
#5292=IFCPROPERTYSINGLEVALUE('Discipline',$,IFCLABEL('structural'),$);
#5293=IFCPROPERTYSINGLEVALUE('GeometryStatus',$,IFCLABEL('parametric'),$);
#5294=IFCPROPERTYSET('1Csh$bnxD2QAAo2dKZr8Ta',$,'MF_Quantities',$,(#5295,#5296,#5297,#5298,#5299));
#5295=IFCPROPERTYSINGLEVALUE('NominalWidth',$,IFCREAL(0.127),$);
#5296=IFCPROPERTYSINGLEVALUE('NominalDepth',$,IFCREAL(0.088900000000000007),$);
#5297=IFCPROPERTYSINGLEVALUE('NominalHeight',$,IFCREAL(3.048),$);
#5298=IFCPROPERTYSINGLEVALUE('NominalFootprintArea',$,IFCREAL(0.01129),$);
#5299=IFCPROPERTYSINGLEVALUE('NominalVolume',$,IFCREAL(0.034412999999999999),$);
#5300=IFCMEMBERTYPE('1JO5q7gY966hj9AhJxx7hX',$,'Angle - L5X3-1/2X5/16',$,$,(#5317,#5321,#5332),(#5316),$,$,.NOTDEFINED.);
#5301=IFCCARTESIANPOINT((0.,0.));
#5302=IFCDIRECTION((1.,0.));
#5303=IFCAXIS2PLACEMENT2D(#5301,#5302);
#5304=IFCLSHAPEPROFILEDEF(.AREA.,'L5X3-1/2X5/16',#5303,0.088900000000000007,0.127,0.0079501999999999993,0.,$,$);
#5305=IFCCARTESIANPOINT((0.,0.,0.));
#5306=IFCDIRECTION((0.,0.,1.));
#5307=IFCDIRECTION((1.,0.,0.));
#5308=IFCAXIS2PLACEMENT3D(#5305,#5306,#5307);
#5309=IFCDIRECTION((0.,0.,1.));
#5310=IFCEXTRUDEDAREASOLID(#5304,#5308,#5309,3.048);
#5311=IFCSHAPEREPRESENTATION(#11,'Body','SweptSolid',(#5310));
#5312=IFCCARTESIANPOINT((0.,0.,0.));
#5313=IFCDIRECTION((1.,0.,0.));
#5314=IFCDIRECTION((0.,0.,1.));
#5315=IFCAXIS2PLACEMENT3D(#5312,#5314,#5313);
#5316=IFCREPRESENTATIONMAP(#5315,#5311);
#5317=IFCPROPERTYSET('0K29uhyzLCQgDchPAtt7FZ',$,'MF_Structural',$,(#5318,#5319,#5320));
#5318=IFCPROPERTYSINGLEVALUE('Section',$,IFCLABEL('L5X3-1/2X5/16'),$);
#5319=IFCPROPERTYSINGLEVALUE('SectionFamily',$,IFCLABEL('L'),$);
#5320=IFCPROPERTYSINGLEVALUE('SectionSource',$,IFCLABEL('AISC Shapes Database v15.0 (US)'),$);
#5321=IFCPROPERTYSET('0ByVKkEv54Gv8eG8JCveKa',$,'MF_Library',$,(#5322,#5323,#5324,#5325,#5326,#5327,#5328,#5329,#5330,#5331));
#5322=IFCPROPERTYSINGLEVALUE('Key',$,IFCLABEL('steel_angle'),$);
#5323=IFCPROPERTYSINGLEVALUE('Family',$,IFCLABEL('Angle'),$);
#5324=IFCPROPERTYSINGLEVALUE('TypeName',$,IFCLABEL('L5X3-1/2X5/16'),$);
#5325=IFCPROPERTYSINGLEVALUE('Version',$,IFCLABEL('0.1.0'),$);
#5326=IFCPROPERTYSINGLEVALUE('License',$,IFCLABEL('CC0-1.0'),$);
#5327=IFCPROPERTYSINGLEVALUE('Source',$,IFCLABEL('massing-families'),$);
#5328=IFCPROPERTYSINGLEVALUE('Tier',$,IFCLABEL('L300'),$);
#5329=IFCPROPERTYSINGLEVALUE('Builder',$,IFCLABEL('profile'),$);
#5330=IFCPROPERTYSINGLEVALUE('Discipline',$,IFCLABEL('structural'),$);
#5331=IFCPROPERTYSINGLEVALUE('GeometryStatus',$,IFCLABEL('parametric'),$);
#5332=IFCPROPERTYSET('04$HUlNJfAIRmQrKa$_RwP',$,'MF_Quantities',$,(#5333,#5334,#5335,#5336,#5337));
#5333=IFCPROPERTYSINGLEVALUE('NominalWidth',$,IFCREAL(0.127),$);
#5334=IFCPROPERTYSINGLEVALUE('NominalDepth',$,IFCREAL(0.088900000000000007),$);
#5335=IFCPROPERTYSINGLEVALUE('NominalHeight',$,IFCREAL(3.048),$);
#5336=IFCPROPERTYSINGLEVALUE('NominalFootprintArea',$,IFCREAL(0.01129),$);
#5337=IFCPROPERTYSINGLEVALUE('NominalVolume',$,IFCREAL(0.034412999999999999),$);
#5338=IFCMEMBERTYPE('3kp_LVeer4Wv3U87qK9_pn',$,'Angle - L5X3-1/2X1/4',$,$,(#5355,#5359,#5370),(#5354),$,$,.NOTDEFINED.);
#5339=IFCCARTESIANPOINT((0.,0.));
#5340=IFCDIRECTION((1.,0.));
#5341=IFCAXIS2PLACEMENT2D(#5339,#5340);
#5342=IFCLSHAPEPROFILEDEF(.AREA.,'L5X3-1/2X1/4',#5341,0.088900000000000007,0.127,0.0063499999999999997,0.,$,$);
#5343=IFCCARTESIANPOINT((0.,0.,0.));
#5344=IFCDIRECTION((0.,0.,1.));
#5345=IFCDIRECTION((1.,0.,0.));
#5346=IFCAXIS2PLACEMENT3D(#5343,#5344,#5345);
#5347=IFCDIRECTION((0.,0.,1.));
#5348=IFCEXTRUDEDAREASOLID(#5342,#5346,#5347,3.048);
#5349=IFCSHAPEREPRESENTATION(#11,'Body','SweptSolid',(#5348));
#5350=IFCCARTESIANPOINT((0.,0.,0.));
#5351=IFCDIRECTION((1.,0.,0.));
#5352=IFCDIRECTION((0.,0.,1.));
#5353=IFCAXIS2PLACEMENT3D(#5350,#5352,#5351);
#5354=IFCREPRESENTATIONMAP(#5353,#5349);
#5355=IFCPROPERTYSET('0L26ez4$nFIODFZiQM3SLE',$,'MF_Structural',$,(#5356,#5357,#5358));
#5356=IFCPROPERTYSINGLEVALUE('Section',$,IFCLABEL('L5X3-1/2X1/4'),$);
#5357=IFCPROPERTYSINGLEVALUE('SectionFamily',$,IFCLABEL('L'),$);
#5358=IFCPROPERTYSINGLEVALUE('SectionSource',$,IFCLABEL('AISC Shapes Database v15.0 (US)'),$);
#5359=IFCPROPERTYSET('13mDFE3x13wORvwuCWas2O',$,'MF_Library',$,(#5360,#5361,#5362,#5363,#5364,#5365,#5366,#5367,#5368,#5369));
#5360=IFCPROPERTYSINGLEVALUE('Key',$,IFCLABEL('steel_angle'),$);
#5361=IFCPROPERTYSINGLEVALUE('Family',$,IFCLABEL('Angle'),$);
#5362=IFCPROPERTYSINGLEVALUE('TypeName',$,IFCLABEL('L5X3-1/2X1/4'),$);
#5363=IFCPROPERTYSINGLEVALUE('Version',$,IFCLABEL('0.1.0'),$);
#5364=IFCPROPERTYSINGLEVALUE('License',$,IFCLABEL('CC0-1.0'),$);
#5365=IFCPROPERTYSINGLEVALUE('Source',$,IFCLABEL('massing-families'),$);
#5366=IFCPROPERTYSINGLEVALUE('Tier',$,IFCLABEL('L300'),$);
#5367=IFCPROPERTYSINGLEVALUE('Builder',$,IFCLABEL('profile'),$);
#5368=IFCPROPERTYSINGLEVALUE('Discipline',$,IFCLABEL('structural'),$);
#5369=IFCPROPERTYSINGLEVALUE('GeometryStatus',$,IFCLABEL('parametric'),$);
#5370=IFCPROPERTYSET('1ZoU8cVZr3Cg8gdGwhmFy_',$,'MF_Quantities',$,(#5371,#5372,#5373,#5374,#5375));
#5371=IFCPROPERTYSINGLEVALUE('NominalWidth',$,IFCREAL(0.127),$);
#5372=IFCPROPERTYSINGLEVALUE('NominalDepth',$,IFCREAL(0.088900000000000007),$);
#5373=IFCPROPERTYSINGLEVALUE('NominalHeight',$,IFCREAL(3.048),$);
#5374=IFCPROPERTYSINGLEVALUE('NominalFootprintArea',$,IFCREAL(0.01129),$);
#5375=IFCPROPERTYSINGLEVALUE('NominalVolume',$,IFCREAL(0.034412999999999999),$);
#5376=IFCMEMBERTYPE('3iU2Mruk5F$RC432wrc49u',$,'Angle - L5X3X1/2',$,$,(#5393,#5397,#5408),(#5392),$,$,.NOTDEFINED.);
#5377=IFCCARTESIANPOINT((0.,0.));
#5378=IFCDIRECTION((1.,0.));
#5379=IFCAXIS2PLACEMENT2D(#5377,#5378);
#5380=IFCLSHAPEPROFILEDEF(.AREA.,'L5X3X1/2',#5379,0.076200000000000004,0.127,0.012699999999999999,0.,$,$);
#5381=IFCCARTESIANPOINT((0.,0.,0.));
#5382=IFCDIRECTION((0.,0.,1.));
#5383=IFCDIRECTION((1.,0.,0.));
#5384=IFCAXIS2PLACEMENT3D(#5381,#5382,#5383);
#5385=IFCDIRECTION((0.,0.,1.));
#5386=IFCEXTRUDEDAREASOLID(#5380,#5384,#5385,3.048);
#5387=IFCSHAPEREPRESENTATION(#11,'Body','SweptSolid',(#5386));
#5388=IFCCARTESIANPOINT((0.,0.,0.));
#5389=IFCDIRECTION((1.,0.,0.));
#5390=IFCDIRECTION((0.,0.,1.));
#5391=IFCAXIS2PLACEMENT3D(#5388,#5390,#5389);
#5392=IFCREPRESENTATIONMAP(#5391,#5387);
#5393=IFCPROPERTYSET('0cx1n7IXP8zR8dAXEjIB4q',$,'MF_Structural',$,(#5394,#5395,#5396));
#5394=IFCPROPERTYSINGLEVALUE('Section',$,IFCLABEL('L5X3X1/2'),$);
#5395=IFCPROPERTYSINGLEVALUE('SectionFamily',$,IFCLABEL('L'),$);
#5396=IFCPROPERTYSINGLEVALUE('SectionSource',$,IFCLABEL('AISC Shapes Database v15.0 (US)'),$);
#5397=IFCPROPERTYSET('3m1aKTfPTCQOu2mRl$jL_V',$,'MF_Library',$,(#5398,#5399,#5400,#5401,#5402,#5403,#5404,#5405,#5406,#5407));
#5398=IFCPROPERTYSINGLEVALUE('Key',$,IFCLABEL('steel_angle'),$);
#5399=IFCPROPERTYSINGLEVALUE('Family',$,IFCLABEL('Angle'),$);
#5400=IFCPROPERTYSINGLEVALUE('TypeName',$,IFCLABEL('L5X3X1/2'),$);
#5401=IFCPROPERTYSINGLEVALUE('Version',$,IFCLABEL('0.1.0'),$);
#5402=IFCPROPERTYSINGLEVALUE('License',$,IFCLABEL('CC0-1.0'),$);
#5403=IFCPROPERTYSINGLEVALUE('Source',$,IFCLABEL('massing-families'),$);
#5404=IFCPROPERTYSINGLEVALUE('Tier',$,IFCLABEL('L300'),$);
#5405=IFCPROPERTYSINGLEVALUE('Builder',$,IFCLABEL('profile'),$);
#5406=IFCPROPERTYSINGLEVALUE('Discipline',$,IFCLABEL('structural'),$);
#5407=IFCPROPERTYSINGLEVALUE('GeometryStatus',$,IFCLABEL('parametric'),$);
#5408=IFCPROPERTYSET('2wWKXfKpP2MRtQg2OLerS4',$,'MF_Quantities',$,(#5409,#5410,#5411,#5412,#5413));
#5409=IFCPROPERTYSINGLEVALUE('NominalWidth',$,IFCREAL(0.127),$);
#5410=IFCPROPERTYSINGLEVALUE('NominalDepth',$,IFCREAL(0.076200000000000004),$);
#5411=IFCPROPERTYSINGLEVALUE('NominalHeight',$,IFCREAL(3.048),$);
#5412=IFCPROPERTYSINGLEVALUE('NominalFootprintArea',$,IFCREAL(0.0096769999999999998),$);
#5413=IFCPROPERTYSINGLEVALUE('NominalVolume',$,IFCREAL(0.029496999999999999),$);
#5414=IFCMEMBERTYPE('2wT_N1K5D9787uffJJhKtb',$,'Angle - L5X3X7/16',$,$,(#5431,#5435,#5446),(#5430),$,$,.NOTDEFINED.);
#5415=IFCCARTESIANPOINT((0.,0.));
#5416=IFCDIRECTION((1.,0.));
#5417=IFCAXIS2PLACEMENT2D(#5415,#5416);
#5418=IFCLSHAPEPROFILEDEF(.AREA.,'L5X3X7/16',#5417,0.076200000000000004,0.127,0.0111252,0.,$,$);
#5419=IFCCARTESIANPOINT((0.,0.,0.));
#5420=IFCDIRECTION((0.,0.,1.));
#5421=IFCDIRECTION((1.,0.,0.));
#5422=IFCAXIS2PLACEMENT3D(#5419,#5420,#5421);
#5423=IFCDIRECTION((0.,0.,1.));
#5424=IFCEXTRUDEDAREASOLID(#5418,#5422,#5423,3.048);
#5425=IFCSHAPEREPRESENTATION(#11,'Body','SweptSolid',(#5424));
#5426=IFCCARTESIANPOINT((0.,0.,0.));
#5427=IFCDIRECTION((1.,0.,0.));
#5428=IFCDIRECTION((0.,0.,1.));
#5429=IFCAXIS2PLACEMENT3D(#5426,#5428,#5427);
#5430=IFCREPRESENTATIONMAP(#5429,#5425);
#5431=IFCPROPERTYSET('3537d5SK9AqgND$mFUo$An',$,'MF_Structural',$,(#5432,#5433,#5434));
#5432=IFCPROPERTYSINGLEVALUE('Section',$,IFCLABEL('L5X3X7/16'),$);
#5433=IFCPROPERTYSINGLEVALUE('SectionFamily',$,IFCLABEL('L'),$);
#5434=IFCPROPERTYSINGLEVALUE('SectionSource',$,IFCLABEL('AISC Shapes Database v15.0 (US)'),$);
#5435=IFCPROPERTYSET('0kavmkszv0NuZWl_r$sXOj',$,'MF_Library',$,(#5436,#5437,#5438,#5439,#5440,#5441,#5442,#5443,#5444,#5445));
#5436=IFCPROPERTYSINGLEVALUE('Key',$,IFCLABEL('steel_angle'),$);
#5437=IFCPROPERTYSINGLEVALUE('Family',$,IFCLABEL('Angle'),$);
#5438=IFCPROPERTYSINGLEVALUE('TypeName',$,IFCLABEL('L5X3X7/16'),$);
#5439=IFCPROPERTYSINGLEVALUE('Version',$,IFCLABEL('0.1.0'),$);
#5440=IFCPROPERTYSINGLEVALUE('License',$,IFCLABEL('CC0-1.0'),$);
#5441=IFCPROPERTYSINGLEVALUE('Source',$,IFCLABEL('massing-families'),$);
#5442=IFCPROPERTYSINGLEVALUE('Tier',$,IFCLABEL('L300'),$);
#5443=IFCPROPERTYSINGLEVALUE('Builder',$,IFCLABEL('profile'),$);
#5444=IFCPROPERTYSINGLEVALUE('Discipline',$,IFCLABEL('structural'),$);
#5445=IFCPROPERTYSINGLEVALUE('GeometryStatus',$,IFCLABEL('parametric'),$);
#5446=IFCPROPERTYSET('1ZU73vP1T0$OQBTDyCiEMK',$,'MF_Quantities',$,(#5447,#5448,#5449,#5450,#5451));
#5447=IFCPROPERTYSINGLEVALUE('NominalWidth',$,IFCREAL(0.127),$);
#5448=IFCPROPERTYSINGLEVALUE('NominalDepth',$,IFCREAL(0.076200000000000004),$);
#5449=IFCPROPERTYSINGLEVALUE('NominalHeight',$,IFCREAL(3.048),$);
#5450=IFCPROPERTYSINGLEVALUE('NominalFootprintArea',$,IFCREAL(0.0096769999999999998),$);
#5451=IFCPROPERTYSINGLEVALUE('NominalVolume',$,IFCREAL(0.029496999999999999),$);
#5452=IFCMEMBERTYPE('1xbPPUFRz3TO3ICuFTi1oO',$,'Angle - L5X3X3/8',$,$,(#5469,#5473,#5484),(#5468),$,$,.NOTDEFINED.);
#5453=IFCCARTESIANPOINT((0.,0.));
#5454=IFCDIRECTION((1.,0.));
#5455=IFCAXIS2PLACEMENT2D(#5453,#5454);
#5456=IFCLSHAPEPROFILEDEF(.AREA.,'L5X3X3/8',#5455,0.076200000000000004,0.127,0.0095250000000000005,0.,$,$);
#5457=IFCCARTESIANPOINT((0.,0.,0.));
#5458=IFCDIRECTION((0.,0.,1.));
#5459=IFCDIRECTION((1.,0.,0.));
#5460=IFCAXIS2PLACEMENT3D(#5457,#5458,#5459);
#5461=IFCDIRECTION((0.,0.,1.));
#5462=IFCEXTRUDEDAREASOLID(#5456,#5460,#5461,3.048);
#5463=IFCSHAPEREPRESENTATION(#11,'Body','SweptSolid',(#5462));
#5464=IFCCARTESIANPOINT((0.,0.,0.));
#5465=IFCDIRECTION((1.,0.,0.));
#5466=IFCDIRECTION((0.,0.,1.));
#5467=IFCAXIS2PLACEMENT3D(#5464,#5466,#5465);
#5468=IFCREPRESENTATIONMAP(#5467,#5463);
#5469=IFCPROPERTYSET('0PAP1bLgj9L97in9DLcfKu',$,'MF_Structural',$,(#5470,#5471,#5472));
#5470=IFCPROPERTYSINGLEVALUE('Section',$,IFCLABEL('L5X3X3/8'),$);
#5471=IFCPROPERTYSINGLEVALUE('SectionFamily',$,IFCLABEL('L'),$);
#5472=IFCPROPERTYSINGLEVALUE('SectionSource',$,IFCLABEL('AISC Shapes Database v15.0 (US)'),$);
#5473=IFCPROPERTYSET('3vhs5$m79BAB3x9CeC5Oqt',$,'MF_Library',$,(#5474,#5475,#5476,#5477,#5478,#5479,#5480,#5481,#5482,#5483));
#5474=IFCPROPERTYSINGLEVALUE('Key',$,IFCLABEL('steel_angle'),$);
#5475=IFCPROPERTYSINGLEVALUE('Family',$,IFCLABEL('Angle'),$);
#5476=IFCPROPERTYSINGLEVALUE('TypeName',$,IFCLABEL('L5X3X3/8'),$);
#5477=IFCPROPERTYSINGLEVALUE('Version',$,IFCLABEL('0.1.0'),$);
#5478=IFCPROPERTYSINGLEVALUE('License',$,IFCLABEL('CC0-1.0'),$);
#5479=IFCPROPERTYSINGLEVALUE('Source',$,IFCLABEL('massing-families'),$);
#5480=IFCPROPERTYSINGLEVALUE('Tier',$,IFCLABEL('L300'),$);
#5481=IFCPROPERTYSINGLEVALUE('Builder',$,IFCLABEL('profile'),$);
#5482=IFCPROPERTYSINGLEVALUE('Discipline',$,IFCLABEL('structural'),$);
#5483=IFCPROPERTYSINGLEVALUE('GeometryStatus',$,IFCLABEL('parametric'),$);
#5484=IFCPROPERTYSET('0XjPZ_UbzDax4coiMwB8Ad',$,'MF_Quantities',$,(#5485,#5486,#5487,#5488,#5489));
#5485=IFCPROPERTYSINGLEVALUE('NominalWidth',$,IFCREAL(0.127),$);
#5486=IFCPROPERTYSINGLEVALUE('NominalDepth',$,IFCREAL(0.076200000000000004),$);
#5487=IFCPROPERTYSINGLEVALUE('NominalHeight',$,IFCREAL(3.048),$);
#5488=IFCPROPERTYSINGLEVALUE('NominalFootprintArea',$,IFCREAL(0.0096769999999999998),$);
#5489=IFCPROPERTYSINGLEVALUE('NominalVolume',$,IFCREAL(0.029496999999999999),$);
#5490=IFCMEMBERTYPE('2VCVk_3dz89eHUPslbaHO7',$,'Angle - L5X3X5/16',$,$,(#5507,#5511,#5522),(#5506),$,$,.NOTDEFINED.);
#5491=IFCCARTESIANPOINT((0.,0.));
#5492=IFCDIRECTION((1.,0.));
#5493=IFCAXIS2PLACEMENT2D(#5491,#5492);
#5494=IFCLSHAPEPROFILEDEF(.AREA.,'L5X3X5/16',#5493,0.076200000000000004,0.127,0.0079501999999999993,0.,$,$);
#5495=IFCCARTESIANPOINT((0.,0.,0.));
#5496=IFCDIRECTION((0.,0.,1.));
#5497=IFCDIRECTION((1.,0.,0.));
#5498=IFCAXIS2PLACEMENT3D(#5495,#5496,#5497);
#5499=IFCDIRECTION((0.,0.,1.));
#5500=IFCEXTRUDEDAREASOLID(#5494,#5498,#5499,3.048);
#5501=IFCSHAPEREPRESENTATION(#11,'Body','SweptSolid',(#5500));
#5502=IFCCARTESIANPOINT((0.,0.,0.));
#5503=IFCDIRECTION((1.,0.,0.));
#5504=IFCDIRECTION((0.,0.,1.));
#5505=IFCAXIS2PLACEMENT3D(#5502,#5504,#5503);
#5506=IFCREPRESENTATIONMAP(#5505,#5501);
#5507=IFCPROPERTYSET('3aLgqP$cH3MOifprZPMy$8',$,'MF_Structural',$,(#5508,#5509,#5510));
#5508=IFCPROPERTYSINGLEVALUE('Section',$,IFCLABEL('L5X3X5/16'),$);
#5509=IFCPROPERTYSINGLEVALUE('SectionFamily',$,IFCLABEL('L'),$);
#5510=IFCPROPERTYSINGLEVALUE('SectionSource',$,IFCLABEL('AISC Shapes Database v15.0 (US)'),$);
#5511=IFCPROPERTYSET('1$DOMIEur68vl2b6dlkSD$',$,'MF_Library',$,(#5512,#5513,#5514,#5515,#5516,#5517,#5518,#5519,#5520,#5521));
#5512=IFCPROPERTYSINGLEVALUE('Key',$,IFCLABEL('steel_angle'),$);
#5513=IFCPROPERTYSINGLEVALUE('Family',$,IFCLABEL('Angle'),$);
#5514=IFCPROPERTYSINGLEVALUE('TypeName',$,IFCLABEL('L5X3X5/16'),$);
#5515=IFCPROPERTYSINGLEVALUE('Version',$,IFCLABEL('0.1.0'),$);
#5516=IFCPROPERTYSINGLEVALUE('License',$,IFCLABEL('CC0-1.0'),$);
#5517=IFCPROPERTYSINGLEVALUE('Source',$,IFCLABEL('massing-families'),$);
#5518=IFCPROPERTYSINGLEVALUE('Tier',$,IFCLABEL('L300'),$);
#5519=IFCPROPERTYSINGLEVALUE('Builder',$,IFCLABEL('profile'),$);
#5520=IFCPROPERTYSINGLEVALUE('Discipline',$,IFCLABEL('structural'),$);
#5521=IFCPROPERTYSINGLEVALUE('GeometryStatus',$,IFCLABEL('parametric'),$);
#5522=IFCPROPERTYSET('380fkIz1HAg97jpM9OAkMe',$,'MF_Quantities',$,(#5523,#5524,#5525,#5526,#5527));
#5523=IFCPROPERTYSINGLEVALUE('NominalWidth',$,IFCREAL(0.127),$);
#5524=IFCPROPERTYSINGLEVALUE('NominalDepth',$,IFCREAL(0.076200000000000004),$);
#5525=IFCPROPERTYSINGLEVALUE('NominalHeight',$,IFCREAL(3.048),$);
#5526=IFCPROPERTYSINGLEVALUE('NominalFootprintArea',$,IFCREAL(0.0096769999999999998),$);
#5527=IFCPROPERTYSINGLEVALUE('NominalVolume',$,IFCREAL(0.029496999999999999),$);
#5528=IFCMEMBERTYPE('2oW4V9Za96HxUKNKiYMDP5',$,'Angle - L5X3X1/4',$,$,(#5545,#5549,#5560),(#5544),$,$,.NOTDEFINED.);
#5529=IFCCARTESIANPOINT((0.,0.));
#5530=IFCDIRECTION((1.,0.));
#5531=IFCAXIS2PLACEMENT2D(#5529,#5530);
#5532=IFCLSHAPEPROFILEDEF(.AREA.,'L5X3X1/4',#5531,0.076200000000000004,0.127,0.0063499999999999997,0.,$,$);
#5533=IFCCARTESIANPOINT((0.,0.,0.));
#5534=IFCDIRECTION((0.,0.,1.));
#5535=IFCDIRECTION((1.,0.,0.));
#5536=IFCAXIS2PLACEMENT3D(#5533,#5534,#5535);
#5537=IFCDIRECTION((0.,0.,1.));
#5538=IFCEXTRUDEDAREASOLID(#5532,#5536,#5537,3.048);
#5539=IFCSHAPEREPRESENTATION(#11,'Body','SweptSolid',(#5538));
#5540=IFCCARTESIANPOINT((0.,0.,0.));
#5541=IFCDIRECTION((1.,0.,0.));
#5542=IFCDIRECTION((0.,0.,1.));
#5543=IFCAXIS2PLACEMENT3D(#5540,#5542,#5541);
#5544=IFCREPRESENTATIONMAP(#5543,#5539);
#5545=IFCPROPERTYSET('0h1Prpg5H2BgHjYXCv_995',$,'MF_Structural',$,(#5546,#5547,#5548));
#5546=IFCPROPERTYSINGLEVALUE('Section',$,IFCLABEL('L5X3X1/4'),$);
#5547=IFCPROPERTYSINGLEVALUE('SectionFamily',$,IFCLABEL('L'),$);
#5548=IFCPROPERTYSINGLEVALUE('SectionSource',$,IFCLABEL('AISC Shapes Database v15.0 (US)'),$);
#5549=IFCPROPERTYSET('1ahLGPGy57BeK9kkZRZBPE',$,'MF_Library',$,(#5550,#5551,#5552,#5553,#5554,#5555,#5556,#5557,#5558,#5559));
#5550=IFCPROPERTYSINGLEVALUE('Key',$,IFCLABEL('steel_angle'),$);
#5551=IFCPROPERTYSINGLEVALUE('Family',$,IFCLABEL('Angle'),$);
#5552=IFCPROPERTYSINGLEVALUE('TypeName',$,IFCLABEL('L5X3X1/4'),$);
#5553=IFCPROPERTYSINGLEVALUE('Version',$,IFCLABEL('0.1.0'),$);
#5554=IFCPROPERTYSINGLEVALUE('License',$,IFCLABEL('CC0-1.0'),$);
#5555=IFCPROPERTYSINGLEVALUE('Source',$,IFCLABEL('massing-families'),$);
#5556=IFCPROPERTYSINGLEVALUE('Tier',$,IFCLABEL('L300'),$);
#5557=IFCPROPERTYSINGLEVALUE('Builder',$,IFCLABEL('profile'),$);
#5558=IFCPROPERTYSINGLEVALUE('Discipline',$,IFCLABEL('structural'),$);
#5559=IFCPROPERTYSINGLEVALUE('GeometryStatus',$,IFCLABEL('parametric'),$);
#5560=IFCPROPERTYSET('2n1eC_rgrF3RCwAYVA54Cc',$,'MF_Quantities',$,(#5561,#5562,#5563,#5564,#5565));
#5561=IFCPROPERTYSINGLEVALUE('NominalWidth',$,IFCREAL(0.127),$);
#5562=IFCPROPERTYSINGLEVALUE('NominalDepth',$,IFCREAL(0.076200000000000004),$);
#5563=IFCPROPERTYSINGLEVALUE('NominalHeight',$,IFCREAL(3.048),$);
#5564=IFCPROPERTYSINGLEVALUE('NominalFootprintArea',$,IFCREAL(0.0096769999999999998),$);
#5565=IFCPROPERTYSINGLEVALUE('NominalVolume',$,IFCREAL(0.029496999999999999),$);
#5566=IFCMEMBERTYPE('1zasX5I0z66uFnIaQiNNoL',$,'Angle - L4X4X3/4',$,$,(#5583,#5587,#5598),(#5582),$,$,.NOTDEFINED.);
#5567=IFCCARTESIANPOINT((0.,0.));
#5568=IFCDIRECTION((1.,0.));
#5569=IFCAXIS2PLACEMENT2D(#5567,#5568);
#5570=IFCLSHAPEPROFILEDEF(.AREA.,'L4X4X3/4',#5569,0.1016,0.1016,0.019050000000000001,0.,$,$);
#5571=IFCCARTESIANPOINT((0.,0.,0.));
#5572=IFCDIRECTION((0.,0.,1.));
#5573=IFCDIRECTION((1.,0.,0.));
#5574=IFCAXIS2PLACEMENT3D(#5571,#5572,#5573);
#5575=IFCDIRECTION((0.,0.,1.));
#5576=IFCEXTRUDEDAREASOLID(#5570,#5574,#5575,3.048);
#5577=IFCSHAPEREPRESENTATION(#11,'Body','SweptSolid',(#5576));
#5578=IFCCARTESIANPOINT((0.,0.,0.));
#5579=IFCDIRECTION((1.,0.,0.));
#5580=IFCDIRECTION((0.,0.,1.));
#5581=IFCAXIS2PLACEMENT3D(#5578,#5580,#5579);
#5582=IFCREPRESENTATIONMAP(#5581,#5577);
#5583=IFCPROPERTYSET('3pNogoUQr1qfB3jjUU0Lsa',$,'MF_Structural',$,(#5584,#5585,#5586));
#5584=IFCPROPERTYSINGLEVALUE('Section',$,IFCLABEL('L4X4X3/4'),$);
#5585=IFCPROPERTYSINGLEVALUE('SectionFamily',$,IFCLABEL('L'),$);
#5586=IFCPROPERTYSINGLEVALUE('SectionSource',$,IFCLABEL('AISC Shapes Database v15.0 (US)'),$);
#5587=IFCPROPERTYSET('04nSlAhxb5Rxu12041gYlg',$,'MF_Library',$,(#5588,#5589,#5590,#5591,#5592,#5593,#5594,#5595,#5596,#5597));
#5588=IFCPROPERTYSINGLEVALUE('Key',$,IFCLABEL('steel_angle'),$);
#5589=IFCPROPERTYSINGLEVALUE('Family',$,IFCLABEL('Angle'),$);
#5590=IFCPROPERTYSINGLEVALUE('TypeName',$,IFCLABEL('L4X4X3/4'),$);
#5591=IFCPROPERTYSINGLEVALUE('Version',$,IFCLABEL('0.1.0'),$);
#5592=IFCPROPERTYSINGLEVALUE('License',$,IFCLABEL('CC0-1.0'),$);
#5593=IFCPROPERTYSINGLEVALUE('Source',$,IFCLABEL('massing-families'),$);
#5594=IFCPROPERTYSINGLEVALUE('Tier',$,IFCLABEL('L300'),$);
#5595=IFCPROPERTYSINGLEVALUE('Builder',$,IFCLABEL('profile'),$);
#5596=IFCPROPERTYSINGLEVALUE('Discipline',$,IFCLABEL('structural'),$);
#5597=IFCPROPERTYSINGLEVALUE('GeometryStatus',$,IFCLABEL('parametric'),$);
#5598=IFCPROPERTYSET('3HCeue9Er6NAvlFO_hkJ0e',$,'MF_Quantities',$,(#5599,#5600,#5601,#5602,#5603));
#5599=IFCPROPERTYSINGLEVALUE('NominalWidth',$,IFCREAL(0.1016),$);
#5600=IFCPROPERTYSINGLEVALUE('NominalDepth',$,IFCREAL(0.1016),$);
#5601=IFCPROPERTYSINGLEVALUE('NominalHeight',$,IFCREAL(3.048),$);
#5602=IFCPROPERTYSINGLEVALUE('NominalFootprintArea',$,IFCREAL(0.010323000000000001),$);
#5603=IFCPROPERTYSINGLEVALUE('NominalVolume',$,IFCREAL(0.031462999999999998),$);
#5604=IFCMEMBERTYPE('12gHpZCnL0nPKe57gREthE',$,'Angle - L4X4X5/8',$,$,(#5621,#5625,#5636),(#5620),$,$,.NOTDEFINED.);
#5605=IFCCARTESIANPOINT((0.,0.));
#5606=IFCDIRECTION((1.,0.));
#5607=IFCAXIS2PLACEMENT2D(#5605,#5606);
#5608=IFCLSHAPEPROFILEDEF(.AREA.,'L4X4X5/8',#5607,0.1016,0.1016,0.015875,0.,$,$);
#5609=IFCCARTESIANPOINT((0.,0.,0.));
#5610=IFCDIRECTION((0.,0.,1.));
#5611=IFCDIRECTION((1.,0.,0.));
#5612=IFCAXIS2PLACEMENT3D(#5609,#5610,#5611);
#5613=IFCDIRECTION((0.,0.,1.));
#5614=IFCEXTRUDEDAREASOLID(#5608,#5612,#5613,3.048);
#5615=IFCSHAPEREPRESENTATION(#11,'Body','SweptSolid',(#5614));
#5616=IFCCARTESIANPOINT((0.,0.,0.));
#5617=IFCDIRECTION((1.,0.,0.));
#5618=IFCDIRECTION((0.,0.,1.));
#5619=IFCAXIS2PLACEMENT3D(#5616,#5618,#5617);
#5620=IFCREPRESENTATIONMAP(#5619,#5615);
#5621=IFCPROPERTYSET('0DVvKiOwD5qQfAeXDQQRX0',$,'MF_Structural',$,(#5622,#5623,#5624));
#5622=IFCPROPERTYSINGLEVALUE('Section',$,IFCLABEL('L4X4X5/8'),$);
#5623=IFCPROPERTYSINGLEVALUE('SectionFamily',$,IFCLABEL('L'),$);
#5624=IFCPROPERTYSINGLEVALUE('SectionSource',$,IFCLABEL('AISC Shapes Database v15.0 (US)'),$);
#5625=IFCPROPERTYSET('2fOwgC6m9FsOoby0POuBCQ',$,'MF_Library',$,(#5626,#5627,#5628,#5629,#5630,#5631,#5632,#5633,#5634,#5635));
#5626=IFCPROPERTYSINGLEVALUE('Key',$,IFCLABEL('steel_angle'),$);
#5627=IFCPROPERTYSINGLEVALUE('Family',$,IFCLABEL('Angle'),$);
#5628=IFCPROPERTYSINGLEVALUE('TypeName',$,IFCLABEL('L4X4X5/8'),$);
#5629=IFCPROPERTYSINGLEVALUE('Version',$,IFCLABEL('0.1.0'),$);
#5630=IFCPROPERTYSINGLEVALUE('License',$,IFCLABEL('CC0-1.0'),$);
#5631=IFCPROPERTYSINGLEVALUE('Source',$,IFCLABEL('massing-families'),$);
#5632=IFCPROPERTYSINGLEVALUE('Tier',$,IFCLABEL('L300'),$);
#5633=IFCPROPERTYSINGLEVALUE('Builder',$,IFCLABEL('profile'),$);
#5634=IFCPROPERTYSINGLEVALUE('Discipline',$,IFCLABEL('structural'),$);
#5635=IFCPROPERTYSINGLEVALUE('GeometryStatus',$,IFCLABEL('parametric'),$);
#5636=IFCPROPERTYSET('2ED4gj9pD0Aex1nEOJOEta',$,'MF_Quantities',$,(#5637,#5638,#5639,#5640,#5641));
#5637=IFCPROPERTYSINGLEVALUE('NominalWidth',$,IFCREAL(0.1016),$);
#5638=IFCPROPERTYSINGLEVALUE('NominalDepth',$,IFCREAL(0.1016),$);
#5639=IFCPROPERTYSINGLEVALUE('NominalHeight',$,IFCREAL(3.048),$);
#5640=IFCPROPERTYSINGLEVALUE('NominalFootprintArea',$,IFCREAL(0.010323000000000001),$);
#5641=IFCPROPERTYSINGLEVALUE('NominalVolume',$,IFCREAL(0.031462999999999998),$);
#5642=IFCMEMBERTYPE('0yThfcMnz5FwSOb883MjgO',$,'Angle - L4X4X1/2',$,$,(#5659,#5663,#5674),(#5658),$,$,.NOTDEFINED.);
#5643=IFCCARTESIANPOINT((0.,0.));
#5644=IFCDIRECTION((1.,0.));
#5645=IFCAXIS2PLACEMENT2D(#5643,#5644);
#5646=IFCLSHAPEPROFILEDEF(.AREA.,'L4X4X1/2',#5645,0.1016,0.1016,0.012699999999999999,0.,$,$);
#5647=IFCCARTESIANPOINT((0.,0.,0.));
#5648=IFCDIRECTION((0.,0.,1.));
#5649=IFCDIRECTION((1.,0.,0.));
#5650=IFCAXIS2PLACEMENT3D(#5647,#5648,#5649);
#5651=IFCDIRECTION((0.,0.,1.));
#5652=IFCEXTRUDEDAREASOLID(#5646,#5650,#5651,3.048);
#5653=IFCSHAPEREPRESENTATION(#11,'Body','SweptSolid',(#5652));
#5654=IFCCARTESIANPOINT((0.,0.,0.));
#5655=IFCDIRECTION((1.,0.,0.));
#5656=IFCDIRECTION((0.,0.,1.));
#5657=IFCAXIS2PLACEMENT3D(#5654,#5656,#5655);
#5658=IFCREPRESENTATIONMAP(#5657,#5653);
#5659=IFCPROPERTYSET('3yYslry5b7hgWf_RjbUkZ5',$,'MF_Structural',$,(#5660,#5661,#5662));
#5660=IFCPROPERTYSINGLEVALUE('Section',$,IFCLABEL('L4X4X1/2'),$);
#5661=IFCPROPERTYSINGLEVALUE('SectionFamily',$,IFCLABEL('L'),$);
#5662=IFCPROPERTYSINGLEVALUE('SectionSource',$,IFCLABEL('AISC Shapes Database v15.0 (US)'),$);
#5663=IFCPROPERTYSET('2Z$6zGlRX48gs2qpsn90Uv',$,'MF_Library',$,(#5664,#5665,#5666,#5667,#5668,#5669,#5670,#5671,#5672,#5673));
#5664=IFCPROPERTYSINGLEVALUE('Key',$,IFCLABEL('steel_angle'),$);
#5665=IFCPROPERTYSINGLEVALUE('Family',$,IFCLABEL('Angle'),$);
#5666=IFCPROPERTYSINGLEVALUE('TypeName',$,IFCLABEL('L4X4X1/2'),$);
#5667=IFCPROPERTYSINGLEVALUE('Version',$,IFCLABEL('0.1.0'),$);
#5668=IFCPROPERTYSINGLEVALUE('License',$,IFCLABEL('CC0-1.0'),$);
#5669=IFCPROPERTYSINGLEVALUE('Source',$,IFCLABEL('massing-families'),$);
#5670=IFCPROPERTYSINGLEVALUE('Tier',$,IFCLABEL('L300'),$);
#5671=IFCPROPERTYSINGLEVALUE('Builder',$,IFCLABEL('profile'),$);
#5672=IFCPROPERTYSINGLEVALUE('Discipline',$,IFCLABEL('structural'),$);
#5673=IFCPROPERTYSINGLEVALUE('GeometryStatus',$,IFCLABEL('parametric'),$);
#5674=IFCPROPERTYSET('2kGHxvrnbAUf$QpTJF5RB_',$,'MF_Quantities',$,(#5675,#5676,#5677,#5678,#5679));
#5675=IFCPROPERTYSINGLEVALUE('NominalWidth',$,IFCREAL(0.1016),$);
#5676=IFCPROPERTYSINGLEVALUE('NominalDepth',$,IFCREAL(0.1016),$);
#5677=IFCPROPERTYSINGLEVALUE('NominalHeight',$,IFCREAL(3.048),$);
#5678=IFCPROPERTYSINGLEVALUE('NominalFootprintArea',$,IFCREAL(0.010323000000000001),$);
#5679=IFCPROPERTYSINGLEVALUE('NominalVolume',$,IFCREAL(0.031462999999999998),$);
#5680=IFCMEMBERTYPE('1eKdLlyZ94zAbWGruzaJLX',$,'Angle - L4X4X7/16',$,$,(#5697,#5701,#5712),(#5696),$,$,.NOTDEFINED.);
#5681=IFCCARTESIANPOINT((0.,0.));
#5682=IFCDIRECTION((1.,0.));
#5683=IFCAXIS2PLACEMENT2D(#5681,#5682);
#5684=IFCLSHAPEPROFILEDEF(.AREA.,'L4X4X7/16',#5683,0.1016,0.1016,0.0111252,0.,$,$);
#5685=IFCCARTESIANPOINT((0.,0.,0.));
#5686=IFCDIRECTION((0.,0.,1.));
#5687=IFCDIRECTION((1.,0.,0.));
#5688=IFCAXIS2PLACEMENT3D(#5685,#5686,#5687);
#5689=IFCDIRECTION((0.,0.,1.));
#5690=IFCEXTRUDEDAREASOLID(#5684,#5688,#5689,3.048);
#5691=IFCSHAPEREPRESENTATION(#11,'Body','SweptSolid',(#5690));
#5692=IFCCARTESIANPOINT((0.,0.,0.));
#5693=IFCDIRECTION((1.,0.,0.));
#5694=IFCDIRECTION((0.,0.,1.));
#5695=IFCAXIS2PLACEMENT3D(#5692,#5694,#5693);
#5696=IFCREPRESENTATIONMAP(#5695,#5691);
#5697=IFCPROPERTYSET('1_$vvlHbP528FQQggN8k6j',$,'MF_Structural',$,(#5698,#5699,#5700));
#5698=IFCPROPERTYSINGLEVALUE('Section',$,IFCLABEL('L4X4X7/16'),$);
#5699=IFCPROPERTYSINGLEVALUE('SectionFamily',$,IFCLABEL('L'),$);
#5700=IFCPROPERTYSINGLEVALUE('SectionSource',$,IFCLABEL('AISC Shapes Database v15.0 (US)'),$);
#5701=IFCPROPERTYSET('3gaMCGNInF9Ban9i7RS16s',$,'MF_Library',$,(#5702,#5703,#5704,#5705,#5706,#5707,#5708,#5709,#5710,#5711));
#5702=IFCPROPERTYSINGLEVALUE('Key',$,IFCLABEL('steel_angle'),$);
#5703=IFCPROPERTYSINGLEVALUE('Family',$,IFCLABEL('Angle'),$);
#5704=IFCPROPERTYSINGLEVALUE('TypeName',$,IFCLABEL('L4X4X7/16'),$);
#5705=IFCPROPERTYSINGLEVALUE('Version',$,IFCLABEL('0.1.0'),$);
#5706=IFCPROPERTYSINGLEVALUE('License',$,IFCLABEL('CC0-1.0'),$);
#5707=IFCPROPERTYSINGLEVALUE('Source',$,IFCLABEL('massing-families'),$);
#5708=IFCPROPERTYSINGLEVALUE('Tier',$,IFCLABEL('L300'),$);
#5709=IFCPROPERTYSINGLEVALUE('Builder',$,IFCLABEL('profile'),$);
#5710=IFCPROPERTYSINGLEVALUE('Discipline',$,IFCLABEL('structural'),$);
#5711=IFCPROPERTYSINGLEVALUE('GeometryStatus',$,IFCLABEL('parametric'),$);
#5712=IFCPROPERTYSET('2JpiZMk$P5JPoDNMqnunaH',$,'MF_Quantities',$,(#5713,#5714,#5715,#5716,#5717));
#5713=IFCPROPERTYSINGLEVALUE('NominalWidth',$,IFCREAL(0.1016),$);
#5714=IFCPROPERTYSINGLEVALUE('NominalDepth',$,IFCREAL(0.1016),$);
#5715=IFCPROPERTYSINGLEVALUE('NominalHeight',$,IFCREAL(3.048),$);
#5716=IFCPROPERTYSINGLEVALUE('NominalFootprintArea',$,IFCREAL(0.010323000000000001),$);
#5717=IFCPROPERTYSINGLEVALUE('NominalVolume',$,IFCREAL(0.031462999999999998),$);
#5718=IFCMEMBERTYPE('0dUCdkf5r8KBLlnc4Oz6Qw',$,'Angle - L4X4X3/8',$,$,(#5735,#5739,#5750),(#5734),$,$,.NOTDEFINED.);
#5719=IFCCARTESIANPOINT((0.,0.));
#5720=IFCDIRECTION((1.,0.));
#5721=IFCAXIS2PLACEMENT2D(#5719,#5720);
#5722=IFCLSHAPEPROFILEDEF(.AREA.,'L4X4X3/8',#5721,0.1016,0.1016,0.0095250000000000005,0.,$,$);
#5723=IFCCARTESIANPOINT((0.,0.,0.));
#5724=IFCDIRECTION((0.,0.,1.));
#5725=IFCDIRECTION((1.,0.,0.));
#5726=IFCAXIS2PLACEMENT3D(#5723,#5724,#5725);
#5727=IFCDIRECTION((0.,0.,1.));
#5728=IFCEXTRUDEDAREASOLID(#5722,#5726,#5727,3.048);
#5729=IFCSHAPEREPRESENTATION(#11,'Body','SweptSolid',(#5728));
#5730=IFCCARTESIANPOINT((0.,0.,0.));
#5731=IFCDIRECTION((1.,0.,0.));
#5732=IFCDIRECTION((0.,0.,1.));
#5733=IFCAXIS2PLACEMENT3D(#5730,#5732,#5731);
#5734=IFCREPRESENTATIONMAP(#5733,#5729);
#5735=IFCPROPERTYSET('30dk92Y5L70OJXWlgoivWx',$,'MF_Structural',$,(#5736,#5737,#5738));
#5736=IFCPROPERTYSINGLEVALUE('Section',$,IFCLABEL('L4X4X3/8'),$);
#5737=IFCPROPERTYSINGLEVALUE('SectionFamily',$,IFCLABEL('L'),$);
#5738=IFCPROPERTYSINGLEVALUE('SectionSource',$,IFCLABEL('AISC Shapes Database v15.0 (US)'),$);
#5739=IFCPROPERTYSET('2_dPxIvk51$uaYTBjSarO$',$,'MF_Library',$,(#5740,#5741,#5742,#5743,#5744,#5745,#5746,#5747,#5748,#5749));
#5740=IFCPROPERTYSINGLEVALUE('Key',$,IFCLABEL('steel_angle'),$);
#5741=IFCPROPERTYSINGLEVALUE('Family',$,IFCLABEL('Angle'),$);
#5742=IFCPROPERTYSINGLEVALUE('TypeName',$,IFCLABEL('L4X4X3/8'),$);
#5743=IFCPROPERTYSINGLEVALUE('Version',$,IFCLABEL('0.1.0'),$);
#5744=IFCPROPERTYSINGLEVALUE('License',$,IFCLABEL('CC0-1.0'),$);
#5745=IFCPROPERTYSINGLEVALUE('Source',$,IFCLABEL('massing-families'),$);
#5746=IFCPROPERTYSINGLEVALUE('Tier',$,IFCLABEL('L300'),$);
#5747=IFCPROPERTYSINGLEVALUE('Builder',$,IFCLABEL('profile'),$);
#5748=IFCPROPERTYSINGLEVALUE('Discipline',$,IFCLABEL('structural'),$);
#5749=IFCPROPERTYSINGLEVALUE('GeometryStatus',$,IFCLABEL('parametric'),$);
#5750=IFCPROPERTYSET('09Spz_cS55QgEejLaUoIab',$,'MF_Quantities',$,(#5751,#5752,#5753,#5754,#5755));
#5751=IFCPROPERTYSINGLEVALUE('NominalWidth',$,IFCREAL(0.1016),$);
#5752=IFCPROPERTYSINGLEVALUE('NominalDepth',$,IFCREAL(0.1016),$);
#5753=IFCPROPERTYSINGLEVALUE('NominalHeight',$,IFCREAL(3.048),$);
#5754=IFCPROPERTYSINGLEVALUE('NominalFootprintArea',$,IFCREAL(0.010323000000000001),$);
#5755=IFCPROPERTYSINGLEVALUE('NominalVolume',$,IFCREAL(0.031462999999999998),$);
#5756=IFCMEMBERTYPE('2lQ20u9Sb4PRfMocleY94x',$,'Angle - L4X4X5/16',$,$,(#5773,#5777,#5788),(#5772),$,$,.NOTDEFINED.);
#5757=IFCCARTESIANPOINT((0.,0.));
#5758=IFCDIRECTION((1.,0.));
#5759=IFCAXIS2PLACEMENT2D(#5757,#5758);
#5760=IFCLSHAPEPROFILEDEF(.AREA.,'L4X4X5/16',#5759,0.1016,0.1016,0.0079501999999999993,0.,$,$);
#5761=IFCCARTESIANPOINT((0.,0.,0.));
#5762=IFCDIRECTION((0.,0.,1.));
#5763=IFCDIRECTION((1.,0.,0.));
#5764=IFCAXIS2PLACEMENT3D(#5761,#5762,#5763);
#5765=IFCDIRECTION((0.,0.,1.));
#5766=IFCEXTRUDEDAREASOLID(#5760,#5764,#5765,3.048);
#5767=IFCSHAPEREPRESENTATION(#11,'Body','SweptSolid',(#5766));
#5768=IFCCARTESIANPOINT((0.,0.,0.));
#5769=IFCDIRECTION((1.,0.,0.));
#5770=IFCDIRECTION((0.,0.,1.));
#5771=IFCAXIS2PLACEMENT3D(#5768,#5770,#5769);
#5772=IFCREPRESENTATIONMAP(#5771,#5767);
#5773=IFCPROPERTYSET('0sZvnkVdjFifv1N1YeP7$U',$,'MF_Structural',$,(#5774,#5775,#5776));
#5774=IFCPROPERTYSINGLEVALUE('Section',$,IFCLABEL('L4X4X5/16'),$);
#5775=IFCPROPERTYSINGLEVALUE('SectionFamily',$,IFCLABEL('L'),$);
#5776=IFCPROPERTYSINGLEVALUE('SectionSource',$,IFCLABEL('AISC Shapes Database v15.0 (US)'),$);
#5777=IFCPROPERTYSET('1iEFfmQAj5FOXJhD5tgGcY',$,'MF_Library',$,(#5778,#5779,#5780,#5781,#5782,#5783,#5784,#5785,#5786,#5787));
#5778=IFCPROPERTYSINGLEVALUE('Key',$,IFCLABEL('steel_angle'),$);
#5779=IFCPROPERTYSINGLEVALUE('Family',$,IFCLABEL('Angle'),$);
#5780=IFCPROPERTYSINGLEVALUE('TypeName',$,IFCLABEL('L4X4X5/16'),$);
#5781=IFCPROPERTYSINGLEVALUE('Version',$,IFCLABEL('0.1.0'),$);
#5782=IFCPROPERTYSINGLEVALUE('License',$,IFCLABEL('CC0-1.0'),$);
#5783=IFCPROPERTYSINGLEVALUE('Source',$,IFCLABEL('massing-families'),$);
#5784=IFCPROPERTYSINGLEVALUE('Tier',$,IFCLABEL('L300'),$);
#5785=IFCPROPERTYSINGLEVALUE('Builder',$,IFCLABEL('profile'),$);
#5786=IFCPROPERTYSINGLEVALUE('Discipline',$,IFCLABEL('structural'),$);
#5787=IFCPROPERTYSINGLEVALUE('GeometryStatus',$,IFCLABEL('parametric'),$);
#5788=IFCPROPERTYSET('2u0fI0s5vCQfuM$T3fDtCT',$,'MF_Quantities',$,(#5789,#5790,#5791,#5792,#5793));
#5789=IFCPROPERTYSINGLEVALUE('NominalWidth',$,IFCREAL(0.1016),$);
#5790=IFCPROPERTYSINGLEVALUE('NominalDepth',$,IFCREAL(0.1016),$);
#5791=IFCPROPERTYSINGLEVALUE('NominalHeight',$,IFCREAL(3.048),$);
#5792=IFCPROPERTYSINGLEVALUE('NominalFootprintArea',$,IFCREAL(0.010323000000000001),$);
#5793=IFCPROPERTYSINGLEVALUE('NominalVolume',$,IFCREAL(0.031462999999999998),$);
#5794=IFCMEMBERTYPE('3W0NxknKj4lwAUGV7iC4fX',$,'Angle - L4X4X1/4',$,$,(#5811,#5815,#5826),(#5810),$,$,.NOTDEFINED.);
#5795=IFCCARTESIANPOINT((0.,0.));
#5796=IFCDIRECTION((1.,0.));
#5797=IFCAXIS2PLACEMENT2D(#5795,#5796);
#5798=IFCLSHAPEPROFILEDEF(.AREA.,'L4X4X1/4',#5797,0.1016,0.1016,0.0063499999999999997,0.,$,$);
#5799=IFCCARTESIANPOINT((0.,0.,0.));
#5800=IFCDIRECTION((0.,0.,1.));
#5801=IFCDIRECTION((1.,0.,0.));
#5802=IFCAXIS2PLACEMENT3D(#5799,#5800,#5801);
#5803=IFCDIRECTION((0.,0.,1.));
#5804=IFCEXTRUDEDAREASOLID(#5798,#5802,#5803,3.048);
#5805=IFCSHAPEREPRESENTATION(#11,'Body','SweptSolid',(#5804));
#5806=IFCCARTESIANPOINT((0.,0.,0.));
#5807=IFCDIRECTION((1.,0.,0.));
#5808=IFCDIRECTION((0.,0.,1.));
#5809=IFCAXIS2PLACEMENT3D(#5806,#5808,#5807);
#5810=IFCREPRESENTATIONMAP(#5809,#5805);
#5811=IFCPROPERTYSET('063OBWatX1o9cKu55b924S',$,'MF_Structural',$,(#5812,#5813,#5814));
#5812=IFCPROPERTYSINGLEVALUE('Section',$,IFCLABEL('L4X4X1/4'),$);
#5813=IFCPROPERTYSINGLEVALUE('SectionFamily',$,IFCLABEL('L'),$);
#5814=IFCPROPERTYSINGLEVALUE('SectionSource',$,IFCLABEL('AISC Shapes Database v15.0 (US)'),$);
#5815=IFCPROPERTYSET('1$cG9xxqHCie8G9GUuPBk1',$,'MF_Library',$,(#5816,#5817,#5818,#5819,#5820,#5821,#5822,#5823,#5824,#5825));
#5816=IFCPROPERTYSINGLEVALUE('Key',$,IFCLABEL('steel_angle'),$);
#5817=IFCPROPERTYSINGLEVALUE('Family',$,IFCLABEL('Angle'),$);
#5818=IFCPROPERTYSINGLEVALUE('TypeName',$,IFCLABEL('L4X4X1/4'),$);
#5819=IFCPROPERTYSINGLEVALUE('Version',$,IFCLABEL('0.1.0'),$);
#5820=IFCPROPERTYSINGLEVALUE('License',$,IFCLABEL('CC0-1.0'),$);
#5821=IFCPROPERTYSINGLEVALUE('Source',$,IFCLABEL('massing-families'),$);
#5822=IFCPROPERTYSINGLEVALUE('Tier',$,IFCLABEL('L300'),$);
#5823=IFCPROPERTYSINGLEVALUE('Builder',$,IFCLABEL('profile'),$);
#5824=IFCPROPERTYSINGLEVALUE('Discipline',$,IFCLABEL('structural'),$);
#5825=IFCPROPERTYSINGLEVALUE('GeometryStatus',$,IFCLABEL('parametric'),$);
#5826=IFCPROPERTYSET('2t9IruQiT5APrl0MuEjahe',$,'MF_Quantities',$,(#5827,#5828,#5829,#5830,#5831));
#5827=IFCPROPERTYSINGLEVALUE('NominalWidth',$,IFCREAL(0.1016),$);
#5828=IFCPROPERTYSINGLEVALUE('NominalDepth',$,IFCREAL(0.1016),$);
#5829=IFCPROPERTYSINGLEVALUE('NominalHeight',$,IFCREAL(3.048),$);
#5830=IFCPROPERTYSINGLEVALUE('NominalFootprintArea',$,IFCREAL(0.010323000000000001),$);
#5831=IFCPROPERTYSINGLEVALUE('NominalVolume',$,IFCREAL(0.031462999999999998),$);
#5832=IFCMEMBERTYPE('3Yx_bbVWbCjeprl5JNqd$C',$,'Angle - L4X3-1/2X1/2',$,$,(#5849,#5853,#5864),(#5848),$,$,.NOTDEFINED.);
#5833=IFCCARTESIANPOINT((0.,0.));
#5834=IFCDIRECTION((1.,0.));
#5835=IFCAXIS2PLACEMENT2D(#5833,#5834);
#5836=IFCLSHAPEPROFILEDEF(.AREA.,'L4X3-1/2X1/2',#5835,0.088900000000000007,0.1016,0.012699999999999999,0.,$,$);
#5837=IFCCARTESIANPOINT((0.,0.,0.));
#5838=IFCDIRECTION((0.,0.,1.));
#5839=IFCDIRECTION((1.,0.,0.));
#5840=IFCAXIS2PLACEMENT3D(#5837,#5838,#5839);
#5841=IFCDIRECTION((0.,0.,1.));
#5842=IFCEXTRUDEDAREASOLID(#5836,#5840,#5841,3.048);
#5843=IFCSHAPEREPRESENTATION(#11,'Body','SweptSolid',(#5842));
#5844=IFCCARTESIANPOINT((0.,0.,0.));
#5845=IFCDIRECTION((1.,0.,0.));
#5846=IFCDIRECTION((0.,0.,1.));
#5847=IFCAXIS2PLACEMENT3D(#5844,#5846,#5845);
#5848=IFCREPRESENTATIONMAP(#5847,#5843);
#5849=IFCPROPERTYSET('2pZ30g_G9FFhLRak7saSI5',$,'MF_Structural',$,(#5850,#5851,#5852));
#5850=IFCPROPERTYSINGLEVALUE('Section',$,IFCLABEL('L4X3-1/2X1/2'),$);
#5851=IFCPROPERTYSINGLEVALUE('SectionFamily',$,IFCLABEL('L'),$);
#5852=IFCPROPERTYSINGLEVALUE('SectionSource',$,IFCLABEL('AISC Shapes Database v15.0 (US)'),$);
#5853=IFCPROPERTYSET('3LTiHc9J15s9niQZm0A$PC',$,'MF_Library',$,(#5854,#5855,#5856,#5857,#5858,#5859,#5860,#5861,#5862,#5863));
#5854=IFCPROPERTYSINGLEVALUE('Key',$,IFCLABEL('steel_angle'),$);
#5855=IFCPROPERTYSINGLEVALUE('Family',$,IFCLABEL('Angle'),$);
#5856=IFCPROPERTYSINGLEVALUE('TypeName',$,IFCLABEL('L4X3-1/2X1/2'),$);
#5857=IFCPROPERTYSINGLEVALUE('Version',$,IFCLABEL('0.1.0'),$);
#5858=IFCPROPERTYSINGLEVALUE('License',$,IFCLABEL('CC0-1.0'),$);
#5859=IFCPROPERTYSINGLEVALUE('Source',$,IFCLABEL('massing-families'),$);
#5860=IFCPROPERTYSINGLEVALUE('Tier',$,IFCLABEL('L300'),$);
#5861=IFCPROPERTYSINGLEVALUE('Builder',$,IFCLABEL('profile'),$);
#5862=IFCPROPERTYSINGLEVALUE('Discipline',$,IFCLABEL('structural'),$);
#5863=IFCPROPERTYSINGLEVALUE('GeometryStatus',$,IFCLABEL('parametric'),$);
#5864=IFCPROPERTYSET('2dSz604Fj7IPl$rs5vCvs8',$,'MF_Quantities',$,(#5865,#5866,#5867,#5868,#5869));
#5865=IFCPROPERTYSINGLEVALUE('NominalWidth',$,IFCREAL(0.1016),$);
#5866=IFCPROPERTYSINGLEVALUE('NominalDepth',$,IFCREAL(0.088900000000000007),$);
#5867=IFCPROPERTYSINGLEVALUE('NominalHeight',$,IFCREAL(3.048),$);
#5868=IFCPROPERTYSINGLEVALUE('NominalFootprintArea',$,IFCREAL(0.0090320000000000001),$);
#5869=IFCPROPERTYSINGLEVALUE('NominalVolume',$,IFCREAL(0.027529999999999999),$);
#5870=IFCMEMBERTYPE('1iVt$M0l1EkgAkE55VxeFV',$,'Angle - L4X3-1/2X3/8',$,$,(#5887,#5891,#5902),(#5886),$,$,.NOTDEFINED.);
#5871=IFCCARTESIANPOINT((0.,0.));
#5872=IFCDIRECTION((1.,0.));
#5873=IFCAXIS2PLACEMENT2D(#5871,#5872);
#5874=IFCLSHAPEPROFILEDEF(.AREA.,'L4X3-1/2X3/8',#5873,0.088900000000000007,0.1016,0.0095250000000000005,0.,$,$);
#5875=IFCCARTESIANPOINT((0.,0.,0.));
#5876=IFCDIRECTION((0.,0.,1.));
#5877=IFCDIRECTION((1.,0.,0.));
#5878=IFCAXIS2PLACEMENT3D(#5875,#5876,#5877);
#5879=IFCDIRECTION((0.,0.,1.));
#5880=IFCEXTRUDEDAREASOLID(#5874,#5878,#5879,3.048);
#5881=IFCSHAPEREPRESENTATION(#11,'Body','SweptSolid',(#5880));
#5882=IFCCARTESIANPOINT((0.,0.,0.));
#5883=IFCDIRECTION((1.,0.,0.));
#5884=IFCDIRECTION((0.,0.,1.));
#5885=IFCAXIS2PLACEMENT3D(#5882,#5884,#5883);
#5886=IFCREPRESENTATIONMAP(#5885,#5881);
#5887=IFCPROPERTYSET('2kkLsEr3j7XvKWLQ9vLz79',$,'MF_Structural',$,(#5888,#5889,#5890));
#5888=IFCPROPERTYSINGLEVALUE('Section',$,IFCLABEL('L4X3-1/2X3/8'),$);
#5889=IFCPROPERTYSINGLEVALUE('SectionFamily',$,IFCLABEL('L'),$);
#5890=IFCPROPERTYSINGLEVALUE('SectionSource',$,IFCLABEL('AISC Shapes Database v15.0 (US)'),$);
#5891=IFCPROPERTYSET('3pAGpfjzrF5wCAaW1Z7XLx',$,'MF_Library',$,(#5892,#5893,#5894,#5895,#5896,#5897,#5898,#5899,#5900,#5901));
#5892=IFCPROPERTYSINGLEVALUE('Key',$,IFCLABEL('steel_angle'),$);
#5893=IFCPROPERTYSINGLEVALUE('Family',$,IFCLABEL('Angle'),$);
#5894=IFCPROPERTYSINGLEVALUE('TypeName',$,IFCLABEL('L4X3-1/2X3/8'),$);
#5895=IFCPROPERTYSINGLEVALUE('Version',$,IFCLABEL('0.1.0'),$);
#5896=IFCPROPERTYSINGLEVALUE('License',$,IFCLABEL('CC0-1.0'),$);
#5897=IFCPROPERTYSINGLEVALUE('Source',$,IFCLABEL('massing-families'),$);
#5898=IFCPROPERTYSINGLEVALUE('Tier',$,IFCLABEL('L300'),$);
#5899=IFCPROPERTYSINGLEVALUE('Builder',$,IFCLABEL('profile'),$);
#5900=IFCPROPERTYSINGLEVALUE('Discipline',$,IFCLABEL('structural'),$);
#5901=IFCPROPERTYSINGLEVALUE('GeometryStatus',$,IFCLABEL('parametric'),$);
#5902=IFCPROPERTYSET('1vnv1MPm5FZhssFK2IEWqd',$,'MF_Quantities',$,(#5903,#5904,#5905,#5906,#5907));
#5903=IFCPROPERTYSINGLEVALUE('NominalWidth',$,IFCREAL(0.1016),$);
#5904=IFCPROPERTYSINGLEVALUE('NominalDepth',$,IFCREAL(0.088900000000000007),$);
#5905=IFCPROPERTYSINGLEVALUE('NominalHeight',$,IFCREAL(3.048),$);
#5906=IFCPROPERTYSINGLEVALUE('NominalFootprintArea',$,IFCREAL(0.0090320000000000001),$);
#5907=IFCPROPERTYSINGLEVALUE('NominalVolume',$,IFCREAL(0.027529999999999999),$);
#5908=IFCMEMBERTYPE('1$wfVq6Mb7jgyxZFLcf5Ii',$,'Angle - L4X3-1/2X5/16',$,$,(#5925,#5929,#5940),(#5924),$,$,.NOTDEFINED.);
#5909=IFCCARTESIANPOINT((0.,0.));
#5910=IFCDIRECTION((1.,0.));
#5911=IFCAXIS2PLACEMENT2D(#5909,#5910);
#5912=IFCLSHAPEPROFILEDEF(.AREA.,'L4X3-1/2X5/16',#5911,0.088900000000000007,0.1016,0.0079501999999999993,0.,$,$);
#5913=IFCCARTESIANPOINT((0.,0.,0.));
#5914=IFCDIRECTION((0.,0.,1.));
#5915=IFCDIRECTION((1.,0.,0.));
#5916=IFCAXIS2PLACEMENT3D(#5913,#5914,#5915);
#5917=IFCDIRECTION((0.,0.,1.));
#5918=IFCEXTRUDEDAREASOLID(#5912,#5916,#5917,3.048);
#5919=IFCSHAPEREPRESENTATION(#11,'Body','SweptSolid',(#5918));
#5920=IFCCARTESIANPOINT((0.,0.,0.));
#5921=IFCDIRECTION((1.,0.,0.));
#5922=IFCDIRECTION((0.,0.,1.));
#5923=IFCAXIS2PLACEMENT3D(#5920,#5922,#5921);
#5924=IFCREPRESENTATIONMAP(#5923,#5919);
#5925=IFCPROPERTYSET('3bv6zx1qLEyOi3kOLN2SAh',$,'MF_Structural',$,(#5926,#5927,#5928));
#5926=IFCPROPERTYSINGLEVALUE('Section',$,IFCLABEL('L4X3-1/2X5/16'),$);
#5927=IFCPROPERTYSINGLEVALUE('SectionFamily',$,IFCLABEL('L'),$);
#5928=IFCPROPERTYSINGLEVALUE('SectionSource',$,IFCLABEL('AISC Shapes Database v15.0 (US)'),$);
#5929=IFCPROPERTYSET('2Hw953$krAIgVE4ODNTWXG',$,'MF_Library',$,(#5930,#5931,#5932,#5933,#5934,#5935,#5936,#5937,#5938,#5939));
#5930=IFCPROPERTYSINGLEVALUE('Key',$,IFCLABEL('steel_angle'),$);
#5931=IFCPROPERTYSINGLEVALUE('Family',$,IFCLABEL('Angle'),$);
#5932=IFCPROPERTYSINGLEVALUE('TypeName',$,IFCLABEL('L4X3-1/2X5/16'),$);
#5933=IFCPROPERTYSINGLEVALUE('Version',$,IFCLABEL('0.1.0'),$);
#5934=IFCPROPERTYSINGLEVALUE('License',$,IFCLABEL('CC0-1.0'),$);
#5935=IFCPROPERTYSINGLEVALUE('Source',$,IFCLABEL('massing-families'),$);
#5936=IFCPROPERTYSINGLEVALUE('Tier',$,IFCLABEL('L300'),$);
#5937=IFCPROPERTYSINGLEVALUE('Builder',$,IFCLABEL('profile'),$);
#5938=IFCPROPERTYSINGLEVALUE('Discipline',$,IFCLABEL('structural'),$);
#5939=IFCPROPERTYSINGLEVALUE('GeometryStatus',$,IFCLABEL('parametric'),$);
#5940=IFCPROPERTYSET('1D6VLhMCH7URSG49HRL8fg',$,'MF_Quantities',$,(#5941,#5942,#5943,#5944,#5945));
#5941=IFCPROPERTYSINGLEVALUE('NominalWidth',$,IFCREAL(0.1016),$);
#5942=IFCPROPERTYSINGLEVALUE('NominalDepth',$,IFCREAL(0.088900000000000007),$);
#5943=IFCPROPERTYSINGLEVALUE('NominalHeight',$,IFCREAL(3.048),$);
#5944=IFCPROPERTYSINGLEVALUE('NominalFootprintArea',$,IFCREAL(0.0090320000000000001),$);
#5945=IFCPROPERTYSINGLEVALUE('NominalVolume',$,IFCREAL(0.027529999999999999),$);
#5946=IFCMEMBERTYPE('2Uxv$5V3b4FPNec8M$_dFm',$,'Angle - L4X3-1/2X1/4',$,$,(#5963,#5967,#5978),(#5962),$,$,.NOTDEFINED.);
#5947=IFCCARTESIANPOINT((0.,0.));
#5948=IFCDIRECTION((1.,0.));
#5949=IFCAXIS2PLACEMENT2D(#5947,#5948);
#5950=IFCLSHAPEPROFILEDEF(.AREA.,'L4X3-1/2X1/4',#5949,0.088900000000000007,0.1016,0.0063499999999999997,0.,$,$);
#5951=IFCCARTESIANPOINT((0.,0.,0.));
#5952=IFCDIRECTION((0.,0.,1.));
#5953=IFCDIRECTION((1.,0.,0.));
#5954=IFCAXIS2PLACEMENT3D(#5951,#5952,#5953);
#5955=IFCDIRECTION((0.,0.,1.));
#5956=IFCEXTRUDEDAREASOLID(#5950,#5954,#5955,3.048);
#5957=IFCSHAPEREPRESENTATION(#11,'Body','SweptSolid',(#5956));
#5958=IFCCARTESIANPOINT((0.,0.,0.));
#5959=IFCDIRECTION((1.,0.,0.));
#5960=IFCDIRECTION((0.,0.,1.));
#5961=IFCAXIS2PLACEMENT3D(#5958,#5960,#5959);
#5962=IFCREPRESENTATIONMAP(#5961,#5957);
#5963=IFCPROPERTYSET('33g9RWTdL71wr7fF8XkChZ',$,'MF_Structural',$,(#5964,#5965,#5966));
#5964=IFCPROPERTYSINGLEVALUE('Section',$,IFCLABEL('L4X3-1/2X1/4'),$);
#5965=IFCPROPERTYSINGLEVALUE('SectionFamily',$,IFCLABEL('L'),$);
#5966=IFCPROPERTYSINGLEVALUE('SectionSource',$,IFCLABEL('AISC Shapes Database v15.0 (US)'),$);
#5967=IFCPROPERTYSET('1b1HMWWej9QAfm3qJawlLm',$,'MF_Library',$,(#5968,#5969,#5970,#5971,#5972,#5973,#5974,#5975,#5976,#5977));
#5968=IFCPROPERTYSINGLEVALUE('Key',$,IFCLABEL('steel_angle'),$);
#5969=IFCPROPERTYSINGLEVALUE('Family',$,IFCLABEL('Angle'),$);
#5970=IFCPROPERTYSINGLEVALUE('TypeName',$,IFCLABEL('L4X3-1/2X1/4'),$);
#5971=IFCPROPERTYSINGLEVALUE('Version',$,IFCLABEL('0.1.0'),$);
#5972=IFCPROPERTYSINGLEVALUE('License',$,IFCLABEL('CC0-1.0'),$);
#5973=IFCPROPERTYSINGLEVALUE('Source',$,IFCLABEL('massing-families'),$);
#5974=IFCPROPERTYSINGLEVALUE('Tier',$,IFCLABEL('L300'),$);
#5975=IFCPROPERTYSINGLEVALUE('Builder',$,IFCLABEL('profile'),$);
#5976=IFCPROPERTYSINGLEVALUE('Discipline',$,IFCLABEL('structural'),$);
#5977=IFCPROPERTYSINGLEVALUE('GeometryStatus',$,IFCLABEL('parametric'),$);
#5978=IFCPROPERTYSET('0DlVxseeH0Hufc8cbi4$7m',$,'MF_Quantities',$,(#5979,#5980,#5981,#5982,#5983));
#5979=IFCPROPERTYSINGLEVALUE('NominalWidth',$,IFCREAL(0.1016),$);
#5980=IFCPROPERTYSINGLEVALUE('NominalDepth',$,IFCREAL(0.088900000000000007),$);
#5981=IFCPROPERTYSINGLEVALUE('NominalHeight',$,IFCREAL(3.048),$);
#5982=IFCPROPERTYSINGLEVALUE('NominalFootprintArea',$,IFCREAL(0.0090320000000000001),$);
#5983=IFCPROPERTYSINGLEVALUE('NominalVolume',$,IFCREAL(0.027529999999999999),$);
#5984=IFCMEMBERTYPE('3Mauzg6eb5g8_H3fqgM6vA',$,'Angle - L4X3X5/8',$,$,(#6001,#6005,#6016),(#6000),$,$,.NOTDEFINED.);
#5985=IFCCARTESIANPOINT((0.,0.));
#5986=IFCDIRECTION((1.,0.));
#5987=IFCAXIS2PLACEMENT2D(#5985,#5986);
#5988=IFCLSHAPEPROFILEDEF(.AREA.,'L4X3X5/8',#5987,0.076200000000000004,0.1016,0.015875,0.,$,$);
#5989=IFCCARTESIANPOINT((0.,0.,0.));
#5990=IFCDIRECTION((0.,0.,1.));
#5991=IFCDIRECTION((1.,0.,0.));
#5992=IFCAXIS2PLACEMENT3D(#5989,#5990,#5991);
#5993=IFCDIRECTION((0.,0.,1.));
#5994=IFCEXTRUDEDAREASOLID(#5988,#5992,#5993,3.048);
#5995=IFCSHAPEREPRESENTATION(#11,'Body','SweptSolid',(#5994));
#5996=IFCCARTESIANPOINT((0.,0.,0.));
#5997=IFCDIRECTION((1.,0.,0.));
#5998=IFCDIRECTION((0.,0.,1.));
#5999=IFCAXIS2PLACEMENT3D(#5996,#5998,#5997);
#6000=IFCREPRESENTATIONMAP(#5999,#5995);
#6001=IFCPROPERTYSET('1Yl_Gm4ZH4QheNElTUJXv9',$,'MF_Structural',$,(#6002,#6003,#6004));
#6002=IFCPROPERTYSINGLEVALUE('Section',$,IFCLABEL('L4X3X5/8'),$);
#6003=IFCPROPERTYSINGLEVALUE('SectionFamily',$,IFCLABEL('L'),$);
#6004=IFCPROPERTYSINGLEVALUE('SectionSource',$,IFCLABEL('AISC Shapes Database v15.0 (US)'),$);
#6005=IFCPROPERTYSET('0$9zGyQcn8Ku2Q4qXXgLml',$,'MF_Library',$,(#6006,#6007,#6008,#6009,#6010,#6011,#6012,#6013,#6014,#6015));
#6006=IFCPROPERTYSINGLEVALUE('Key',$,IFCLABEL('steel_angle'),$);
#6007=IFCPROPERTYSINGLEVALUE('Family',$,IFCLABEL('Angle'),$);
#6008=IFCPROPERTYSINGLEVALUE('TypeName',$,IFCLABEL('L4X3X5/8'),$);
#6009=IFCPROPERTYSINGLEVALUE('Version',$,IFCLABEL('0.1.0'),$);
#6010=IFCPROPERTYSINGLEVALUE('License',$,IFCLABEL('CC0-1.0'),$);
#6011=IFCPROPERTYSINGLEVALUE('Source',$,IFCLABEL('massing-families'),$);
#6012=IFCPROPERTYSINGLEVALUE('Tier',$,IFCLABEL('L300'),$);
#6013=IFCPROPERTYSINGLEVALUE('Builder',$,IFCLABEL('profile'),$);
#6014=IFCPROPERTYSINGLEVALUE('Discipline',$,IFCLABEL('structural'),$);
#6015=IFCPROPERTYSINGLEVALUE('GeometryStatus',$,IFCLABEL('parametric'),$);
#6016=IFCPROPERTYSET('1$jPgi0CLA2OLOC_1UyIqG',$,'MF_Quantities',$,(#6017,#6018,#6019,#6020,#6021));
#6017=IFCPROPERTYSINGLEVALUE('NominalWidth',$,IFCREAL(0.1016),$);
#6018=IFCPROPERTYSINGLEVALUE('NominalDepth',$,IFCREAL(0.076200000000000004),$);
#6019=IFCPROPERTYSINGLEVALUE('NominalHeight',$,IFCREAL(3.048),$);
#6020=IFCPROPERTYSINGLEVALUE('NominalFootprintArea',$,IFCREAL(0.0077419999999999998),$);
#6021=IFCPROPERTYSINGLEVALUE('NominalVolume',$,IFCREAL(0.023597),$);
#6022=IFCMEMBERTYPE('3u0Ps2CKvEYOIF_mSOrvcM',$,'Angle - L4X3X1/2',$,$,(#6039,#6043,#6054),(#6038),$,$,.NOTDEFINED.);
#6023=IFCCARTESIANPOINT((0.,0.));
#6024=IFCDIRECTION((1.,0.));
#6025=IFCAXIS2PLACEMENT2D(#6023,#6024);
#6026=IFCLSHAPEPROFILEDEF(.AREA.,'L4X3X1/2',#6025,0.076200000000000004,0.1016,0.012699999999999999,0.,$,$);
#6027=IFCCARTESIANPOINT((0.,0.,0.));
#6028=IFCDIRECTION((0.,0.,1.));
#6029=IFCDIRECTION((1.,0.,0.));
#6030=IFCAXIS2PLACEMENT3D(#6027,#6028,#6029);
#6031=IFCDIRECTION((0.,0.,1.));
#6032=IFCEXTRUDEDAREASOLID(#6026,#6030,#6031,3.048);
#6033=IFCSHAPEREPRESENTATION(#11,'Body','SweptSolid',(#6032));
#6034=IFCCARTESIANPOINT((0.,0.,0.));
#6035=IFCDIRECTION((1.,0.,0.));
#6036=IFCDIRECTION((0.,0.,1.));
#6037=IFCAXIS2PLACEMENT3D(#6034,#6036,#6035);
#6038=IFCREPRESENTATIONMAP(#6037,#6033);
#6039=IFCPROPERTYSET('0iWH6YH3r4$v$FtdK_5US0',$,'MF_Structural',$,(#6040,#6041,#6042));
#6040=IFCPROPERTYSINGLEVALUE('Section',$,IFCLABEL('L4X3X1/2'),$);
#6041=IFCPROPERTYSINGLEVALUE('SectionFamily',$,IFCLABEL('L'),$);
#6042=IFCPROPERTYSINGLEVALUE('SectionSource',$,IFCLABEL('AISC Shapes Database v15.0 (US)'),$);
#6043=IFCPROPERTYSET('3yQxpvNZ17sfMqs$IYR05t',$,'MF_Library',$,(#6044,#6045,#6046,#6047,#6048,#6049,#6050,#6051,#6052,#6053));
#6044=IFCPROPERTYSINGLEVALUE('Key',$,IFCLABEL('steel_angle'),$);
#6045=IFCPROPERTYSINGLEVALUE('Family',$,IFCLABEL('Angle'),$);
#6046=IFCPROPERTYSINGLEVALUE('TypeName',$,IFCLABEL('L4X3X1/2'),$);
#6047=IFCPROPERTYSINGLEVALUE('Version',$,IFCLABEL('0.1.0'),$);
#6048=IFCPROPERTYSINGLEVALUE('License',$,IFCLABEL('CC0-1.0'),$);
#6049=IFCPROPERTYSINGLEVALUE('Source',$,IFCLABEL('massing-families'),$);
#6050=IFCPROPERTYSINGLEVALUE('Tier',$,IFCLABEL('L300'),$);
#6051=IFCPROPERTYSINGLEVALUE('Builder',$,IFCLABEL('profile'),$);
#6052=IFCPROPERTYSINGLEVALUE('Discipline',$,IFCLABEL('structural'),$);
#6053=IFCPROPERTYSINGLEVALUE('GeometryStatus',$,IFCLABEL('parametric'),$);
#6054=IFCPROPERTYSET('1szzKtEub6QB1HyV$BCGN1',$,'MF_Quantities',$,(#6055,#6056,#6057,#6058,#6059));
#6055=IFCPROPERTYSINGLEVALUE('NominalWidth',$,IFCREAL(0.1016),$);
#6056=IFCPROPERTYSINGLEVALUE('NominalDepth',$,IFCREAL(0.076200000000000004),$);
#6057=IFCPROPERTYSINGLEVALUE('NominalHeight',$,IFCREAL(3.048),$);
#6058=IFCPROPERTYSINGLEVALUE('NominalFootprintArea',$,IFCREAL(0.0077419999999999998),$);
#6059=IFCPROPERTYSINGLEVALUE('NominalVolume',$,IFCREAL(0.023597),$);
#6060=IFCMEMBERTYPE('0JXr89t_j66QijNajdSXZd',$,'Angle - L4X3X3/8',$,$,(#6077,#6081,#6092),(#6076),$,$,.NOTDEFINED.);
#6061=IFCCARTESIANPOINT((0.,0.));
#6062=IFCDIRECTION((1.,0.));
#6063=IFCAXIS2PLACEMENT2D(#6061,#6062);
#6064=IFCLSHAPEPROFILEDEF(.AREA.,'L4X3X3/8',#6063,0.076200000000000004,0.1016,0.0095250000000000005,0.,$,$);
#6065=IFCCARTESIANPOINT((0.,0.,0.));
#6066=IFCDIRECTION((0.,0.,1.));
#6067=IFCDIRECTION((1.,0.,0.));
#6068=IFCAXIS2PLACEMENT3D(#6065,#6066,#6067);
#6069=IFCDIRECTION((0.,0.,1.));
#6070=IFCEXTRUDEDAREASOLID(#6064,#6068,#6069,3.048);
#6071=IFCSHAPEREPRESENTATION(#11,'Body','SweptSolid',(#6070));
#6072=IFCCARTESIANPOINT((0.,0.,0.));
#6073=IFCDIRECTION((1.,0.,0.));
#6074=IFCDIRECTION((0.,0.,1.));
#6075=IFCAXIS2PLACEMENT3D(#6072,#6074,#6073);
#6076=IFCREPRESENTATIONMAP(#6075,#6071);
#6077=IFCPROPERTYSET('38bqeow4TDVuZ69FuGKMLv',$,'MF_Structural',$,(#6078,#6079,#6080));
#6078=IFCPROPERTYSINGLEVALUE('Section',$,IFCLABEL('L4X3X3/8'),$);
#6079=IFCPROPERTYSINGLEVALUE('SectionFamily',$,IFCLABEL('L'),$);
#6080=IFCPROPERTYSINGLEVALUE('SectionSource',$,IFCLABEL('AISC Shapes Database v15.0 (US)'),$);
#6081=IFCPROPERTYSET('2YM0jv_hv8TePF3gkT6KnD',$,'MF_Library',$,(#6082,#6083,#6084,#6085,#6086,#6087,#6088,#6089,#6090,#6091));
#6082=IFCPROPERTYSINGLEVALUE('Key',$,IFCLABEL('steel_angle'),$);
#6083=IFCPROPERTYSINGLEVALUE('Family',$,IFCLABEL('Angle'),$);
#6084=IFCPROPERTYSINGLEVALUE('TypeName',$,IFCLABEL('L4X3X3/8'),$);
#6085=IFCPROPERTYSINGLEVALUE('Version',$,IFCLABEL('0.1.0'),$);
#6086=IFCPROPERTYSINGLEVALUE('License',$,IFCLABEL('CC0-1.0'),$);
#6087=IFCPROPERTYSINGLEVALUE('Source',$,IFCLABEL('massing-families'),$);
#6088=IFCPROPERTYSINGLEVALUE('Tier',$,IFCLABEL('L300'),$);
#6089=IFCPROPERTYSINGLEVALUE('Builder',$,IFCLABEL('profile'),$);
#6090=IFCPROPERTYSINGLEVALUE('Discipline',$,IFCLABEL('structural'),$);
#6091=IFCPROPERTYSINGLEVALUE('GeometryStatus',$,IFCLABEL('parametric'),$);
#6092=IFCPROPERTYSET('2L9TEq3959mv4_Jtj$fBjl',$,'MF_Quantities',$,(#6093,#6094,#6095,#6096,#6097));
#6093=IFCPROPERTYSINGLEVALUE('NominalWidth',$,IFCREAL(0.1016),$);
#6094=IFCPROPERTYSINGLEVALUE('NominalDepth',$,IFCREAL(0.076200000000000004),$);
#6095=IFCPROPERTYSINGLEVALUE('NominalHeight',$,IFCREAL(3.048),$);
#6096=IFCPROPERTYSINGLEVALUE('NominalFootprintArea',$,IFCREAL(0.0077419999999999998),$);
#6097=IFCPROPERTYSINGLEVALUE('NominalVolume',$,IFCREAL(0.023597),$);
#6098=IFCMEMBERTYPE('3eJXiTeAT9YAmswd_1$Z_x',$,'Angle - L4X3X5/16',$,$,(#6115,#6119,#6130),(#6114),$,$,.NOTDEFINED.);
#6099=IFCCARTESIANPOINT((0.,0.));
#6100=IFCDIRECTION((1.,0.));
#6101=IFCAXIS2PLACEMENT2D(#6099,#6100);
#6102=IFCLSHAPEPROFILEDEF(.AREA.,'L4X3X5/16',#6101,0.076200000000000004,0.1016,0.0079501999999999993,0.,$,$);
#6103=IFCCARTESIANPOINT((0.,0.,0.));
#6104=IFCDIRECTION((0.,0.,1.));
#6105=IFCDIRECTION((1.,0.,0.));
#6106=IFCAXIS2PLACEMENT3D(#6103,#6104,#6105);
#6107=IFCDIRECTION((0.,0.,1.));
#6108=IFCEXTRUDEDAREASOLID(#6102,#6106,#6107,3.048);
#6109=IFCSHAPEREPRESENTATION(#11,'Body','SweptSolid',(#6108));
#6110=IFCCARTESIANPOINT((0.,0.,0.));
#6111=IFCDIRECTION((1.,0.,0.));
#6112=IFCDIRECTION((0.,0.,1.));
#6113=IFCAXIS2PLACEMENT3D(#6110,#6112,#6111);
#6114=IFCREPRESENTATIONMAP(#6113,#6109);
#6115=IFCPROPERTYSET('1uBHWsYMT1SBpcvbgBJ1y$',$,'MF_Structural',$,(#6116,#6117,#6118));
#6116=IFCPROPERTYSINGLEVALUE('Section',$,IFCLABEL('L4X3X5/16'),$);
#6117=IFCPROPERTYSINGLEVALUE('SectionFamily',$,IFCLABEL('L'),$);
#6118=IFCPROPERTYSINGLEVALUE('SectionSource',$,IFCLABEL('AISC Shapes Database v15.0 (US)'),$);
#6119=IFCPROPERTYSET('3mqyA9eDXBLusEV8wwzdCL',$,'MF_Library',$,(#6120,#6121,#6122,#6123,#6124,#6125,#6126,#6127,#6128,#6129));
#6120=IFCPROPERTYSINGLEVALUE('Key',$,IFCLABEL('steel_angle'),$);
#6121=IFCPROPERTYSINGLEVALUE('Family',$,IFCLABEL('Angle'),$);
#6122=IFCPROPERTYSINGLEVALUE('TypeName',$,IFCLABEL('L4X3X5/16'),$);
#6123=IFCPROPERTYSINGLEVALUE('Version',$,IFCLABEL('0.1.0'),$);
#6124=IFCPROPERTYSINGLEVALUE('License',$,IFCLABEL('CC0-1.0'),$);
#6125=IFCPROPERTYSINGLEVALUE('Source',$,IFCLABEL('massing-families'),$);
#6126=IFCPROPERTYSINGLEVALUE('Tier',$,IFCLABEL('L300'),$);
#6127=IFCPROPERTYSINGLEVALUE('Builder',$,IFCLABEL('profile'),$);
#6128=IFCPROPERTYSINGLEVALUE('Discipline',$,IFCLABEL('structural'),$);
#6129=IFCPROPERTYSINGLEVALUE('GeometryStatus',$,IFCLABEL('parametric'),$);
#6130=IFCPROPERTYSET('0qe3em4en9W8r6SYk05Fy1',$,'MF_Quantities',$,(#6131,#6132,#6133,#6134,#6135));
#6131=IFCPROPERTYSINGLEVALUE('NominalWidth',$,IFCREAL(0.1016),$);
#6132=IFCPROPERTYSINGLEVALUE('NominalDepth',$,IFCREAL(0.076200000000000004),$);
#6133=IFCPROPERTYSINGLEVALUE('NominalHeight',$,IFCREAL(3.048),$);
#6134=IFCPROPERTYSINGLEVALUE('NominalFootprintArea',$,IFCREAL(0.0077419999999999998),$);
#6135=IFCPROPERTYSINGLEVALUE('NominalVolume',$,IFCREAL(0.023597),$);
#6136=IFCMEMBERTYPE('0_bF7Ylef8yB9ps8wjAlKG',$,'Angle - L4X3X1/4',$,$,(#6153,#6157,#6168),(#6152),$,$,.NOTDEFINED.);
#6137=IFCCARTESIANPOINT((0.,0.));
#6138=IFCDIRECTION((1.,0.));
#6139=IFCAXIS2PLACEMENT2D(#6137,#6138);
#6140=IFCLSHAPEPROFILEDEF(.AREA.,'L4X3X1/4',#6139,0.076200000000000004,0.1016,0.0063499999999999997,0.,$,$);
#6141=IFCCARTESIANPOINT((0.,0.,0.));
#6142=IFCDIRECTION((0.,0.,1.));
#6143=IFCDIRECTION((1.,0.,0.));
#6144=IFCAXIS2PLACEMENT3D(#6141,#6142,#6143);
#6145=IFCDIRECTION((0.,0.,1.));
#6146=IFCEXTRUDEDAREASOLID(#6140,#6144,#6145,3.048);
#6147=IFCSHAPEREPRESENTATION(#11,'Body','SweptSolid',(#6146));
#6148=IFCCARTESIANPOINT((0.,0.,0.));
#6149=IFCDIRECTION((1.,0.,0.));
#6150=IFCDIRECTION((0.,0.,1.));
#6151=IFCAXIS2PLACEMENT3D(#6148,#6150,#6149);
#6152=IFCREPRESENTATIONMAP(#6151,#6147);
#6153=IFCPROPERTYSET('0ijBL0MpH4TB0jzZq1cxfK',$,'MF_Structural',$,(#6154,#6155,#6156));
#6154=IFCPROPERTYSINGLEVALUE('Section',$,IFCLABEL('L4X3X1/4'),$);
#6155=IFCPROPERTYSINGLEVALUE('SectionFamily',$,IFCLABEL('L'),$);
#6156=IFCPROPERTYSINGLEVALUE('SectionSource',$,IFCLABEL('AISC Shapes Database v15.0 (US)'),$);
#6157=IFCPROPERTYSET('2O4gtJuUvCsPzywTAcPmAO',$,'MF_Library',$,(#6158,#6159,#6160,#6161,#6162,#6163,#6164,#6165,#6166,#6167));
#6158=IFCPROPERTYSINGLEVALUE('Key',$,IFCLABEL('steel_angle'),$);
#6159=IFCPROPERTYSINGLEVALUE('Family',$,IFCLABEL('Angle'),$);
#6160=IFCPROPERTYSINGLEVALUE('TypeName',$,IFCLABEL('L4X3X1/4'),$);
#6161=IFCPROPERTYSINGLEVALUE('Version',$,IFCLABEL('0.1.0'),$);
#6162=IFCPROPERTYSINGLEVALUE('License',$,IFCLABEL('CC0-1.0'),$);
#6163=IFCPROPERTYSINGLEVALUE('Source',$,IFCLABEL('massing-families'),$);
#6164=IFCPROPERTYSINGLEVALUE('Tier',$,IFCLABEL('L300'),$);
#6165=IFCPROPERTYSINGLEVALUE('Builder',$,IFCLABEL('profile'),$);
#6166=IFCPROPERTYSINGLEVALUE('Discipline',$,IFCLABEL('structural'),$);
#6167=IFCPROPERTYSINGLEVALUE('GeometryStatus',$,IFCLABEL('parametric'),$);
#6168=IFCPROPERTYSET('0abKEa1njCIghuVh6HMrFv',$,'MF_Quantities',$,(#6169,#6170,#6171,#6172,#6173));
#6169=IFCPROPERTYSINGLEVALUE('NominalWidth',$,IFCREAL(0.1016),$);
#6170=IFCPROPERTYSINGLEVALUE('NominalDepth',$,IFCREAL(0.076200000000000004),$);
#6171=IFCPROPERTYSINGLEVALUE('NominalHeight',$,IFCREAL(3.048),$);
#6172=IFCPROPERTYSINGLEVALUE('NominalFootprintArea',$,IFCREAL(0.0077419999999999998),$);
#6173=IFCPROPERTYSINGLEVALUE('NominalVolume',$,IFCREAL(0.023597),$);
#6174=IFCMEMBERTYPE('1FpDWkv$j87enDN5eawUzj',$,'Angle - L3-1/2X3-1/2X1/2',$,$,(#6191,#6195,#6206),(#6190),$,$,.NOTDEFINED.);
#6175=IFCCARTESIANPOINT((0.,0.));
#6176=IFCDIRECTION((1.,0.));
#6177=IFCAXIS2PLACEMENT2D(#6175,#6176);
#6178=IFCLSHAPEPROFILEDEF(.AREA.,'L3-1/2X3-1/2X1/2',#6177,0.088900000000000007,0.088900000000000007,0.012699999999999999,0.,$,$);
#6179=IFCCARTESIANPOINT((0.,0.,0.));
#6180=IFCDIRECTION((0.,0.,1.));
#6181=IFCDIRECTION((1.,0.,0.));
#6182=IFCAXIS2PLACEMENT3D(#6179,#6180,#6181);
#6183=IFCDIRECTION((0.,0.,1.));
#6184=IFCEXTRUDEDAREASOLID(#6178,#6182,#6183,3.048);
#6185=IFCSHAPEREPRESENTATION(#11,'Body','SweptSolid',(#6184));
#6186=IFCCARTESIANPOINT((0.,0.,0.));
#6187=IFCDIRECTION((1.,0.,0.));
#6188=IFCDIRECTION((0.,0.,1.));
#6189=IFCAXIS2PLACEMENT3D(#6186,#6188,#6187);
#6190=IFCREPRESENTATIONMAP(#6189,#6185);
#6191=IFCPROPERTYSET('3P_neAOhHBqu_5D0$qVlg3',$,'MF_Structural',$,(#6192,#6193,#6194));
#6192=IFCPROPERTYSINGLEVALUE('Section',$,IFCLABEL('L3-1/2X3-1/2X1/2'),$);
#6193=IFCPROPERTYSINGLEVALUE('SectionFamily',$,IFCLABEL('L'),$);
#6194=IFCPROPERTYSINGLEVALUE('SectionSource',$,IFCLABEL('AISC Shapes Database v15.0 (US)'),$);
#6195=IFCPROPERTYSET('3zLSTWhb9BiOsizooRYhrY',$,'MF_Library',$,(#6196,#6197,#6198,#6199,#6200,#6201,#6202,#6203,#6204,#6205));
#6196=IFCPROPERTYSINGLEVALUE('Key',$,IFCLABEL('steel_angle'),$);
#6197=IFCPROPERTYSINGLEVALUE('Family',$,IFCLABEL('Angle'),$);
#6198=IFCPROPERTYSINGLEVALUE('TypeName',$,IFCLABEL('L3-1/2X3-1/2X1/2'),$);
#6199=IFCPROPERTYSINGLEVALUE('Version',$,IFCLABEL('0.1.0'),$);
#6200=IFCPROPERTYSINGLEVALUE('License',$,IFCLABEL('CC0-1.0'),$);
#6201=IFCPROPERTYSINGLEVALUE('Source',$,IFCLABEL('massing-families'),$);
#6202=IFCPROPERTYSINGLEVALUE('Tier',$,IFCLABEL('L300'),$);
#6203=IFCPROPERTYSINGLEVALUE('Builder',$,IFCLABEL('profile'),$);
#6204=IFCPROPERTYSINGLEVALUE('Discipline',$,IFCLABEL('structural'),$);
#6205=IFCPROPERTYSINGLEVALUE('GeometryStatus',$,IFCLABEL('parametric'),$);
#6206=IFCPROPERTYSET('0hRpVlEc1E1Qx3n634xB6Q',$,'MF_Quantities',$,(#6207,#6208,#6209,#6210,#6211));
#6207=IFCPROPERTYSINGLEVALUE('NominalWidth',$,IFCREAL(0.088900000000000007),$);
#6208=IFCPROPERTYSINGLEVALUE('NominalDepth',$,IFCREAL(0.088900000000000007),$);
#6209=IFCPROPERTYSINGLEVALUE('NominalHeight',$,IFCREAL(3.048),$);
#6210=IFCPROPERTYSINGLEVALUE('NominalFootprintArea',$,IFCREAL(0.0079030000000000003),$);
#6211=IFCPROPERTYSINGLEVALUE('NominalVolume',$,IFCREAL(0.024088999999999999),$);
#6212=IFCMEMBERTYPE('03URWLGyb6UwUKR0qQhcWn',$,'Angle - L3-1/2X3-1/2X7/16',$,$,(#6229,#6233,#6244),(#6228),$,$,.NOTDEFINED.);
#6213=IFCCARTESIANPOINT((0.,0.));
#6214=IFCDIRECTION((1.,0.));
#6215=IFCAXIS2PLACEMENT2D(#6213,#6214);
#6216=IFCLSHAPEPROFILEDEF(.AREA.,'L3-1/2X3-1/2X7/16',#6215,0.088900000000000007,0.088900000000000007,0.0111252,0.,$,$);
#6217=IFCCARTESIANPOINT((0.,0.,0.));
#6218=IFCDIRECTION((0.,0.,1.));
#6219=IFCDIRECTION((1.,0.,0.));
#6220=IFCAXIS2PLACEMENT3D(#6217,#6218,#6219);
#6221=IFCDIRECTION((0.,0.,1.));
#6222=IFCEXTRUDEDAREASOLID(#6216,#6220,#6221,3.048);
#6223=IFCSHAPEREPRESENTATION(#11,'Body','SweptSolid',(#6222));
#6224=IFCCARTESIANPOINT((0.,0.,0.));
#6225=IFCDIRECTION((1.,0.,0.));
#6226=IFCDIRECTION((0.,0.,1.));
#6227=IFCAXIS2PLACEMENT3D(#6224,#6226,#6225);
#6228=IFCREPRESENTATIONMAP(#6227,#6223);
#6229=IFCPROPERTYSET('1NuqzouPvCkxhTmreEJj$7',$,'MF_Structural',$,(#6230,#6231,#6232));
#6230=IFCPROPERTYSINGLEVALUE('Section',$,IFCLABEL('L3-1/2X3-1/2X7/16'),$);
#6231=IFCPROPERTYSINGLEVALUE('SectionFamily',$,IFCLABEL('L'),$);
#6232=IFCPROPERTYSINGLEVALUE('SectionSource',$,IFCLABEL('AISC Shapes Database v15.0 (US)'),$);
#6233=IFCPROPERTYSET('3am86WyaH4yPtvZ26Ri1rX',$,'MF_Library',$,(#6234,#6235,#6236,#6237,#6238,#6239,#6240,#6241,#6242,#6243));
#6234=IFCPROPERTYSINGLEVALUE('Key',$,IFCLABEL('steel_angle'),$);
#6235=IFCPROPERTYSINGLEVALUE('Family',$,IFCLABEL('Angle'),$);
#6236=IFCPROPERTYSINGLEVALUE('TypeName',$,IFCLABEL('L3-1/2X3-1/2X7/16'),$);
#6237=IFCPROPERTYSINGLEVALUE('Version',$,IFCLABEL('0.1.0'),$);
#6238=IFCPROPERTYSINGLEVALUE('License',$,IFCLABEL('CC0-1.0'),$);
#6239=IFCPROPERTYSINGLEVALUE('Source',$,IFCLABEL('massing-families'),$);
#6240=IFCPROPERTYSINGLEVALUE('Tier',$,IFCLABEL('L300'),$);
#6241=IFCPROPERTYSINGLEVALUE('Builder',$,IFCLABEL('profile'),$);
#6242=IFCPROPERTYSINGLEVALUE('Discipline',$,IFCLABEL('structural'),$);
#6243=IFCPROPERTYSINGLEVALUE('GeometryStatus',$,IFCLABEL('parametric'),$);
#6244=IFCPROPERTYSET('35tGjSJe1CzgbsvFs5LrSn',$,'MF_Quantities',$,(#6245,#6246,#6247,#6248,#6249));
#6245=IFCPROPERTYSINGLEVALUE('NominalWidth',$,IFCREAL(0.088900000000000007),$);
#6246=IFCPROPERTYSINGLEVALUE('NominalDepth',$,IFCREAL(0.088900000000000007),$);
#6247=IFCPROPERTYSINGLEVALUE('NominalHeight',$,IFCREAL(3.048),$);
#6248=IFCPROPERTYSINGLEVALUE('NominalFootprintArea',$,IFCREAL(0.0079030000000000003),$);
#6249=IFCPROPERTYSINGLEVALUE('NominalVolume',$,IFCREAL(0.024088999999999999),$);
#6250=IFCMEMBERTYPE('3rf0$cKoj4lQWCsLXK35Ub',$,'Angle - L3-1/2X3-1/2X3/8',$,$,(#6267,#6271,#6282),(#6266),$,$,.NOTDEFINED.);
#6251=IFCCARTESIANPOINT((0.,0.));
#6252=IFCDIRECTION((1.,0.));
#6253=IFCAXIS2PLACEMENT2D(#6251,#6252);
#6254=IFCLSHAPEPROFILEDEF(.AREA.,'L3-1/2X3-1/2X3/8',#6253,0.088900000000000007,0.088900000000000007,0.0095250000000000005,0.,$,$);
#6255=IFCCARTESIANPOINT((0.,0.,0.));
#6256=IFCDIRECTION((0.,0.,1.));
#6257=IFCDIRECTION((1.,0.,0.));
#6258=IFCAXIS2PLACEMENT3D(#6255,#6256,#6257);
#6259=IFCDIRECTION((0.,0.,1.));
#6260=IFCEXTRUDEDAREASOLID(#6254,#6258,#6259,3.048);
#6261=IFCSHAPEREPRESENTATION(#11,'Body','SweptSolid',(#6260));
#6262=IFCCARTESIANPOINT((0.,0.,0.));
#6263=IFCDIRECTION((1.,0.,0.));
#6264=IFCDIRECTION((0.,0.,1.));
#6265=IFCAXIS2PLACEMENT3D(#6262,#6264,#6263);
#6266=IFCREPRESENTATIONMAP(#6265,#6261);
#6267=IFCPROPERTYSET('0y1KnjL7jFKf7ejvMO7Hew',$,'MF_Structural',$,(#6268,#6269,#6270));
#6268=IFCPROPERTYSINGLEVALUE('Section',$,IFCLABEL('L3-1/2X3-1/2X3/8'),$);
#6269=IFCPROPERTYSINGLEVALUE('SectionFamily',$,IFCLABEL('L'),$);
#6270=IFCPROPERTYSINGLEVALUE('SectionSource',$,IFCLABEL('AISC Shapes Database v15.0 (US)'),$);
#6271=IFCPROPERTYSET('0J0l7HsDr4zRACN5zuVu1j',$,'MF_Library',$,(#6272,#6273,#6274,#6275,#6276,#6277,#6278,#6279,#6280,#6281));
#6272=IFCPROPERTYSINGLEVALUE('Key',$,IFCLABEL('steel_angle'),$);
#6273=IFCPROPERTYSINGLEVALUE('Family',$,IFCLABEL('Angle'),$);
#6274=IFCPROPERTYSINGLEVALUE('TypeName',$,IFCLABEL('L3-1/2X3-1/2X3/8'),$);
#6275=IFCPROPERTYSINGLEVALUE('Version',$,IFCLABEL('0.1.0'),$);
#6276=IFCPROPERTYSINGLEVALUE('License',$,IFCLABEL('CC0-1.0'),$);
#6277=IFCPROPERTYSINGLEVALUE('Source',$,IFCLABEL('massing-families'),$);
#6278=IFCPROPERTYSINGLEVALUE('Tier',$,IFCLABEL('L300'),$);
#6279=IFCPROPERTYSINGLEVALUE('Builder',$,IFCLABEL('profile'),$);
#6280=IFCPROPERTYSINGLEVALUE('Discipline',$,IFCLABEL('structural'),$);
#6281=IFCPROPERTYSINGLEVALUE('GeometryStatus',$,IFCLABEL('parametric'),$);
#6282=IFCPROPERTYSET('11F3fcyTr8nuZ1XSsRcbqT',$,'MF_Quantities',$,(#6283,#6284,#6285,#6286,#6287));
#6283=IFCPROPERTYSINGLEVALUE('NominalWidth',$,IFCREAL(0.088900000000000007),$);
#6284=IFCPROPERTYSINGLEVALUE('NominalDepth',$,IFCREAL(0.088900000000000007),$);
#6285=IFCPROPERTYSINGLEVALUE('NominalHeight',$,IFCREAL(3.048),$);
#6286=IFCPROPERTYSINGLEVALUE('NominalFootprintArea',$,IFCREAL(0.0079030000000000003),$);
#6287=IFCPROPERTYSINGLEVALUE('NominalVolume',$,IFCREAL(0.024088999999999999),$);
#6288=IFCMEMBERTYPE('143$zXuU9C2BJwZXUafpnh',$,'Angle - L3-1/2X3-1/2X5/16',$,$,(#6305,#6309,#6320),(#6304),$,$,.NOTDEFINED.);
#6289=IFCCARTESIANPOINT((0.,0.));
#6290=IFCDIRECTION((1.,0.));
#6291=IFCAXIS2PLACEMENT2D(#6289,#6290);
#6292=IFCLSHAPEPROFILEDEF(.AREA.,'L3-1/2X3-1/2X5/16',#6291,0.088900000000000007,0.088900000000000007,0.0079501999999999993,0.,$,$);
#6293=IFCCARTESIANPOINT((0.,0.,0.));
#6294=IFCDIRECTION((0.,0.,1.));
#6295=IFCDIRECTION((1.,0.,0.));
#6296=IFCAXIS2PLACEMENT3D(#6293,#6294,#6295);
#6297=IFCDIRECTION((0.,0.,1.));
#6298=IFCEXTRUDEDAREASOLID(#6292,#6296,#6297,3.048);
#6299=IFCSHAPEREPRESENTATION(#11,'Body','SweptSolid',(#6298));
#6300=IFCCARTESIANPOINT((0.,0.,0.));
#6301=IFCDIRECTION((1.,0.,0.));
#6302=IFCDIRECTION((0.,0.,1.));
#6303=IFCAXIS2PLACEMENT3D(#6300,#6302,#6301);
#6304=IFCREPRESENTATIONMAP(#6303,#6299);
#6305=IFCPROPERTYSET('2OjPJGqyn4k9xqSa3A68xZ',$,'MF_Structural',$,(#6306,#6307,#6308));
#6306=IFCPROPERTYSINGLEVALUE('Section',$,IFCLABEL('L3-1/2X3-1/2X5/16'),$);
#6307=IFCPROPERTYSINGLEVALUE('SectionFamily',$,IFCLABEL('L'),$);
#6308=IFCPROPERTYSINGLEVALUE('SectionSource',$,IFCLABEL('AISC Shapes Database v15.0 (US)'),$);
#6309=IFCPROPERTYSET('3HmBygXsrBcBV5BtaEk8$7',$,'MF_Library',$,(#6310,#6311,#6312,#6313,#6314,#6315,#6316,#6317,#6318,#6319));
#6310=IFCPROPERTYSINGLEVALUE('Key',$,IFCLABEL('steel_angle'),$);
#6311=IFCPROPERTYSINGLEVALUE('Family',$,IFCLABEL('Angle'),$);
#6312=IFCPROPERTYSINGLEVALUE('TypeName',$,IFCLABEL('L3-1/2X3-1/2X5/16'),$);
#6313=IFCPROPERTYSINGLEVALUE('Version',$,IFCLABEL('0.1.0'),$);
#6314=IFCPROPERTYSINGLEVALUE('License',$,IFCLABEL('CC0-1.0'),$);
#6315=IFCPROPERTYSINGLEVALUE('Source',$,IFCLABEL('massing-families'),$);
#6316=IFCPROPERTYSINGLEVALUE('Tier',$,IFCLABEL('L300'),$);
#6317=IFCPROPERTYSINGLEVALUE('Builder',$,IFCLABEL('profile'),$);
#6318=IFCPROPERTYSINGLEVALUE('Discipline',$,IFCLABEL('structural'),$);
#6319=IFCPROPERTYSINGLEVALUE('GeometryStatus',$,IFCLABEL('parametric'),$);
#6320=IFCPROPERTYSET('1SEk1VOGj4lAfrk8_Ae$z5',$,'MF_Quantities',$,(#6321,#6322,#6323,#6324,#6325));
#6321=IFCPROPERTYSINGLEVALUE('NominalWidth',$,IFCREAL(0.088900000000000007),$);
#6322=IFCPROPERTYSINGLEVALUE('NominalDepth',$,IFCREAL(0.088900000000000007),$);
#6323=IFCPROPERTYSINGLEVALUE('NominalHeight',$,IFCREAL(3.048),$);
#6324=IFCPROPERTYSINGLEVALUE('NominalFootprintArea',$,IFCREAL(0.0079030000000000003),$);
#6325=IFCPROPERTYSINGLEVALUE('NominalVolume',$,IFCREAL(0.024088999999999999),$);
#6326=IFCMEMBERTYPE('1EXjNr$jL6cRzGFI0qNl18',$,'Angle - L3-1/2X3-1/2X1/4',$,$,(#6343,#6347,#6358),(#6342),$,$,.NOTDEFINED.);
#6327=IFCCARTESIANPOINT((0.,0.));
#6328=IFCDIRECTION((1.,0.));
#6329=IFCAXIS2PLACEMENT2D(#6327,#6328);
#6330=IFCLSHAPEPROFILEDEF(.AREA.,'L3-1/2X3-1/2X1/4',#6329,0.088900000000000007,0.088900000000000007,0.0063499999999999997,0.,$,$);
#6331=IFCCARTESIANPOINT((0.,0.,0.));
#6332=IFCDIRECTION((0.,0.,1.));
#6333=IFCDIRECTION((1.,0.,0.));
#6334=IFCAXIS2PLACEMENT3D(#6331,#6332,#6333);
#6335=IFCDIRECTION((0.,0.,1.));
#6336=IFCEXTRUDEDAREASOLID(#6330,#6334,#6335,3.048);
#6337=IFCSHAPEREPRESENTATION(#11,'Body','SweptSolid',(#6336));
#6338=IFCCARTESIANPOINT((0.,0.,0.));
#6339=IFCDIRECTION((1.,0.,0.));
#6340=IFCDIRECTION((0.,0.,1.));
#6341=IFCAXIS2PLACEMENT3D(#6338,#6340,#6339);
#6342=IFCREPRESENTATIONMAP(#6341,#6337);
#6343=IFCPROPERTYSET('2Q$iUwA0n5JfwJOVyOCARx',$,'MF_Structural',$,(#6344,#6345,#6346));
#6344=IFCPROPERTYSINGLEVALUE('Section',$,IFCLABEL('L3-1/2X3-1/2X1/4'),$);
#6345=IFCPROPERTYSINGLEVALUE('SectionFamily',$,IFCLABEL('L'),$);
#6346=IFCPROPERTYSINGLEVALUE('SectionSource',$,IFCLABEL('AISC Shapes Database v15.0 (US)'),$);
#6347=IFCPROPERTYSET('0eCTdGrYr50eZf5xISg9y0',$,'MF_Library',$,(#6348,#6349,#6350,#6351,#6352,#6353,#6354,#6355,#6356,#6357));
#6348=IFCPROPERTYSINGLEVALUE('Key',$,IFCLABEL('steel_angle'),$);
#6349=IFCPROPERTYSINGLEVALUE('Family',$,IFCLABEL('Angle'),$);
#6350=IFCPROPERTYSINGLEVALUE('TypeName',$,IFCLABEL('L3-1/2X3-1/2X1/4'),$);
#6351=IFCPROPERTYSINGLEVALUE('Version',$,IFCLABEL('0.1.0'),$);
#6352=IFCPROPERTYSINGLEVALUE('License',$,IFCLABEL('CC0-1.0'),$);
#6353=IFCPROPERTYSINGLEVALUE('Source',$,IFCLABEL('massing-families'),$);
#6354=IFCPROPERTYSINGLEVALUE('Tier',$,IFCLABEL('L300'),$);
#6355=IFCPROPERTYSINGLEVALUE('Builder',$,IFCLABEL('profile'),$);
#6356=IFCPROPERTYSINGLEVALUE('Discipline',$,IFCLABEL('structural'),$);
#6357=IFCPROPERTYSINGLEVALUE('GeometryStatus',$,IFCLABEL('parametric'),$);
#6358=IFCPROPERTYSET('0_KYVfGTHBSho3VPjzlR81',$,'MF_Quantities',$,(#6359,#6360,#6361,#6362,#6363));
#6359=IFCPROPERTYSINGLEVALUE('NominalWidth',$,IFCREAL(0.088900000000000007),$);
#6360=IFCPROPERTYSINGLEVALUE('NominalDepth',$,IFCREAL(0.088900000000000007),$);
#6361=IFCPROPERTYSINGLEVALUE('NominalHeight',$,IFCREAL(3.048),$);
#6362=IFCPROPERTYSINGLEVALUE('NominalFootprintArea',$,IFCREAL(0.0079030000000000003),$);
#6363=IFCPROPERTYSINGLEVALUE('NominalVolume',$,IFCREAL(0.024088999999999999),$);
#6364=IFCMEMBERTYPE('3R0st6SiLD6hH9KobF8spd',$,'Angle - L3-1/2X3X1/2',$,$,(#6381,#6385,#6396),(#6380),$,$,.NOTDEFINED.);
#6365=IFCCARTESIANPOINT((0.,0.));
#6366=IFCDIRECTION((1.,0.));
#6367=IFCAXIS2PLACEMENT2D(#6365,#6366);
#6368=IFCLSHAPEPROFILEDEF(.AREA.,'L3-1/2X3X1/2',#6367,0.076200000000000004,0.088900000000000007,0.012699999999999999,0.,$,$);
#6369=IFCCARTESIANPOINT((0.,0.,0.));
#6370=IFCDIRECTION((0.,0.,1.));
#6371=IFCDIRECTION((1.,0.,0.));
#6372=IFCAXIS2PLACEMENT3D(#6369,#6370,#6371);
#6373=IFCDIRECTION((0.,0.,1.));
#6374=IFCEXTRUDEDAREASOLID(#6368,#6372,#6373,3.048);
#6375=IFCSHAPEREPRESENTATION(#11,'Body','SweptSolid',(#6374));
#6376=IFCCARTESIANPOINT((0.,0.,0.));
#6377=IFCDIRECTION((1.,0.,0.));
#6378=IFCDIRECTION((0.,0.,1.));
#6379=IFCAXIS2PLACEMENT3D(#6376,#6378,#6377);
#6380=IFCREPRESENTATIONMAP(#6379,#6375);
#6381=IFCPROPERTYSET('2xYkcdz2b6Z9rXVoDk2D8P',$,'MF_Structural',$,(#6382,#6383,#6384));
#6382=IFCPROPERTYSINGLEVALUE('Section',$,IFCLABEL('L3-1/2X3X1/2'),$);
#6383=IFCPROPERTYSINGLEVALUE('SectionFamily',$,IFCLABEL('L'),$);
#6384=IFCPROPERTYSINGLEVALUE('SectionSource',$,IFCLABEL('AISC Shapes Database v15.0 (US)'),$);
#6385=IFCPROPERTYSET('2W6uHNUILAOe7iSjca1sgi',$,'MF_Library',$,(#6386,#6387,#6388,#6389,#6390,#6391,#6392,#6393,#6394,#6395));
#6386=IFCPROPERTYSINGLEVALUE('Key',$,IFCLABEL('steel_angle'),$);
#6387=IFCPROPERTYSINGLEVALUE('Family',$,IFCLABEL('Angle'),$);
#6388=IFCPROPERTYSINGLEVALUE('TypeName',$,IFCLABEL('L3-1/2X3X1/2'),$);
#6389=IFCPROPERTYSINGLEVALUE('Version',$,IFCLABEL('0.1.0'),$);
#6390=IFCPROPERTYSINGLEVALUE('License',$,IFCLABEL('CC0-1.0'),$);
#6391=IFCPROPERTYSINGLEVALUE('Source',$,IFCLABEL('massing-families'),$);
#6392=IFCPROPERTYSINGLEVALUE('Tier',$,IFCLABEL('L300'),$);
#6393=IFCPROPERTYSINGLEVALUE('Builder',$,IFCLABEL('profile'),$);
#6394=IFCPROPERTYSINGLEVALUE('Discipline',$,IFCLABEL('structural'),$);
#6395=IFCPROPERTYSINGLEVALUE('GeometryStatus',$,IFCLABEL('parametric'),$);
#6396=IFCPROPERTYSET('1yn61MyofALBV$mimDcksn',$,'MF_Quantities',$,(#6397,#6398,#6399,#6400,#6401));
#6397=IFCPROPERTYSINGLEVALUE('NominalWidth',$,IFCREAL(0.088900000000000007),$);
#6398=IFCPROPERTYSINGLEVALUE('NominalDepth',$,IFCREAL(0.076200000000000004),$);
#6399=IFCPROPERTYSINGLEVALUE('NominalHeight',$,IFCREAL(3.048),$);
#6400=IFCPROPERTYSINGLEVALUE('NominalFootprintArea',$,IFCREAL(0.0067739999999999996),$);
#6401=IFCPROPERTYSINGLEVALUE('NominalVolume',$,IFCREAL(0.020648),$);
#6402=IFCMEMBERTYPE('0FljjwhOH70vHEMHnAqpEW',$,'Angle - L3-1/2X3X7/16',$,$,(#6419,#6423,#6434),(#6418),$,$,.NOTDEFINED.);
#6403=IFCCARTESIANPOINT((0.,0.));
#6404=IFCDIRECTION((1.,0.));
#6405=IFCAXIS2PLACEMENT2D(#6403,#6404);
#6406=IFCLSHAPEPROFILEDEF(.AREA.,'L3-1/2X3X7/16',#6405,0.076200000000000004,0.088900000000000007,0.0111252,0.,$,$);
#6407=IFCCARTESIANPOINT((0.,0.,0.));
#6408=IFCDIRECTION((0.,0.,1.));
#6409=IFCDIRECTION((1.,0.,0.));
#6410=IFCAXIS2PLACEMENT3D(#6407,#6408,#6409);
#6411=IFCDIRECTION((0.,0.,1.));
#6412=IFCEXTRUDEDAREASOLID(#6406,#6410,#6411,3.048);
#6413=IFCSHAPEREPRESENTATION(#11,'Body','SweptSolid',(#6412));
#6414=IFCCARTESIANPOINT((0.,0.,0.));
#6415=IFCDIRECTION((1.,0.,0.));
#6416=IFCDIRECTION((0.,0.,1.));
#6417=IFCAXIS2PLACEMENT3D(#6414,#6416,#6415);
#6418=IFCREPRESENTATIONMAP(#6417,#6413);
#6419=IFCPROPERTYSET('1t7FeJGn15CwDbo88Eweh$',$,'MF_Structural',$,(#6420,#6421,#6422));
#6420=IFCPROPERTYSINGLEVALUE('Section',$,IFCLABEL('L3-1/2X3X7/16'),$);
#6421=IFCPROPERTYSINGLEVALUE('SectionFamily',$,IFCLABEL('L'),$);
#6422=IFCPROPERTYSINGLEVALUE('SectionSource',$,IFCLABEL('AISC Shapes Database v15.0 (US)'),$);
#6423=IFCPROPERTYSET('3utISO_aT4cfzvcD4n4IFy',$,'MF_Library',$,(#6424,#6425,#6426,#6427,#6428,#6429,#6430,#6431,#6432,#6433));
#6424=IFCPROPERTYSINGLEVALUE('Key',$,IFCLABEL('steel_angle'),$);
#6425=IFCPROPERTYSINGLEVALUE('Family',$,IFCLABEL('Angle'),$);
#6426=IFCPROPERTYSINGLEVALUE('TypeName',$,IFCLABEL('L3-1/2X3X7/16'),$);
#6427=IFCPROPERTYSINGLEVALUE('Version',$,IFCLABEL('0.1.0'),$);
#6428=IFCPROPERTYSINGLEVALUE('License',$,IFCLABEL('CC0-1.0'),$);
#6429=IFCPROPERTYSINGLEVALUE('Source',$,IFCLABEL('massing-families'),$);
#6430=IFCPROPERTYSINGLEVALUE('Tier',$,IFCLABEL('L300'),$);
#6431=IFCPROPERTYSINGLEVALUE('Builder',$,IFCLABEL('profile'),$);
#6432=IFCPROPERTYSINGLEVALUE('Discipline',$,IFCLABEL('structural'),$);
#6433=IFCPROPERTYSINGLEVALUE('GeometryStatus',$,IFCLABEL('parametric'),$);
#6434=IFCPROPERTYSET('0OWQL$dJf4HudVUVTpJSBj',$,'MF_Quantities',$,(#6435,#6436,#6437,#6438,#6439));
#6435=IFCPROPERTYSINGLEVALUE('NominalWidth',$,IFCREAL(0.088900000000000007),$);
#6436=IFCPROPERTYSINGLEVALUE('NominalDepth',$,IFCREAL(0.076200000000000004),$);
#6437=IFCPROPERTYSINGLEVALUE('NominalHeight',$,IFCREAL(3.048),$);
#6438=IFCPROPERTYSINGLEVALUE('NominalFootprintArea',$,IFCREAL(0.0067739999999999996),$);
#6439=IFCPROPERTYSINGLEVALUE('NominalVolume',$,IFCREAL(0.020648),$);
#6440=IFCMEMBERTYPE('1vaZjYlCbEtRsgfJlETCuX',$,'Angle - L3-1/2X3X3/8',$,$,(#6457,#6461,#6472),(#6456),$,$,.NOTDEFINED.);
#6441=IFCCARTESIANPOINT((0.,0.));
#6442=IFCDIRECTION((1.,0.));
#6443=IFCAXIS2PLACEMENT2D(#6441,#6442);
#6444=IFCLSHAPEPROFILEDEF(.AREA.,'L3-1/2X3X3/8',#6443,0.076200000000000004,0.088900000000000007,0.0095250000000000005,0.,$,$);
#6445=IFCCARTESIANPOINT((0.,0.,0.));
#6446=IFCDIRECTION((0.,0.,1.));
#6447=IFCDIRECTION((1.,0.,0.));
#6448=IFCAXIS2PLACEMENT3D(#6445,#6446,#6447);
#6449=IFCDIRECTION((0.,0.,1.));
#6450=IFCEXTRUDEDAREASOLID(#6444,#6448,#6449,3.048);
#6451=IFCSHAPEREPRESENTATION(#11,'Body','SweptSolid',(#6450));
#6452=IFCCARTESIANPOINT((0.,0.,0.));
#6453=IFCDIRECTION((1.,0.,0.));
#6454=IFCDIRECTION((0.,0.,1.));
#6455=IFCAXIS2PLACEMENT3D(#6452,#6454,#6453);
#6456=IFCREPRESENTATIONMAP(#6455,#6451);
#6457=IFCPROPERTYSET('1T2UY1$pr4XObYwdLVIltr',$,'MF_Structural',$,(#6458,#6459,#6460));
#6458=IFCPROPERTYSINGLEVALUE('Section',$,IFCLABEL('L3-1/2X3X3/8'),$);
#6459=IFCPROPERTYSINGLEVALUE('SectionFamily',$,IFCLABEL('L'),$);
#6460=IFCPROPERTYSINGLEVALUE('SectionSource',$,IFCLABEL('AISC Shapes Database v15.0 (US)'),$);
#6461=IFCPROPERTYSET('30QF5eqxz5BO3XJuS2_yhc',$,'MF_Library',$,(#6462,#6463,#6464,#6465,#6466,#6467,#6468,#6469,#6470,#6471));
#6462=IFCPROPERTYSINGLEVALUE('Key',$,IFCLABEL('steel_angle'),$);
#6463=IFCPROPERTYSINGLEVALUE('Family',$,IFCLABEL('Angle'),$);
#6464=IFCPROPERTYSINGLEVALUE('TypeName',$,IFCLABEL('L3-1/2X3X3/8'),$);
#6465=IFCPROPERTYSINGLEVALUE('Version',$,IFCLABEL('0.1.0'),$);
#6466=IFCPROPERTYSINGLEVALUE('License',$,IFCLABEL('CC0-1.0'),$);
#6467=IFCPROPERTYSINGLEVALUE('Source',$,IFCLABEL('massing-families'),$);
#6468=IFCPROPERTYSINGLEVALUE('Tier',$,IFCLABEL('L300'),$);
#6469=IFCPROPERTYSINGLEVALUE('Builder',$,IFCLABEL('profile'),$);
#6470=IFCPROPERTYSINGLEVALUE('Discipline',$,IFCLABEL('structural'),$);
#6471=IFCPROPERTYSINGLEVALUE('GeometryStatus',$,IFCLABEL('parametric'),$);
#6472=IFCPROPERTYSET('3aRd1hmu1FL9H_GSJ5kxD2',$,'MF_Quantities',$,(#6473,#6474,#6475,#6476,#6477));
#6473=IFCPROPERTYSINGLEVALUE('NominalWidth',$,IFCREAL(0.088900000000000007),$);
#6474=IFCPROPERTYSINGLEVALUE('NominalDepth',$,IFCREAL(0.076200000000000004),$);
#6475=IFCPROPERTYSINGLEVALUE('NominalHeight',$,IFCREAL(3.048),$);
#6476=IFCPROPERTYSINGLEVALUE('NominalFootprintArea',$,IFCREAL(0.0067739999999999996),$);
#6477=IFCPROPERTYSINGLEVALUE('NominalVolume',$,IFCREAL(0.020648),$);
#6478=IFCMEMBERTYPE('3I6YvFAKHCMw7b$vWzuzMH',$,'Angle - L3-1/2X3X5/16',$,$,(#6495,#6499,#6510),(#6494),$,$,.NOTDEFINED.);
#6479=IFCCARTESIANPOINT((0.,0.));
#6480=IFCDIRECTION((1.,0.));
#6481=IFCAXIS2PLACEMENT2D(#6479,#6480);
#6482=IFCLSHAPEPROFILEDEF(.AREA.,'L3-1/2X3X5/16',#6481,0.076200000000000004,0.088900000000000007,0.0079501999999999993,0.,$,$);
#6483=IFCCARTESIANPOINT((0.,0.,0.));
#6484=IFCDIRECTION((0.,0.,1.));
#6485=IFCDIRECTION((1.,0.,0.));
#6486=IFCAXIS2PLACEMENT3D(#6483,#6484,#6485);
#6487=IFCDIRECTION((0.,0.,1.));
#6488=IFCEXTRUDEDAREASOLID(#6482,#6486,#6487,3.048);
#6489=IFCSHAPEREPRESENTATION(#11,'Body','SweptSolid',(#6488));
#6490=IFCCARTESIANPOINT((0.,0.,0.));
#6491=IFCDIRECTION((1.,0.,0.));
#6492=IFCDIRECTION((0.,0.,1.));
#6493=IFCAXIS2PLACEMENT3D(#6490,#6492,#6491);
#6494=IFCREPRESENTATIONMAP(#6493,#6489);
#6495=IFCPROPERTYSET('0AUtch4fT689IEUlBI2NfD',$,'MF_Structural',$,(#6496,#6497,#6498));
#6496=IFCPROPERTYSINGLEVALUE('Section',$,IFCLABEL('L3-1/2X3X5/16'),$);
#6497=IFCPROPERTYSINGLEVALUE('SectionFamily',$,IFCLABEL('L'),$);
#6498=IFCPROPERTYSINGLEVALUE('SectionSource',$,IFCLABEL('AISC Shapes Database v15.0 (US)'),$);
#6499=IFCPROPERTYSET('3x$68qqrzFPRmqzy8VPjMo',$,'MF_Library',$,(#6500,#6501,#6502,#6503,#6504,#6505,#6506,#6507,#6508,#6509));
#6500=IFCPROPERTYSINGLEVALUE('Key',$,IFCLABEL('steel_angle'),$);
#6501=IFCPROPERTYSINGLEVALUE('Family',$,IFCLABEL('Angle'),$);
#6502=IFCPROPERTYSINGLEVALUE('TypeName',$,IFCLABEL('L3-1/2X3X5/16'),$);
#6503=IFCPROPERTYSINGLEVALUE('Version',$,IFCLABEL('0.1.0'),$);
#6504=IFCPROPERTYSINGLEVALUE('License',$,IFCLABEL('CC0-1.0'),$);
#6505=IFCPROPERTYSINGLEVALUE('Source',$,IFCLABEL('massing-families'),$);
#6506=IFCPROPERTYSINGLEVALUE('Tier',$,IFCLABEL('L300'),$);
#6507=IFCPROPERTYSINGLEVALUE('Builder',$,IFCLABEL('profile'),$);
#6508=IFCPROPERTYSINGLEVALUE('Discipline',$,IFCLABEL('structural'),$);
#6509=IFCPROPERTYSINGLEVALUE('GeometryStatus',$,IFCLABEL('parametric'),$);
#6510=IFCPROPERTYSET('2wJFoa2HTDahkAfpvmC99j',$,'MF_Quantities',$,(#6511,#6512,#6513,#6514,#6515));
#6511=IFCPROPERTYSINGLEVALUE('NominalWidth',$,IFCREAL(0.088900000000000007),$);
#6512=IFCPROPERTYSINGLEVALUE('NominalDepth',$,IFCREAL(0.076200000000000004),$);
#6513=IFCPROPERTYSINGLEVALUE('NominalHeight',$,IFCREAL(3.048),$);
#6514=IFCPROPERTYSINGLEVALUE('NominalFootprintArea',$,IFCREAL(0.0067739999999999996),$);
#6515=IFCPROPERTYSINGLEVALUE('NominalVolume',$,IFCREAL(0.020648),$);
#6516=IFCMEMBERTYPE('0K95F2a9L1dgRTQLY30lP2',$,'Angle - L3-1/2X3X1/4',$,$,(#6533,#6537,#6548),(#6532),$,$,.NOTDEFINED.);
#6517=IFCCARTESIANPOINT((0.,0.));
#6518=IFCDIRECTION((1.,0.));
#6519=IFCAXIS2PLACEMENT2D(#6517,#6518);
#6520=IFCLSHAPEPROFILEDEF(.AREA.,'L3-1/2X3X1/4',#6519,0.076200000000000004,0.088900000000000007,0.0063499999999999997,0.,$,$);
#6521=IFCCARTESIANPOINT((0.,0.,0.));
#6522=IFCDIRECTION((0.,0.,1.));
#6523=IFCDIRECTION((1.,0.,0.));
#6524=IFCAXIS2PLACEMENT3D(#6521,#6522,#6523);
#6525=IFCDIRECTION((0.,0.,1.));
#6526=IFCEXTRUDEDAREASOLID(#6520,#6524,#6525,3.048);
#6527=IFCSHAPEREPRESENTATION(#11,'Body','SweptSolid',(#6526));
#6528=IFCCARTESIANPOINT((0.,0.,0.));
#6529=IFCDIRECTION((1.,0.,0.));
#6530=IFCDIRECTION((0.,0.,1.));
#6531=IFCAXIS2PLACEMENT3D(#6528,#6530,#6529);
#6532=IFCREPRESENTATIONMAP(#6531,#6527);
#6533=IFCPROPERTYSET('3QWCpuJcn4iveHGRQZq5X1',$,'MF_Structural',$,(#6534,#6535,#6536));
#6534=IFCPROPERTYSINGLEVALUE('Section',$,IFCLABEL('L3-1/2X3X1/4'),$);
#6535=IFCPROPERTYSINGLEVALUE('SectionFamily',$,IFCLABEL('L'),$);
#6536=IFCPROPERTYSINGLEVALUE('SectionSource',$,IFCLABEL('AISC Shapes Database v15.0 (US)'),$);
#6537=IFCPROPERTYSET('0KHVuyI2r9LvYt1NeiwmY1',$,'MF_Library',$,(#6538,#6539,#6540,#6541,#6542,#6543,#6544,#6545,#6546,#6547));
#6538=IFCPROPERTYSINGLEVALUE('Key',$,IFCLABEL('steel_angle'),$);
#6539=IFCPROPERTYSINGLEVALUE('Family',$,IFCLABEL('Angle'),$);
#6540=IFCPROPERTYSINGLEVALUE('TypeName',$,IFCLABEL('L3-1/2X3X1/4'),$);
#6541=IFCPROPERTYSINGLEVALUE('Version',$,IFCLABEL('0.1.0'),$);
#6542=IFCPROPERTYSINGLEVALUE('License',$,IFCLABEL('CC0-1.0'),$);
#6543=IFCPROPERTYSINGLEVALUE('Source',$,IFCLABEL('massing-families'),$);
#6544=IFCPROPERTYSINGLEVALUE('Tier',$,IFCLABEL('L300'),$);
#6545=IFCPROPERTYSINGLEVALUE('Builder',$,IFCLABEL('profile'),$);
#6546=IFCPROPERTYSINGLEVALUE('Discipline',$,IFCLABEL('structural'),$);
#6547=IFCPROPERTYSINGLEVALUE('GeometryStatus',$,IFCLABEL('parametric'),$);
#6548=IFCPROPERTYSET('1oaXrZ4EP6J8no2Jbwk7LP',$,'MF_Quantities',$,(#6549,#6550,#6551,#6552,#6553));
#6549=IFCPROPERTYSINGLEVALUE('NominalWidth',$,IFCREAL(0.088900000000000007),$);
#6550=IFCPROPERTYSINGLEVALUE('NominalDepth',$,IFCREAL(0.076200000000000004),$);
#6551=IFCPROPERTYSINGLEVALUE('NominalHeight',$,IFCREAL(3.048),$);
#6552=IFCPROPERTYSINGLEVALUE('NominalFootprintArea',$,IFCREAL(0.0067739999999999996),$);
#6553=IFCPROPERTYSINGLEVALUE('NominalVolume',$,IFCREAL(0.020648),$);
#6554=IFCMEMBERTYPE('2yWHJBOoTB1hBZaTkgv$mO',$,'Angle - L3-1/2X2-1/2X1/2',$,$,(#6571,#6575,#6586),(#6570),$,$,.NOTDEFINED.);
#6555=IFCCARTESIANPOINT((0.,0.));
#6556=IFCDIRECTION((1.,0.));
#6557=IFCAXIS2PLACEMENT2D(#6555,#6556);
#6558=IFCLSHAPEPROFILEDEF(.AREA.,'L3-1/2X2-1/2X1/2',#6557,0.063500000000000001,0.088900000000000007,0.012699999999999999,0.,$,$);
#6559=IFCCARTESIANPOINT((0.,0.,0.));
#6560=IFCDIRECTION((0.,0.,1.));
#6561=IFCDIRECTION((1.,0.,0.));
#6562=IFCAXIS2PLACEMENT3D(#6559,#6560,#6561);
#6563=IFCDIRECTION((0.,0.,1.));
#6564=IFCEXTRUDEDAREASOLID(#6558,#6562,#6563,3.048);
#6565=IFCSHAPEREPRESENTATION(#11,'Body','SweptSolid',(#6564));
#6566=IFCCARTESIANPOINT((0.,0.,0.));
#6567=IFCDIRECTION((1.,0.,0.));
#6568=IFCDIRECTION((0.,0.,1.));
#6569=IFCAXIS2PLACEMENT3D(#6566,#6568,#6567);
#6570=IFCREPRESENTATIONMAP(#6569,#6565);
#6571=IFCPROPERTYSET('0coobqD1j6PfsXN9ZA1Y9O',$,'MF_Structural',$,(#6572,#6573,#6574));
#6572=IFCPROPERTYSINGLEVALUE('Section',$,IFCLABEL('L3-1/2X2-1/2X1/2'),$);
#6573=IFCPROPERTYSINGLEVALUE('SectionFamily',$,IFCLABEL('L'),$);
#6574=IFCPROPERTYSINGLEVALUE('SectionSource',$,IFCLABEL('AISC Shapes Database v15.0 (US)'),$);
#6575=IFCPROPERTYSET('3WA3q6F3X31P4S851bJ0Vx',$,'MF_Library',$,(#6576,#6577,#6578,#6579,#6580,#6581,#6582,#6583,#6584,#6585));
#6576=IFCPROPERTYSINGLEVALUE('Key',$,IFCLABEL('steel_angle'),$);
#6577=IFCPROPERTYSINGLEVALUE('Family',$,IFCLABEL('Angle'),$);
#6578=IFCPROPERTYSINGLEVALUE('TypeName',$,IFCLABEL('L3-1/2X2-1/2X1/2'),$);
#6579=IFCPROPERTYSINGLEVALUE('Version',$,IFCLABEL('0.1.0'),$);
#6580=IFCPROPERTYSINGLEVALUE('License',$,IFCLABEL('CC0-1.0'),$);
#6581=IFCPROPERTYSINGLEVALUE('Source',$,IFCLABEL('massing-families'),$);
#6582=IFCPROPERTYSINGLEVALUE('Tier',$,IFCLABEL('L300'),$);
#6583=IFCPROPERTYSINGLEVALUE('Builder',$,IFCLABEL('profile'),$);
#6584=IFCPROPERTYSINGLEVALUE('Discipline',$,IFCLABEL('structural'),$);
#6585=IFCPROPERTYSINGLEVALUE('GeometryStatus',$,IFCLABEL('parametric'),$);
#6586=IFCPROPERTYSET('3aW_mSe9rC69qD_bKiNxu7',$,'MF_Quantities',$,(#6587,#6588,#6589,#6590,#6591));
#6587=IFCPROPERTYSINGLEVALUE('NominalWidth',$,IFCREAL(0.088900000000000007),$);
#6588=IFCPROPERTYSINGLEVALUE('NominalDepth',$,IFCREAL(0.063500000000000001),$);
#6589=IFCPROPERTYSINGLEVALUE('NominalHeight',$,IFCREAL(3.048),$);
#6590=IFCPROPERTYSINGLEVALUE('NominalFootprintArea',$,IFCREAL(0.0056449999999999998),$);
#6591=IFCPROPERTYSINGLEVALUE('NominalVolume',$,IFCREAL(0.017205999999999999),$);
#6592=IFCMEMBERTYPE('35FreZvtf3MQr16X8lt5VP',$,'Angle - L3-1/2X2-1/2X3/8',$,$,(#6609,#6613,#6624),(#6608),$,$,.NOTDEFINED.);
#6593=IFCCARTESIANPOINT((0.,0.));
#6594=IFCDIRECTION((1.,0.));
#6595=IFCAXIS2PLACEMENT2D(#6593,#6594);
#6596=IFCLSHAPEPROFILEDEF(.AREA.,'L3-1/2X2-1/2X3/8',#6595,0.063500000000000001,0.088900000000000007,0.0095250000000000005,0.,$,$);
#6597=IFCCARTESIANPOINT((0.,0.,0.));
#6598=IFCDIRECTION((0.,0.,1.));
#6599=IFCDIRECTION((1.,0.,0.));
#6600=IFCAXIS2PLACEMENT3D(#6597,#6598,#6599);
#6601=IFCDIRECTION((0.,0.,1.));
#6602=IFCEXTRUDEDAREASOLID(#6596,#6600,#6601,3.048);
#6603=IFCSHAPEREPRESENTATION(#11,'Body','SweptSolid',(#6602));
#6604=IFCCARTESIANPOINT((0.,0.,0.));
#6605=IFCDIRECTION((1.,0.,0.));
#6606=IFCDIRECTION((0.,0.,1.));
#6607=IFCAXIS2PLACEMENT3D(#6604,#6606,#6605);
#6608=IFCREPRESENTATIONMAP(#6607,#6603);
#6609=IFCPROPERTYSET('0VfKLO2NP8ww0N8DTQCp1o',$,'MF_Structural',$,(#6610,#6611,#6612));
#6610=IFCPROPERTYSINGLEVALUE('Section',$,IFCLABEL('L3-1/2X2-1/2X3/8'),$);
#6611=IFCPROPERTYSINGLEVALUE('SectionFamily',$,IFCLABEL('L'),$);
#6612=IFCPROPERTYSINGLEVALUE('SectionSource',$,IFCLABEL('AISC Shapes Database v15.0 (US)'),$);
#6613=IFCPROPERTYSET('1Prp7wQiPCiuOMwP0Ogyf5',$,'MF_Library',$,(#6614,#6615,#6616,#6617,#6618,#6619,#6620,#6621,#6622,#6623));
#6614=IFCPROPERTYSINGLEVALUE('Key',$,IFCLABEL('steel_angle'),$);
#6615=IFCPROPERTYSINGLEVALUE('Family',$,IFCLABEL('Angle'),$);
#6616=IFCPROPERTYSINGLEVALUE('TypeName',$,IFCLABEL('L3-1/2X2-1/2X3/8'),$);
#6617=IFCPROPERTYSINGLEVALUE('Version',$,IFCLABEL('0.1.0'),$);
#6618=IFCPROPERTYSINGLEVALUE('License',$,IFCLABEL('CC0-1.0'),$);
#6619=IFCPROPERTYSINGLEVALUE('Source',$,IFCLABEL('massing-families'),$);
#6620=IFCPROPERTYSINGLEVALUE('Tier',$,IFCLABEL('L300'),$);
#6621=IFCPROPERTYSINGLEVALUE('Builder',$,IFCLABEL('profile'),$);
#6622=IFCPROPERTYSINGLEVALUE('Discipline',$,IFCLABEL('structural'),$);
#6623=IFCPROPERTYSINGLEVALUE('GeometryStatus',$,IFCLABEL('parametric'),$);
#6624=IFCPROPERTYSET('3bE3MY1dz2hAPvKRcUskpP',$,'MF_Quantities',$,(#6625,#6626,#6627,#6628,#6629));
#6625=IFCPROPERTYSINGLEVALUE('NominalWidth',$,IFCREAL(0.088900000000000007),$);
#6626=IFCPROPERTYSINGLEVALUE('NominalDepth',$,IFCREAL(0.063500000000000001),$);
#6627=IFCPROPERTYSINGLEVALUE('NominalHeight',$,IFCREAL(3.048),$);
#6628=IFCPROPERTYSINGLEVALUE('NominalFootprintArea',$,IFCREAL(0.0056449999999999998),$);
#6629=IFCPROPERTYSINGLEVALUE('NominalVolume',$,IFCREAL(0.017205999999999999),$);
#6630=IFCMEMBERTYPE('2Tk$soaG52Wh003k$QTUjU',$,'Angle - L3-1/2X2-1/2X5/16',$,$,(#6647,#6651,#6662),(#6646),$,$,.NOTDEFINED.);
#6631=IFCCARTESIANPOINT((0.,0.));
#6632=IFCDIRECTION((1.,0.));
#6633=IFCAXIS2PLACEMENT2D(#6631,#6632);
#6634=IFCLSHAPEPROFILEDEF(.AREA.,'L3-1/2X2-1/2X5/16',#6633,0.063500000000000001,0.088900000000000007,0.0079501999999999993,0.,$,$);
#6635=IFCCARTESIANPOINT((0.,0.,0.));
#6636=IFCDIRECTION((0.,0.,1.));
#6637=IFCDIRECTION((1.,0.,0.));
#6638=IFCAXIS2PLACEMENT3D(#6635,#6636,#6637);
#6639=IFCDIRECTION((0.,0.,1.));
#6640=IFCEXTRUDEDAREASOLID(#6634,#6638,#6639,3.048);
#6641=IFCSHAPEREPRESENTATION(#11,'Body','SweptSolid',(#6640));
#6642=IFCCARTESIANPOINT((0.,0.,0.));
#6643=IFCDIRECTION((1.,0.,0.));
#6644=IFCDIRECTION((0.,0.,1.));
#6645=IFCAXIS2PLACEMENT3D(#6642,#6644,#6643);
#6646=IFCREPRESENTATIONMAP(#6645,#6641);
#6647=IFCPROPERTYSET('3GzbwSZQv6P8YS$thoH08u',$,'MF_Structural',$,(#6648,#6649,#6650));
#6648=IFCPROPERTYSINGLEVALUE('Section',$,IFCLABEL('L3-1/2X2-1/2X5/16'),$);
#6649=IFCPROPERTYSINGLEVALUE('SectionFamily',$,IFCLABEL('L'),$);
#6650=IFCPROPERTYSINGLEVALUE('SectionSource',$,IFCLABEL('AISC Shapes Database v15.0 (US)'),$);
#6651=IFCPROPERTYSET('3y0kNdhnL2lwSEK8Mgsjft',$,'MF_Library',$,(#6652,#6653,#6654,#6655,#6656,#6657,#6658,#6659,#6660,#6661));
#6652=IFCPROPERTYSINGLEVALUE('Key',$,IFCLABEL('steel_angle'),$);
#6653=IFCPROPERTYSINGLEVALUE('Family',$,IFCLABEL('Angle'),$);
#6654=IFCPROPERTYSINGLEVALUE('TypeName',$,IFCLABEL('L3-1/2X2-1/2X5/16'),$);
#6655=IFCPROPERTYSINGLEVALUE('Version',$,IFCLABEL('0.1.0'),$);
#6656=IFCPROPERTYSINGLEVALUE('License',$,IFCLABEL('CC0-1.0'),$);
#6657=IFCPROPERTYSINGLEVALUE('Source',$,IFCLABEL('massing-families'),$);
#6658=IFCPROPERTYSINGLEVALUE('Tier',$,IFCLABEL('L300'),$);
#6659=IFCPROPERTYSINGLEVALUE('Builder',$,IFCLABEL('profile'),$);
#6660=IFCPROPERTYSINGLEVALUE('Discipline',$,IFCLABEL('structural'),$);
#6661=IFCPROPERTYSINGLEVALUE('GeometryStatus',$,IFCLABEL('parametric'),$);
#6662=IFCPROPERTYSET('2kuiQBQSXC8OSMfa2w92Gp',$,'MF_Quantities',$,(#6663,#6664,#6665,#6666,#6667));
#6663=IFCPROPERTYSINGLEVALUE('NominalWidth',$,IFCREAL(0.088900000000000007),$);
#6664=IFCPROPERTYSINGLEVALUE('NominalDepth',$,IFCREAL(0.063500000000000001),$);
#6665=IFCPROPERTYSINGLEVALUE('NominalHeight',$,IFCREAL(3.048),$);
#6666=IFCPROPERTYSINGLEVALUE('NominalFootprintArea',$,IFCREAL(0.0056449999999999998),$);
#6667=IFCPROPERTYSINGLEVALUE('NominalVolume',$,IFCREAL(0.017205999999999999),$);
#6668=IFCMEMBERTYPE('0IEhGSVFbA0ALxCSqPAntj',$,'Angle - L3-1/2X2-1/2X1/4',$,$,(#6685,#6689,#6700),(#6684),$,$,.NOTDEFINED.);
#6669=IFCCARTESIANPOINT((0.,0.));
#6670=IFCDIRECTION((1.,0.));
#6671=IFCAXIS2PLACEMENT2D(#6669,#6670);
#6672=IFCLSHAPEPROFILEDEF(.AREA.,'L3-1/2X2-1/2X1/4',#6671,0.063500000000000001,0.088900000000000007,0.0063499999999999997,0.,$,$);
#6673=IFCCARTESIANPOINT((0.,0.,0.));
#6674=IFCDIRECTION((0.,0.,1.));
#6675=IFCDIRECTION((1.,0.,0.));
#6676=IFCAXIS2PLACEMENT3D(#6673,#6674,#6675);
#6677=IFCDIRECTION((0.,0.,1.));
#6678=IFCEXTRUDEDAREASOLID(#6672,#6676,#6677,3.048);
#6679=IFCSHAPEREPRESENTATION(#11,'Body','SweptSolid',(#6678));
#6680=IFCCARTESIANPOINT((0.,0.,0.));
#6681=IFCDIRECTION((1.,0.,0.));
#6682=IFCDIRECTION((0.,0.,1.));
#6683=IFCAXIS2PLACEMENT3D(#6680,#6682,#6681);
#6684=IFCREPRESENTATIONMAP(#6683,#6679);
#6685=IFCPROPERTYSET('0iwDSbOu90Phj1M$CKhfJa',$,'MF_Structural',$,(#6686,#6687,#6688));
#6686=IFCPROPERTYSINGLEVALUE('Section',$,IFCLABEL('L3-1/2X2-1/2X1/4'),$);
#6687=IFCPROPERTYSINGLEVALUE('SectionFamily',$,IFCLABEL('L'),$);
#6688=IFCPROPERTYSINGLEVALUE('SectionSource',$,IFCLABEL('AISC Shapes Database v15.0 (US)'),$);
#6689=IFCPROPERTYSET('2HJxA4QmH6ye$3xAy25gKI',$,'MF_Library',$,(#6690,#6691,#6692,#6693,#6694,#6695,#6696,#6697,#6698,#6699));
#6690=IFCPROPERTYSINGLEVALUE('Key',$,IFCLABEL('steel_angle'),$);
#6691=IFCPROPERTYSINGLEVALUE('Family',$,IFCLABEL('Angle'),$);
#6692=IFCPROPERTYSINGLEVALUE('TypeName',$,IFCLABEL('L3-1/2X2-1/2X1/4'),$);
#6693=IFCPROPERTYSINGLEVALUE('Version',$,IFCLABEL('0.1.0'),$);
#6694=IFCPROPERTYSINGLEVALUE('License',$,IFCLABEL('CC0-1.0'),$);
#6695=IFCPROPERTYSINGLEVALUE('Source',$,IFCLABEL('massing-families'),$);
#6696=IFCPROPERTYSINGLEVALUE('Tier',$,IFCLABEL('L300'),$);
#6697=IFCPROPERTYSINGLEVALUE('Builder',$,IFCLABEL('profile'),$);
#6698=IFCPROPERTYSINGLEVALUE('Discipline',$,IFCLABEL('structural'),$);
#6699=IFCPROPERTYSINGLEVALUE('GeometryStatus',$,IFCLABEL('parametric'),$);
#6700=IFCPROPERTYSET('1LK0NKa$1FtuCF9KvkLiyH',$,'MF_Quantities',$,(#6701,#6702,#6703,#6704,#6705));
#6701=IFCPROPERTYSINGLEVALUE('NominalWidth',$,IFCREAL(0.088900000000000007),$);
#6702=IFCPROPERTYSINGLEVALUE('NominalDepth',$,IFCREAL(0.063500000000000001),$);
#6703=IFCPROPERTYSINGLEVALUE('NominalHeight',$,IFCREAL(3.048),$);
#6704=IFCPROPERTYSINGLEVALUE('NominalFootprintArea',$,IFCREAL(0.0056449999999999998),$);
#6705=IFCPROPERTYSINGLEVALUE('NominalVolume',$,IFCREAL(0.017205999999999999),$);
#6706=IFCMEMBERTYPE('3OvFotjzn3Me_QOPPC677W',$,'Angle - L3X3X1/2',$,$,(#6723,#6727,#6738),(#6722),$,$,.NOTDEFINED.);
#6707=IFCCARTESIANPOINT((0.,0.));
#6708=IFCDIRECTION((1.,0.));
#6709=IFCAXIS2PLACEMENT2D(#6707,#6708);
#6710=IFCLSHAPEPROFILEDEF(.AREA.,'L3X3X1/2',#6709,0.076200000000000004,0.076200000000000004,0.012699999999999999,0.,$,$);
#6711=IFCCARTESIANPOINT((0.,0.,0.));
#6712=IFCDIRECTION((0.,0.,1.));
#6713=IFCDIRECTION((1.,0.,0.));
#6714=IFCAXIS2PLACEMENT3D(#6711,#6712,#6713);
#6715=IFCDIRECTION((0.,0.,1.));
#6716=IFCEXTRUDEDAREASOLID(#6710,#6714,#6715,3.048);
#6717=IFCSHAPEREPRESENTATION(#11,'Body','SweptSolid',(#6716));
#6718=IFCCARTESIANPOINT((0.,0.,0.));
#6719=IFCDIRECTION((1.,0.,0.));
#6720=IFCDIRECTION((0.,0.,1.));
#6721=IFCAXIS2PLACEMENT3D(#6718,#6720,#6719);
#6722=IFCREPRESENTATIONMAP(#6721,#6717);
#6723=IFCPROPERTYSET('3$rp_JvHjAhekbVyKLhNSD',$,'MF_Structural',$,(#6724,#6725,#6726));
#6724=IFCPROPERTYSINGLEVALUE('Section',$,IFCLABEL('L3X3X1/2'),$);
#6725=IFCPROPERTYSINGLEVALUE('SectionFamily',$,IFCLABEL('L'),$);
#6726=IFCPROPERTYSINGLEVALUE('SectionSource',$,IFCLABEL('AISC Shapes Database v15.0 (US)'),$);
#6727=IFCPROPERTYSET('3Q$jEyC5D6$91U0xFP4Vh6',$,'MF_Library',$,(#6728,#6729,#6730,#6731,#6732,#6733,#6734,#6735,#6736,#6737));
#6728=IFCPROPERTYSINGLEVALUE('Key',$,IFCLABEL('steel_angle'),$);
#6729=IFCPROPERTYSINGLEVALUE('Family',$,IFCLABEL('Angle'),$);
#6730=IFCPROPERTYSINGLEVALUE('TypeName',$,IFCLABEL('L3X3X1/2'),$);
#6731=IFCPROPERTYSINGLEVALUE('Version',$,IFCLABEL('0.1.0'),$);
#6732=IFCPROPERTYSINGLEVALUE('License',$,IFCLABEL('CC0-1.0'),$);
#6733=IFCPROPERTYSINGLEVALUE('Source',$,IFCLABEL('massing-families'),$);
#6734=IFCPROPERTYSINGLEVALUE('Tier',$,IFCLABEL('L300'),$);
#6735=IFCPROPERTYSINGLEVALUE('Builder',$,IFCLABEL('profile'),$);
#6736=IFCPROPERTYSINGLEVALUE('Discipline',$,IFCLABEL('structural'),$);
#6737=IFCPROPERTYSINGLEVALUE('GeometryStatus',$,IFCLABEL('parametric'),$);
#6738=IFCPROPERTYSET('0MTiGTUU5DOwpvbetqTgVQ',$,'MF_Quantities',$,(#6739,#6740,#6741,#6742,#6743));
#6739=IFCPROPERTYSINGLEVALUE('NominalWidth',$,IFCREAL(0.076200000000000004),$);
#6740=IFCPROPERTYSINGLEVALUE('NominalDepth',$,IFCREAL(0.076200000000000004),$);
#6741=IFCPROPERTYSINGLEVALUE('NominalHeight',$,IFCREAL(3.048),$);
#6742=IFCPROPERTYSINGLEVALUE('NominalFootprintArea',$,IFCREAL(0.0058060000000000004),$);
#6743=IFCPROPERTYSINGLEVALUE('NominalVolume',$,IFCREAL(0.017697999999999998),$);
#6744=IFCMEMBERTYPE('2XRidPNi53ZR8tgp9pWL1Q',$,'Angle - L3X3X7/16',$,$,(#6761,#6765,#6776),(#6760),$,$,.NOTDEFINED.);
#6745=IFCCARTESIANPOINT((0.,0.));
#6746=IFCDIRECTION((1.,0.));
#6747=IFCAXIS2PLACEMENT2D(#6745,#6746);
#6748=IFCLSHAPEPROFILEDEF(.AREA.,'L3X3X7/16',#6747,0.076200000000000004,0.076200000000000004,0.0111252,0.,$,$);
#6749=IFCCARTESIANPOINT((0.,0.,0.));
#6750=IFCDIRECTION((0.,0.,1.));
#6751=IFCDIRECTION((1.,0.,0.));
#6752=IFCAXIS2PLACEMENT3D(#6749,#6750,#6751);
#6753=IFCDIRECTION((0.,0.,1.));
#6754=IFCEXTRUDEDAREASOLID(#6748,#6752,#6753,3.048);
#6755=IFCSHAPEREPRESENTATION(#11,'Body','SweptSolid',(#6754));
#6756=IFCCARTESIANPOINT((0.,0.,0.));
#6757=IFCDIRECTION((1.,0.,0.));
#6758=IFCDIRECTION((0.,0.,1.));
#6759=IFCAXIS2PLACEMENT3D(#6756,#6758,#6757);
#6760=IFCREPRESENTATIONMAP(#6759,#6755);
#6761=IFCPROPERTYSET('3a_Hg1FerBfwyEB2YnEx_q',$,'MF_Structural',$,(#6762,#6763,#6764));
#6762=IFCPROPERTYSINGLEVALUE('Section',$,IFCLABEL('L3X3X7/16'),$);
#6763=IFCPROPERTYSINGLEVALUE('SectionFamily',$,IFCLABEL('L'),$);
#6764=IFCPROPERTYSINGLEVALUE('SectionSource',$,IFCLABEL('AISC Shapes Database v15.0 (US)'),$);
#6765=IFCPROPERTYSET('2hG9y$6IXBUhHmsuG1ZnWF',$,'MF_Library',$,(#6766,#6767,#6768,#6769,#6770,#6771,#6772,#6773,#6774,#6775));
#6766=IFCPROPERTYSINGLEVALUE('Key',$,IFCLABEL('steel_angle'),$);
#6767=IFCPROPERTYSINGLEVALUE('Family',$,IFCLABEL('Angle'),$);
#6768=IFCPROPERTYSINGLEVALUE('TypeName',$,IFCLABEL('L3X3X7/16'),$);
#6769=IFCPROPERTYSINGLEVALUE('Version',$,IFCLABEL('0.1.0'),$);
#6770=IFCPROPERTYSINGLEVALUE('License',$,IFCLABEL('CC0-1.0'),$);
#6771=IFCPROPERTYSINGLEVALUE('Source',$,IFCLABEL('massing-families'),$);
#6772=IFCPROPERTYSINGLEVALUE('Tier',$,IFCLABEL('L300'),$);
#6773=IFCPROPERTYSINGLEVALUE('Builder',$,IFCLABEL('profile'),$);
#6774=IFCPROPERTYSINGLEVALUE('Discipline',$,IFCLABEL('structural'),$);
#6775=IFCPROPERTYSINGLEVALUE('GeometryStatus',$,IFCLABEL('parametric'),$);
#6776=IFCPROPERTYSET('2xOpYBEj99BfSJ2iA3N8f$',$,'MF_Quantities',$,(#6777,#6778,#6779,#6780,#6781));
#6777=IFCPROPERTYSINGLEVALUE('NominalWidth',$,IFCREAL(0.076200000000000004),$);
#6778=IFCPROPERTYSINGLEVALUE('NominalDepth',$,IFCREAL(0.076200000000000004),$);
#6779=IFCPROPERTYSINGLEVALUE('NominalHeight',$,IFCREAL(3.048),$);
#6780=IFCPROPERTYSINGLEVALUE('NominalFootprintArea',$,IFCREAL(0.0058060000000000004),$);
#6781=IFCPROPERTYSINGLEVALUE('NominalVolume',$,IFCREAL(0.017697999999999998),$);
#6782=IFCMEMBERTYPE('1t4zD4jrzA4An$m8TIazT$',$,'Angle - L3X3X3/8',$,$,(#6799,#6803,#6814),(#6798),$,$,.NOTDEFINED.);
#6783=IFCCARTESIANPOINT((0.,0.));
#6784=IFCDIRECTION((1.,0.));
#6785=IFCAXIS2PLACEMENT2D(#6783,#6784);
#6786=IFCLSHAPEPROFILEDEF(.AREA.,'L3X3X3/8',#6785,0.076200000000000004,0.076200000000000004,0.0095250000000000005,0.,$,$);
#6787=IFCCARTESIANPOINT((0.,0.,0.));
#6788=IFCDIRECTION((0.,0.,1.));
#6789=IFCDIRECTION((1.,0.,0.));
#6790=IFCAXIS2PLACEMENT3D(#6787,#6788,#6789);
#6791=IFCDIRECTION((0.,0.,1.));
#6792=IFCEXTRUDEDAREASOLID(#6786,#6790,#6791,3.048);
#6793=IFCSHAPEREPRESENTATION(#11,'Body','SweptSolid',(#6792));
#6794=IFCCARTESIANPOINT((0.,0.,0.));
#6795=IFCDIRECTION((1.,0.,0.));
#6796=IFCDIRECTION((0.,0.,1.));
#6797=IFCAXIS2PLACEMENT3D(#6794,#6796,#6795);
#6798=IFCREPRESENTATIONMAP(#6797,#6793);
#6799=IFCPROPERTYSET('35UjRYXgX0eeEdtCQcEUIR',$,'MF_Structural',$,(#6800,#6801,#6802));
#6800=IFCPROPERTYSINGLEVALUE('Section',$,IFCLABEL('L3X3X3/8'),$);
#6801=IFCPROPERTYSINGLEVALUE('SectionFamily',$,IFCLABEL('L'),$);
#6802=IFCPROPERTYSINGLEVALUE('SectionSource',$,IFCLABEL('AISC Shapes Database v15.0 (US)'),$);
#6803=IFCPROPERTYSET('12nD7dWPLCi8ZIo1qPP4RA',$,'MF_Library',$,(#6804,#6805,#6806,#6807,#6808,#6809,#6810,#6811,#6812,#6813));
#6804=IFCPROPERTYSINGLEVALUE('Key',$,IFCLABEL('steel_angle'),$);
#6805=IFCPROPERTYSINGLEVALUE('Family',$,IFCLABEL('Angle'),$);
#6806=IFCPROPERTYSINGLEVALUE('TypeName',$,IFCLABEL('L3X3X3/8'),$);
#6807=IFCPROPERTYSINGLEVALUE('Version',$,IFCLABEL('0.1.0'),$);
#6808=IFCPROPERTYSINGLEVALUE('License',$,IFCLABEL('CC0-1.0'),$);
#6809=IFCPROPERTYSINGLEVALUE('Source',$,IFCLABEL('massing-families'),$);
#6810=IFCPROPERTYSINGLEVALUE('Tier',$,IFCLABEL('L300'),$);
#6811=IFCPROPERTYSINGLEVALUE('Builder',$,IFCLABEL('profile'),$);
#6812=IFCPROPERTYSINGLEVALUE('Discipline',$,IFCLABEL('structural'),$);
#6813=IFCPROPERTYSINGLEVALUE('GeometryStatus',$,IFCLABEL('parametric'),$);
#6814=IFCPROPERTYSET('32so3LcHX3zvKu7ezmewDM',$,'MF_Quantities',$,(#6815,#6816,#6817,#6818,#6819));
#6815=IFCPROPERTYSINGLEVALUE('NominalWidth',$,IFCREAL(0.076200000000000004),$);
#6816=IFCPROPERTYSINGLEVALUE('NominalDepth',$,IFCREAL(0.076200000000000004),$);
#6817=IFCPROPERTYSINGLEVALUE('NominalHeight',$,IFCREAL(3.048),$);
#6818=IFCPROPERTYSINGLEVALUE('NominalFootprintArea',$,IFCREAL(0.0058060000000000004),$);
#6819=IFCPROPERTYSINGLEVALUE('NominalVolume',$,IFCREAL(0.017697999999999998),$);
#6820=IFCMEMBERTYPE('1lnajIbujBN9zp5QcoQdMG',$,'Angle - L3X3X5/16',$,$,(#6837,#6841,#6852),(#6836),$,$,.NOTDEFINED.);
#6821=IFCCARTESIANPOINT((0.,0.));
#6822=IFCDIRECTION((1.,0.));
#6823=IFCAXIS2PLACEMENT2D(#6821,#6822);
#6824=IFCLSHAPEPROFILEDEF(.AREA.,'L3X3X5/16',#6823,0.076200000000000004,0.076200000000000004,0.0079501999999999993,0.,$,$);
#6825=IFCCARTESIANPOINT((0.,0.,0.));
#6826=IFCDIRECTION((0.,0.,1.));
#6827=IFCDIRECTION((1.,0.,0.));
#6828=IFCAXIS2PLACEMENT3D(#6825,#6826,#6827);
#6829=IFCDIRECTION((0.,0.,1.));
#6830=IFCEXTRUDEDAREASOLID(#6824,#6828,#6829,3.048);
#6831=IFCSHAPEREPRESENTATION(#11,'Body','SweptSolid',(#6830));
#6832=IFCCARTESIANPOINT((0.,0.,0.));
#6833=IFCDIRECTION((1.,0.,0.));
#6834=IFCDIRECTION((0.,0.,1.));
#6835=IFCAXIS2PLACEMENT3D(#6832,#6834,#6833);
#6836=IFCREPRESENTATIONMAP(#6835,#6831);
#6837=IFCPROPERTYSET('2Ph8fdeC98KBwP0FWo_gSs',$,'MF_Structural',$,(#6838,#6839,#6840));
#6838=IFCPROPERTYSINGLEVALUE('Section',$,IFCLABEL('L3X3X5/16'),$);
#6839=IFCPROPERTYSINGLEVALUE('SectionFamily',$,IFCLABEL('L'),$);
#6840=IFCPROPERTYSINGLEVALUE('SectionSource',$,IFCLABEL('AISC Shapes Database v15.0 (US)'),$);
#6841=IFCPROPERTYSET('2IS_H7I0H3TBvpHMXbGi5f',$,'MF_Library',$,(#6842,#6843,#6844,#6845,#6846,#6847,#6848,#6849,#6850,#6851));
#6842=IFCPROPERTYSINGLEVALUE('Key',$,IFCLABEL('steel_angle'),$);
#6843=IFCPROPERTYSINGLEVALUE('Family',$,IFCLABEL('Angle'),$);
#6844=IFCPROPERTYSINGLEVALUE('TypeName',$,IFCLABEL('L3X3X5/16'),$);
#6845=IFCPROPERTYSINGLEVALUE('Version',$,IFCLABEL('0.1.0'),$);
#6846=IFCPROPERTYSINGLEVALUE('License',$,IFCLABEL('CC0-1.0'),$);
#6847=IFCPROPERTYSINGLEVALUE('Source',$,IFCLABEL('massing-families'),$);
#6848=IFCPROPERTYSINGLEVALUE('Tier',$,IFCLABEL('L300'),$);
#6849=IFCPROPERTYSINGLEVALUE('Builder',$,IFCLABEL('profile'),$);
#6850=IFCPROPERTYSINGLEVALUE('Discipline',$,IFCLABEL('structural'),$);
#6851=IFCPROPERTYSINGLEVALUE('GeometryStatus',$,IFCLABEL('parametric'),$);
#6852=IFCPROPERTYSET('1wROyVF3H59vljorgZz7e6',$,'MF_Quantities',$,(#6853,#6854,#6855,#6856,#6857));
#6853=IFCPROPERTYSINGLEVALUE('NominalWidth',$,IFCREAL(0.076200000000000004),$);
#6854=IFCPROPERTYSINGLEVALUE('NominalDepth',$,IFCREAL(0.076200000000000004),$);
#6855=IFCPROPERTYSINGLEVALUE('NominalHeight',$,IFCREAL(3.048),$);
#6856=IFCPROPERTYSINGLEVALUE('NominalFootprintArea',$,IFCREAL(0.0058060000000000004),$);
#6857=IFCPROPERTYSINGLEVALUE('NominalVolume',$,IFCREAL(0.017697999999999998),$);
#6858=IFCMEMBERTYPE('06ovULKa1DEeOzCFt$BbBb',$,'Angle - L3X3X1/4',$,$,(#6875,#6879,#6890),(#6874),$,$,.NOTDEFINED.);
#6859=IFCCARTESIANPOINT((0.,0.));
#6860=IFCDIRECTION((1.,0.));
#6861=IFCAXIS2PLACEMENT2D(#6859,#6860);
#6862=IFCLSHAPEPROFILEDEF(.AREA.,'L3X3X1/4',#6861,0.076200000000000004,0.076200000000000004,0.0063499999999999997,0.,$,$);
#6863=IFCCARTESIANPOINT((0.,0.,0.));
#6864=IFCDIRECTION((0.,0.,1.));
#6865=IFCDIRECTION((1.,0.,0.));
#6866=IFCAXIS2PLACEMENT3D(#6863,#6864,#6865);
#6867=IFCDIRECTION((0.,0.,1.));
#6868=IFCEXTRUDEDAREASOLID(#6862,#6866,#6867,3.048);
#6869=IFCSHAPEREPRESENTATION(#11,'Body','SweptSolid',(#6868));
#6870=IFCCARTESIANPOINT((0.,0.,0.));
#6871=IFCDIRECTION((1.,0.,0.));
#6872=IFCDIRECTION((0.,0.,1.));
#6873=IFCAXIS2PLACEMENT3D(#6870,#6872,#6871);
#6874=IFCREPRESENTATIONMAP(#6873,#6869);
#6875=IFCPROPERTYSET('0gqp2fClXB48m4q265prrx',$,'MF_Structural',$,(#6876,#6877,#6878));
#6876=IFCPROPERTYSINGLEVALUE('Section',$,IFCLABEL('L3X3X1/4'),$);
#6877=IFCPROPERTYSINGLEVALUE('SectionFamily',$,IFCLABEL('L'),$);
#6878=IFCPROPERTYSINGLEVALUE('SectionSource',$,IFCLABEL('AISC Shapes Database v15.0 (US)'),$);
#6879=IFCPROPERTYSET('3gxLnvDbbCkhVeFhRb9Sv5',$,'MF_Library',$,(#6880,#6881,#6882,#6883,#6884,#6885,#6886,#6887,#6888,#6889));
#6880=IFCPROPERTYSINGLEVALUE('Key',$,IFCLABEL('steel_angle'),$);
#6881=IFCPROPERTYSINGLEVALUE('Family',$,IFCLABEL('Angle'),$);
#6882=IFCPROPERTYSINGLEVALUE('TypeName',$,IFCLABEL('L3X3X1/4'),$);
#6883=IFCPROPERTYSINGLEVALUE('Version',$,IFCLABEL('0.1.0'),$);
#6884=IFCPROPERTYSINGLEVALUE('License',$,IFCLABEL('CC0-1.0'),$);
#6885=IFCPROPERTYSINGLEVALUE('Source',$,IFCLABEL('massing-families'),$);
#6886=IFCPROPERTYSINGLEVALUE('Tier',$,IFCLABEL('L300'),$);
#6887=IFCPROPERTYSINGLEVALUE('Builder',$,IFCLABEL('profile'),$);
#6888=IFCPROPERTYSINGLEVALUE('Discipline',$,IFCLABEL('structural'),$);
#6889=IFCPROPERTYSINGLEVALUE('GeometryStatus',$,IFCLABEL('parametric'),$);
#6890=IFCPROPERTYSET('0y4JgfgIf0DQ0CmKy0A1$Y',$,'MF_Quantities',$,(#6891,#6892,#6893,#6894,#6895));
#6891=IFCPROPERTYSINGLEVALUE('NominalWidth',$,IFCREAL(0.076200000000000004),$);
#6892=IFCPROPERTYSINGLEVALUE('NominalDepth',$,IFCREAL(0.076200000000000004),$);
#6893=IFCPROPERTYSINGLEVALUE('NominalHeight',$,IFCREAL(3.048),$);
#6894=IFCPROPERTYSINGLEVALUE('NominalFootprintArea',$,IFCREAL(0.0058060000000000004),$);
#6895=IFCPROPERTYSINGLEVALUE('NominalVolume',$,IFCREAL(0.017697999999999998),$);
#6896=IFCMEMBERTYPE('32EtUlgG52Rf6EQORwd7oQ',$,'Angle - L3X3X3/16',$,$,(#6913,#6917,#6928),(#6912),$,$,.NOTDEFINED.);
#6897=IFCCARTESIANPOINT((0.,0.));
#6898=IFCDIRECTION((1.,0.));
#6899=IFCAXIS2PLACEMENT2D(#6897,#6898);
#6900=IFCLSHAPEPROFILEDEF(.AREA.,'L3X3X3/16',#6899,0.076200000000000004,0.076200000000000004,0.0047752000000000003,0.,$,$);
#6901=IFCCARTESIANPOINT((0.,0.,0.));
#6902=IFCDIRECTION((0.,0.,1.));
#6903=IFCDIRECTION((1.,0.,0.));
#6904=IFCAXIS2PLACEMENT3D(#6901,#6902,#6903);
#6905=IFCDIRECTION((0.,0.,1.));
#6906=IFCEXTRUDEDAREASOLID(#6900,#6904,#6905,3.048);
#6907=IFCSHAPEREPRESENTATION(#11,'Body','SweptSolid',(#6906));
#6908=IFCCARTESIANPOINT((0.,0.,0.));
#6909=IFCDIRECTION((1.,0.,0.));
#6910=IFCDIRECTION((0.,0.,1.));
#6911=IFCAXIS2PLACEMENT3D(#6908,#6910,#6909);
#6912=IFCREPRESENTATIONMAP(#6911,#6907);
#6913=IFCPROPERTYSET('3vfxXSGhX8hg9zv0xZYKG5',$,'MF_Structural',$,(#6914,#6915,#6916));
#6914=IFCPROPERTYSINGLEVALUE('Section',$,IFCLABEL('L3X3X3/16'),$);
#6915=IFCPROPERTYSINGLEVALUE('SectionFamily',$,IFCLABEL('L'),$);
#6916=IFCPROPERTYSINGLEVALUE('SectionSource',$,IFCLABEL('AISC Shapes Database v15.0 (US)'),$);
#6917=IFCPROPERTYSET('3Dt5$9_JX3A8Tbjdw9WRhy',$,'MF_Library',$,(#6918,#6919,#6920,#6921,#6922,#6923,#6924,#6925,#6926,#6927));
#6918=IFCPROPERTYSINGLEVALUE('Key',$,IFCLABEL('steel_angle'),$);
#6919=IFCPROPERTYSINGLEVALUE('Family',$,IFCLABEL('Angle'),$);
#6920=IFCPROPERTYSINGLEVALUE('TypeName',$,IFCLABEL('L3X3X3/16'),$);
#6921=IFCPROPERTYSINGLEVALUE('Version',$,IFCLABEL('0.1.0'),$);
#6922=IFCPROPERTYSINGLEVALUE('License',$,IFCLABEL('CC0-1.0'),$);
#6923=IFCPROPERTYSINGLEVALUE('Source',$,IFCLABEL('massing-families'),$);
#6924=IFCPROPERTYSINGLEVALUE('Tier',$,IFCLABEL('L300'),$);
#6925=IFCPROPERTYSINGLEVALUE('Builder',$,IFCLABEL('profile'),$);
#6926=IFCPROPERTYSINGLEVALUE('Discipline',$,IFCLABEL('structural'),$);
#6927=IFCPROPERTYSINGLEVALUE('GeometryStatus',$,IFCLABEL('parametric'),$);
#6928=IFCPROPERTYSET('1BxN8qMYrCJuD5zbe3wHnL',$,'MF_Quantities',$,(#6929,#6930,#6931,#6932,#6933));
#6929=IFCPROPERTYSINGLEVALUE('NominalWidth',$,IFCREAL(0.076200000000000004),$);
#6930=IFCPROPERTYSINGLEVALUE('NominalDepth',$,IFCREAL(0.076200000000000004),$);
#6931=IFCPROPERTYSINGLEVALUE('NominalHeight',$,IFCREAL(3.048),$);
#6932=IFCPROPERTYSINGLEVALUE('NominalFootprintArea',$,IFCREAL(0.0058060000000000004),$);
#6933=IFCPROPERTYSINGLEVALUE('NominalVolume',$,IFCREAL(0.017697999999999998),$);
#6934=IFCMEMBERTYPE('1uxg89cmD5y8yXcCIax1Fc',$,'Angle - L3X2-1/2X1/2',$,$,(#6951,#6955,#6966),(#6950),$,$,.NOTDEFINED.);
#6935=IFCCARTESIANPOINT((0.,0.));
#6936=IFCDIRECTION((1.,0.));
#6937=IFCAXIS2PLACEMENT2D(#6935,#6936);
#6938=IFCLSHAPEPROFILEDEF(.AREA.,'L3X2-1/2X1/2',#6937,0.063500000000000001,0.076200000000000004,0.012699999999999999,0.,$,$);
#6939=IFCCARTESIANPOINT((0.,0.,0.));
#6940=IFCDIRECTION((0.,0.,1.));
#6941=IFCDIRECTION((1.,0.,0.));
#6942=IFCAXIS2PLACEMENT3D(#6939,#6940,#6941);
#6943=IFCDIRECTION((0.,0.,1.));
#6944=IFCEXTRUDEDAREASOLID(#6938,#6942,#6943,3.048);
#6945=IFCSHAPEREPRESENTATION(#11,'Body','SweptSolid',(#6944));
#6946=IFCCARTESIANPOINT((0.,0.,0.));
#6947=IFCDIRECTION((1.,0.,0.));
#6948=IFCDIRECTION((0.,0.,1.));
#6949=IFCAXIS2PLACEMENT3D(#6946,#6948,#6947);
#6950=IFCREPRESENTATIONMAP(#6949,#6945);
#6951=IFCPROPERTYSET('3fbrxNH1r0VQLNGIoQ93pn',$,'MF_Structural',$,(#6952,#6953,#6954));
#6952=IFCPROPERTYSINGLEVALUE('Section',$,IFCLABEL('L3X2-1/2X1/2'),$);
#6953=IFCPROPERTYSINGLEVALUE('SectionFamily',$,IFCLABEL('L'),$);
#6954=IFCPROPERTYSINGLEVALUE('SectionSource',$,IFCLABEL('AISC Shapes Database v15.0 (US)'),$);
#6955=IFCPROPERTYSET('3jH5muHJDDMhVO68f3lw1N',$,'MF_Library',$,(#6956,#6957,#6958,#6959,#6960,#6961,#6962,#6963,#6964,#6965));
#6956=IFCPROPERTYSINGLEVALUE('Key',$,IFCLABEL('steel_angle'),$);
#6957=IFCPROPERTYSINGLEVALUE('Family',$,IFCLABEL('Angle'),$);
#6958=IFCPROPERTYSINGLEVALUE('TypeName',$,IFCLABEL('L3X2-1/2X1/2'),$);
#6959=IFCPROPERTYSINGLEVALUE('Version',$,IFCLABEL('0.1.0'),$);
#6960=IFCPROPERTYSINGLEVALUE('License',$,IFCLABEL('CC0-1.0'),$);
#6961=IFCPROPERTYSINGLEVALUE('Source',$,IFCLABEL('massing-families'),$);
#6962=IFCPROPERTYSINGLEVALUE('Tier',$,IFCLABEL('L300'),$);
#6963=IFCPROPERTYSINGLEVALUE('Builder',$,IFCLABEL('profile'),$);
#6964=IFCPROPERTYSINGLEVALUE('Discipline',$,IFCLABEL('structural'),$);
#6965=IFCPROPERTYSINGLEVALUE('GeometryStatus',$,IFCLABEL('parametric'),$);
#6966=IFCPROPERTYSET('2ZRTEF_h17Teh0YCviQqXI',$,'MF_Quantities',$,(#6967,#6968,#6969,#6970,#6971));
#6967=IFCPROPERTYSINGLEVALUE('NominalWidth',$,IFCREAL(0.076200000000000004),$);
#6968=IFCPROPERTYSINGLEVALUE('NominalDepth',$,IFCREAL(0.063500000000000001),$);
#6969=IFCPROPERTYSINGLEVALUE('NominalHeight',$,IFCREAL(3.048),$);
#6970=IFCPROPERTYSINGLEVALUE('NominalFootprintArea',$,IFCREAL(0.0048390000000000004),$);
#6971=IFCPROPERTYSINGLEVALUE('NominalVolume',$,IFCREAL(0.014748000000000001),$);
#6972=IFCMEMBERTYPE('1ENwijqRPDlvAgOKZinzCP',$,'Angle - L3X2-1/2X7/16',$,$,(#6989,#6993,#7004),(#6988),$,$,.NOTDEFINED.);
#6973=IFCCARTESIANPOINT((0.,0.));
#6974=IFCDIRECTION((1.,0.));
#6975=IFCAXIS2PLACEMENT2D(#6973,#6974);
#6976=IFCLSHAPEPROFILEDEF(.AREA.,'L3X2-1/2X7/16',#6975,0.063500000000000001,0.076200000000000004,0.0111252,0.,$,$);
#6977=IFCCARTESIANPOINT((0.,0.,0.));
#6978=IFCDIRECTION((0.,0.,1.));
#6979=IFCDIRECTION((1.,0.,0.));
#6980=IFCAXIS2PLACEMENT3D(#6977,#6978,#6979);
#6981=IFCDIRECTION((0.,0.,1.));
#6982=IFCEXTRUDEDAREASOLID(#6976,#6980,#6981,3.048);
#6983=IFCSHAPEREPRESENTATION(#11,'Body','SweptSolid',(#6982));
#6984=IFCCARTESIANPOINT((0.,0.,0.));
#6985=IFCDIRECTION((1.,0.,0.));
#6986=IFCDIRECTION((0.,0.,1.));
#6987=IFCAXIS2PLACEMENT3D(#6984,#6986,#6985);
#6988=IFCREPRESENTATIONMAP(#6987,#6983);
#6989=IFCPROPERTYSET('2qXK7MqSTEXf_BBaJfj65l',$,'MF_Structural',$,(#6990,#6991,#6992));
#6990=IFCPROPERTYSINGLEVALUE('Section',$,IFCLABEL('L3X2-1/2X7/16'),$);
#6991=IFCPROPERTYSINGLEVALUE('SectionFamily',$,IFCLABEL('L'),$);
#6992=IFCPROPERTYSINGLEVALUE('SectionSource',$,IFCLABEL('AISC Shapes Database v15.0 (US)'),$);
#6993=IFCPROPERTYSET('2il6wCr4vDmOIy$HHW5t4R',$,'MF_Library',$,(#6994,#6995,#6996,#6997,#6998,#6999,#7000,#7001,#7002,#7003));
#6994=IFCPROPERTYSINGLEVALUE('Key',$,IFCLABEL('steel_angle'),$);
#6995=IFCPROPERTYSINGLEVALUE('Family',$,IFCLABEL('Angle'),$);
#6996=IFCPROPERTYSINGLEVALUE('TypeName',$,IFCLABEL('L3X2-1/2X7/16'),$);
#6997=IFCPROPERTYSINGLEVALUE('Version',$,IFCLABEL('0.1.0'),$);
#6998=IFCPROPERTYSINGLEVALUE('License',$,IFCLABEL('CC0-1.0'),$);
#6999=IFCPROPERTYSINGLEVALUE('Source',$,IFCLABEL('massing-families'),$);
#7000=IFCPROPERTYSINGLEVALUE('Tier',$,IFCLABEL('L300'),$);
#7001=IFCPROPERTYSINGLEVALUE('Builder',$,IFCLABEL('profile'),$);
#7002=IFCPROPERTYSINGLEVALUE('Discipline',$,IFCLABEL('structural'),$);
#7003=IFCPROPERTYSINGLEVALUE('GeometryStatus',$,IFCLABEL('parametric'),$);
#7004=IFCPROPERTYSET('1JjWVA1I94xuJ0R5g3emmB',$,'MF_Quantities',$,(#7005,#7006,#7007,#7008,#7009));
#7005=IFCPROPERTYSINGLEVALUE('NominalWidth',$,IFCREAL(0.076200000000000004),$);
#7006=IFCPROPERTYSINGLEVALUE('NominalDepth',$,IFCREAL(0.063500000000000001),$);
#7007=IFCPROPERTYSINGLEVALUE('NominalHeight',$,IFCREAL(3.048),$);
#7008=IFCPROPERTYSINGLEVALUE('NominalFootprintArea',$,IFCREAL(0.0048390000000000004),$);
#7009=IFCPROPERTYSINGLEVALUE('NominalVolume',$,IFCREAL(0.014748000000000001),$);
#7010=IFCMEMBERTYPE('2TGwu9M955iBGyEiMzx_lP',$,'Angle - L3X2-1/2X3/8',$,$,(#7027,#7031,#7042),(#7026),$,$,.NOTDEFINED.);
#7011=IFCCARTESIANPOINT((0.,0.));
#7012=IFCDIRECTION((1.,0.));
#7013=IFCAXIS2PLACEMENT2D(#7011,#7012);
#7014=IFCLSHAPEPROFILEDEF(.AREA.,'L3X2-1/2X3/8',#7013,0.063500000000000001,0.076200000000000004,0.0095250000000000005,0.,$,$);
#7015=IFCCARTESIANPOINT((0.,0.,0.));
#7016=IFCDIRECTION((0.,0.,1.));
#7017=IFCDIRECTION((1.,0.,0.));
#7018=IFCAXIS2PLACEMENT3D(#7015,#7016,#7017);
#7019=IFCDIRECTION((0.,0.,1.));
#7020=IFCEXTRUDEDAREASOLID(#7014,#7018,#7019,3.048);
#7021=IFCSHAPEREPRESENTATION(#11,'Body','SweptSolid',(#7020));
#7022=IFCCARTESIANPOINT((0.,0.,0.));
#7023=IFCDIRECTION((1.,0.,0.));
#7024=IFCDIRECTION((0.,0.,1.));
#7025=IFCAXIS2PLACEMENT3D(#7022,#7024,#7023);
#7026=IFCREPRESENTATIONMAP(#7025,#7021);
#7027=IFCPROPERTYSET('3yHJ1JjST619EwUPyAK5dZ',$,'MF_Structural',$,(#7028,#7029,#7030));
#7028=IFCPROPERTYSINGLEVALUE('Section',$,IFCLABEL('L3X2-1/2X3/8'),$);
#7029=IFCPROPERTYSINGLEVALUE('SectionFamily',$,IFCLABEL('L'),$);
#7030=IFCPROPERTYSINGLEVALUE('SectionSource',$,IFCLABEL('AISC Shapes Database v15.0 (US)'),$);
#7031=IFCPROPERTYSET('1PE3YQJGH7FP3opdX6YQ9t',$,'MF_Library',$,(#7032,#7033,#7034,#7035,#7036,#7037,#7038,#7039,#7040,#7041));
#7032=IFCPROPERTYSINGLEVALUE('Key',$,IFCLABEL('steel_angle'),$);
#7033=IFCPROPERTYSINGLEVALUE('Family',$,IFCLABEL('Angle'),$);
#7034=IFCPROPERTYSINGLEVALUE('TypeName',$,IFCLABEL('L3X2-1/2X3/8'),$);
#7035=IFCPROPERTYSINGLEVALUE('Version',$,IFCLABEL('0.1.0'),$);
#7036=IFCPROPERTYSINGLEVALUE('License',$,IFCLABEL('CC0-1.0'),$);
#7037=IFCPROPERTYSINGLEVALUE('Source',$,IFCLABEL('massing-families'),$);
#7038=IFCPROPERTYSINGLEVALUE('Tier',$,IFCLABEL('L300'),$);
#7039=IFCPROPERTYSINGLEVALUE('Builder',$,IFCLABEL('profile'),$);
#7040=IFCPROPERTYSINGLEVALUE('Discipline',$,IFCLABEL('structural'),$);
#7041=IFCPROPERTYSINGLEVALUE('GeometryStatus',$,IFCLABEL('parametric'),$);
#7042=IFCPROPERTYSET('2yQzl2Knb1b95fSIjW4YYt',$,'MF_Quantities',$,(#7043,#7044,#7045,#7046,#7047));
#7043=IFCPROPERTYSINGLEVALUE('NominalWidth',$,IFCREAL(0.076200000000000004),$);
#7044=IFCPROPERTYSINGLEVALUE('NominalDepth',$,IFCREAL(0.063500000000000001),$);
#7045=IFCPROPERTYSINGLEVALUE('NominalHeight',$,IFCREAL(3.048),$);
#7046=IFCPROPERTYSINGLEVALUE('NominalFootprintArea',$,IFCREAL(0.0048390000000000004),$);
#7047=IFCPROPERTYSINGLEVALUE('NominalVolume',$,IFCREAL(0.014748000000000001),$);
#7048=IFCMEMBERTYPE('0lUtliYrD8sQdCN4SUraFE',$,'Angle - L3X2-1/2X5/16',$,$,(#7065,#7069,#7080),(#7064),$,$,.NOTDEFINED.);
#7049=IFCCARTESIANPOINT((0.,0.));
#7050=IFCDIRECTION((1.,0.));
#7051=IFCAXIS2PLACEMENT2D(#7049,#7050);
#7052=IFCLSHAPEPROFILEDEF(.AREA.,'L3X2-1/2X5/16',#7051,0.063500000000000001,0.076200000000000004,0.0079501999999999993,0.,$,$);
#7053=IFCCARTESIANPOINT((0.,0.,0.));
#7054=IFCDIRECTION((0.,0.,1.));
#7055=IFCDIRECTION((1.,0.,0.));
#7056=IFCAXIS2PLACEMENT3D(#7053,#7054,#7055);
#7057=IFCDIRECTION((0.,0.,1.));
#7058=IFCEXTRUDEDAREASOLID(#7052,#7056,#7057,3.048);
#7059=IFCSHAPEREPRESENTATION(#11,'Body','SweptSolid',(#7058));
#7060=IFCCARTESIANPOINT((0.,0.,0.));
#7061=IFCDIRECTION((1.,0.,0.));
#7062=IFCDIRECTION((0.,0.,1.));
#7063=IFCAXIS2PLACEMENT3D(#7060,#7062,#7061);
#7064=IFCREPRESENTATIONMAP(#7063,#7059);
#7065=IFCPROPERTYSET('02SftPNFH6JuKUYqiFvg_G',$,'MF_Structural',$,(#7066,#7067,#7068));
#7066=IFCPROPERTYSINGLEVALUE('Section',$,IFCLABEL('L3X2-1/2X5/16'),$);
#7067=IFCPROPERTYSINGLEVALUE('SectionFamily',$,IFCLABEL('L'),$);
#7068=IFCPROPERTYSINGLEVALUE('SectionSource',$,IFCLABEL('AISC Shapes Database v15.0 (US)'),$);
#7069=IFCPROPERTYSET('1h6CaeEWHAChvAGWbuBwiG',$,'MF_Library',$,(#7070,#7071,#7072,#7073,#7074,#7075,#7076,#7077,#7078,#7079));
#7070=IFCPROPERTYSINGLEVALUE('Key',$,IFCLABEL('steel_angle'),$);
#7071=IFCPROPERTYSINGLEVALUE('Family',$,IFCLABEL('Angle'),$);
#7072=IFCPROPERTYSINGLEVALUE('TypeName',$,IFCLABEL('L3X2-1/2X5/16'),$);
#7073=IFCPROPERTYSINGLEVALUE('Version',$,IFCLABEL('0.1.0'),$);
#7074=IFCPROPERTYSINGLEVALUE('License',$,IFCLABEL('CC0-1.0'),$);
#7075=IFCPROPERTYSINGLEVALUE('Source',$,IFCLABEL('massing-families'),$);
#7076=IFCPROPERTYSINGLEVALUE('Tier',$,IFCLABEL('L300'),$);
#7077=IFCPROPERTYSINGLEVALUE('Builder',$,IFCLABEL('profile'),$);
#7078=IFCPROPERTYSINGLEVALUE('Discipline',$,IFCLABEL('structural'),$);
#7079=IFCPROPERTYSINGLEVALUE('GeometryStatus',$,IFCLABEL('parametric'),$);
#7080=IFCPROPERTYSET('1oHaMXlFPEYux32zHxCQIl',$,'MF_Quantities',$,(#7081,#7082,#7083,#7084,#7085));
#7081=IFCPROPERTYSINGLEVALUE('NominalWidth',$,IFCREAL(0.076200000000000004),$);
#7082=IFCPROPERTYSINGLEVALUE('NominalDepth',$,IFCREAL(0.063500000000000001),$);
#7083=IFCPROPERTYSINGLEVALUE('NominalHeight',$,IFCREAL(3.048),$);
#7084=IFCPROPERTYSINGLEVALUE('NominalFootprintArea',$,IFCREAL(0.0048390000000000004),$);
#7085=IFCPROPERTYSINGLEVALUE('NominalVolume',$,IFCREAL(0.014748000000000001),$);
#7086=IFCMEMBERTYPE('3RD79cUEb808IdcVPD5op6',$,'Angle - L3X2-1/2X1/4',$,$,(#7103,#7107,#7118),(#7102),$,$,.NOTDEFINED.);
#7087=IFCCARTESIANPOINT((0.,0.));
#7088=IFCDIRECTION((1.,0.));
#7089=IFCAXIS2PLACEMENT2D(#7087,#7088);
#7090=IFCLSHAPEPROFILEDEF(.AREA.,'L3X2-1/2X1/4',#7089,0.063500000000000001,0.076200000000000004,0.0063499999999999997,0.,$,$);
#7091=IFCCARTESIANPOINT((0.,0.,0.));
#7092=IFCDIRECTION((0.,0.,1.));
#7093=IFCDIRECTION((1.,0.,0.));
#7094=IFCAXIS2PLACEMENT3D(#7091,#7092,#7093);
#7095=IFCDIRECTION((0.,0.,1.));
#7096=IFCEXTRUDEDAREASOLID(#7090,#7094,#7095,3.048);
#7097=IFCSHAPEREPRESENTATION(#11,'Body','SweptSolid',(#7096));
#7098=IFCCARTESIANPOINT((0.,0.,0.));
#7099=IFCDIRECTION((1.,0.,0.));
#7100=IFCDIRECTION((0.,0.,1.));
#7101=IFCAXIS2PLACEMENT3D(#7098,#7100,#7099);
#7102=IFCREPRESENTATIONMAP(#7101,#7097);
#7103=IFCPROPERTYSET('3ryJ$9TQL4NBtDoMBs9sF8',$,'MF_Structural',$,(#7104,#7105,#7106));
#7104=IFCPROPERTYSINGLEVALUE('Section',$,IFCLABEL('L3X2-1/2X1/4'),$);
#7105=IFCPROPERTYSINGLEVALUE('SectionFamily',$,IFCLABEL('L'),$);
#7106=IFCPROPERTYSINGLEVALUE('SectionSource',$,IFCLABEL('AISC Shapes Database v15.0 (US)'),$);
#7107=IFCPROPERTYSET('3hErn8avLBKRcYvmMPQq02',$,'MF_Library',$,(#7108,#7109,#7110,#7111,#7112,#7113,#7114,#7115,#7116,#7117));
#7108=IFCPROPERTYSINGLEVALUE('Key',$,IFCLABEL('steel_angle'),$);
#7109=IFCPROPERTYSINGLEVALUE('Family',$,IFCLABEL('Angle'),$);
#7110=IFCPROPERTYSINGLEVALUE('TypeName',$,IFCLABEL('L3X2-1/2X1/4'),$);
#7111=IFCPROPERTYSINGLEVALUE('Version',$,IFCLABEL('0.1.0'),$);
#7112=IFCPROPERTYSINGLEVALUE('License',$,IFCLABEL('CC0-1.0'),$);
#7113=IFCPROPERTYSINGLEVALUE('Source',$,IFCLABEL('massing-families'),$);
#7114=IFCPROPERTYSINGLEVALUE('Tier',$,IFCLABEL('L300'),$);
#7115=IFCPROPERTYSINGLEVALUE('Builder',$,IFCLABEL('profile'),$);
#7116=IFCPROPERTYSINGLEVALUE('Discipline',$,IFCLABEL('structural'),$);
#7117=IFCPROPERTYSINGLEVALUE('GeometryStatus',$,IFCLABEL('parametric'),$);
#7118=IFCPROPERTYSET('1b_bc_Fu95MRIEANq34cuH',$,'MF_Quantities',$,(#7119,#7120,#7121,#7122,#7123));
#7119=IFCPROPERTYSINGLEVALUE('NominalWidth',$,IFCREAL(0.076200000000000004),$);
#7120=IFCPROPERTYSINGLEVALUE('NominalDepth',$,IFCREAL(0.063500000000000001),$);
#7121=IFCPROPERTYSINGLEVALUE('NominalHeight',$,IFCREAL(3.048),$);
#7122=IFCPROPERTYSINGLEVALUE('NominalFootprintArea',$,IFCREAL(0.0048390000000000004),$);
#7123=IFCPROPERTYSINGLEVALUE('NominalVolume',$,IFCREAL(0.014748000000000001),$);
#7124=IFCMEMBERTYPE('3aeqN_Ftn41ApjavmZAF6x',$,'Angle - L3X2-1/2X3/16',$,$,(#7141,#7145,#7156),(#7140),$,$,.NOTDEFINED.);
#7125=IFCCARTESIANPOINT((0.,0.));
#7126=IFCDIRECTION((1.,0.));
#7127=IFCAXIS2PLACEMENT2D(#7125,#7126);
#7128=IFCLSHAPEPROFILEDEF(.AREA.,'L3X2-1/2X3/16',#7127,0.063500000000000001,0.076200000000000004,0.0047752000000000003,0.,$,$);
#7129=IFCCARTESIANPOINT((0.,0.,0.));
#7130=IFCDIRECTION((0.,0.,1.));
#7131=IFCDIRECTION((1.,0.,0.));
#7132=IFCAXIS2PLACEMENT3D(#7129,#7130,#7131);
#7133=IFCDIRECTION((0.,0.,1.));
#7134=IFCEXTRUDEDAREASOLID(#7128,#7132,#7133,3.048);
#7135=IFCSHAPEREPRESENTATION(#11,'Body','SweptSolid',(#7134));
#7136=IFCCARTESIANPOINT((0.,0.,0.));
#7137=IFCDIRECTION((1.,0.,0.));
#7138=IFCDIRECTION((0.,0.,1.));
#7139=IFCAXIS2PLACEMENT3D(#7136,#7138,#7137);
#7140=IFCREPRESENTATIONMAP(#7139,#7135);
#7141=IFCPROPERTYSET('1flvZ3iKzAL9Topunpf8Le',$,'MF_Structural',$,(#7142,#7143,#7144));
#7142=IFCPROPERTYSINGLEVALUE('Section',$,IFCLABEL('L3X2-1/2X3/16'),$);
#7143=IFCPROPERTYSINGLEVALUE('SectionFamily',$,IFCLABEL('L'),$);
#7144=IFCPROPERTYSINGLEVALUE('SectionSource',$,IFCLABEL('AISC Shapes Database v15.0 (US)'),$);
#7145=IFCPROPERTYSET('0KU_Ss2RD7085tvXXEA3Q3',$,'MF_Library',$,(#7146,#7147,#7148,#7149,#7150,#7151,#7152,#7153,#7154,#7155));
#7146=IFCPROPERTYSINGLEVALUE('Key',$,IFCLABEL('steel_angle'),$);
#7147=IFCPROPERTYSINGLEVALUE('Family',$,IFCLABEL('Angle'),$);
#7148=IFCPROPERTYSINGLEVALUE('TypeName',$,IFCLABEL('L3X2-1/2X3/16'),$);
#7149=IFCPROPERTYSINGLEVALUE('Version',$,IFCLABEL('0.1.0'),$);
#7150=IFCPROPERTYSINGLEVALUE('License',$,IFCLABEL('CC0-1.0'),$);
#7151=IFCPROPERTYSINGLEVALUE('Source',$,IFCLABEL('massing-families'),$);
#7152=IFCPROPERTYSINGLEVALUE('Tier',$,IFCLABEL('L300'),$);
#7153=IFCPROPERTYSINGLEVALUE('Builder',$,IFCLABEL('profile'),$);
#7154=IFCPROPERTYSINGLEVALUE('Discipline',$,IFCLABEL('structural'),$);
#7155=IFCPROPERTYSINGLEVALUE('GeometryStatus',$,IFCLABEL('parametric'),$);
#7156=IFCPROPERTYSET('1vOiuzNmnE6faT$A9TYpNA',$,'MF_Quantities',$,(#7157,#7158,#7159,#7160,#7161));
#7157=IFCPROPERTYSINGLEVALUE('NominalWidth',$,IFCREAL(0.076200000000000004),$);
#7158=IFCPROPERTYSINGLEVALUE('NominalDepth',$,IFCREAL(0.063500000000000001),$);
#7159=IFCPROPERTYSINGLEVALUE('NominalHeight',$,IFCREAL(3.048),$);
#7160=IFCPROPERTYSINGLEVALUE('NominalFootprintArea',$,IFCREAL(0.0048390000000000004),$);
#7161=IFCPROPERTYSINGLEVALUE('NominalVolume',$,IFCREAL(0.014748000000000001),$);
#7162=IFCMEMBERTYPE('0CEQeRcfzCwwtP$aNs2mqp',$,'Angle - L3X2X1/2',$,$,(#7179,#7183,#7194),(#7178),$,$,.NOTDEFINED.);
#7163=IFCCARTESIANPOINT((0.,0.));
#7164=IFCDIRECTION((1.,0.));
#7165=IFCAXIS2PLACEMENT2D(#7163,#7164);
#7166=IFCLSHAPEPROFILEDEF(.AREA.,'L3X2X1/2',#7165,0.050799999999999998,0.076200000000000004,0.012699999999999999,0.,$,$);
#7167=IFCCARTESIANPOINT((0.,0.,0.));
#7168=IFCDIRECTION((0.,0.,1.));
#7169=IFCDIRECTION((1.,0.,0.));
#7170=IFCAXIS2PLACEMENT3D(#7167,#7168,#7169);
#7171=IFCDIRECTION((0.,0.,1.));
#7172=IFCEXTRUDEDAREASOLID(#7166,#7170,#7171,3.048);
#7173=IFCSHAPEREPRESENTATION(#11,'Body','SweptSolid',(#7172));
#7174=IFCCARTESIANPOINT((0.,0.,0.));
#7175=IFCDIRECTION((1.,0.,0.));
#7176=IFCDIRECTION((0.,0.,1.));
#7177=IFCAXIS2PLACEMENT3D(#7174,#7176,#7175);
#7178=IFCREPRESENTATIONMAP(#7177,#7173);
#7179=IFCPROPERTYSET('1dC0Gubc1CyO5frgbFyeha',$,'MF_Structural',$,(#7180,#7181,#7182));
#7180=IFCPROPERTYSINGLEVALUE('Section',$,IFCLABEL('L3X2X1/2'),$);
#7181=IFCPROPERTYSINGLEVALUE('SectionFamily',$,IFCLABEL('L'),$);
#7182=IFCPROPERTYSINGLEVALUE('SectionSource',$,IFCLABEL('AISC Shapes Database v15.0 (US)'),$);
#7183=IFCPROPERTYSET('0tthROpOfA2guTUHzvcZ68',$,'MF_Library',$,(#7184,#7185,#7186,#7187,#7188,#7189,#7190,#7191,#7192,#7193));
#7184=IFCPROPERTYSINGLEVALUE('Key',$,IFCLABEL('steel_angle'),$);
#7185=IFCPROPERTYSINGLEVALUE('Family',$,IFCLABEL('Angle'),$);
#7186=IFCPROPERTYSINGLEVALUE('TypeName',$,IFCLABEL('L3X2X1/2'),$);
#7187=IFCPROPERTYSINGLEVALUE('Version',$,IFCLABEL('0.1.0'),$);
#7188=IFCPROPERTYSINGLEVALUE('License',$,IFCLABEL('CC0-1.0'),$);
#7189=IFCPROPERTYSINGLEVALUE('Source',$,IFCLABEL('massing-families'),$);
#7190=IFCPROPERTYSINGLEVALUE('Tier',$,IFCLABEL('L300'),$);
#7191=IFCPROPERTYSINGLEVALUE('Builder',$,IFCLABEL('profile'),$);
#7192=IFCPROPERTYSINGLEVALUE('Discipline',$,IFCLABEL('structural'),$);
#7193=IFCPROPERTYSINGLEVALUE('GeometryStatus',$,IFCLABEL('parametric'),$);
#7194=IFCPROPERTYSET('0urbT0dvrDh84Wtlti9edk',$,'MF_Quantities',$,(#7195,#7196,#7197,#7198,#7199));
#7195=IFCPROPERTYSINGLEVALUE('NominalWidth',$,IFCREAL(0.076200000000000004),$);
#7196=IFCPROPERTYSINGLEVALUE('NominalDepth',$,IFCREAL(0.050799999999999998),$);
#7197=IFCPROPERTYSINGLEVALUE('NominalHeight',$,IFCREAL(3.048),$);
#7198=IFCPROPERTYSINGLEVALUE('NominalFootprintArea',$,IFCREAL(0.0038709999999999999),$);
#7199=IFCPROPERTYSINGLEVALUE('NominalVolume',$,IFCREAL(0.011799),$);
#7200=IFCMEMBERTYPE('1YceB9c0DAAQyFTzswKKyE',$,'Angle - L3X2X3/8',$,$,(#7217,#7221,#7232),(#7216),$,$,.NOTDEFINED.);
#7201=IFCCARTESIANPOINT((0.,0.));
#7202=IFCDIRECTION((1.,0.));
#7203=IFCAXIS2PLACEMENT2D(#7201,#7202);
#7204=IFCLSHAPEPROFILEDEF(.AREA.,'L3X2X3/8',#7203,0.050799999999999998,0.076200000000000004,0.0095250000000000005,0.,$,$);
#7205=IFCCARTESIANPOINT((0.,0.,0.));
#7206=IFCDIRECTION((0.,0.,1.));
#7207=IFCDIRECTION((1.,0.,0.));
#7208=IFCAXIS2PLACEMENT3D(#7205,#7206,#7207);
#7209=IFCDIRECTION((0.,0.,1.));
#7210=IFCEXTRUDEDAREASOLID(#7204,#7208,#7209,3.048);
#7211=IFCSHAPEREPRESENTATION(#11,'Body','SweptSolid',(#7210));
#7212=IFCCARTESIANPOINT((0.,0.,0.));
#7213=IFCDIRECTION((1.,0.,0.));
#7214=IFCDIRECTION((0.,0.,1.));
#7215=IFCAXIS2PLACEMENT3D(#7212,#7214,#7213);
#7216=IFCREPRESENTATIONMAP(#7215,#7211);
#7217=IFCPROPERTYSET('0YsLfOzS96vuZLa2vHcpBA',$,'MF_Structural',$,(#7218,#7219,#7220));
#7218=IFCPROPERTYSINGLEVALUE('Section',$,IFCLABEL('L3X2X3/8'),$);
#7219=IFCPROPERTYSINGLEVALUE('SectionFamily',$,IFCLABEL('L'),$);
#7220=IFCPROPERTYSINGLEVALUE('SectionSource',$,IFCLABEL('AISC Shapes Database v15.0 (US)'),$);
#7221=IFCPROPERTYSET('1hgkL2Dfb4t8b6o9NkbIbw',$,'MF_Library',$,(#7222,#7223,#7224,#7225,#7226,#7227,#7228,#7229,#7230,#7231));
#7222=IFCPROPERTYSINGLEVALUE('Key',$,IFCLABEL('steel_angle'),$);
#7223=IFCPROPERTYSINGLEVALUE('Family',$,IFCLABEL('Angle'),$);
#7224=IFCPROPERTYSINGLEVALUE('TypeName',$,IFCLABEL('L3X2X3/8'),$);
#7225=IFCPROPERTYSINGLEVALUE('Version',$,IFCLABEL('0.1.0'),$);
#7226=IFCPROPERTYSINGLEVALUE('License',$,IFCLABEL('CC0-1.0'),$);
#7227=IFCPROPERTYSINGLEVALUE('Source',$,IFCLABEL('massing-families'),$);
#7228=IFCPROPERTYSINGLEVALUE('Tier',$,IFCLABEL('L300'),$);
#7229=IFCPROPERTYSINGLEVALUE('Builder',$,IFCLABEL('profile'),$);
#7230=IFCPROPERTYSINGLEVALUE('Discipline',$,IFCLABEL('structural'),$);
#7231=IFCPROPERTYSINGLEVALUE('GeometryStatus',$,IFCLABEL('parametric'),$);
#7232=IFCPROPERTYSET('3ri53HvTzDkgDEmEY8yURD',$,'MF_Quantities',$,(#7233,#7234,#7235,#7236,#7237));
#7233=IFCPROPERTYSINGLEVALUE('NominalWidth',$,IFCREAL(0.076200000000000004),$);
#7234=IFCPROPERTYSINGLEVALUE('NominalDepth',$,IFCREAL(0.050799999999999998),$);
#7235=IFCPROPERTYSINGLEVALUE('NominalHeight',$,IFCREAL(3.048),$);
#7236=IFCPROPERTYSINGLEVALUE('NominalFootprintArea',$,IFCREAL(0.0038709999999999999),$);
#7237=IFCPROPERTYSINGLEVALUE('NominalVolume',$,IFCREAL(0.011799),$);
#7238=IFCMEMBERTYPE('3T5tVzNtLA$h$RqZr7cK6U',$,'Angle - L3X2X5/16',$,$,(#7255,#7259,#7270),(#7254),$,$,.NOTDEFINED.);
#7239=IFCCARTESIANPOINT((0.,0.));
#7240=IFCDIRECTION((1.,0.));
#7241=IFCAXIS2PLACEMENT2D(#7239,#7240);
#7242=IFCLSHAPEPROFILEDEF(.AREA.,'L3X2X5/16',#7241,0.050799999999999998,0.076200000000000004,0.0079501999999999993,0.,$,$);
#7243=IFCCARTESIANPOINT((0.,0.,0.));
#7244=IFCDIRECTION((0.,0.,1.));
#7245=IFCDIRECTION((1.,0.,0.));
#7246=IFCAXIS2PLACEMENT3D(#7243,#7244,#7245);
#7247=IFCDIRECTION((0.,0.,1.));
#7248=IFCEXTRUDEDAREASOLID(#7242,#7246,#7247,3.048);
#7249=IFCSHAPEREPRESENTATION(#11,'Body','SweptSolid',(#7248));
#7250=IFCCARTESIANPOINT((0.,0.,0.));
#7251=IFCDIRECTION((1.,0.,0.));
#7252=IFCDIRECTION((0.,0.,1.));
#7253=IFCAXIS2PLACEMENT3D(#7250,#7252,#7251);
#7254=IFCREPRESENTATIONMAP(#7253,#7249);
#7255=IFCPROPERTYSET('3aS4RWGt1CgOi4eUhRTBXE',$,'MF_Structural',$,(#7256,#7257,#7258));
#7256=IFCPROPERTYSINGLEVALUE('Section',$,IFCLABEL('L3X2X5/16'),$);
#7257=IFCPROPERTYSINGLEVALUE('SectionFamily',$,IFCLABEL('L'),$);
#7258=IFCPROPERTYSINGLEVALUE('SectionSource',$,IFCLABEL('AISC Shapes Database v15.0 (US)'),$);
#7259=IFCPROPERTYSET('2PWmO1$eHBZuFMSqv8xaqv',$,'MF_Library',$,(#7260,#7261,#7262,#7263,#7264,#7265,#7266,#7267,#7268,#7269));
#7260=IFCPROPERTYSINGLEVALUE('Key',$,IFCLABEL('steel_angle'),$);
#7261=IFCPROPERTYSINGLEVALUE('Family',$,IFCLABEL('Angle'),$);
#7262=IFCPROPERTYSINGLEVALUE('TypeName',$,IFCLABEL('L3X2X5/16'),$);
#7263=IFCPROPERTYSINGLEVALUE('Version',$,IFCLABEL('0.1.0'),$);
#7264=IFCPROPERTYSINGLEVALUE('License',$,IFCLABEL('CC0-1.0'),$);
#7265=IFCPROPERTYSINGLEVALUE('Source',$,IFCLABEL('massing-families'),$);
#7266=IFCPROPERTYSINGLEVALUE('Tier',$,IFCLABEL('L300'),$);
#7267=IFCPROPERTYSINGLEVALUE('Builder',$,IFCLABEL('profile'),$);
#7268=IFCPROPERTYSINGLEVALUE('Discipline',$,IFCLABEL('structural'),$);
#7269=IFCPROPERTYSINGLEVALUE('GeometryStatus',$,IFCLABEL('parametric'),$);
#7270=IFCPROPERTYSET('0LkCfLcUH0kB0RCBDZmbtq',$,'MF_Quantities',$,(#7271,#7272,#7273,#7274,#7275));
#7271=IFCPROPERTYSINGLEVALUE('NominalWidth',$,IFCREAL(0.076200000000000004),$);
#7272=IFCPROPERTYSINGLEVALUE('NominalDepth',$,IFCREAL(0.050799999999999998),$);
#7273=IFCPROPERTYSINGLEVALUE('NominalHeight',$,IFCREAL(3.048),$);
#7274=IFCPROPERTYSINGLEVALUE('NominalFootprintArea',$,IFCREAL(0.0038709999999999999),$);
#7275=IFCPROPERTYSINGLEVALUE('NominalVolume',$,IFCREAL(0.011799),$);
#7276=IFCMEMBERTYPE('3nEBHBp513WfnoMB_ymyo7',$,'Angle - L3X2X1/4',$,$,(#7293,#7297,#7308),(#7292),$,$,.NOTDEFINED.);
#7277=IFCCARTESIANPOINT((0.,0.));
#7278=IFCDIRECTION((1.,0.));
#7279=IFCAXIS2PLACEMENT2D(#7277,#7278);
#7280=IFCLSHAPEPROFILEDEF(.AREA.,'L3X2X1/4',#7279,0.050799999999999998,0.076200000000000004,0.0063499999999999997,0.,$,$);
#7281=IFCCARTESIANPOINT((0.,0.,0.));
#7282=IFCDIRECTION((0.,0.,1.));
#7283=IFCDIRECTION((1.,0.,0.));
#7284=IFCAXIS2PLACEMENT3D(#7281,#7282,#7283);
#7285=IFCDIRECTION((0.,0.,1.));
#7286=IFCEXTRUDEDAREASOLID(#7280,#7284,#7285,3.048);
#7287=IFCSHAPEREPRESENTATION(#11,'Body','SweptSolid',(#7286));
#7288=IFCCARTESIANPOINT((0.,0.,0.));
#7289=IFCDIRECTION((1.,0.,0.));
#7290=IFCDIRECTION((0.,0.,1.));
#7291=IFCAXIS2PLACEMENT3D(#7288,#7290,#7289);
#7292=IFCREPRESENTATIONMAP(#7291,#7287);
#7293=IFCPROPERTYSET('3Jes00Y25EDvctNiclRAcw',$,'MF_Structural',$,(#7294,#7295,#7296));
#7294=IFCPROPERTYSINGLEVALUE('Section',$,IFCLABEL('L3X2X1/4'),$);
#7295=IFCPROPERTYSINGLEVALUE('SectionFamily',$,IFCLABEL('L'),$);
#7296=IFCPROPERTYSINGLEVALUE('SectionSource',$,IFCLABEL('AISC Shapes Database v15.0 (US)'),$);
#7297=IFCPROPERTYSET('01wUEW2djCAuqIG9Wnx8DL',$,'MF_Library',$,(#7298,#7299,#7300,#7301,#7302,#7303,#7304,#7305,#7306,#7307));
#7298=IFCPROPERTYSINGLEVALUE('Key',$,IFCLABEL('steel_angle'),$);
#7299=IFCPROPERTYSINGLEVALUE('Family',$,IFCLABEL('Angle'),$);
#7300=IFCPROPERTYSINGLEVALUE('TypeName',$,IFCLABEL('L3X2X1/4'),$);
#7301=IFCPROPERTYSINGLEVALUE('Version',$,IFCLABEL('0.1.0'),$);
#7302=IFCPROPERTYSINGLEVALUE('License',$,IFCLABEL('CC0-1.0'),$);
#7303=IFCPROPERTYSINGLEVALUE('Source',$,IFCLABEL('massing-families'),$);
#7304=IFCPROPERTYSINGLEVALUE('Tier',$,IFCLABEL('L300'),$);
#7305=IFCPROPERTYSINGLEVALUE('Builder',$,IFCLABEL('profile'),$);
#7306=IFCPROPERTYSINGLEVALUE('Discipline',$,IFCLABEL('structural'),$);
#7307=IFCPROPERTYSINGLEVALUE('GeometryStatus',$,IFCLABEL('parametric'),$);
#7308=IFCPROPERTYSET('2j_BRXsJD3bQnwq3l1rNzA',$,'MF_Quantities',$,(#7309,#7310,#7311,#7312,#7313));
#7309=IFCPROPERTYSINGLEVALUE('NominalWidth',$,IFCREAL(0.076200000000000004),$);
#7310=IFCPROPERTYSINGLEVALUE('NominalDepth',$,IFCREAL(0.050799999999999998),$);
#7311=IFCPROPERTYSINGLEVALUE('NominalHeight',$,IFCREAL(3.048),$);
#7312=IFCPROPERTYSINGLEVALUE('NominalFootprintArea',$,IFCREAL(0.0038709999999999999),$);
#7313=IFCPROPERTYSINGLEVALUE('NominalVolume',$,IFCREAL(0.011799),$);
#7314=IFCMEMBERTYPE('1UUYxue6X6XO_bvUYyN6Sw',$,'Angle - L3X2X3/16',$,$,(#7331,#7335,#7346),(#7330),$,$,.NOTDEFINED.);
#7315=IFCCARTESIANPOINT((0.,0.));
#7316=IFCDIRECTION((1.,0.));
#7317=IFCAXIS2PLACEMENT2D(#7315,#7316);
#7318=IFCLSHAPEPROFILEDEF(.AREA.,'L3X2X3/16',#7317,0.050799999999999998,0.076200000000000004,0.0047752000000000003,0.,$,$);
#7319=IFCCARTESIANPOINT((0.,0.,0.));
#7320=IFCDIRECTION((0.,0.,1.));
#7321=IFCDIRECTION((1.,0.,0.));
#7322=IFCAXIS2PLACEMENT3D(#7319,#7320,#7321);
#7323=IFCDIRECTION((0.,0.,1.));
#7324=IFCEXTRUDEDAREASOLID(#7318,#7322,#7323,3.048);
#7325=IFCSHAPEREPRESENTATION(#11,'Body','SweptSolid',(#7324));
#7326=IFCCARTESIANPOINT((0.,0.,0.));
#7327=IFCDIRECTION((1.,0.,0.));
#7328=IFCDIRECTION((0.,0.,1.));
#7329=IFCAXIS2PLACEMENT3D(#7326,#7328,#7327);
#7330=IFCREPRESENTATIONMAP(#7329,#7325);
#7331=IFCPROPERTYSET('0Ni0Zm_mvFBeyOcHTAGo5L',$,'MF_Structural',$,(#7332,#7333,#7334));
#7332=IFCPROPERTYSINGLEVALUE('Section',$,IFCLABEL('L3X2X3/16'),$);
#7333=IFCPROPERTYSINGLEVALUE('SectionFamily',$,IFCLABEL('L'),$);
#7334=IFCPROPERTYSINGLEVALUE('SectionSource',$,IFCLABEL('AISC Shapes Database v15.0 (US)'),$);
#7335=IFCPROPERTYSET('1ycvDNMKL3bOKymGHXFrDk',$,'MF_Library',$,(#7336,#7337,#7338,#7339,#7340,#7341,#7342,#7343,#7344,#7345));
#7336=IFCPROPERTYSINGLEVALUE('Key',$,IFCLABEL('steel_angle'),$);
#7337=IFCPROPERTYSINGLEVALUE('Family',$,IFCLABEL('Angle'),$);
#7338=IFCPROPERTYSINGLEVALUE('TypeName',$,IFCLABEL('L3X2X3/16'),$);
#7339=IFCPROPERTYSINGLEVALUE('Version',$,IFCLABEL('0.1.0'),$);
#7340=IFCPROPERTYSINGLEVALUE('License',$,IFCLABEL('CC0-1.0'),$);
#7341=IFCPROPERTYSINGLEVALUE('Source',$,IFCLABEL('massing-families'),$);
#7342=IFCPROPERTYSINGLEVALUE('Tier',$,IFCLABEL('L300'),$);
#7343=IFCPROPERTYSINGLEVALUE('Builder',$,IFCLABEL('profile'),$);
#7344=IFCPROPERTYSINGLEVALUE('Discipline',$,IFCLABEL('structural'),$);
#7345=IFCPROPERTYSINGLEVALUE('GeometryStatus',$,IFCLABEL('parametric'),$);
#7346=IFCPROPERTYSET('32xEY6AOzAaho0W7hvqANG',$,'MF_Quantities',$,(#7347,#7348,#7349,#7350,#7351));
#7347=IFCPROPERTYSINGLEVALUE('NominalWidth',$,IFCREAL(0.076200000000000004),$);
#7348=IFCPROPERTYSINGLEVALUE('NominalDepth',$,IFCREAL(0.050799999999999998),$);
#7349=IFCPROPERTYSINGLEVALUE('NominalHeight',$,IFCREAL(3.048),$);
#7350=IFCPROPERTYSINGLEVALUE('NominalFootprintArea',$,IFCREAL(0.0038709999999999999),$);
#7351=IFCPROPERTYSINGLEVALUE('NominalVolume',$,IFCREAL(0.011799),$);
#7352=IFCMEMBERTYPE('3$NeaAHf94BQi1y_g3YOxE',$,'Angle - L2-1/2X2-1/2X1/2',$,$,(#7369,#7373,#7384),(#7368),$,$,.NOTDEFINED.);
#7353=IFCCARTESIANPOINT((0.,0.));
#7354=IFCDIRECTION((1.,0.));
#7355=IFCAXIS2PLACEMENT2D(#7353,#7354);
#7356=IFCLSHAPEPROFILEDEF(.AREA.,'L2-1/2X2-1/2X1/2',#7355,0.063500000000000001,0.063500000000000001,0.012699999999999999,0.,$,$);
#7357=IFCCARTESIANPOINT((0.,0.,0.));
#7358=IFCDIRECTION((0.,0.,1.));
#7359=IFCDIRECTION((1.,0.,0.));
#7360=IFCAXIS2PLACEMENT3D(#7357,#7358,#7359);
#7361=IFCDIRECTION((0.,0.,1.));
#7362=IFCEXTRUDEDAREASOLID(#7356,#7360,#7361,3.048);
#7363=IFCSHAPEREPRESENTATION(#11,'Body','SweptSolid',(#7362));
#7364=IFCCARTESIANPOINT((0.,0.,0.));
#7365=IFCDIRECTION((1.,0.,0.));
#7366=IFCDIRECTION((0.,0.,1.));
#7367=IFCAXIS2PLACEMENT3D(#7364,#7366,#7365);
#7368=IFCREPRESENTATIONMAP(#7367,#7363);
#7369=IFCPROPERTYSET('0hSSatzXnE8Bk1ntO6K9bK',$,'MF_Structural',$,(#7370,#7371,#7372));
#7370=IFCPROPERTYSINGLEVALUE('Section',$,IFCLABEL('L2-1/2X2-1/2X1/2'),$);
#7371=IFCPROPERTYSINGLEVALUE('SectionFamily',$,IFCLABEL('L'),$);
#7372=IFCPROPERTYSINGLEVALUE('SectionSource',$,IFCLABEL('AISC Shapes Database v15.0 (US)'),$);
#7373=IFCPROPERTYSET('2qYP3pm$14AvHVpzvpXg9K',$,'MF_Library',$,(#7374,#7375,#7376,#7377,#7378,#7379,#7380,#7381,#7382,#7383));
#7374=IFCPROPERTYSINGLEVALUE('Key',$,IFCLABEL('steel_angle'),$);
#7375=IFCPROPERTYSINGLEVALUE('Family',$,IFCLABEL('Angle'),$);
#7376=IFCPROPERTYSINGLEVALUE('TypeName',$,IFCLABEL('L2-1/2X2-1/2X1/2'),$);
#7377=IFCPROPERTYSINGLEVALUE('Version',$,IFCLABEL('0.1.0'),$);
#7378=IFCPROPERTYSINGLEVALUE('License',$,IFCLABEL('CC0-1.0'),$);
#7379=IFCPROPERTYSINGLEVALUE('Source',$,IFCLABEL('massing-families'),$);
#7380=IFCPROPERTYSINGLEVALUE('Tier',$,IFCLABEL('L300'),$);
#7381=IFCPROPERTYSINGLEVALUE('Builder',$,IFCLABEL('profile'),$);
#7382=IFCPROPERTYSINGLEVALUE('Discipline',$,IFCLABEL('structural'),$);
#7383=IFCPROPERTYSINGLEVALUE('GeometryStatus',$,IFCLABEL('parametric'),$);
#7384=IFCPROPERTYSET('2xTR7yR05A8gZrYwZdajTZ',$,'MF_Quantities',$,(#7385,#7386,#7387,#7388,#7389));
#7385=IFCPROPERTYSINGLEVALUE('NominalWidth',$,IFCREAL(0.063500000000000001),$);
#7386=IFCPROPERTYSINGLEVALUE('NominalDepth',$,IFCREAL(0.063500000000000001),$);
#7387=IFCPROPERTYSINGLEVALUE('NominalHeight',$,IFCREAL(3.048),$);
#7388=IFCPROPERTYSINGLEVALUE('NominalFootprintArea',$,IFCREAL(0.004032),$);
#7389=IFCPROPERTYSINGLEVALUE('NominalVolume',$,IFCREAL(0.012290000000000001),$);
#7390=IFCMEMBERTYPE('1gEqQOdUz5qf6rugf1mIjk',$,'Angle - L2-1/2X2-1/2X3/8',$,$,(#7407,#7411,#7422),(#7406),$,$,.NOTDEFINED.);
#7391=IFCCARTESIANPOINT((0.,0.));
#7392=IFCDIRECTION((1.,0.));
#7393=IFCAXIS2PLACEMENT2D(#7391,#7392);
#7394=IFCLSHAPEPROFILEDEF(.AREA.,'L2-1/2X2-1/2X3/8',#7393,0.063500000000000001,0.063500000000000001,0.0095250000000000005,0.,$,$);
#7395=IFCCARTESIANPOINT((0.,0.,0.));
#7396=IFCDIRECTION((0.,0.,1.));
#7397=IFCDIRECTION((1.,0.,0.));
#7398=IFCAXIS2PLACEMENT3D(#7395,#7396,#7397);
#7399=IFCDIRECTION((0.,0.,1.));
#7400=IFCEXTRUDEDAREASOLID(#7394,#7398,#7399,3.048);
#7401=IFCSHAPEREPRESENTATION(#11,'Body','SweptSolid',(#7400));
#7402=IFCCARTESIANPOINT((0.,0.,0.));
#7403=IFCDIRECTION((1.,0.,0.));
#7404=IFCDIRECTION((0.,0.,1.));
#7405=IFCAXIS2PLACEMENT3D(#7402,#7404,#7403);
#7406=IFCREPRESENTATIONMAP(#7405,#7401);
#7407=IFCPROPERTYSET('3IP2b2BLf4Gf_ocbvUCIDf',$,'MF_Structural',$,(#7408,#7409,#7410));
#7408=IFCPROPERTYSINGLEVALUE('Section',$,IFCLABEL('L2-1/2X2-1/2X3/8'),$);
#7409=IFCPROPERTYSINGLEVALUE('SectionFamily',$,IFCLABEL('L'),$);
#7410=IFCPROPERTYSINGLEVALUE('SectionSource',$,IFCLABEL('AISC Shapes Database v15.0 (US)'),$);
#7411=IFCPROPERTYSET('3o32tTjc59RvVwmUINopBC',$,'MF_Library',$,(#7412,#7413,#7414,#7415,#7416,#7417,#7418,#7419,#7420,#7421));
#7412=IFCPROPERTYSINGLEVALUE('Key',$,IFCLABEL('steel_angle'),$);
#7413=IFCPROPERTYSINGLEVALUE('Family',$,IFCLABEL('Angle'),$);
#7414=IFCPROPERTYSINGLEVALUE('TypeName',$,IFCLABEL('L2-1/2X2-1/2X3/8'),$);
#7415=IFCPROPERTYSINGLEVALUE('Version',$,IFCLABEL('0.1.0'),$);
#7416=IFCPROPERTYSINGLEVALUE('License',$,IFCLABEL('CC0-1.0'),$);
#7417=IFCPROPERTYSINGLEVALUE('Source',$,IFCLABEL('massing-families'),$);
#7418=IFCPROPERTYSINGLEVALUE('Tier',$,IFCLABEL('L300'),$);
#7419=IFCPROPERTYSINGLEVALUE('Builder',$,IFCLABEL('profile'),$);
#7420=IFCPROPERTYSINGLEVALUE('Discipline',$,IFCLABEL('structural'),$);
#7421=IFCPROPERTYSINGLEVALUE('GeometryStatus',$,IFCLABEL('parametric'),$);
#7422=IFCPROPERTYSET('0MwIXrArX248EqvPE0xkI5',$,'MF_Quantities',$,(#7423,#7424,#7425,#7426,#7427));
#7423=IFCPROPERTYSINGLEVALUE('NominalWidth',$,IFCREAL(0.063500000000000001),$);
#7424=IFCPROPERTYSINGLEVALUE('NominalDepth',$,IFCREAL(0.063500000000000001),$);
#7425=IFCPROPERTYSINGLEVALUE('NominalHeight',$,IFCREAL(3.048),$);
#7426=IFCPROPERTYSINGLEVALUE('NominalFootprintArea',$,IFCREAL(0.004032),$);
#7427=IFCPROPERTYSINGLEVALUE('NominalVolume',$,IFCREAL(0.012290000000000001),$);
#7428=IFCMEMBERTYPE('0SgV59jAj8ZBu9PGjIJo7R',$,'Angle - L2-1/2X2-1/2X5/16',$,$,(#7445,#7449,#7460),(#7444),$,$,.NOTDEFINED.);
#7429=IFCCARTESIANPOINT((0.,0.));
#7430=IFCDIRECTION((1.,0.));
#7431=IFCAXIS2PLACEMENT2D(#7429,#7430);
#7432=IFCLSHAPEPROFILEDEF(.AREA.,'L2-1/2X2-1/2X5/16',#7431,0.063500000000000001,0.063500000000000001,0.0079501999999999993,0.,$,$);
#7433=IFCCARTESIANPOINT((0.,0.,0.));
#7434=IFCDIRECTION((0.,0.,1.));
#7435=IFCDIRECTION((1.,0.,0.));
#7436=IFCAXIS2PLACEMENT3D(#7433,#7434,#7435);
#7437=IFCDIRECTION((0.,0.,1.));
#7438=IFCEXTRUDEDAREASOLID(#7432,#7436,#7437,3.048);
#7439=IFCSHAPEREPRESENTATION(#11,'Body','SweptSolid',(#7438));
#7440=IFCCARTESIANPOINT((0.,0.,0.));
#7441=IFCDIRECTION((1.,0.,0.));
#7442=IFCDIRECTION((0.,0.,1.));
#7443=IFCAXIS2PLACEMENT3D(#7440,#7442,#7441);
#7444=IFCREPRESENTATIONMAP(#7443,#7439);
#7445=IFCPROPERTYSET('2i7bzZ4Lj1uQlG02Ek5emi',$,'MF_Structural',$,(#7446,#7447,#7448));
#7446=IFCPROPERTYSINGLEVALUE('Section',$,IFCLABEL('L2-1/2X2-1/2X5/16'),$);
#7447=IFCPROPERTYSINGLEVALUE('SectionFamily',$,IFCLABEL('L'),$);
#7448=IFCPROPERTYSINGLEVALUE('SectionSource',$,IFCLABEL('AISC Shapes Database v15.0 (US)'),$);
#7449=IFCPROPERTYSET('0IKA8vbp10dPE93bLgNJNQ',$,'MF_Library',$,(#7450,#7451,#7452,#7453,#7454,#7455,#7456,#7457,#7458,#7459));
#7450=IFCPROPERTYSINGLEVALUE('Key',$,IFCLABEL('steel_angle'),$);
#7451=IFCPROPERTYSINGLEVALUE('Family',$,IFCLABEL('Angle'),$);
#7452=IFCPROPERTYSINGLEVALUE('TypeName',$,IFCLABEL('L2-1/2X2-1/2X5/16'),$);
#7453=IFCPROPERTYSINGLEVALUE('Version',$,IFCLABEL('0.1.0'),$);
#7454=IFCPROPERTYSINGLEVALUE('License',$,IFCLABEL('CC0-1.0'),$);
#7455=IFCPROPERTYSINGLEVALUE('Source',$,IFCLABEL('massing-families'),$);
#7456=IFCPROPERTYSINGLEVALUE('Tier',$,IFCLABEL('L300'),$);
#7457=IFCPROPERTYSINGLEVALUE('Builder',$,IFCLABEL('profile'),$);
#7458=IFCPROPERTYSINGLEVALUE('Discipline',$,IFCLABEL('structural'),$);
#7459=IFCPROPERTYSINGLEVALUE('GeometryStatus',$,IFCLABEL('parametric'),$);
#7460=IFCPROPERTYSET('2Od7XCRnP4kfNIBgZhanNt',$,'MF_Quantities',$,(#7461,#7462,#7463,#7464,#7465));
#7461=IFCPROPERTYSINGLEVALUE('NominalWidth',$,IFCREAL(0.063500000000000001),$);
#7462=IFCPROPERTYSINGLEVALUE('NominalDepth',$,IFCREAL(0.063500000000000001),$);
#7463=IFCPROPERTYSINGLEVALUE('NominalHeight',$,IFCREAL(3.048),$);
#7464=IFCPROPERTYSINGLEVALUE('NominalFootprintArea',$,IFCREAL(0.004032),$);
#7465=IFCPROPERTYSINGLEVALUE('NominalVolume',$,IFCREAL(0.012290000000000001),$);
#7466=IFCMEMBERTYPE('1dHQQa9hr1AQNkHVMHF9Y4',$,'Angle - L2-1/2X2-1/2X1/4',$,$,(#7483,#7487,#7498),(#7482),$,$,.NOTDEFINED.);
#7467=IFCCARTESIANPOINT((0.,0.));
#7468=IFCDIRECTION((1.,0.));
#7469=IFCAXIS2PLACEMENT2D(#7467,#7468);
#7470=IFCLSHAPEPROFILEDEF(.AREA.,'L2-1/2X2-1/2X1/4',#7469,0.063500000000000001,0.063500000000000001,0.0063499999999999997,0.,$,$);
#7471=IFCCARTESIANPOINT((0.,0.,0.));
#7472=IFCDIRECTION((0.,0.,1.));
#7473=IFCDIRECTION((1.,0.,0.));
#7474=IFCAXIS2PLACEMENT3D(#7471,#7472,#7473);
#7475=IFCDIRECTION((0.,0.,1.));
#7476=IFCEXTRUDEDAREASOLID(#7470,#7474,#7475,3.048);
#7477=IFCSHAPEREPRESENTATION(#11,'Body','SweptSolid',(#7476));
#7478=IFCCARTESIANPOINT((0.,0.,0.));
#7479=IFCDIRECTION((1.,0.,0.));
#7480=IFCDIRECTION((0.,0.,1.));
#7481=IFCAXIS2PLACEMENT3D(#7478,#7480,#7479);
#7482=IFCREPRESENTATIONMAP(#7481,#7477);
#7483=IFCPROPERTYSET('3e2aibQUD22A5SFR76ZeUE',$,'MF_Structural',$,(#7484,#7485,#7486));
#7484=IFCPROPERTYSINGLEVALUE('Section',$,IFCLABEL('L2-1/2X2-1/2X1/4'),$);
#7485=IFCPROPERTYSINGLEVALUE('SectionFamily',$,IFCLABEL('L'),$);
#7486=IFCPROPERTYSINGLEVALUE('SectionSource',$,IFCLABEL('AISC Shapes Database v15.0 (US)'),$);
#7487=IFCPROPERTYSET('3w0Bibcm93FAMG7w666mxw',$,'MF_Library',$,(#7488,#7489,#7490,#7491,#7492,#7493,#7494,#7495,#7496,#7497));
#7488=IFCPROPERTYSINGLEVALUE('Key',$,IFCLABEL('steel_angle'),$);
#7489=IFCPROPERTYSINGLEVALUE('Family',$,IFCLABEL('Angle'),$);
#7490=IFCPROPERTYSINGLEVALUE('TypeName',$,IFCLABEL('L2-1/2X2-1/2X1/4'),$);
#7491=IFCPROPERTYSINGLEVALUE('Version',$,IFCLABEL('0.1.0'),$);
#7492=IFCPROPERTYSINGLEVALUE('License',$,IFCLABEL('CC0-1.0'),$);
#7493=IFCPROPERTYSINGLEVALUE('Source',$,IFCLABEL('massing-families'),$);
#7494=IFCPROPERTYSINGLEVALUE('Tier',$,IFCLABEL('L300'),$);
#7495=IFCPROPERTYSINGLEVALUE('Builder',$,IFCLABEL('profile'),$);
#7496=IFCPROPERTYSINGLEVALUE('Discipline',$,IFCLABEL('structural'),$);
#7497=IFCPROPERTYSINGLEVALUE('GeometryStatus',$,IFCLABEL('parametric'),$);
#7498=IFCPROPERTYSET('0n$cfaGDTCphIlrMNSHgVL',$,'MF_Quantities',$,(#7499,#7500,#7501,#7502,#7503));
#7499=IFCPROPERTYSINGLEVALUE('NominalWidth',$,IFCREAL(0.063500000000000001),$);
#7500=IFCPROPERTYSINGLEVALUE('NominalDepth',$,IFCREAL(0.063500000000000001),$);
#7501=IFCPROPERTYSINGLEVALUE('NominalHeight',$,IFCREAL(3.048),$);
#7502=IFCPROPERTYSINGLEVALUE('NominalFootprintArea',$,IFCREAL(0.004032),$);
#7503=IFCPROPERTYSINGLEVALUE('NominalVolume',$,IFCREAL(0.012290000000000001),$);
#7504=IFCMEMBERTYPE('01arrxntDE1B6KShfUUffo',$,'Angle - L2-1/2X2-1/2X3/16',$,$,(#7521,#7525,#7536),(#7520),$,$,.NOTDEFINED.);
#7505=IFCCARTESIANPOINT((0.,0.));
#7506=IFCDIRECTION((1.,0.));
#7507=IFCAXIS2PLACEMENT2D(#7505,#7506);
#7508=IFCLSHAPEPROFILEDEF(.AREA.,'L2-1/2X2-1/2X3/16',#7507,0.063500000000000001,0.063500000000000001,0.0047752000000000003,0.,$,$);
#7509=IFCCARTESIANPOINT((0.,0.,0.));
#7510=IFCDIRECTION((0.,0.,1.));
#7511=IFCDIRECTION((1.,0.,0.));
#7512=IFCAXIS2PLACEMENT3D(#7509,#7510,#7511);
#7513=IFCDIRECTION((0.,0.,1.));
#7514=IFCEXTRUDEDAREASOLID(#7508,#7512,#7513,3.048);
#7515=IFCSHAPEREPRESENTATION(#11,'Body','SweptSolid',(#7514));
#7516=IFCCARTESIANPOINT((0.,0.,0.));
#7517=IFCDIRECTION((1.,0.,0.));
#7518=IFCDIRECTION((0.,0.,1.));
#7519=IFCAXIS2PLACEMENT3D(#7516,#7518,#7517);
#7520=IFCREPRESENTATIONMAP(#7519,#7515);
#7521=IFCPROPERTYSET('0zu4estQz8_QWuwn2jErAM',$,'MF_Structural',$,(#7522,#7523,#7524));
#7522=IFCPROPERTYSINGLEVALUE('Section',$,IFCLABEL('L2-1/2X2-1/2X3/16'),$);
#7523=IFCPROPERTYSINGLEVALUE('SectionFamily',$,IFCLABEL('L'),$);
#7524=IFCPROPERTYSINGLEVALUE('SectionSource',$,IFCLABEL('AISC Shapes Database v15.0 (US)'),$);
#7525=IFCPROPERTYSET('3NV0Hgv89ALeHndXapuWuV',$,'MF_Library',$,(#7526,#7527,#7528,#7529,#7530,#7531,#7532,#7533,#7534,#7535));
#7526=IFCPROPERTYSINGLEVALUE('Key',$,IFCLABEL('steel_angle'),$);
#7527=IFCPROPERTYSINGLEVALUE('Family',$,IFCLABEL('Angle'),$);
#7528=IFCPROPERTYSINGLEVALUE('TypeName',$,IFCLABEL('L2-1/2X2-1/2X3/16'),$);
#7529=IFCPROPERTYSINGLEVALUE('Version',$,IFCLABEL('0.1.0'),$);
#7530=IFCPROPERTYSINGLEVALUE('License',$,IFCLABEL('CC0-1.0'),$);
#7531=IFCPROPERTYSINGLEVALUE('Source',$,IFCLABEL('massing-families'),$);
#7532=IFCPROPERTYSINGLEVALUE('Tier',$,IFCLABEL('L300'),$);
#7533=IFCPROPERTYSINGLEVALUE('Builder',$,IFCLABEL('profile'),$);
#7534=IFCPROPERTYSINGLEVALUE('Discipline',$,IFCLABEL('structural'),$);
#7535=IFCPROPERTYSINGLEVALUE('GeometryStatus',$,IFCLABEL('parametric'),$);
#7536=IFCPROPERTYSET('1ltAM6eHH3LvBEQ_xuLcZ8',$,'MF_Quantities',$,(#7537,#7538,#7539,#7540,#7541));
#7537=IFCPROPERTYSINGLEVALUE('NominalWidth',$,IFCREAL(0.063500000000000001),$);
#7538=IFCPROPERTYSINGLEVALUE('NominalDepth',$,IFCREAL(0.063500000000000001),$);
#7539=IFCPROPERTYSINGLEVALUE('NominalHeight',$,IFCREAL(3.048),$);
#7540=IFCPROPERTYSINGLEVALUE('NominalFootprintArea',$,IFCREAL(0.004032),$);
#7541=IFCPROPERTYSINGLEVALUE('NominalVolume',$,IFCREAL(0.012290000000000001),$);
#7542=IFCMEMBERTYPE('1IuHVpOr9E6uYSK4qoQ7Uu',$,'Angle - L2-1/2X2X3/8',$,$,(#7559,#7563,#7574),(#7558),$,$,.NOTDEFINED.);
#7543=IFCCARTESIANPOINT((0.,0.));
#7544=IFCDIRECTION((1.,0.));
#7545=IFCAXIS2PLACEMENT2D(#7543,#7544);
#7546=IFCLSHAPEPROFILEDEF(.AREA.,'L2-1/2X2X3/8',#7545,0.050799999999999998,0.063500000000000001,0.0095250000000000005,0.,$,$);
#7547=IFCCARTESIANPOINT((0.,0.,0.));
#7548=IFCDIRECTION((0.,0.,1.));
#7549=IFCDIRECTION((1.,0.,0.));
#7550=IFCAXIS2PLACEMENT3D(#7547,#7548,#7549);
#7551=IFCDIRECTION((0.,0.,1.));
#7552=IFCEXTRUDEDAREASOLID(#7546,#7550,#7551,3.048);
#7553=IFCSHAPEREPRESENTATION(#11,'Body','SweptSolid',(#7552));
#7554=IFCCARTESIANPOINT((0.,0.,0.));
#7555=IFCDIRECTION((1.,0.,0.));
#7556=IFCDIRECTION((0.,0.,1.));
#7557=IFCAXIS2PLACEMENT3D(#7554,#7556,#7555);
#7558=IFCREPRESENTATIONMAP(#7557,#7553);
#7559=IFCPROPERTYSET('0KE2kzTlXClArW1yQRm61p',$,'MF_Structural',$,(#7560,#7561,#7562));
#7560=IFCPROPERTYSINGLEVALUE('Section',$,IFCLABEL('L2-1/2X2X3/8'),$);
#7561=IFCPROPERTYSINGLEVALUE('SectionFamily',$,IFCLABEL('L'),$);
#7562=IFCPROPERTYSINGLEVALUE('SectionSource',$,IFCLABEL('AISC Shapes Database v15.0 (US)'),$);
#7563=IFCPROPERTYSET('2UfmFQG0L3uRRCFXx5Msci',$,'MF_Library',$,(#7564,#7565,#7566,#7567,#7568,#7569,#7570,#7571,#7572,#7573));
#7564=IFCPROPERTYSINGLEVALUE('Key',$,IFCLABEL('steel_angle'),$);
#7565=IFCPROPERTYSINGLEVALUE('Family',$,IFCLABEL('Angle'),$);
#7566=IFCPROPERTYSINGLEVALUE('TypeName',$,IFCLABEL('L2-1/2X2X3/8'),$);
#7567=IFCPROPERTYSINGLEVALUE('Version',$,IFCLABEL('0.1.0'),$);
#7568=IFCPROPERTYSINGLEVALUE('License',$,IFCLABEL('CC0-1.0'),$);
#7569=IFCPROPERTYSINGLEVALUE('Source',$,IFCLABEL('massing-families'),$);
#7570=IFCPROPERTYSINGLEVALUE('Tier',$,IFCLABEL('L300'),$);
#7571=IFCPROPERTYSINGLEVALUE('Builder',$,IFCLABEL('profile'),$);
#7572=IFCPROPERTYSINGLEVALUE('Discipline',$,IFCLABEL('structural'),$);
#7573=IFCPROPERTYSINGLEVALUE('GeometryStatus',$,IFCLABEL('parametric'),$);
#7574=IFCPROPERTYSET('3bIZuOH$11cvKjLg605YBE',$,'MF_Quantities',$,(#7575,#7576,#7577,#7578,#7579));
#7575=IFCPROPERTYSINGLEVALUE('NominalWidth',$,IFCREAL(0.063500000000000001),$);
#7576=IFCPROPERTYSINGLEVALUE('NominalDepth',$,IFCREAL(0.050799999999999998),$);
#7577=IFCPROPERTYSINGLEVALUE('NominalHeight',$,IFCREAL(3.048),$);
#7578=IFCPROPERTYSINGLEVALUE('NominalFootprintArea',$,IFCREAL(0.0032260000000000001),$);
#7579=IFCPROPERTYSINGLEVALUE('NominalVolume',$,IFCREAL(0.0098320000000000005),$);
#7580=IFCMEMBERTYPE('0uSq2VLo5F4O1Jdw1Y7nhC',$,'Angle - L2-1/2X2X5/16',$,$,(#7597,#7601,#7612),(#7596),$,$,.NOTDEFINED.);
#7581=IFCCARTESIANPOINT((0.,0.));
#7582=IFCDIRECTION((1.,0.));
#7583=IFCAXIS2PLACEMENT2D(#7581,#7582);
#7584=IFCLSHAPEPROFILEDEF(.AREA.,'L2-1/2X2X5/16',#7583,0.050799999999999998,0.063500000000000001,0.0079501999999999993,0.,$,$);
#7585=IFCCARTESIANPOINT((0.,0.,0.));
#7586=IFCDIRECTION((0.,0.,1.));
#7587=IFCDIRECTION((1.,0.,0.));
#7588=IFCAXIS2PLACEMENT3D(#7585,#7586,#7587);
#7589=IFCDIRECTION((0.,0.,1.));
#7590=IFCEXTRUDEDAREASOLID(#7584,#7588,#7589,3.048);
#7591=IFCSHAPEREPRESENTATION(#11,'Body','SweptSolid',(#7590));
#7592=IFCCARTESIANPOINT((0.,0.,0.));
#7593=IFCDIRECTION((1.,0.,0.));
#7594=IFCDIRECTION((0.,0.,1.));
#7595=IFCAXIS2PLACEMENT3D(#7592,#7594,#7593);
#7596=IFCREPRESENTATIONMAP(#7595,#7591);
#7597=IFCPROPERTYSET('2tDeHdE550txl$mQ2IMoT2',$,'MF_Structural',$,(#7598,#7599,#7600));
#7598=IFCPROPERTYSINGLEVALUE('Section',$,IFCLABEL('L2-1/2X2X5/16'),$);
#7599=IFCPROPERTYSINGLEVALUE('SectionFamily',$,IFCLABEL('L'),$);
#7600=IFCPROPERTYSINGLEVALUE('SectionSource',$,IFCLABEL('AISC Shapes Database v15.0 (US)'),$);
#7601=IFCPROPERTYSET('1p0uxkjTPCiR56OEbVoxI9',$,'MF_Library',$,(#7602,#7603,#7604,#7605,#7606,#7607,#7608,#7609,#7610,#7611));
#7602=IFCPROPERTYSINGLEVALUE('Key',$,IFCLABEL('steel_angle'),$);
#7603=IFCPROPERTYSINGLEVALUE('Family',$,IFCLABEL('Angle'),$);
#7604=IFCPROPERTYSINGLEVALUE('TypeName',$,IFCLABEL('L2-1/2X2X5/16'),$);
#7605=IFCPROPERTYSINGLEVALUE('Version',$,IFCLABEL('0.1.0'),$);
#7606=IFCPROPERTYSINGLEVALUE('License',$,IFCLABEL('CC0-1.0'),$);
#7607=IFCPROPERTYSINGLEVALUE('Source',$,IFCLABEL('massing-families'),$);
#7608=IFCPROPERTYSINGLEVALUE('Tier',$,IFCLABEL('L300'),$);
#7609=IFCPROPERTYSINGLEVALUE('Builder',$,IFCLABEL('profile'),$);
#7610=IFCPROPERTYSINGLEVALUE('Discipline',$,IFCLABEL('structural'),$);
#7611=IFCPROPERTYSINGLEVALUE('GeometryStatus',$,IFCLABEL('parametric'),$);
#7612=IFCPROPERTYSET('3gD4T_VKH39vNXQV9$SdHh',$,'MF_Quantities',$,(#7613,#7614,#7615,#7616,#7617));
#7613=IFCPROPERTYSINGLEVALUE('NominalWidth',$,IFCREAL(0.063500000000000001),$);
#7614=IFCPROPERTYSINGLEVALUE('NominalDepth',$,IFCREAL(0.050799999999999998),$);
#7615=IFCPROPERTYSINGLEVALUE('NominalHeight',$,IFCREAL(3.048),$);
#7616=IFCPROPERTYSINGLEVALUE('NominalFootprintArea',$,IFCREAL(0.0032260000000000001),$);
#7617=IFCPROPERTYSINGLEVALUE('NominalVolume',$,IFCREAL(0.0098320000000000005),$);
#7618=IFCMEMBERTYPE('3_fkbhptvEPecIiYOkguDD',$,'Angle - L2-1/2X2X1/4',$,$,(#7635,#7639,#7650),(#7634),$,$,.NOTDEFINED.);
#7619=IFCCARTESIANPOINT((0.,0.));
#7620=IFCDIRECTION((1.,0.));
#7621=IFCAXIS2PLACEMENT2D(#7619,#7620);
#7622=IFCLSHAPEPROFILEDEF(.AREA.,'L2-1/2X2X1/4',#7621,0.050799999999999998,0.063500000000000001,0.0063499999999999997,0.,$,$);
#7623=IFCCARTESIANPOINT((0.,0.,0.));
#7624=IFCDIRECTION((0.,0.,1.));
#7625=IFCDIRECTION((1.,0.,0.));
#7626=IFCAXIS2PLACEMENT3D(#7623,#7624,#7625);
#7627=IFCDIRECTION((0.,0.,1.));
#7628=IFCEXTRUDEDAREASOLID(#7622,#7626,#7627,3.048);
#7629=IFCSHAPEREPRESENTATION(#11,'Body','SweptSolid',(#7628));
#7630=IFCCARTESIANPOINT((0.,0.,0.));
#7631=IFCDIRECTION((1.,0.,0.));
#7632=IFCDIRECTION((0.,0.,1.));
#7633=IFCAXIS2PLACEMENT3D(#7630,#7632,#7631);
#7634=IFCREPRESENTATIONMAP(#7633,#7629);
#7635=IFCPROPERTYSET('34GGQ_B8LDBuOSxSjWDJQ9',$,'MF_Structural',$,(#7636,#7637,#7638));
#7636=IFCPROPERTYSINGLEVALUE('Section',$,IFCLABEL('L2-1/2X2X1/4'),$);
#7637=IFCPROPERTYSINGLEVALUE('SectionFamily',$,IFCLABEL('L'),$);
#7638=IFCPROPERTYSINGLEVALUE('SectionSource',$,IFCLABEL('AISC Shapes Database v15.0 (US)'),$);
#7639=IFCPROPERTYSET('37TvgUr8n1cfeOdpNMiLV8',$,'MF_Library',$,(#7640,#7641,#7642,#7643,#7644,#7645,#7646,#7647,#7648,#7649));
#7640=IFCPROPERTYSINGLEVALUE('Key',$,IFCLABEL('steel_angle'),$);
#7641=IFCPROPERTYSINGLEVALUE('Family',$,IFCLABEL('Angle'),$);
#7642=IFCPROPERTYSINGLEVALUE('TypeName',$,IFCLABEL('L2-1/2X2X1/4'),$);
#7643=IFCPROPERTYSINGLEVALUE('Version',$,IFCLABEL('0.1.0'),$);
#7644=IFCPROPERTYSINGLEVALUE('License',$,IFCLABEL('CC0-1.0'),$);
#7645=IFCPROPERTYSINGLEVALUE('Source',$,IFCLABEL('massing-families'),$);
#7646=IFCPROPERTYSINGLEVALUE('Tier',$,IFCLABEL('L300'),$);
#7647=IFCPROPERTYSINGLEVALUE('Builder',$,IFCLABEL('profile'),$);
#7648=IFCPROPERTYSINGLEVALUE('Discipline',$,IFCLABEL('structural'),$);
#7649=IFCPROPERTYSINGLEVALUE('GeometryStatus',$,IFCLABEL('parametric'),$);
#7650=IFCPROPERTYSET('3hJ92I3Qv3GOA9VrCuXi7R',$,'MF_Quantities',$,(#7651,#7652,#7653,#7654,#7655));
#7651=IFCPROPERTYSINGLEVALUE('NominalWidth',$,IFCREAL(0.063500000000000001),$);
#7652=IFCPROPERTYSINGLEVALUE('NominalDepth',$,IFCREAL(0.050799999999999998),$);
#7653=IFCPROPERTYSINGLEVALUE('NominalHeight',$,IFCREAL(3.048),$);
#7654=IFCPROPERTYSINGLEVALUE('NominalFootprintArea',$,IFCREAL(0.0032260000000000001),$);
#7655=IFCPROPERTYSINGLEVALUE('NominalVolume',$,IFCREAL(0.0098320000000000005),$);
#7656=IFCMEMBERTYPE('0LJFUtyOz8BgDT_D4EjFZ0',$,'Angle - L2-1/2X2X3/16',$,$,(#7673,#7677,#7688),(#7672),$,$,.NOTDEFINED.);
#7657=IFCCARTESIANPOINT((0.,0.));
#7658=IFCDIRECTION((1.,0.));
#7659=IFCAXIS2PLACEMENT2D(#7657,#7658);
#7660=IFCLSHAPEPROFILEDEF(.AREA.,'L2-1/2X2X3/16',#7659,0.050799999999999998,0.063500000000000001,0.0047752000000000003,0.,$,$);
#7661=IFCCARTESIANPOINT((0.,0.,0.));
#7662=IFCDIRECTION((0.,0.,1.));
#7663=IFCDIRECTION((1.,0.,0.));
#7664=IFCAXIS2PLACEMENT3D(#7661,#7662,#7663);
#7665=IFCDIRECTION((0.,0.,1.));
#7666=IFCEXTRUDEDAREASOLID(#7660,#7664,#7665,3.048);
#7667=IFCSHAPEREPRESENTATION(#11,'Body','SweptSolid',(#7666));
#7668=IFCCARTESIANPOINT((0.,0.,0.));
#7669=IFCDIRECTION((1.,0.,0.));
#7670=IFCDIRECTION((0.,0.,1.));
#7671=IFCAXIS2PLACEMENT3D(#7668,#7670,#7669);
#7672=IFCREPRESENTATIONMAP(#7671,#7667);
#7673=IFCPROPERTYSET('0rLcgTpTXAPvhFvob1A3uk',$,'MF_Structural',$,(#7674,#7675,#7676));
#7674=IFCPROPERTYSINGLEVALUE('Section',$,IFCLABEL('L2-1/2X2X3/16'),$);
#7675=IFCPROPERTYSINGLEVALUE('SectionFamily',$,IFCLABEL('L'),$);
#7676=IFCPROPERTYSINGLEVALUE('SectionSource',$,IFCLABEL('AISC Shapes Database v15.0 (US)'),$);
#7677=IFCPROPERTYSET('3CILtvRr5D6Pnu7XIB7D$Z',$,'MF_Library',$,(#7678,#7679,#7680,#7681,#7682,#7683,#7684,#7685,#7686,#7687));
#7678=IFCPROPERTYSINGLEVALUE('Key',$,IFCLABEL('steel_angle'),$);
#7679=IFCPROPERTYSINGLEVALUE('Family',$,IFCLABEL('Angle'),$);
#7680=IFCPROPERTYSINGLEVALUE('TypeName',$,IFCLABEL('L2-1/2X2X3/16'),$);
#7681=IFCPROPERTYSINGLEVALUE('Version',$,IFCLABEL('0.1.0'),$);
#7682=IFCPROPERTYSINGLEVALUE('License',$,IFCLABEL('CC0-1.0'),$);
#7683=IFCPROPERTYSINGLEVALUE('Source',$,IFCLABEL('massing-families'),$);
#7684=IFCPROPERTYSINGLEVALUE('Tier',$,IFCLABEL('L300'),$);
#7685=IFCPROPERTYSINGLEVALUE('Builder',$,IFCLABEL('profile'),$);
#7686=IFCPROPERTYSINGLEVALUE('Discipline',$,IFCLABEL('structural'),$);
#7687=IFCPROPERTYSINGLEVALUE('GeometryStatus',$,IFCLABEL('parametric'),$);
#7688=IFCPROPERTYSET('2IZ2n3aQj45Avx0cnpQZ$L',$,'MF_Quantities',$,(#7689,#7690,#7691,#7692,#7693));
#7689=IFCPROPERTYSINGLEVALUE('NominalWidth',$,IFCREAL(0.063500000000000001),$);
#7690=IFCPROPERTYSINGLEVALUE('NominalDepth',$,IFCREAL(0.050799999999999998),$);
#7691=IFCPROPERTYSINGLEVALUE('NominalHeight',$,IFCREAL(3.048),$);
#7692=IFCPROPERTYSINGLEVALUE('NominalFootprintArea',$,IFCREAL(0.0032260000000000001),$);
#7693=IFCPROPERTYSINGLEVALUE('NominalVolume',$,IFCREAL(0.0098320000000000005),$);
#7694=IFCMEMBERTYPE('2lEXxb0F9ESQ4nO$$VJwwA',$,'Angle - L2-1/2X1-1/2X1/4',$,$,(#7711,#7715,#7726),(#7710),$,$,.NOTDEFINED.);
#7695=IFCCARTESIANPOINT((0.,0.));
#7696=IFCDIRECTION((1.,0.));
#7697=IFCAXIS2PLACEMENT2D(#7695,#7696);
#7698=IFCLSHAPEPROFILEDEF(.AREA.,'L2-1/2X1-1/2X1/4',#7697,0.038100000000000002,0.063500000000000001,0.0063499999999999997,0.,$,$);
#7699=IFCCARTESIANPOINT((0.,0.,0.));
#7700=IFCDIRECTION((0.,0.,1.));
#7701=IFCDIRECTION((1.,0.,0.));
#7702=IFCAXIS2PLACEMENT3D(#7699,#7700,#7701);
#7703=IFCDIRECTION((0.,0.,1.));
#7704=IFCEXTRUDEDAREASOLID(#7698,#7702,#7703,3.048);
#7705=IFCSHAPEREPRESENTATION(#11,'Body','SweptSolid',(#7704));
#7706=IFCCARTESIANPOINT((0.,0.,0.));
#7707=IFCDIRECTION((1.,0.,0.));
#7708=IFCDIRECTION((0.,0.,1.));
#7709=IFCAXIS2PLACEMENT3D(#7706,#7708,#7707);
#7710=IFCREPRESENTATIONMAP(#7709,#7705);
#7711=IFCPROPERTYSET('0HffCybobCUvRYuvUSL4hX',$,'MF_Structural',$,(#7712,#7713,#7714));
#7712=IFCPROPERTYSINGLEVALUE('Section',$,IFCLABEL('L2-1/2X1-1/2X1/4'),$);
#7713=IFCPROPERTYSINGLEVALUE('SectionFamily',$,IFCLABEL('L'),$);
#7714=IFCPROPERTYSINGLEVALUE('SectionSource',$,IFCLABEL('AISC Shapes Database v15.0 (US)'),$);
#7715=IFCPROPERTYSET('3tN7HiurP0Bh4FcmFbKZYl',$,'MF_Library',$,(#7716,#7717,#7718,#7719,#7720,#7721,#7722,#7723,#7724,#7725));
#7716=IFCPROPERTYSINGLEVALUE('Key',$,IFCLABEL('steel_angle'),$);
#7717=IFCPROPERTYSINGLEVALUE('Family',$,IFCLABEL('Angle'),$);
#7718=IFCPROPERTYSINGLEVALUE('TypeName',$,IFCLABEL('L2-1/2X1-1/2X1/4'),$);
#7719=IFCPROPERTYSINGLEVALUE('Version',$,IFCLABEL('0.1.0'),$);
#7720=IFCPROPERTYSINGLEVALUE('License',$,IFCLABEL('CC0-1.0'),$);
#7721=IFCPROPERTYSINGLEVALUE('Source',$,IFCLABEL('massing-families'),$);
#7722=IFCPROPERTYSINGLEVALUE('Tier',$,IFCLABEL('L300'),$);
#7723=IFCPROPERTYSINGLEVALUE('Builder',$,IFCLABEL('profile'),$);
#7724=IFCPROPERTYSINGLEVALUE('Discipline',$,IFCLABEL('structural'),$);
#7725=IFCPROPERTYSINGLEVALUE('GeometryStatus',$,IFCLABEL('parametric'),$);
#7726=IFCPROPERTYSET('2poRY2OODF591xTxdKcWyg',$,'MF_Quantities',$,(#7727,#7728,#7729,#7730,#7731));
#7727=IFCPROPERTYSINGLEVALUE('NominalWidth',$,IFCREAL(0.063500000000000001),$);
#7728=IFCPROPERTYSINGLEVALUE('NominalDepth',$,IFCREAL(0.038100000000000002),$);
#7729=IFCPROPERTYSINGLEVALUE('NominalHeight',$,IFCREAL(3.048),$);
#7730=IFCPROPERTYSINGLEVALUE('NominalFootprintArea',$,IFCREAL(0.0024190000000000001),$);
#7731=IFCPROPERTYSINGLEVALUE('NominalVolume',$,IFCREAL(0.0073740000000000003),$);
#7732=IFCMEMBERTYPE('0MPkatGHDCwx9VO26vvTeL',$,'Angle - L2-1/2X1-1/2X3/16',$,$,(#7749,#7753,#7764),(#7748),$,$,.NOTDEFINED.);
#7733=IFCCARTESIANPOINT((0.,0.));
#7734=IFCDIRECTION((1.,0.));
#7735=IFCAXIS2PLACEMENT2D(#7733,#7734);
#7736=IFCLSHAPEPROFILEDEF(.AREA.,'L2-1/2X1-1/2X3/16',#7735,0.038100000000000002,0.063500000000000001,0.0047752000000000003,0.,$,$);
#7737=IFCCARTESIANPOINT((0.,0.,0.));
#7738=IFCDIRECTION((0.,0.,1.));
#7739=IFCDIRECTION((1.,0.,0.));
#7740=IFCAXIS2PLACEMENT3D(#7737,#7738,#7739);
#7741=IFCDIRECTION((0.,0.,1.));
#7742=IFCEXTRUDEDAREASOLID(#7736,#7740,#7741,3.048);
#7743=IFCSHAPEREPRESENTATION(#11,'Body','SweptSolid',(#7742));
#7744=IFCCARTESIANPOINT((0.,0.,0.));
#7745=IFCDIRECTION((1.,0.,0.));
#7746=IFCDIRECTION((0.,0.,1.));
#7747=IFCAXIS2PLACEMENT3D(#7744,#7746,#7745);
#7748=IFCREPRESENTATIONMAP(#7747,#7743);
#7749=IFCPROPERTYSET('1u9IH3RFb78ut4wVAlYpeH',$,'MF_Structural',$,(#7750,#7751,#7752));
#7750=IFCPROPERTYSINGLEVALUE('Section',$,IFCLABEL('L2-1/2X1-1/2X3/16'),$);
#7751=IFCPROPERTYSINGLEVALUE('SectionFamily',$,IFCLABEL('L'),$);
#7752=IFCPROPERTYSINGLEVALUE('SectionSource',$,IFCLABEL('AISC Shapes Database v15.0 (US)'),$);
#7753=IFCPROPERTYSET('3SR$o$RQT238m4wfXzTTav',$,'MF_Library',$,(#7754,#7755,#7756,#7757,#7758,#7759,#7760,#7761,#7762,#7763));
#7754=IFCPROPERTYSINGLEVALUE('Key',$,IFCLABEL('steel_angle'),$);
#7755=IFCPROPERTYSINGLEVALUE('Family',$,IFCLABEL('Angle'),$);
#7756=IFCPROPERTYSINGLEVALUE('TypeName',$,IFCLABEL('L2-1/2X1-1/2X3/16'),$);
#7757=IFCPROPERTYSINGLEVALUE('Version',$,IFCLABEL('0.1.0'),$);
#7758=IFCPROPERTYSINGLEVALUE('License',$,IFCLABEL('CC0-1.0'),$);
#7759=IFCPROPERTYSINGLEVALUE('Source',$,IFCLABEL('massing-families'),$);
#7760=IFCPROPERTYSINGLEVALUE('Tier',$,IFCLABEL('L300'),$);
#7761=IFCPROPERTYSINGLEVALUE('Builder',$,IFCLABEL('profile'),$);
#7762=IFCPROPERTYSINGLEVALUE('Discipline',$,IFCLABEL('structural'),$);
#7763=IFCPROPERTYSINGLEVALUE('GeometryStatus',$,IFCLABEL('parametric'),$);
#7764=IFCPROPERTYSET('1IQmP$NWH5mBWqiRrcNCYn',$,'MF_Quantities',$,(#7765,#7766,#7767,#7768,#7769));
#7765=IFCPROPERTYSINGLEVALUE('NominalWidth',$,IFCREAL(0.063500000000000001),$);
#7766=IFCPROPERTYSINGLEVALUE('NominalDepth',$,IFCREAL(0.038100000000000002),$);
#7767=IFCPROPERTYSINGLEVALUE('NominalHeight',$,IFCREAL(3.048),$);
#7768=IFCPROPERTYSINGLEVALUE('NominalFootprintArea',$,IFCREAL(0.0024190000000000001),$);
#7769=IFCPROPERTYSINGLEVALUE('NominalVolume',$,IFCREAL(0.0073740000000000003),$);
#7770=IFCMEMBERTYPE('1rQmEkYKPBPh9N2Z5AkUD3',$,'Angle - L2X2X3/8',$,$,(#7787,#7791,#7802),(#7786),$,$,.NOTDEFINED.);
#7771=IFCCARTESIANPOINT((0.,0.));
#7772=IFCDIRECTION((1.,0.));
#7773=IFCAXIS2PLACEMENT2D(#7771,#7772);
#7774=IFCLSHAPEPROFILEDEF(.AREA.,'L2X2X3/8',#7773,0.050799999999999998,0.050799999999999998,0.0095250000000000005,0.,$,$);
#7775=IFCCARTESIANPOINT((0.,0.,0.));
#7776=IFCDIRECTION((0.,0.,1.));
#7777=IFCDIRECTION((1.,0.,0.));
#7778=IFCAXIS2PLACEMENT3D(#7775,#7776,#7777);
#7779=IFCDIRECTION((0.,0.,1.));
#7780=IFCEXTRUDEDAREASOLID(#7774,#7778,#7779,3.048);
#7781=IFCSHAPEREPRESENTATION(#11,'Body','SweptSolid',(#7780));
#7782=IFCCARTESIANPOINT((0.,0.,0.));
#7783=IFCDIRECTION((1.,0.,0.));
#7784=IFCDIRECTION((0.,0.,1.));
#7785=IFCAXIS2PLACEMENT3D(#7782,#7784,#7783);
#7786=IFCREPRESENTATIONMAP(#7785,#7781);
#7787=IFCPROPERTYSET('0KC2vAvHz5R9NMSM$TZ6A7',$,'MF_Structural',$,(#7788,#7789,#7790));
#7788=IFCPROPERTYSINGLEVALUE('Section',$,IFCLABEL('L2X2X3/8'),$);
#7789=IFCPROPERTYSINGLEVALUE('SectionFamily',$,IFCLABEL('L'),$);
#7790=IFCPROPERTYSINGLEVALUE('SectionSource',$,IFCLABEL('AISC Shapes Database v15.0 (US)'),$);
#7791=IFCPROPERTYSET('0aPAC0TWb5mvrHX_RzupkJ',$,'MF_Library',$,(#7792,#7793,#7794,#7795,#7796,#7797,#7798,#7799,#7800,#7801));
#7792=IFCPROPERTYSINGLEVALUE('Key',$,IFCLABEL('steel_angle'),$);
#7793=IFCPROPERTYSINGLEVALUE('Family',$,IFCLABEL('Angle'),$);
#7794=IFCPROPERTYSINGLEVALUE('TypeName',$,IFCLABEL('L2X2X3/8'),$);
#7795=IFCPROPERTYSINGLEVALUE('Version',$,IFCLABEL('0.1.0'),$);
#7796=IFCPROPERTYSINGLEVALUE('License',$,IFCLABEL('CC0-1.0'),$);
#7797=IFCPROPERTYSINGLEVALUE('Source',$,IFCLABEL('massing-families'),$);
#7798=IFCPROPERTYSINGLEVALUE('Tier',$,IFCLABEL('L300'),$);
#7799=IFCPROPERTYSINGLEVALUE('Builder',$,IFCLABEL('profile'),$);
#7800=IFCPROPERTYSINGLEVALUE('Discipline',$,IFCLABEL('structural'),$);
#7801=IFCPROPERTYSINGLEVALUE('GeometryStatus',$,IFCLABEL('parametric'),$);
#7802=IFCPROPERTYSET('1lyqtTpBj09QH5bsQNRJMO',$,'MF_Quantities',$,(#7803,#7804,#7805,#7806,#7807));
#7803=IFCPROPERTYSINGLEVALUE('NominalWidth',$,IFCREAL(0.050799999999999998),$);
#7804=IFCPROPERTYSINGLEVALUE('NominalDepth',$,IFCREAL(0.050799999999999998),$);
#7805=IFCPROPERTYSINGLEVALUE('NominalHeight',$,IFCREAL(3.048),$);
#7806=IFCPROPERTYSINGLEVALUE('NominalFootprintArea',$,IFCREAL(0.002581),$);
#7807=IFCPROPERTYSINGLEVALUE('NominalVolume',$,IFCREAL(0.0078659999999999997),$);
#7808=IFCMEMBERTYPE('1$bVc2_2552Qdrf06Iz2kH',$,'Angle - L2X2X5/16',$,$,(#7825,#7829,#7840),(#7824),$,$,.NOTDEFINED.);
#7809=IFCCARTESIANPOINT((0.,0.));
#7810=IFCDIRECTION((1.,0.));
#7811=IFCAXIS2PLACEMENT2D(#7809,#7810);
#7812=IFCLSHAPEPROFILEDEF(.AREA.,'L2X2X5/16',#7811,0.050799999999999998,0.050799999999999998,0.0079501999999999993,0.,$,$);
#7813=IFCCARTESIANPOINT((0.,0.,0.));
#7814=IFCDIRECTION((0.,0.,1.));
#7815=IFCDIRECTION((1.,0.,0.));
#7816=IFCAXIS2PLACEMENT3D(#7813,#7814,#7815);
#7817=IFCDIRECTION((0.,0.,1.));
#7818=IFCEXTRUDEDAREASOLID(#7812,#7816,#7817,3.048);
#7819=IFCSHAPEREPRESENTATION(#11,'Body','SweptSolid',(#7818));
#7820=IFCCARTESIANPOINT((0.,0.,0.));
#7821=IFCDIRECTION((1.,0.,0.));
#7822=IFCDIRECTION((0.,0.,1.));
#7823=IFCAXIS2PLACEMENT3D(#7820,#7822,#7821);
#7824=IFCREPRESENTATIONMAP(#7823,#7819);
#7825=IFCPROPERTYSET('2HdTq1pwz7nASJfy2plmFz',$,'MF_Structural',$,(#7826,#7827,#7828));
#7826=IFCPROPERTYSINGLEVALUE('Section',$,IFCLABEL('L2X2X5/16'),$);
#7827=IFCPROPERTYSINGLEVALUE('SectionFamily',$,IFCLABEL('L'),$);
#7828=IFCPROPERTYSINGLEVALUE('SectionSource',$,IFCLABEL('AISC Shapes Database v15.0 (US)'),$);
#7829=IFCPROPERTYSET('1LRyVVtefEbeJFZjbvBsmo',$,'MF_Library',$,(#7830,#7831,#7832,#7833,#7834,#7835,#7836,#7837,#7838,#7839));
#7830=IFCPROPERTYSINGLEVALUE('Key',$,IFCLABEL('steel_angle'),$);
#7831=IFCPROPERTYSINGLEVALUE('Family',$,IFCLABEL('Angle'),$);
#7832=IFCPROPERTYSINGLEVALUE('TypeName',$,IFCLABEL('L2X2X5/16'),$);
#7833=IFCPROPERTYSINGLEVALUE('Version',$,IFCLABEL('0.1.0'),$);
#7834=IFCPROPERTYSINGLEVALUE('License',$,IFCLABEL('CC0-1.0'),$);
#7835=IFCPROPERTYSINGLEVALUE('Source',$,IFCLABEL('massing-families'),$);
#7836=IFCPROPERTYSINGLEVALUE('Tier',$,IFCLABEL('L300'),$);
#7837=IFCPROPERTYSINGLEVALUE('Builder',$,IFCLABEL('profile'),$);
#7838=IFCPROPERTYSINGLEVALUE('Discipline',$,IFCLABEL('structural'),$);
#7839=IFCPROPERTYSINGLEVALUE('GeometryStatus',$,IFCLABEL('parametric'),$);
#7840=IFCPROPERTYSET('0dQrl20Hn87gUI12VqZ_$g',$,'MF_Quantities',$,(#7841,#7842,#7843,#7844,#7845));
#7841=IFCPROPERTYSINGLEVALUE('NominalWidth',$,IFCREAL(0.050799999999999998),$);
#7842=IFCPROPERTYSINGLEVALUE('NominalDepth',$,IFCREAL(0.050799999999999998),$);
#7843=IFCPROPERTYSINGLEVALUE('NominalHeight',$,IFCREAL(3.048),$);
#7844=IFCPROPERTYSINGLEVALUE('NominalFootprintArea',$,IFCREAL(0.002581),$);
#7845=IFCPROPERTYSINGLEVALUE('NominalVolume',$,IFCREAL(0.0078659999999999997),$);
#7846=IFCMEMBERTYPE('3SO5f9zjf52wvweQd$Ittu',$,'Angle - L2X2X1/4',$,$,(#7863,#7867,#7878),(#7862),$,$,.NOTDEFINED.);
#7847=IFCCARTESIANPOINT((0.,0.));
#7848=IFCDIRECTION((1.,0.));
#7849=IFCAXIS2PLACEMENT2D(#7847,#7848);
#7850=IFCLSHAPEPROFILEDEF(.AREA.,'L2X2X1/4',#7849,0.050799999999999998,0.050799999999999998,0.0063499999999999997,0.,$,$);
#7851=IFCCARTESIANPOINT((0.,0.,0.));
#7852=IFCDIRECTION((0.,0.,1.));
#7853=IFCDIRECTION((1.,0.,0.));
#7854=IFCAXIS2PLACEMENT3D(#7851,#7852,#7853);
#7855=IFCDIRECTION((0.,0.,1.));
#7856=IFCEXTRUDEDAREASOLID(#7850,#7854,#7855,3.048);
#7857=IFCSHAPEREPRESENTATION(#11,'Body','SweptSolid',(#7856));
#7858=IFCCARTESIANPOINT((0.,0.,0.));
#7859=IFCDIRECTION((1.,0.,0.));
#7860=IFCDIRECTION((0.,0.,1.));
#7861=IFCAXIS2PLACEMENT3D(#7858,#7860,#7859);
#7862=IFCREPRESENTATIONMAP(#7861,#7857);
#7863=IFCPROPERTYSET('3EO8fcnyH8nRYnZ1y6$L43',$,'MF_Structural',$,(#7864,#7865,#7866));
#7864=IFCPROPERTYSINGLEVALUE('Section',$,IFCLABEL('L2X2X1/4'),$);
#7865=IFCPROPERTYSINGLEVALUE('SectionFamily',$,IFCLABEL('L'),$);
#7866=IFCPROPERTYSINGLEVALUE('SectionSource',$,IFCLABEL('AISC Shapes Database v15.0 (US)'),$);
#7867=IFCPROPERTYSET('3yXAuSd898E9cvRXim2sis',$,'MF_Library',$,(#7868,#7869,#7870,#7871,#7872,#7873,#7874,#7875,#7876,#7877));
#7868=IFCPROPERTYSINGLEVALUE('Key',$,IFCLABEL('steel_angle'),$);
#7869=IFCPROPERTYSINGLEVALUE('Family',$,IFCLABEL('Angle'),$);
#7870=IFCPROPERTYSINGLEVALUE('TypeName',$,IFCLABEL('L2X2X1/4'),$);
#7871=IFCPROPERTYSINGLEVALUE('Version',$,IFCLABEL('0.1.0'),$);
#7872=IFCPROPERTYSINGLEVALUE('License',$,IFCLABEL('CC0-1.0'),$);
#7873=IFCPROPERTYSINGLEVALUE('Source',$,IFCLABEL('massing-families'),$);
#7874=IFCPROPERTYSINGLEVALUE('Tier',$,IFCLABEL('L300'),$);
#7875=IFCPROPERTYSINGLEVALUE('Builder',$,IFCLABEL('profile'),$);
#7876=IFCPROPERTYSINGLEVALUE('Discipline',$,IFCLABEL('structural'),$);
#7877=IFCPROPERTYSINGLEVALUE('GeometryStatus',$,IFCLABEL('parametric'),$);
#7878=IFCPROPERTYSET('1gfDTbudfB_98WSKlxmMJe',$,'MF_Quantities',$,(#7879,#7880,#7881,#7882,#7883));
#7879=IFCPROPERTYSINGLEVALUE('NominalWidth',$,IFCREAL(0.050799999999999998),$);
#7880=IFCPROPERTYSINGLEVALUE('NominalDepth',$,IFCREAL(0.050799999999999998),$);
#7881=IFCPROPERTYSINGLEVALUE('NominalHeight',$,IFCREAL(3.048),$);
#7882=IFCPROPERTYSINGLEVALUE('NominalFootprintArea',$,IFCREAL(0.002581),$);
#7883=IFCPROPERTYSINGLEVALUE('NominalVolume',$,IFCREAL(0.0078659999999999997),$);
#7884=IFCMEMBERTYPE('1Fg1BKb4rA6AVoedCkSyfT',$,'Angle - L2X2X3/16',$,$,(#7901,#7905,#7916),(#7900),$,$,.NOTDEFINED.);
#7885=IFCCARTESIANPOINT((0.,0.));
#7886=IFCDIRECTION((1.,0.));
#7887=IFCAXIS2PLACEMENT2D(#7885,#7886);
#7888=IFCLSHAPEPROFILEDEF(.AREA.,'L2X2X3/16',#7887,0.050799999999999998,0.050799999999999998,0.0047752000000000003,0.,$,$);
#7889=IFCCARTESIANPOINT((0.,0.,0.));
#7890=IFCDIRECTION((0.,0.,1.));
#7891=IFCDIRECTION((1.,0.,0.));
#7892=IFCAXIS2PLACEMENT3D(#7889,#7890,#7891);
#7893=IFCDIRECTION((0.,0.,1.));
#7894=IFCEXTRUDEDAREASOLID(#7888,#7892,#7893,3.048);
#7895=IFCSHAPEREPRESENTATION(#11,'Body','SweptSolid',(#7894));
#7896=IFCCARTESIANPOINT((0.,0.,0.));
#7897=IFCDIRECTION((1.,0.,0.));
#7898=IFCDIRECTION((0.,0.,1.));
#7899=IFCAXIS2PLACEMENT3D(#7896,#7898,#7897);
#7900=IFCREPRESENTATIONMAP(#7899,#7895);
#7901=IFCPROPERTYSET('2wkCJ1nl96QASKk7LCbw17',$,'MF_Structural',$,(#7902,#7903,#7904));
#7902=IFCPROPERTYSINGLEVALUE('Section',$,IFCLABEL('L2X2X3/16'),$);
#7903=IFCPROPERTYSINGLEVALUE('SectionFamily',$,IFCLABEL('L'),$);
#7904=IFCPROPERTYSINGLEVALUE('SectionSource',$,IFCLABEL('AISC Shapes Database v15.0 (US)'),$);
#7905=IFCPROPERTYSET('0qoqcvTgv1eOxkppLgy8eo',$,'MF_Library',$,(#7906,#7907,#7908,#7909,#7910,#7911,#7912,#7913,#7914,#7915));
#7906=IFCPROPERTYSINGLEVALUE('Key',$,IFCLABEL('steel_angle'),$);
#7907=IFCPROPERTYSINGLEVALUE('Family',$,IFCLABEL('Angle'),$);
#7908=IFCPROPERTYSINGLEVALUE('TypeName',$,IFCLABEL('L2X2X3/16'),$);
#7909=IFCPROPERTYSINGLEVALUE('Version',$,IFCLABEL('0.1.0'),$);
#7910=IFCPROPERTYSINGLEVALUE('License',$,IFCLABEL('CC0-1.0'),$);
#7911=IFCPROPERTYSINGLEVALUE('Source',$,IFCLABEL('massing-families'),$);
#7912=IFCPROPERTYSINGLEVALUE('Tier',$,IFCLABEL('L300'),$);
#7913=IFCPROPERTYSINGLEVALUE('Builder',$,IFCLABEL('profile'),$);
#7914=IFCPROPERTYSINGLEVALUE('Discipline',$,IFCLABEL('structural'),$);
#7915=IFCPROPERTYSINGLEVALUE('GeometryStatus',$,IFCLABEL('parametric'),$);
#7916=IFCPROPERTYSET('1C29uulXf0cO8vgoxJNlwW',$,'MF_Quantities',$,(#7917,#7918,#7919,#7920,#7921));
#7917=IFCPROPERTYSINGLEVALUE('NominalWidth',$,IFCREAL(0.050799999999999998),$);
#7918=IFCPROPERTYSINGLEVALUE('NominalDepth',$,IFCREAL(0.050799999999999998),$);
#7919=IFCPROPERTYSINGLEVALUE('NominalHeight',$,IFCREAL(3.048),$);
#7920=IFCPROPERTYSINGLEVALUE('NominalFootprintArea',$,IFCREAL(0.002581),$);
#7921=IFCPROPERTYSINGLEVALUE('NominalVolume',$,IFCREAL(0.0078659999999999997),$);
#7922=IFCMEMBERTYPE('2voU2Utqb6kxmsaB3nXroe',$,'Angle - L2X2X1/8',$,$,(#7939,#7943,#7954),(#7938),$,$,.NOTDEFINED.);
#7923=IFCCARTESIANPOINT((0.,0.));
#7924=IFCDIRECTION((1.,0.));
#7925=IFCAXIS2PLACEMENT2D(#7923,#7924);
#7926=IFCLSHAPEPROFILEDEF(.AREA.,'L2X2X1/8',#7925,0.050799999999999998,0.050799999999999998,0.0031749999999999999,0.,$,$);
#7927=IFCCARTESIANPOINT((0.,0.,0.));
#7928=IFCDIRECTION((0.,0.,1.));
#7929=IFCDIRECTION((1.,0.,0.));
#7930=IFCAXIS2PLACEMENT3D(#7927,#7928,#7929);
#7931=IFCDIRECTION((0.,0.,1.));
#7932=IFCEXTRUDEDAREASOLID(#7926,#7930,#7931,3.048);
#7933=IFCSHAPEREPRESENTATION(#11,'Body','SweptSolid',(#7932));
#7934=IFCCARTESIANPOINT((0.,0.,0.));
#7935=IFCDIRECTION((1.,0.,0.));
#7936=IFCDIRECTION((0.,0.,1.));
#7937=IFCAXIS2PLACEMENT3D(#7934,#7936,#7935);
#7938=IFCREPRESENTATIONMAP(#7937,#7933);
#7939=IFCPROPERTYSET('0sz8PWcpP9GAVqXbTkCAFh',$,'MF_Structural',$,(#7940,#7941,#7942));
#7940=IFCPROPERTYSINGLEVALUE('Section',$,IFCLABEL('L2X2X1/8'),$);
#7941=IFCPROPERTYSINGLEVALUE('SectionFamily',$,IFCLABEL('L'),$);
#7942=IFCPROPERTYSINGLEVALUE('SectionSource',$,IFCLABEL('AISC Shapes Database v15.0 (US)'),$);
#7943=IFCPROPERTYSET('1bH58o9sXCc9pjw_HQwlIO',$,'MF_Library',$,(#7944,#7945,#7946,#7947,#7948,#7949,#7950,#7951,#7952,#7953));
#7944=IFCPROPERTYSINGLEVALUE('Key',$,IFCLABEL('steel_angle'),$);
#7945=IFCPROPERTYSINGLEVALUE('Family',$,IFCLABEL('Angle'),$);
#7946=IFCPROPERTYSINGLEVALUE('TypeName',$,IFCLABEL('L2X2X1/8'),$);
#7947=IFCPROPERTYSINGLEVALUE('Version',$,IFCLABEL('0.1.0'),$);
#7948=IFCPROPERTYSINGLEVALUE('License',$,IFCLABEL('CC0-1.0'),$);
#7949=IFCPROPERTYSINGLEVALUE('Source',$,IFCLABEL('massing-families'),$);
#7950=IFCPROPERTYSINGLEVALUE('Tier',$,IFCLABEL('L300'),$);
#7951=IFCPROPERTYSINGLEVALUE('Builder',$,IFCLABEL('profile'),$);
#7952=IFCPROPERTYSINGLEVALUE('Discipline',$,IFCLABEL('structural'),$);
#7953=IFCPROPERTYSINGLEVALUE('GeometryStatus',$,IFCLABEL('parametric'),$);
#7954=IFCPROPERTYSET('0E4dv72N1Ecgdq0QP2CqP1',$,'MF_Quantities',$,(#7955,#7956,#7957,#7958,#7959));
#7955=IFCPROPERTYSINGLEVALUE('NominalWidth',$,IFCREAL(0.050799999999999998),$);
#7956=IFCPROPERTYSINGLEVALUE('NominalDepth',$,IFCREAL(0.050799999999999998),$);
#7957=IFCPROPERTYSINGLEVALUE('NominalHeight',$,IFCREAL(3.048),$);
#7958=IFCPROPERTYSINGLEVALUE('NominalFootprintArea',$,IFCREAL(0.002581),$);
#7959=IFCPROPERTYSINGLEVALUE('NominalVolume',$,IFCREAL(0.0078659999999999997),$);
ENDSEC;
END-ISO-10303-21;
