ISO-10303-21;
HEADER;
FILE_DESCRIPTION(('ViewDefinition[DesignTransferView]'),'2;1');
FILE_NAME('/dev/null','2026-07-24T23:16:08-07:00',(''),(''),'IfcOpenShell 0.8.5','IfcOpenShell 0.8.5','Nobody');
FILE_SCHEMA(('IFC4'));
ENDSEC;
DATA;
#1=IFCPROJECT('1Hd_K3SQP1yOek2rOciWf0',$,'Massing Family Library \X2\2014\X0\ structural-steel-tee',$,$,$,$,(#10),#5);
#2=IFCSIUNIT(*,.LENGTHUNIT.,$,.METRE.);
#3=IFCSIUNIT(*,.AREAUNIT.,$,.SQUARE_METRE.);
#4=IFCSIUNIT(*,.VOLUMEUNIT.,$,.CUBIC_METRE.);
#5=IFCUNITASSIGNMENT((#4,#2,#3));
#6=IFCCARTESIANPOINT((0.,0.,0.));
#7=IFCDIRECTION((0.,0.,1.));
#8=IFCDIRECTION((1.,0.,0.));
#9=IFCAXIS2PLACEMENT3D(#6,#7,#8);
#10=IFCGEOMETRICREPRESENTATIONCONTEXT($,'Model',3,1.0000000000000001E-05,#9,$);
#11=IFCGEOMETRICREPRESENTATIONSUBCONTEXT('Body','Model',*,*,*,*,#10,$,.MODEL_VIEW.,$);
#12=IFCMEMBERTYPE('2q71Sqt2T38vk3GzpbX9mf',$,'WT Structural Tee - WT22X167.5',$,$,(#29,#33,#50),(#28),$,$,.NOTDEFINED.);
#13=IFCCARTESIANPOINT((0.,0.));
#14=IFCDIRECTION((1.,0.));
#15=IFCAXIS2PLACEMENT2D(#13,#14);
#16=IFCTSHAPEPROFILEDEF(.AREA.,'WT22X167.5',#15,0.55879999999999996,0.40386,0.026162000000000001,0.044957999999999998,0.020066000000000001,$,$,$,$);
#17=IFCCARTESIANPOINT((0.,0.,0.));
#18=IFCDIRECTION((0.,0.,1.));
#19=IFCDIRECTION((1.,0.,0.));
#20=IFCAXIS2PLACEMENT3D(#17,#18,#19);
#21=IFCDIRECTION((0.,0.,1.));
#22=IFCEXTRUDEDAREASOLID(#16,#20,#21,3.048);
#23=IFCSHAPEREPRESENTATION(#11,'Body','SweptSolid',(#22));
#24=IFCCARTESIANPOINT((0.,0.,0.));
#25=IFCDIRECTION((1.,0.,0.));
#26=IFCDIRECTION((0.,0.,1.));
#27=IFCAXIS2PLACEMENT3D(#24,#26,#25);
#28=IFCREPRESENTATIONMAP(#27,#23);
#29=IFCPROPERTYSET('2rf3IUqef6df08EMfCZTe3',$,'MF_Structural',$,(#30,#31,#32));
#30=IFCPROPERTYSINGLEVALUE('Section',$,IFCLABEL('WT22X167.5'),$);
#31=IFCPROPERTYSINGLEVALUE('SectionFamily',$,IFCLABEL('WT'),$);
#32=IFCPROPERTYSINGLEVALUE('SectionSource',$,IFCLABEL('AISC Shapes Database v15.0 (US)'),$);
#33=IFCPROPERTYSET('3HqAdqnfHDsh1BeTNdJKh_',$,'MF_Library',$,(#34,#35,#36,#37,#38,#39,#40,#41,#42,#43));
#34=IFCPROPERTYSINGLEVALUE('Key',$,IFCLABEL('steel_tee_wt'),$);
#35=IFCPROPERTYSINGLEVALUE('Family',$,IFCLABEL('WT Structural Tee'),$);
#36=IFCPROPERTYSINGLEVALUE('TypeName',$,IFCLABEL('WT22X167.5'),$);
#37=IFCPROPERTYSINGLEVALUE('Version',$,IFCLABEL('0.1.0'),$);
#38=IFCPROPERTYSINGLEVALUE('License',$,IFCLABEL('CC0-1.0'),$);
#39=IFCPROPERTYSINGLEVALUE('Source',$,IFCLABEL('massing-families'),$);
#40=IFCPROPERTYSINGLEVALUE('Tier',$,IFCLABEL('L300'),$);
#41=IFCPROPERTYSINGLEVALUE('Builder',$,IFCLABEL('profile'),$);
#42=IFCPROPERTYSINGLEVALUE('Discipline',$,IFCLABEL('structural'),$);
#43=IFCPROPERTYSINGLEVALUE('GeometryStatus',$,IFCLABEL('parametric'),$);
#44=IFCMATERIAL('ASTM A992 Steel',$,'steel');
#45=IFCRELASSOCIATESMATERIAL('3kJjxYnD55IeVIG$zYCIYg',$,$,$,(#12,#10620,#9746,#8872,#7998,#10582,#9708,#9974,#8834,#10544,#9670,#9936,#8796,#10506,#9632,#9898,#8758,#7200,#6060,#6326,#5186,#10468,#5452,#10734,#9594,#4578,#9442,#8302,#7162,#8568,#7428,#6288,#7694,#6554,#5414,#10430,#10696,#9556,#9404,#8264,#7124,#8530,#7390,#6250,#7656,#6516,#5376,#10658,#10240,#9100,#7960,#9366,#8226,#7086,#8492,#7352,#6212,#7618,#6478,#5338,#10202,#9062,#7922,#2906,#1766,#9328,#8188,#7048,#2032,#892,#8454,#7314,#6174,#1158,#6022,#4882,#3742,#2602,#10164,#9024,#7884,#4008,#2868,#1728,#9290,#8150,#7010,#3134,#1994,#854,#8416,#7276,#6136,#2260,#1120,#9860,#5984,#4844,#3704,#8720,#10126,#8986,#5110,#7846,#3970,#2830,#10392,#9252,#8112,#4236,#3096,#1956,#6972,#9518,#8378,#7238,#6098,#5680,#4540,#6820,#9822,#5946,#4806,#3666,#8682,#10088,#8948,#5072,#3932,#2792,#7808,#10354,#9214,#8074,#4198,#3058,#1918,#6934,#6782,#5642,#4502,#9784,#5908,#4768,#3628,#10050,#8910,#5034,#3894,#2754,#10316,#9176,#8036,#4160,#3020,#1880,#1462,#322,#6744,#5604,#4464,#588,#5870,#4730,#3590,#10012,#4996,#3856,#2716,#10278,#9138,#7580,#6440,#2564,#1424,#284,#5300,#6706,#5566,#1690,#550,#4426,#5832,#4692,#816,#3552,#4958,#3818,#2678,#7542,#6402,#2526,#1386,#246,#5262,#6668,#5528,#1652,#512,#4388,#5794,#4654,#778,#3514,#3780,#3362,#2640,#1082,#2222,#8644,#7504,#6364,#2488,#1348,#208,#5224,#7770,#6630,#5490,#1614,#474,#4350,#6896,#5756,#4616,#740,#3476,#9480,#8340,#3324,#2184,#1044,#8606,#7466,#2450,#1310,#170,#7732,#6592,#1576,#436,#6858,#5718,#3286,#2146,#1006,#2412,#1272,#132,#1538,#398,#4122,#2982,#1842,#3248,#2108,#968,#2374,#1234,#94,#1500,#360,#4084,#2944,#1804,#3210,#2070,#930,#2336,#1196,#56,#4920,#4046,#4312,#3172,#3438,#2298,#5148,#4274,#3400,#702,#664,#626),#44);
#46=IFCCLASSIFICATION('NBS','2015',$,'Uniclass',$,$,$);
#47=IFCRELASSOCIATESCLASSIFICATION('3n_a9wpH9EI9oD$mY7Ag7d',$,$,$,(#1),#46);
#48=IFCCLASSIFICATIONREFERENCE($,'Pr_20_76_51','Uniclass',#46,$,$);
#49=IFCRELASSOCIATESCLASSIFICATION('0rFgnSKon8XvyyFQu29g76',$,$,$,(#12,#10620,#9746,#8872,#7998,#10582,#9708,#9974,#8834,#10544,#9670,#9936,#8796,#10506,#9632,#9898,#8758,#7200,#6060,#6326,#5186,#10468,#5452,#10734,#9594,#4578,#9442,#8302,#7162,#8568,#7428,#6288,#7694,#6554,#5414,#10430,#10696,#9556,#9404,#8264,#7124,#8530,#7390,#6250,#7656,#6516,#5376,#10658,#10240,#9100,#7960,#9366,#8226,#7086,#8492,#7352,#6212,#7618,#6478,#5338,#10202,#9062,#7922,#2906,#1766,#9328,#8188,#7048,#2032,#892,#8454,#7314,#6174,#1158,#6022,#4882,#3742,#2602,#10164,#9024,#7884,#4008,#2868,#1728,#9290,#8150,#7010,#3134,#1994,#854,#8416,#7276,#6136,#2260,#1120,#9860,#5984,#4844,#3704,#8720,#10126,#8986,#5110,#7846,#3970,#2830,#10392,#9252,#8112,#4236,#3096,#1956,#6972,#9518,#8378,#7238,#6098,#5680,#4540,#6820,#9822,#5946,#4806,#3666,#8682,#10088,#8948,#5072,#3932,#2792,#7808,#10354,#9214,#8074,#4198,#3058,#1918,#6934,#6782,#5642,#4502,#9784,#5908,#4768,#3628,#10050,#8910,#5034,#3894,#2754,#10316,#9176,#8036,#4160,#3020,#1880,#1462,#322,#6744,#5604,#4464,#588,#5870,#4730,#3590,#10012,#4996,#3856,#2716,#10278,#9138,#7580,#6440,#2564,#1424,#284,#5300,#6706,#5566,#1690,#550,#4426,#5832,#4692,#816,#3552,#4958,#3818,#2678,#7542,#6402,#2526,#1386,#246,#5262,#6668,#5528,#1652,#512,#4388,#5794,#4654,#778,#3514,#3780,#3362,#2640,#1082,#2222,#8644,#7504,#6364,#2488,#1348,#208,#5224,#7770,#6630,#5490,#1614,#474,#4350,#6896,#5756,#4616,#740,#3476,#9480,#8340,#3324,#2184,#1044,#8606,#7466,#2450,#1310,#170,#7732,#6592,#1576,#436,#6858,#5718,#3286,#2146,#1006,#2412,#1272,#132,#1538,#398,#4122,#2982,#1842,#3248,#2108,#968,#2374,#1234,#94,#1500,#360,#4084,#2944,#1804,#3210,#2070,#930,#2336,#1196,#56,#4920,#4046,#4312,#3172,#3438,#2298,#5148,#4274,#3400,#702,#664,#626),#48);
#50=IFCPROPERTYSET('07I4fLL2fAJ9JGEzhM3ja8',$,'MF_Quantities',$,(#51,#52,#53,#54,#55));
#51=IFCPROPERTYSINGLEVALUE('NominalWidth',$,IFCREAL(0.40386),$);
#52=IFCPROPERTYSINGLEVALUE('NominalDepth',$,IFCREAL(0.55879999999999996),$);
#53=IFCPROPERTYSINGLEVALUE('NominalHeight',$,IFCREAL(3.048),$);
#54=IFCPROPERTYSINGLEVALUE('NominalFootprintArea',$,IFCREAL(0.22567699999999999),$);
#55=IFCPROPERTYSINGLEVALUE('NominalVolume',$,IFCREAL(0.687863),$);
#56=IFCMEMBERTYPE('2WgLJsnAn3vfcVGOt2Qd98',$,'WT Structural Tee - WT22X145',$,$,(#73,#77,#88),(#72),$,$,.NOTDEFINED.);
#57=IFCCARTESIANPOINT((0.,0.));
#58=IFCDIRECTION((1.,0.));
#59=IFCAXIS2PLACEMENT2D(#57,#58);
#60=IFCTSHAPEPROFILEDEF(.AREA.,'WT22X145',#59,0.55371999999999999,0.40132000000000001,0.021971000000000001,0.040132000000000001,0.019812,$,$,$,$);
#61=IFCCARTESIANPOINT((0.,0.,0.));
#62=IFCDIRECTION((0.,0.,1.));
#63=IFCDIRECTION((1.,0.,0.));
#64=IFCAXIS2PLACEMENT3D(#61,#62,#63);
#65=IFCDIRECTION((0.,0.,1.));
#66=IFCEXTRUDEDAREASOLID(#60,#64,#65,3.048);
#67=IFCSHAPEREPRESENTATION(#11,'Body','SweptSolid',(#66));
#68=IFCCARTESIANPOINT((0.,0.,0.));
#69=IFCDIRECTION((1.,0.,0.));
#70=IFCDIRECTION((0.,0.,1.));
#71=IFCAXIS2PLACEMENT3D(#68,#70,#69);
#72=IFCREPRESENTATIONMAP(#71,#67);
#73=IFCPROPERTYSET('2gJQytOhn2Fur28qtwdkhd',$,'MF_Structural',$,(#74,#75,#76));
#74=IFCPROPERTYSINGLEVALUE('Section',$,IFCLABEL('WT22X145'),$);
#75=IFCPROPERTYSINGLEVALUE('SectionFamily',$,IFCLABEL('WT'),$);
#76=IFCPROPERTYSINGLEVALUE('SectionSource',$,IFCLABEL('AISC Shapes Database v15.0 (US)'),$);
#77=IFCPROPERTYSET('2o1lrTPH9DaPALMakrNUKW',$,'MF_Library',$,(#78,#79,#80,#81,#82,#83,#84,#85,#86,#87));
#78=IFCPROPERTYSINGLEVALUE('Key',$,IFCLABEL('steel_tee_wt'),$);
#79=IFCPROPERTYSINGLEVALUE('Family',$,IFCLABEL('WT Structural Tee'),$);
#80=IFCPROPERTYSINGLEVALUE('TypeName',$,IFCLABEL('WT22X145'),$);
#81=IFCPROPERTYSINGLEVALUE('Version',$,IFCLABEL('0.1.0'),$);
#82=IFCPROPERTYSINGLEVALUE('License',$,IFCLABEL('CC0-1.0'),$);
#83=IFCPROPERTYSINGLEVALUE('Source',$,IFCLABEL('massing-families'),$);
#84=IFCPROPERTYSINGLEVALUE('Tier',$,IFCLABEL('L300'),$);
#85=IFCPROPERTYSINGLEVALUE('Builder',$,IFCLABEL('profile'),$);
#86=IFCPROPERTYSINGLEVALUE('Discipline',$,IFCLABEL('structural'),$);
#87=IFCPROPERTYSINGLEVALUE('GeometryStatus',$,IFCLABEL('parametric'),$);
#88=IFCPROPERTYSET('29Il1UvVD0MPjYmKtGUGyj',$,'MF_Quantities',$,(#89,#90,#91,#92,#93));
#89=IFCPROPERTYSINGLEVALUE('NominalWidth',$,IFCREAL(0.40132000000000001),$);
#90=IFCPROPERTYSINGLEVALUE('NominalDepth',$,IFCREAL(0.55371999999999999),$);
#91=IFCPROPERTYSINGLEVALUE('NominalHeight',$,IFCREAL(3.048),$);
#92=IFCPROPERTYSINGLEVALUE('NominalFootprintArea',$,IFCREAL(0.222219),$);
#93=IFCPROPERTYSINGLEVALUE('NominalVolume',$,IFCREAL(0.67732300000000001),$);
#94=IFCMEMBERTYPE('2Dvvt125XF899C5kxMPrZB',$,'WT Structural Tee - WT22X131',$,$,(#111,#115,#126),(#110),$,$,.NOTDEFINED.);
#95=IFCCARTESIANPOINT((0.,0.));
#96=IFCDIRECTION((1.,0.));
#97=IFCAXIS2PLACEMENT2D(#95,#96);
#98=IFCTSHAPEPROFILEDEF(.AREA.,'WT22X131',#97,0.55118,0.40132000000000001,0.019938999999999998,0.036068000000000003,0.019812,$,$,$,$);
#99=IFCCARTESIANPOINT((0.,0.,0.));
#100=IFCDIRECTION((0.,0.,1.));
#101=IFCDIRECTION((1.,0.,0.));
#102=IFCAXIS2PLACEMENT3D(#99,#100,#101);
#103=IFCDIRECTION((0.,0.,1.));
#104=IFCEXTRUDEDAREASOLID(#98,#102,#103,3.048);
#105=IFCSHAPEREPRESENTATION(#11,'Body','SweptSolid',(#104));
#106=IFCCARTESIANPOINT((0.,0.,0.));
#107=IFCDIRECTION((1.,0.,0.));
#108=IFCDIRECTION((0.,0.,1.));
#109=IFCAXIS2PLACEMENT3D(#106,#108,#107);
#110=IFCREPRESENTATIONMAP(#109,#105);
#111=IFCPROPERTYSET('23nTFVhJ1AAAPvrtJR6iBK',$,'MF_Structural',$,(#112,#113,#114));
#112=IFCPROPERTYSINGLEVALUE('Section',$,IFCLABEL('WT22X131'),$);
#113=IFCPROPERTYSINGLEVALUE('SectionFamily',$,IFCLABEL('WT'),$);
#114=IFCPROPERTYSINGLEVALUE('SectionSource',$,IFCLABEL('AISC Shapes Database v15.0 (US)'),$);
#115=IFCPROPERTYSET('3Zj1MuUFDBV8pi_NPbBFhB',$,'MF_Library',$,(#116,#117,#118,#119,#120,#121,#122,#123,#124,#125));
#116=IFCPROPERTYSINGLEVALUE('Key',$,IFCLABEL('steel_tee_wt'),$);
#117=IFCPROPERTYSINGLEVALUE('Family',$,IFCLABEL('WT Structural Tee'),$);
#118=IFCPROPERTYSINGLEVALUE('TypeName',$,IFCLABEL('WT22X131'),$);
#119=IFCPROPERTYSINGLEVALUE('Version',$,IFCLABEL('0.1.0'),$);
#120=IFCPROPERTYSINGLEVALUE('License',$,IFCLABEL('CC0-1.0'),$);
#121=IFCPROPERTYSINGLEVALUE('Source',$,IFCLABEL('massing-families'),$);
#122=IFCPROPERTYSINGLEVALUE('Tier',$,IFCLABEL('L300'),$);
#123=IFCPROPERTYSINGLEVALUE('Builder',$,IFCLABEL('profile'),$);
#124=IFCPROPERTYSINGLEVALUE('Discipline',$,IFCLABEL('structural'),$);
#125=IFCPROPERTYSINGLEVALUE('GeometryStatus',$,IFCLABEL('parametric'),$);
#126=IFCPROPERTYSET('2bl_0sEQXAEPN2flmHoZZs',$,'MF_Quantities',$,(#127,#128,#129,#130,#131));
#127=IFCPROPERTYSINGLEVALUE('NominalWidth',$,IFCREAL(0.40132000000000001),$);
#128=IFCPROPERTYSINGLEVALUE('NominalDepth',$,IFCREAL(0.55118),$);
#129=IFCPROPERTYSINGLEVALUE('NominalHeight',$,IFCREAL(3.048),$);
#130=IFCPROPERTYSINGLEVALUE('NominalFootprintArea',$,IFCREAL(0.22120000000000001),$);
#131=IFCPROPERTYSINGLEVALUE('NominalVolume',$,IFCREAL(0.67421600000000004),$);
#132=IFCMEMBERTYPE('3yOBvZqu59jwq2NWItt8vq',$,'WT Structural Tee - WT22X115',$,$,(#149,#153,#164),(#148),$,$,.NOTDEFINED.);
#133=IFCCARTESIANPOINT((0.,0.));
#134=IFCDIRECTION((1.,0.));
#135=IFCAXIS2PLACEMENT2D(#133,#134);
#136=IFCTSHAPEPROFILEDEF(.AREA.,'WT22X115',#135,0.54610000000000003,0.40132000000000001,0.018034000000000001,0.030988000000000002,0.020066000000000001,$,$,$,$);
#137=IFCCARTESIANPOINT((0.,0.,0.));
#138=IFCDIRECTION((0.,0.,1.));
#139=IFCDIRECTION((1.,0.,0.));
#140=IFCAXIS2PLACEMENT3D(#137,#138,#139);
#141=IFCDIRECTION((0.,0.,1.));
#142=IFCEXTRUDEDAREASOLID(#136,#140,#141,3.048);
#143=IFCSHAPEREPRESENTATION(#11,'Body','SweptSolid',(#142));
#144=IFCCARTESIANPOINT((0.,0.,0.));
#145=IFCDIRECTION((1.,0.,0.));
#146=IFCDIRECTION((0.,0.,1.));
#147=IFCAXIS2PLACEMENT3D(#144,#146,#145);
#148=IFCREPRESENTATIONMAP(#147,#143);
#149=IFCPROPERTYSET('17q7hIbqv4dxU44rkv7ZDl',$,'MF_Structural',$,(#150,#151,#152));
#150=IFCPROPERTYSINGLEVALUE('Section',$,IFCLABEL('WT22X115'),$);
#151=IFCPROPERTYSINGLEVALUE('SectionFamily',$,IFCLABEL('WT'),$);
#152=IFCPROPERTYSINGLEVALUE('SectionSource',$,IFCLABEL('AISC Shapes Database v15.0 (US)'),$);
#153=IFCPROPERTYSET('0jRq8HhiT7bBHYhmkv0z9m',$,'MF_Library',$,(#154,#155,#156,#157,#158,#159,#160,#161,#162,#163));
#154=IFCPROPERTYSINGLEVALUE('Key',$,IFCLABEL('steel_tee_wt'),$);
#155=IFCPROPERTYSINGLEVALUE('Family',$,IFCLABEL('WT Structural Tee'),$);
#156=IFCPROPERTYSINGLEVALUE('TypeName',$,IFCLABEL('WT22X115'),$);
#157=IFCPROPERTYSINGLEVALUE('Version',$,IFCLABEL('0.1.0'),$);
#158=IFCPROPERTYSINGLEVALUE('License',$,IFCLABEL('CC0-1.0'),$);
#159=IFCPROPERTYSINGLEVALUE('Source',$,IFCLABEL('massing-families'),$);
#160=IFCPROPERTYSINGLEVALUE('Tier',$,IFCLABEL('L300'),$);
#161=IFCPROPERTYSINGLEVALUE('Builder',$,IFCLABEL('profile'),$);
#162=IFCPROPERTYSINGLEVALUE('Discipline',$,IFCLABEL('structural'),$);
#163=IFCPROPERTYSINGLEVALUE('GeometryStatus',$,IFCLABEL('parametric'),$);
#164=IFCPROPERTYSET('2Yfuk9STf17w5LDzTjpOCv',$,'MF_Quantities',$,(#165,#166,#167,#168,#169));
#165=IFCPROPERTYSINGLEVALUE('NominalWidth',$,IFCREAL(0.40132000000000001),$);
#166=IFCPROPERTYSINGLEVALUE('NominalDepth',$,IFCREAL(0.54610000000000003),$);
#167=IFCPROPERTYSINGLEVALUE('NominalHeight',$,IFCREAL(3.048),$);
#168=IFCPROPERTYSINGLEVALUE('NominalFootprintArea',$,IFCREAL(0.21916099999999999),$);
#169=IFCPROPERTYSINGLEVALUE('NominalVolume',$,IFCREAL(0.66800199999999998),$);
#170=IFCMEMBERTYPE('1req9ecKr1LutkQbGHyB4W',$,'WT Structural Tee - WT20X327.5',$,$,(#187,#191,#202),(#186),$,$,.NOTDEFINED.);
#171=IFCCARTESIANPOINT((0.,0.));
#172=IFCDIRECTION((1.,0.));
#173=IFCAXIS2PLACEMENT2D(#171,#172);
#174=IFCTSHAPEPROFILEDEF(.AREA.,'WT20X327.5',#173,0.55371999999999999,0.42925999999999997,0.050037999999999999,0.089915999999999996,0.029971999999999999,$,$,$,$);
#175=IFCCARTESIANPOINT((0.,0.,0.));
#176=IFCDIRECTION((0.,0.,1.));
#177=IFCDIRECTION((1.,0.,0.));
#178=IFCAXIS2PLACEMENT3D(#175,#176,#177);
#179=IFCDIRECTION((0.,0.,1.));
#180=IFCEXTRUDEDAREASOLID(#174,#178,#179,3.048);
#181=IFCSHAPEREPRESENTATION(#11,'Body','SweptSolid',(#180));
#182=IFCCARTESIANPOINT((0.,0.,0.));
#183=IFCDIRECTION((1.,0.,0.));
#184=IFCDIRECTION((0.,0.,1.));
#185=IFCAXIS2PLACEMENT3D(#182,#184,#183);
#186=IFCREPRESENTATIONMAP(#185,#181);
#187=IFCPROPERTYSET('278jAJTSn9oPiFomSdUgbp',$,'MF_Structural',$,(#188,#189,#190));
#188=IFCPROPERTYSINGLEVALUE('Section',$,IFCLABEL('WT20X327.5'),$);
#189=IFCPROPERTYSINGLEVALUE('SectionFamily',$,IFCLABEL('WT'),$);
#190=IFCPROPERTYSINGLEVALUE('SectionSource',$,IFCLABEL('AISC Shapes Database v15.0 (US)'),$);
#191=IFCPROPERTYSET('2H2lvGyHr4eB6NsaMwiGkg',$,'MF_Library',$,(#192,#193,#194,#195,#196,#197,#198,#199,#200,#201));
#192=IFCPROPERTYSINGLEVALUE('Key',$,IFCLABEL('steel_tee_wt'),$);
#193=IFCPROPERTYSINGLEVALUE('Family',$,IFCLABEL('WT Structural Tee'),$);
#194=IFCPROPERTYSINGLEVALUE('TypeName',$,IFCLABEL('WT20X327.5'),$);
#195=IFCPROPERTYSINGLEVALUE('Version',$,IFCLABEL('0.1.0'),$);
#196=IFCPROPERTYSINGLEVALUE('License',$,IFCLABEL('CC0-1.0'),$);
#197=IFCPROPERTYSINGLEVALUE('Source',$,IFCLABEL('massing-families'),$);
#198=IFCPROPERTYSINGLEVALUE('Tier',$,IFCLABEL('L300'),$);
#199=IFCPROPERTYSINGLEVALUE('Builder',$,IFCLABEL('profile'),$);
#200=IFCPROPERTYSINGLEVALUE('Discipline',$,IFCLABEL('structural'),$);
#201=IFCPROPERTYSINGLEVALUE('GeometryStatus',$,IFCLABEL('parametric'),$);
#202=IFCPROPERTYSET('3WYDBRTM9E9B8ogHGM33FQ',$,'MF_Quantities',$,(#203,#204,#205,#206,#207));
#203=IFCPROPERTYSINGLEVALUE('NominalWidth',$,IFCREAL(0.42925999999999997),$);
#204=IFCPROPERTYSINGLEVALUE('NominalDepth',$,IFCREAL(0.55371999999999999),$);
#205=IFCPROPERTYSINGLEVALUE('NominalHeight',$,IFCREAL(3.048),$);
#206=IFCPROPERTYSINGLEVALUE('NominalFootprintArea',$,IFCREAL(0.23769000000000001),$);
#207=IFCPROPERTYSINGLEVALUE('NominalVolume',$,IFCREAL(0.72447899999999998),$);
#208=IFCMEMBERTYPE('0fCouEQVL0jh_PdyyNynT3',$,'WT Structural Tee - WT20X296.5',$,$,(#225,#229,#240),(#224),$,$,.NOTDEFINED.);
#209=IFCCARTESIANPOINT((0.,0.));
#210=IFCDIRECTION((1.,0.));
#211=IFCAXIS2PLACEMENT2D(#209,#210);
#212=IFCTSHAPEPROFILEDEF(.AREA.,'WT20X296.5',#211,0.54610000000000003,0.42418,0.045465999999999999,0.082042000000000004,0.029971999999999999,$,$,$,$);
#213=IFCCARTESIANPOINT((0.,0.,0.));
#214=IFCDIRECTION((0.,0.,1.));
#215=IFCDIRECTION((1.,0.,0.));
#216=IFCAXIS2PLACEMENT3D(#213,#214,#215);
#217=IFCDIRECTION((0.,0.,1.));
#218=IFCEXTRUDEDAREASOLID(#212,#216,#217,3.048);
#219=IFCSHAPEREPRESENTATION(#11,'Body','SweptSolid',(#218));
#220=IFCCARTESIANPOINT((0.,0.,0.));
#221=IFCDIRECTION((1.,0.,0.));
#222=IFCDIRECTION((0.,0.,1.));
#223=IFCAXIS2PLACEMENT3D(#220,#222,#221);
#224=IFCREPRESENTATIONMAP(#223,#219);
#225=IFCPROPERTYSET('0o6cNE4vTAmQaVova9iJYS',$,'MF_Structural',$,(#226,#227,#228));
#226=IFCPROPERTYSINGLEVALUE('Section',$,IFCLABEL('WT20X296.5'),$);
#227=IFCPROPERTYSINGLEVALUE('SectionFamily',$,IFCLABEL('WT'),$);
#228=IFCPROPERTYSINGLEVALUE('SectionSource',$,IFCLABEL('AISC Shapes Database v15.0 (US)'),$);
#229=IFCPROPERTYSET('0popqWr5z4XOIuTFgG9_GH',$,'MF_Library',$,(#230,#231,#232,#233,#234,#235,#236,#237,#238,#239));
#230=IFCPROPERTYSINGLEVALUE('Key',$,IFCLABEL('steel_tee_wt'),$);
#231=IFCPROPERTYSINGLEVALUE('Family',$,IFCLABEL('WT Structural Tee'),$);
#232=IFCPROPERTYSINGLEVALUE('TypeName',$,IFCLABEL('WT20X296.5'),$);
#233=IFCPROPERTYSINGLEVALUE('Version',$,IFCLABEL('0.1.0'),$);
#234=IFCPROPERTYSINGLEVALUE('License',$,IFCLABEL('CC0-1.0'),$);
#235=IFCPROPERTYSINGLEVALUE('Source',$,IFCLABEL('massing-families'),$);
#236=IFCPROPERTYSINGLEVALUE('Tier',$,IFCLABEL('L300'),$);
#237=IFCPROPERTYSINGLEVALUE('Builder',$,IFCLABEL('profile'),$);
#238=IFCPROPERTYSINGLEVALUE('Discipline',$,IFCLABEL('structural'),$);
#239=IFCPROPERTYSINGLEVALUE('GeometryStatus',$,IFCLABEL('parametric'),$);
#240=IFCPROPERTYSET('245rlZI3z7mOJN_M78m7wp',$,'MF_Quantities',$,(#241,#242,#243,#244,#245));
#241=IFCPROPERTYSINGLEVALUE('NominalWidth',$,IFCREAL(0.42418),$);
#242=IFCPROPERTYSINGLEVALUE('NominalDepth',$,IFCREAL(0.54610000000000003),$);
#243=IFCPROPERTYSINGLEVALUE('NominalHeight',$,IFCREAL(3.048),$);
#244=IFCPROPERTYSINGLEVALUE('NominalFootprintArea',$,IFCREAL(0.23164499999999999),$);
#245=IFCPROPERTYSINGLEVALUE('NominalVolume',$,IFCREAL(0.70605300000000004),$);
#246=IFCMEMBERTYPE('2QM84ivRv4ShkKodM42b$w',$,'WT Structural Tee - WT20X251.5',$,$,(#263,#267,#278),(#262),$,$,.NOTDEFINED.);
#247=IFCCARTESIANPOINT((0.,0.));
#248=IFCDIRECTION((1.,0.));
#249=IFCAXIS2PLACEMENT2D(#247,#248);
#250=IFCTSHAPEPROFILEDEF(.AREA.,'WT20X251.5',#249,0.53339999999999999,0.41655999999999999,0.039115999999999998,0.070104,0.029971999999999999,$,$,$,$);
#251=IFCCARTESIANPOINT((0.,0.,0.));
#252=IFCDIRECTION((0.,0.,1.));
#253=IFCDIRECTION((1.,0.,0.));
#254=IFCAXIS2PLACEMENT3D(#251,#252,#253);
#255=IFCDIRECTION((0.,0.,1.));
#256=IFCEXTRUDEDAREASOLID(#250,#254,#255,3.048);
#257=IFCSHAPEREPRESENTATION(#11,'Body','SweptSolid',(#256));
#258=IFCCARTESIANPOINT((0.,0.,0.));
#259=IFCDIRECTION((1.,0.,0.));
#260=IFCDIRECTION((0.,0.,1.));
#261=IFCAXIS2PLACEMENT3D(#258,#260,#259);
#262=IFCREPRESENTATIONMAP(#261,#257);
#263=IFCPROPERTYSET('0TqavUw0D9WvtiBHFOudt8',$,'MF_Structural',$,(#264,#265,#266));
#264=IFCPROPERTYSINGLEVALUE('Section',$,IFCLABEL('WT20X251.5'),$);
#265=IFCPROPERTYSINGLEVALUE('SectionFamily',$,IFCLABEL('WT'),$);
#266=IFCPROPERTYSINGLEVALUE('SectionSource',$,IFCLABEL('AISC Shapes Database v15.0 (US)'),$);
#267=IFCPROPERTYSET('19ghQo$enCmAELKoRiJyJG',$,'MF_Library',$,(#268,#269,#270,#271,#272,#273,#274,#275,#276,#277));
#268=IFCPROPERTYSINGLEVALUE('Key',$,IFCLABEL('steel_tee_wt'),$);
#269=IFCPROPERTYSINGLEVALUE('Family',$,IFCLABEL('WT Structural Tee'),$);
#270=IFCPROPERTYSINGLEVALUE('TypeName',$,IFCLABEL('WT20X251.5'),$);
#271=IFCPROPERTYSINGLEVALUE('Version',$,IFCLABEL('0.1.0'),$);
#272=IFCPROPERTYSINGLEVALUE('License',$,IFCLABEL('CC0-1.0'),$);
#273=IFCPROPERTYSINGLEVALUE('Source',$,IFCLABEL('massing-families'),$);
#274=IFCPROPERTYSINGLEVALUE('Tier',$,IFCLABEL('L300'),$);
#275=IFCPROPERTYSINGLEVALUE('Builder',$,IFCLABEL('profile'),$);
#276=IFCPROPERTYSINGLEVALUE('Discipline',$,IFCLABEL('structural'),$);
#277=IFCPROPERTYSINGLEVALUE('GeometryStatus',$,IFCLABEL('parametric'),$);
#278=IFCPROPERTYSET('1LFIaO$vz0PhxbWLaOecof',$,'MF_Quantities',$,(#279,#280,#281,#282,#283));
#279=IFCPROPERTYSINGLEVALUE('NominalWidth',$,IFCREAL(0.41655999999999999),$);
#280=IFCPROPERTYSINGLEVALUE('NominalDepth',$,IFCREAL(0.53339999999999999),$);
#281=IFCPROPERTYSINGLEVALUE('NominalHeight',$,IFCREAL(3.048),$);
#282=IFCPROPERTYSINGLEVALUE('NominalFootprintArea',$,IFCREAL(0.222193),$);
#283=IFCPROPERTYSINGLEVALUE('NominalVolume',$,IFCREAL(0.67724499999999999),$);
#284=IFCMEMBERTYPE('0zTnX0wt53b8ceLtiysIOK',$,'WT Structural Tee - WT20X215.5',$,$,(#301,#305,#316),(#300),$,$,.NOTDEFINED.);
#285=IFCCARTESIANPOINT((0.,0.));
#286=IFCDIRECTION((1.,0.));
#287=IFCAXIS2PLACEMENT2D(#285,#286);
#288=IFCTSHAPEPROFILEDEF(.AREA.,'WT20X215.5',#287,0.52324000000000004,0.41148000000000001,0.034035999999999997,0.059943999999999997,0.029971999999999999,$,$,$,$);
#289=IFCCARTESIANPOINT((0.,0.,0.));
#290=IFCDIRECTION((0.,0.,1.));
#291=IFCDIRECTION((1.,0.,0.));
#292=IFCAXIS2PLACEMENT3D(#289,#290,#291);
#293=IFCDIRECTION((0.,0.,1.));
#294=IFCEXTRUDEDAREASOLID(#288,#292,#293,3.048);
#295=IFCSHAPEREPRESENTATION(#11,'Body','SweptSolid',(#294));
#296=IFCCARTESIANPOINT((0.,0.,0.));
#297=IFCDIRECTION((1.,0.,0.));
#298=IFCDIRECTION((0.,0.,1.));
#299=IFCAXIS2PLACEMENT3D(#296,#298,#297);
#300=IFCREPRESENTATIONMAP(#299,#295);
#301=IFCPROPERTYSET('2E6lR4LEvA4vzdIIBwGx5L',$,'MF_Structural',$,(#302,#303,#304));
#302=IFCPROPERTYSINGLEVALUE('Section',$,IFCLABEL('WT20X215.5'),$);
#303=IFCPROPERTYSINGLEVALUE('SectionFamily',$,IFCLABEL('WT'),$);
#304=IFCPROPERTYSINGLEVALUE('SectionSource',$,IFCLABEL('AISC Shapes Database v15.0 (US)'),$);
#305=IFCPROPERTYSET('0HPSglj859y927R1M0Iysu',$,'MF_Library',$,(#306,#307,#308,#309,#310,#311,#312,#313,#314,#315));
#306=IFCPROPERTYSINGLEVALUE('Key',$,IFCLABEL('steel_tee_wt'),$);
#307=IFCPROPERTYSINGLEVALUE('Family',$,IFCLABEL('WT Structural Tee'),$);
#308=IFCPROPERTYSINGLEVALUE('TypeName',$,IFCLABEL('WT20X215.5'),$);
#309=IFCPROPERTYSINGLEVALUE('Version',$,IFCLABEL('0.1.0'),$);
#310=IFCPROPERTYSINGLEVALUE('License',$,IFCLABEL('CC0-1.0'),$);
#311=IFCPROPERTYSINGLEVALUE('Source',$,IFCLABEL('massing-families'),$);
#312=IFCPROPERTYSINGLEVALUE('Tier',$,IFCLABEL('L300'),$);
#313=IFCPROPERTYSINGLEVALUE('Builder',$,IFCLABEL('profile'),$);
#314=IFCPROPERTYSINGLEVALUE('Discipline',$,IFCLABEL('structural'),$);
#315=IFCPROPERTYSINGLEVALUE('GeometryStatus',$,IFCLABEL('parametric'),$);
#316=IFCPROPERTYSET('2gLaGAuof1wge$N3gWVVCl',$,'MF_Quantities',$,(#317,#318,#319,#320,#321));
#317=IFCPROPERTYSINGLEVALUE('NominalWidth',$,IFCREAL(0.41148000000000001),$);
#318=IFCPROPERTYSINGLEVALUE('NominalDepth',$,IFCREAL(0.52324000000000004),$);
#319=IFCPROPERTYSINGLEVALUE('NominalHeight',$,IFCREAL(3.048),$);
#320=IFCPROPERTYSINGLEVALUE('NominalFootprintArea',$,IFCREAL(0.21530299999999999),$);
#321=IFCPROPERTYSINGLEVALUE('NominalVolume',$,IFCREAL(0.65624300000000002),$);
#322=IFCMEMBERTYPE('1wrxKBH3v8BfvhOYMaMjlz',$,'WT Structural Tee - WT20X198.5',$,$,(#339,#343,#354),(#338),$,$,.NOTDEFINED.);
#323=IFCCARTESIANPOINT((0.,0.));
#324=IFCDIRECTION((1.,0.));
#325=IFCAXIS2PLACEMENT2D(#323,#324);
#326=IFCTSHAPEPROFILEDEF(.AREA.,'WT20X198.5',#325,0.52070000000000005,0.40894000000000003,0.030988000000000002,0.055879999999999999,0.029971999999999999,$,$,$,$);
#327=IFCCARTESIANPOINT((0.,0.,0.));
#328=IFCDIRECTION((0.,0.,1.));
#329=IFCDIRECTION((1.,0.,0.));
#330=IFCAXIS2PLACEMENT3D(#327,#328,#329);
#331=IFCDIRECTION((0.,0.,1.));
#332=IFCEXTRUDEDAREASOLID(#326,#330,#331,3.048);
#333=IFCSHAPEREPRESENTATION(#11,'Body','SweptSolid',(#332));
#334=IFCCARTESIANPOINT((0.,0.,0.));
#335=IFCDIRECTION((1.,0.,0.));
#336=IFCDIRECTION((0.,0.,1.));
#337=IFCAXIS2PLACEMENT3D(#334,#336,#335);
#338=IFCREPRESENTATIONMAP(#337,#333);
#339=IFCPROPERTYSET('3IWnjPVtz2oBwtxfdfm2Bs',$,'MF_Structural',$,(#340,#341,#342));
#340=IFCPROPERTYSINGLEVALUE('Section',$,IFCLABEL('WT20X198.5'),$);
#341=IFCPROPERTYSINGLEVALUE('SectionFamily',$,IFCLABEL('WT'),$);
#342=IFCPROPERTYSINGLEVALUE('SectionSource',$,IFCLABEL('AISC Shapes Database v15.0 (US)'),$);
#343=IFCPROPERTYSET('22ELTUOsXAZB2EgFNIwKHV',$,'MF_Library',$,(#344,#345,#346,#347,#348,#349,#350,#351,#352,#353));
#344=IFCPROPERTYSINGLEVALUE('Key',$,IFCLABEL('steel_tee_wt'),$);
#345=IFCPROPERTYSINGLEVALUE('Family',$,IFCLABEL('WT Structural Tee'),$);
#346=IFCPROPERTYSINGLEVALUE('TypeName',$,IFCLABEL('WT20X198.5'),$);
#347=IFCPROPERTYSINGLEVALUE('Version',$,IFCLABEL('0.1.0'),$);
#348=IFCPROPERTYSINGLEVALUE('License',$,IFCLABEL('CC0-1.0'),$);
#349=IFCPROPERTYSINGLEVALUE('Source',$,IFCLABEL('massing-families'),$);
#350=IFCPROPERTYSINGLEVALUE('Tier',$,IFCLABEL('L300'),$);
#351=IFCPROPERTYSINGLEVALUE('Builder',$,IFCLABEL('profile'),$);
#352=IFCPROPERTYSINGLEVALUE('Discipline',$,IFCLABEL('structural'),$);
#353=IFCPROPERTYSINGLEVALUE('GeometryStatus',$,IFCLABEL('parametric'),$);
#354=IFCPROPERTYSET('3Q7Z0l1CvBkQBvCiH6Gkb_',$,'MF_Quantities',$,(#355,#356,#357,#358,#359));
#355=IFCPROPERTYSINGLEVALUE('NominalWidth',$,IFCREAL(0.40894000000000003),$);
#356=IFCPROPERTYSINGLEVALUE('NominalDepth',$,IFCREAL(0.52070000000000005),$);
#357=IFCPROPERTYSINGLEVALUE('NominalHeight',$,IFCREAL(3.048),$);
#358=IFCPROPERTYSINGLEVALUE('NominalFootprintArea',$,IFCREAL(0.21293500000000001),$);
#359=IFCPROPERTYSINGLEVALUE('NominalVolume',$,IFCREAL(0.64902599999999999),$);
#360=IFCMEMBERTYPE('3Qijip7XnEhgOI6MPMj36Y',$,'WT Structural Tee - WT20X186',$,$,(#377,#381,#392),(#376),$,$,.NOTDEFINED.);
#361=IFCCARTESIANPOINT((0.,0.));
#362=IFCDIRECTION((1.,0.));
#363=IFCAXIS2PLACEMENT2D(#361,#362);
#364=IFCTSHAPEPROFILEDEF(.AREA.,'WT20X186',#363,0.51561999999999997,0.40894000000000003,0.029464000000000001,0.052069999999999998,0.029971999999999999,$,$,$,$);
#365=IFCCARTESIANPOINT((0.,0.,0.));
#366=IFCDIRECTION((0.,0.,1.));
#367=IFCDIRECTION((1.,0.,0.));
#368=IFCAXIS2PLACEMENT3D(#365,#366,#367);
#369=IFCDIRECTION((0.,0.,1.));
#370=IFCEXTRUDEDAREASOLID(#364,#368,#369,3.048);
#371=IFCSHAPEREPRESENTATION(#11,'Body','SweptSolid',(#370));
#372=IFCCARTESIANPOINT((0.,0.,0.));
#373=IFCDIRECTION((1.,0.,0.));
#374=IFCDIRECTION((0.,0.,1.));
#375=IFCAXIS2PLACEMENT3D(#372,#374,#373);
#376=IFCREPRESENTATIONMAP(#375,#371);
#377=IFCPROPERTYSET('2YwG5B3Tv3Gv45RPsaVo5B',$,'MF_Structural',$,(#378,#379,#380));
#378=IFCPROPERTYSINGLEVALUE('Section',$,IFCLABEL('WT20X186'),$);
#379=IFCPROPERTYSINGLEVALUE('SectionFamily',$,IFCLABEL('WT'),$);
#380=IFCPROPERTYSINGLEVALUE('SectionSource',$,IFCLABEL('AISC Shapes Database v15.0 (US)'),$);
#381=IFCPROPERTYSET('2YCjdMCKX8F82zrJBY7Bbo',$,'MF_Library',$,(#382,#383,#384,#385,#386,#387,#388,#389,#390,#391));
#382=IFCPROPERTYSINGLEVALUE('Key',$,IFCLABEL('steel_tee_wt'),$);
#383=IFCPROPERTYSINGLEVALUE('Family',$,IFCLABEL('WT Structural Tee'),$);
#384=IFCPROPERTYSINGLEVALUE('TypeName',$,IFCLABEL('WT20X186'),$);
#385=IFCPROPERTYSINGLEVALUE('Version',$,IFCLABEL('0.1.0'),$);
#386=IFCPROPERTYSINGLEVALUE('License',$,IFCLABEL('CC0-1.0'),$);
#387=IFCPROPERTYSINGLEVALUE('Source',$,IFCLABEL('massing-families'),$);
#388=IFCPROPERTYSINGLEVALUE('Tier',$,IFCLABEL('L300'),$);
#389=IFCPROPERTYSINGLEVALUE('Builder',$,IFCLABEL('profile'),$);
#390=IFCPROPERTYSINGLEVALUE('Discipline',$,IFCLABEL('structural'),$);
#391=IFCPROPERTYSINGLEVALUE('GeometryStatus',$,IFCLABEL('parametric'),$);
#392=IFCPROPERTYSET('32aYQ1EyPDbhV0kHNNPFc7',$,'MF_Quantities',$,(#393,#394,#395,#396,#397));
#393=IFCPROPERTYSINGLEVALUE('NominalWidth',$,IFCREAL(0.40894000000000003),$);
#394=IFCPROPERTYSINGLEVALUE('NominalDepth',$,IFCREAL(0.51561999999999997),$);
#395=IFCPROPERTYSINGLEVALUE('NominalHeight',$,IFCREAL(3.048),$);
#396=IFCPROPERTYSINGLEVALUE('NominalFootprintArea',$,IFCREAL(0.21085799999999999),$);
#397=IFCPROPERTYSINGLEVALUE('NominalVolume',$,IFCREAL(0.64269399999999999),$);
#398=IFCMEMBERTYPE('3rPtCtuiH1tPK_mAmDVyTT',$,'WT Structural Tee - WT20X181',$,$,(#415,#419,#430),(#414),$,$,.NOTDEFINED.);
#399=IFCCARTESIANPOINT((0.,0.));
#400=IFCDIRECTION((1.,0.));
#401=IFCAXIS2PLACEMENT2D(#399,#400);
#402=IFCTSHAPEPROFILEDEF(.AREA.,'WT20X181',#401,0.51561999999999997,0.40639999999999998,0.028448000000000001,0.051054000000000002,0.029971999999999999,$,$,$,$);
#403=IFCCARTESIANPOINT((0.,0.,0.));
#404=IFCDIRECTION((0.,0.,1.));
#405=IFCDIRECTION((1.,0.,0.));
#406=IFCAXIS2PLACEMENT3D(#403,#404,#405);
#407=IFCDIRECTION((0.,0.,1.));
#408=IFCEXTRUDEDAREASOLID(#402,#406,#407,3.048);
#409=IFCSHAPEREPRESENTATION(#11,'Body','SweptSolid',(#408));
#410=IFCCARTESIANPOINT((0.,0.,0.));
#411=IFCDIRECTION((1.,0.,0.));
#412=IFCDIRECTION((0.,0.,1.));
#413=IFCAXIS2PLACEMENT3D(#410,#412,#411);
#414=IFCREPRESENTATIONMAP(#413,#409);
#415=IFCPROPERTYSET('0bSNax$bn4jhQPVrP4JT4r',$,'MF_Structural',$,(#416,#417,#418));
#416=IFCPROPERTYSINGLEVALUE('Section',$,IFCLABEL('WT20X181'),$);
#417=IFCPROPERTYSINGLEVALUE('SectionFamily',$,IFCLABEL('WT'),$);
#418=IFCPROPERTYSINGLEVALUE('SectionSource',$,IFCLABEL('AISC Shapes Database v15.0 (US)'),$);
#419=IFCPROPERTYSET('3zsojx4mr9Bewy7dp00YWG',$,'MF_Library',$,(#420,#421,#422,#423,#424,#425,#426,#427,#428,#429));
#420=IFCPROPERTYSINGLEVALUE('Key',$,IFCLABEL('steel_tee_wt'),$);
#421=IFCPROPERTYSINGLEVALUE('Family',$,IFCLABEL('WT Structural Tee'),$);
#422=IFCPROPERTYSINGLEVALUE('TypeName',$,IFCLABEL('WT20X181'),$);
#423=IFCPROPERTYSINGLEVALUE('Version',$,IFCLABEL('0.1.0'),$);
#424=IFCPROPERTYSINGLEVALUE('License',$,IFCLABEL('CC0-1.0'),$);
#425=IFCPROPERTYSINGLEVALUE('Source',$,IFCLABEL('massing-families'),$);
#426=IFCPROPERTYSINGLEVALUE('Tier',$,IFCLABEL('L300'),$);
#427=IFCPROPERTYSINGLEVALUE('Builder',$,IFCLABEL('profile'),$);
#428=IFCPROPERTYSINGLEVALUE('Discipline',$,IFCLABEL('structural'),$);
#429=IFCPROPERTYSINGLEVALUE('GeometryStatus',$,IFCLABEL('parametric'),$);
#430=IFCPROPERTYSET('3vIUDUMkX6Wv93Q01S9P1M',$,'MF_Quantities',$,(#431,#432,#433,#434,#435));
#431=IFCPROPERTYSINGLEVALUE('NominalWidth',$,IFCREAL(0.40639999999999998),$);
#432=IFCPROPERTYSINGLEVALUE('NominalDepth',$,IFCREAL(0.51561999999999997),$);
#433=IFCPROPERTYSINGLEVALUE('NominalHeight',$,IFCREAL(3.048),$);
#434=IFCPROPERTYSINGLEVALUE('NominalFootprintArea',$,IFCREAL(0.20954800000000001),$);
#435=IFCPROPERTYSINGLEVALUE('NominalVolume',$,IFCREAL(0.63870199999999999),$);
#436=IFCMEMBERTYPE('33_v7CjtX9$BSFF6iPXgYF',$,'WT Structural Tee - WT20X162',$,$,(#453,#457,#468),(#452),$,$,.NOTDEFINED.);
#437=IFCCARTESIANPOINT((0.,0.));
#438=IFCDIRECTION((1.,0.));
#439=IFCAXIS2PLACEMENT2D(#437,#438);
#440=IFCTSHAPEPROFILEDEF(.AREA.,'WT20X162',#439,0.51053999999999999,0.40386,0.025399999999999999,0.045974000000000001,0.029971999999999999,$,$,$,$);
#441=IFCCARTESIANPOINT((0.,0.,0.));
#442=IFCDIRECTION((0.,0.,1.));
#443=IFCDIRECTION((1.,0.,0.));
#444=IFCAXIS2PLACEMENT3D(#441,#442,#443);
#445=IFCDIRECTION((0.,0.,1.));
#446=IFCEXTRUDEDAREASOLID(#440,#444,#445,3.048);
#447=IFCSHAPEREPRESENTATION(#11,'Body','SweptSolid',(#446));
#448=IFCCARTESIANPOINT((0.,0.,0.));
#449=IFCDIRECTION((1.,0.,0.));
#450=IFCDIRECTION((0.,0.,1.));
#451=IFCAXIS2PLACEMENT3D(#448,#450,#449);
#452=IFCREPRESENTATIONMAP(#451,#447);
#453=IFCPROPERTYSET('3tMOR2aRvES82aNj54Jduy',$,'MF_Structural',$,(#454,#455,#456));
#454=IFCPROPERTYSINGLEVALUE('Section',$,IFCLABEL('WT20X162'),$);
#455=IFCPROPERTYSINGLEVALUE('SectionFamily',$,IFCLABEL('WT'),$);
#456=IFCPROPERTYSINGLEVALUE('SectionSource',$,IFCLABEL('AISC Shapes Database v15.0 (US)'),$);
#457=IFCPROPERTYSET('1v5eWDKnj8mOchw3HqIOc5',$,'MF_Library',$,(#458,#459,#460,#461,#462,#463,#464,#465,#466,#467));
#458=IFCPROPERTYSINGLEVALUE('Key',$,IFCLABEL('steel_tee_wt'),$);
#459=IFCPROPERTYSINGLEVALUE('Family',$,IFCLABEL('WT Structural Tee'),$);
#460=IFCPROPERTYSINGLEVALUE('TypeName',$,IFCLABEL('WT20X162'),$);
#461=IFCPROPERTYSINGLEVALUE('Version',$,IFCLABEL('0.1.0'),$);
#462=IFCPROPERTYSINGLEVALUE('License',$,IFCLABEL('CC0-1.0'),$);
#463=IFCPROPERTYSINGLEVALUE('Source',$,IFCLABEL('massing-families'),$);
#464=IFCPROPERTYSINGLEVALUE('Tier',$,IFCLABEL('L300'),$);
#465=IFCPROPERTYSINGLEVALUE('Builder',$,IFCLABEL('profile'),$);
#466=IFCPROPERTYSINGLEVALUE('Discipline',$,IFCLABEL('structural'),$);
#467=IFCPROPERTYSINGLEVALUE('GeometryStatus',$,IFCLABEL('parametric'),$);
#468=IFCPROPERTYSET('3F4Fo9Uxb59OyS2b0oy9ui',$,'MF_Quantities',$,(#469,#470,#471,#472,#473));
#469=IFCPROPERTYSINGLEVALUE('NominalWidth',$,IFCREAL(0.40386),$);
#470=IFCPROPERTYSINGLEVALUE('NominalDepth',$,IFCREAL(0.51053999999999999),$);
#471=IFCPROPERTYSINGLEVALUE('NominalHeight',$,IFCREAL(3.048),$);
#472=IFCPROPERTYSINGLEVALUE('NominalFootprintArea',$,IFCREAL(0.20618700000000001),$);
#473=IFCPROPERTYSINGLEVALUE('NominalVolume',$,IFCREAL(0.62845700000000004),$);
#474=IFCMEMBERTYPE('17qkvhOq9CXfYIertl15TW',$,'WT Structural Tee - WT20X148.5',$,$,(#491,#495,#506),(#490),$,$,.NOTDEFINED.);
#475=IFCCARTESIANPOINT((0.,0.));
#476=IFCDIRECTION((1.,0.));
#477=IFCAXIS2PLACEMENT2D(#475,#476);
#478=IFCTSHAPEPROFILEDEF(.AREA.,'WT20X148.5',#477,0.50546000000000002,0.40132000000000001,0.023622000000000001,0.041910000000000003,0.029971999999999999,$,$,$,$);
#479=IFCCARTESIANPOINT((0.,0.,0.));
#480=IFCDIRECTION((0.,0.,1.));
#481=IFCDIRECTION((1.,0.,0.));
#482=IFCAXIS2PLACEMENT3D(#479,#480,#481);
#483=IFCDIRECTION((0.,0.,1.));
#484=IFCEXTRUDEDAREASOLID(#478,#482,#483,3.048);
#485=IFCSHAPEREPRESENTATION(#11,'Body','SweptSolid',(#484));
#486=IFCCARTESIANPOINT((0.,0.,0.));
#487=IFCDIRECTION((1.,0.,0.));
#488=IFCDIRECTION((0.,0.,1.));
#489=IFCAXIS2PLACEMENT3D(#486,#488,#487);
#490=IFCREPRESENTATIONMAP(#489,#485);
#491=IFCPROPERTYSET('3CLuZux2H3OuUxBKr2WAGb',$,'MF_Structural',$,(#492,#493,#494));
#492=IFCPROPERTYSINGLEVALUE('Section',$,IFCLABEL('WT20X148.5'),$);
#493=IFCPROPERTYSINGLEVALUE('SectionFamily',$,IFCLABEL('WT'),$);
#494=IFCPROPERTYSINGLEVALUE('SectionSource',$,IFCLABEL('AISC Shapes Database v15.0 (US)'),$);
#495=IFCPROPERTYSET('1qsStzYKL7iOSLOVCmS55e',$,'MF_Library',$,(#496,#497,#498,#499,#500,#501,#502,#503,#504,#505));
#496=IFCPROPERTYSINGLEVALUE('Key',$,IFCLABEL('steel_tee_wt'),$);
#497=IFCPROPERTYSINGLEVALUE('Family',$,IFCLABEL('WT Structural Tee'),$);
#498=IFCPROPERTYSINGLEVALUE('TypeName',$,IFCLABEL('WT20X148.5'),$);
#499=IFCPROPERTYSINGLEVALUE('Version',$,IFCLABEL('0.1.0'),$);
#500=IFCPROPERTYSINGLEVALUE('License',$,IFCLABEL('CC0-1.0'),$);
#501=IFCPROPERTYSINGLEVALUE('Source',$,IFCLABEL('massing-families'),$);
#502=IFCPROPERTYSINGLEVALUE('Tier',$,IFCLABEL('L300'),$);
#503=IFCPROPERTYSINGLEVALUE('Builder',$,IFCLABEL('profile'),$);
#504=IFCPROPERTYSINGLEVALUE('Discipline',$,IFCLABEL('structural'),$);
#505=IFCPROPERTYSINGLEVALUE('GeometryStatus',$,IFCLABEL('parametric'),$);
#506=IFCPROPERTYSET('1YftWnyb9BbRe3CwfA$zbj',$,'MF_Quantities',$,(#507,#508,#509,#510,#511));
#507=IFCPROPERTYSINGLEVALUE('NominalWidth',$,IFCREAL(0.40132000000000001),$);
#508=IFCPROPERTYSINGLEVALUE('NominalDepth',$,IFCREAL(0.50546000000000002),$);
#509=IFCPROPERTYSINGLEVALUE('NominalHeight',$,IFCREAL(3.048),$);
#510=IFCPROPERTYSINGLEVALUE('NominalFootprintArea',$,IFCREAL(0.202851),$);
#511=IFCPROPERTYSINGLEVALUE('NominalVolume',$,IFCREAL(0.61829000000000001),$);
#512=IFCMEMBERTYPE('2jLEQyI1b1KwQXNWJO5I$d',$,'WT Structural Tee - WT20X138.5',$,$,(#529,#533,#544),(#528),$,$,.NOTDEFINED.);
#513=IFCCARTESIANPOINT((0.,0.));
#514=IFCDIRECTION((1.,0.));
#515=IFCAXIS2PLACEMENT2D(#513,#514);
#516=IFCTSHAPEPROFILEDEF(.AREA.,'WT20X138.5',#515,0.50292000000000003,0.40132000000000001,0.021082,0.040132000000000001,0.029971999999999999,$,$,$,$);
#517=IFCCARTESIANPOINT((0.,0.,0.));
#518=IFCDIRECTION((0.,0.,1.));
#519=IFCDIRECTION((1.,0.,0.));
#520=IFCAXIS2PLACEMENT3D(#517,#518,#519);
#521=IFCDIRECTION((0.,0.,1.));
#522=IFCEXTRUDEDAREASOLID(#516,#520,#521,3.048);
#523=IFCSHAPEREPRESENTATION(#11,'Body','SweptSolid',(#522));
#524=IFCCARTESIANPOINT((0.,0.,0.));
#525=IFCDIRECTION((1.,0.,0.));
#526=IFCDIRECTION((0.,0.,1.));
#527=IFCAXIS2PLACEMENT3D(#524,#526,#525);
#528=IFCREPRESENTATIONMAP(#527,#523);
#529=IFCPROPERTYSET('1DxFPs1vnAouq8HJE7dciQ',$,'MF_Structural',$,(#530,#531,#532));
#530=IFCPROPERTYSINGLEVALUE('Section',$,IFCLABEL('WT20X138.5'),$);
#531=IFCPROPERTYSINGLEVALUE('SectionFamily',$,IFCLABEL('WT'),$);
#532=IFCPROPERTYSINGLEVALUE('SectionSource',$,IFCLABEL('AISC Shapes Database v15.0 (US)'),$);
#533=IFCPROPERTYSET('0zHrZtwPD9QwUO95bbLtbl',$,'MF_Library',$,(#534,#535,#536,#537,#538,#539,#540,#541,#542,#543));
#534=IFCPROPERTYSINGLEVALUE('Key',$,IFCLABEL('steel_tee_wt'),$);
#535=IFCPROPERTYSINGLEVALUE('Family',$,IFCLABEL('WT Structural Tee'),$);
#536=IFCPROPERTYSINGLEVALUE('TypeName',$,IFCLABEL('WT20X138.5'),$);
#537=IFCPROPERTYSINGLEVALUE('Version',$,IFCLABEL('0.1.0'),$);
#538=IFCPROPERTYSINGLEVALUE('License',$,IFCLABEL('CC0-1.0'),$);
#539=IFCPROPERTYSINGLEVALUE('Source',$,IFCLABEL('massing-families'),$);
#540=IFCPROPERTYSINGLEVALUE('Tier',$,IFCLABEL('L300'),$);
#541=IFCPROPERTYSINGLEVALUE('Builder',$,IFCLABEL('profile'),$);
#542=IFCPROPERTYSINGLEVALUE('Discipline',$,IFCLABEL('structural'),$);
#543=IFCPROPERTYSINGLEVALUE('GeometryStatus',$,IFCLABEL('parametric'),$);
#544=IFCPROPERTYSET('0JZNKXnWT1zBeUbYhzFNrw',$,'MF_Quantities',$,(#545,#546,#547,#548,#549));
#545=IFCPROPERTYSINGLEVALUE('NominalWidth',$,IFCREAL(0.40132000000000001),$);
#546=IFCPROPERTYSINGLEVALUE('NominalDepth',$,IFCREAL(0.50292000000000003),$);
#547=IFCPROPERTYSINGLEVALUE('NominalHeight',$,IFCREAL(3.048),$);
#548=IFCPROPERTYSINGLEVALUE('NominalFootprintArea',$,IFCREAL(0.20183200000000001),$);
#549=IFCPROPERTYSINGLEVALUE('NominalVolume',$,IFCREAL(0.61518300000000004),$);
#550=IFCMEMBERTYPE('2cXhIIblbCLQbutxEepMHA',$,'WT Structural Tee - WT20X124.5',$,$,(#567,#571,#582),(#566),$,$,.NOTDEFINED.);
#551=IFCCARTESIANPOINT((0.,0.));
#552=IFCDIRECTION((1.,0.));
#553=IFCAXIS2PLACEMENT2D(#551,#552);
#554=IFCTSHAPEPROFILEDEF(.AREA.,'WT20X124.5',#553,0.50038000000000005,0.40132000000000001,0.019050000000000001,0.036068000000000003,0.029971999999999999,$,$,$,$);
#555=IFCCARTESIANPOINT((0.,0.,0.));
#556=IFCDIRECTION((0.,0.,1.));
#557=IFCDIRECTION((1.,0.,0.));
#558=IFCAXIS2PLACEMENT3D(#555,#556,#557);
#559=IFCDIRECTION((0.,0.,1.));
#560=IFCEXTRUDEDAREASOLID(#554,#558,#559,3.048);
#561=IFCSHAPEREPRESENTATION(#11,'Body','SweptSolid',(#560));
#562=IFCCARTESIANPOINT((0.,0.,0.));
#563=IFCDIRECTION((1.,0.,0.));
#564=IFCDIRECTION((0.,0.,1.));
#565=IFCAXIS2PLACEMENT3D(#562,#564,#563);
#566=IFCREPRESENTATIONMAP(#565,#561);
#567=IFCPROPERTYSET('1nDMWKikrD9OH2cndsF3yM',$,'MF_Structural',$,(#568,#569,#570));
#568=IFCPROPERTYSINGLEVALUE('Section',$,IFCLABEL('WT20X124.5'),$);
#569=IFCPROPERTYSINGLEVALUE('SectionFamily',$,IFCLABEL('WT'),$);
#570=IFCPROPERTYSINGLEVALUE('SectionSource',$,IFCLABEL('AISC Shapes Database v15.0 (US)'),$);
#571=IFCPROPERTYSET('3PduOvsrj1KAR3K0IrU74N',$,'MF_Library',$,(#572,#573,#574,#575,#576,#577,#578,#579,#580,#581));
#572=IFCPROPERTYSINGLEVALUE('Key',$,IFCLABEL('steel_tee_wt'),$);
#573=IFCPROPERTYSINGLEVALUE('Family',$,IFCLABEL('WT Structural Tee'),$);
#574=IFCPROPERTYSINGLEVALUE('TypeName',$,IFCLABEL('WT20X124.5'),$);
#575=IFCPROPERTYSINGLEVALUE('Version',$,IFCLABEL('0.1.0'),$);
#576=IFCPROPERTYSINGLEVALUE('License',$,IFCLABEL('CC0-1.0'),$);
#577=IFCPROPERTYSINGLEVALUE('Source',$,IFCLABEL('massing-families'),$);
#578=IFCPROPERTYSINGLEVALUE('Tier',$,IFCLABEL('L300'),$);
#579=IFCPROPERTYSINGLEVALUE('Builder',$,IFCLABEL('profile'),$);
#580=IFCPROPERTYSINGLEVALUE('Discipline',$,IFCLABEL('structural'),$);
#581=IFCPROPERTYSINGLEVALUE('GeometryStatus',$,IFCLABEL('parametric'),$);
#582=IFCPROPERTYSET('1by89u089DAvoc9ucXePx2',$,'MF_Quantities',$,(#583,#584,#585,#586,#587));
#583=IFCPROPERTYSINGLEVALUE('NominalWidth',$,IFCREAL(0.40132000000000001),$);
#584=IFCPROPERTYSINGLEVALUE('NominalDepth',$,IFCREAL(0.50038000000000005),$);
#585=IFCPROPERTYSINGLEVALUE('NominalHeight',$,IFCREAL(3.048),$);
#586=IFCPROPERTYSINGLEVALUE('NominalFootprintArea',$,IFCREAL(0.20081299999999999),$);
#587=IFCPROPERTYSINGLEVALUE('NominalVolume',$,IFCREAL(0.61207699999999998),$);
#588=IFCMEMBERTYPE('0qR2Els0rD0RwRv3Q7KumI',$,'WT Structural Tee - WT20X107.5',$,$,(#605,#609,#620),(#604),$,$,.NOTDEFINED.);
#589=IFCCARTESIANPOINT((0.,0.));
#590=IFCDIRECTION((1.,0.));
#591=IFCAXIS2PLACEMENT2D(#589,#590);
#592=IFCTSHAPEPROFILEDEF(.AREA.,'WT20X107.5',#591,0.49530000000000002,0.40132000000000001,0.01651,0.030988000000000002,0.029971999999999999,$,$,$,$);
#593=IFCCARTESIANPOINT((0.,0.,0.));
#594=IFCDIRECTION((0.,0.,1.));
#595=IFCDIRECTION((1.,0.,0.));
#596=IFCAXIS2PLACEMENT3D(#593,#594,#595);
#597=IFCDIRECTION((0.,0.,1.));
#598=IFCEXTRUDEDAREASOLID(#592,#596,#597,3.048);
#599=IFCSHAPEREPRESENTATION(#11,'Body','SweptSolid',(#598));
#600=IFCCARTESIANPOINT((0.,0.,0.));
#601=IFCDIRECTION((1.,0.,0.));
#602=IFCDIRECTION((0.,0.,1.));
#603=IFCAXIS2PLACEMENT3D(#600,#602,#601);
#604=IFCREPRESENTATIONMAP(#603,#599);
#605=IFCPROPERTYSET('0ReNe5jnPEp8B5IWk4MSG8',$,'MF_Structural',$,(#606,#607,#608));
#606=IFCPROPERTYSINGLEVALUE('Section',$,IFCLABEL('WT20X107.5'),$);
#607=IFCPROPERTYSINGLEVALUE('SectionFamily',$,IFCLABEL('WT'),$);
#608=IFCPROPERTYSINGLEVALUE('SectionSource',$,IFCLABEL('AISC Shapes Database v15.0 (US)'),$);
#609=IFCPROPERTYSET('3a$aslriX9jPCkCRzaO6FN',$,'MF_Library',$,(#610,#611,#612,#613,#614,#615,#616,#617,#618,#619));
#610=IFCPROPERTYSINGLEVALUE('Key',$,IFCLABEL('steel_tee_wt'),$);
#611=IFCPROPERTYSINGLEVALUE('Family',$,IFCLABEL('WT Structural Tee'),$);
#612=IFCPROPERTYSINGLEVALUE('TypeName',$,IFCLABEL('WT20X107.5'),$);
#613=IFCPROPERTYSINGLEVALUE('Version',$,IFCLABEL('0.1.0'),$);
#614=IFCPROPERTYSINGLEVALUE('License',$,IFCLABEL('CC0-1.0'),$);
#615=IFCPROPERTYSINGLEVALUE('Source',$,IFCLABEL('massing-families'),$);
#616=IFCPROPERTYSINGLEVALUE('Tier',$,IFCLABEL('L300'),$);
#617=IFCPROPERTYSINGLEVALUE('Builder',$,IFCLABEL('profile'),$);
#618=IFCPROPERTYSINGLEVALUE('Discipline',$,IFCLABEL('structural'),$);
#619=IFCPROPERTYSINGLEVALUE('GeometryStatus',$,IFCLABEL('parametric'),$);
#620=IFCPROPERTYSET('1DPnJ6td5E49vevx0dlYop',$,'MF_Quantities',$,(#621,#622,#623,#624,#625));
#621=IFCPROPERTYSINGLEVALUE('NominalWidth',$,IFCREAL(0.40132000000000001),$);
#622=IFCPROPERTYSINGLEVALUE('NominalDepth',$,IFCREAL(0.49530000000000002),$);
#623=IFCPROPERTYSINGLEVALUE('NominalHeight',$,IFCREAL(3.048),$);
#624=IFCPROPERTYSINGLEVALUE('NominalFootprintArea',$,IFCREAL(0.19877400000000001),$);
#625=IFCPROPERTYSINGLEVALUE('NominalVolume',$,IFCREAL(0.60586300000000004),$);
#626=IFCMEMBERTYPE('2Mz3U1fjv9EQPn3Rb$HyuE',$,'WT Structural Tee - WT20X99.5',$,$,(#643,#647,#658),(#642),$,$,.NOTDEFINED.);
#627=IFCCARTESIANPOINT((0.,0.));
#628=IFCDIRECTION((1.,0.));
#629=IFCAXIS2PLACEMENT2D(#627,#628);
#630=IFCTSHAPEPROFILEDEF(.AREA.,'WT20X99.5',#629,0.49021999999999999,0.40132000000000001,0.01651,0.027178000000000001,0.029971999999999999,$,$,$,$);
#631=IFCCARTESIANPOINT((0.,0.,0.));
#632=IFCDIRECTION((0.,0.,1.));
#633=IFCDIRECTION((1.,0.,0.));
#634=IFCAXIS2PLACEMENT3D(#631,#632,#633);
#635=IFCDIRECTION((0.,0.,1.));
#636=IFCEXTRUDEDAREASOLID(#630,#634,#635,3.048);
#637=IFCSHAPEREPRESENTATION(#11,'Body','SweptSolid',(#636));
#638=IFCCARTESIANPOINT((0.,0.,0.));
#639=IFCDIRECTION((1.,0.,0.));
#640=IFCDIRECTION((0.,0.,1.));
#641=IFCAXIS2PLACEMENT3D(#638,#640,#639);
#642=IFCREPRESENTATIONMAP(#641,#637);
#643=IFCPROPERTYSET('3bjn5Dnhv75xv8cOFF1ISl',$,'MF_Structural',$,(#644,#645,#646));
#644=IFCPROPERTYSINGLEVALUE('Section',$,IFCLABEL('WT20X99.5'),$);
#645=IFCPROPERTYSINGLEVALUE('SectionFamily',$,IFCLABEL('WT'),$);
#646=IFCPROPERTYSINGLEVALUE('SectionSource',$,IFCLABEL('AISC Shapes Database v15.0 (US)'),$);
#647=IFCPROPERTYSET('3z_K026cH6KxA55Pgr9mOT',$,'MF_Library',$,(#648,#649,#650,#651,#652,#653,#654,#655,#656,#657));
#648=IFCPROPERTYSINGLEVALUE('Key',$,IFCLABEL('steel_tee_wt'),$);
#649=IFCPROPERTYSINGLEVALUE('Family',$,IFCLABEL('WT Structural Tee'),$);
#650=IFCPROPERTYSINGLEVALUE('TypeName',$,IFCLABEL('WT20X99.5'),$);
#651=IFCPROPERTYSINGLEVALUE('Version',$,IFCLABEL('0.1.0'),$);
#652=IFCPROPERTYSINGLEVALUE('License',$,IFCLABEL('CC0-1.0'),$);
#653=IFCPROPERTYSINGLEVALUE('Source',$,IFCLABEL('massing-families'),$);
#654=IFCPROPERTYSINGLEVALUE('Tier',$,IFCLABEL('L300'),$);
#655=IFCPROPERTYSINGLEVALUE('Builder',$,IFCLABEL('profile'),$);
#656=IFCPROPERTYSINGLEVALUE('Discipline',$,IFCLABEL('structural'),$);
#657=IFCPROPERTYSINGLEVALUE('GeometryStatus',$,IFCLABEL('parametric'),$);
#658=IFCPROPERTYSET('0LcbtHpi57l8w9ZPI1ojPU',$,'MF_Quantities',$,(#659,#660,#661,#662,#663));
#659=IFCPROPERTYSINGLEVALUE('NominalWidth',$,IFCREAL(0.40132000000000001),$);
#660=IFCPROPERTYSINGLEVALUE('NominalDepth',$,IFCREAL(0.49021999999999999),$);
#661=IFCPROPERTYSINGLEVALUE('NominalHeight',$,IFCREAL(3.048),$);
#662=IFCPROPERTYSINGLEVALUE('NominalFootprintArea',$,IFCREAL(0.19673499999999999),$);
#663=IFCPROPERTYSINGLEVALUE('NominalVolume',$,IFCREAL(0.59964899999999999),$);
#664=IFCMEMBERTYPE('2rp6NARmj6X9oxJIuCFGuj',$,'WT Structural Tee - WT20X196',$,$,(#681,#685,#696),(#680),$,$,.NOTDEFINED.);
#665=IFCCARTESIANPOINT((0.,0.));
#666=IFCDIRECTION((1.,0.));
#667=IFCAXIS2PLACEMENT2D(#665,#666);
#668=IFCTSHAPEPROFILEDEF(.AREA.,'WT20X196',#667,0.52832000000000001,0.31496000000000002,0.036068000000000003,0.064007999999999995,0.029971999999999999,$,$,$,$);
#669=IFCCARTESIANPOINT((0.,0.,0.));
#670=IFCDIRECTION((0.,0.,1.));
#671=IFCDIRECTION((1.,0.,0.));
#672=IFCAXIS2PLACEMENT3D(#669,#670,#671);
#673=IFCDIRECTION((0.,0.,1.));
#674=IFCEXTRUDEDAREASOLID(#668,#672,#673,3.048);
#675=IFCSHAPEREPRESENTATION(#11,'Body','SweptSolid',(#674));
#676=IFCCARTESIANPOINT((0.,0.,0.));
#677=IFCDIRECTION((1.,0.,0.));
#678=IFCDIRECTION((0.,0.,1.));
#679=IFCAXIS2PLACEMENT3D(#676,#678,#677);
#680=IFCREPRESENTATIONMAP(#679,#675);
#681=IFCPROPERTYSET('3PzBWA2B11QP5dhaHGeudT',$,'MF_Structural',$,(#682,#683,#684));
#682=IFCPROPERTYSINGLEVALUE('Section',$,IFCLABEL('WT20X196'),$);
#683=IFCPROPERTYSINGLEVALUE('SectionFamily',$,IFCLABEL('WT'),$);
#684=IFCPROPERTYSINGLEVALUE('SectionSource',$,IFCLABEL('AISC Shapes Database v15.0 (US)'),$);
#685=IFCPROPERTYSET('05xw7pjtD1tx2nmfI1rut7',$,'MF_Library',$,(#686,#687,#688,#689,#690,#691,#692,#693,#694,#695));
#686=IFCPROPERTYSINGLEVALUE('Key',$,IFCLABEL('steel_tee_wt'),$);
#687=IFCPROPERTYSINGLEVALUE('Family',$,IFCLABEL('WT Structural Tee'),$);
#688=IFCPROPERTYSINGLEVALUE('TypeName',$,IFCLABEL('WT20X196'),$);
#689=IFCPROPERTYSINGLEVALUE('Version',$,IFCLABEL('0.1.0'),$);
#690=IFCPROPERTYSINGLEVALUE('License',$,IFCLABEL('CC0-1.0'),$);
#691=IFCPROPERTYSINGLEVALUE('Source',$,IFCLABEL('massing-families'),$);
#692=IFCPROPERTYSINGLEVALUE('Tier',$,IFCLABEL('L300'),$);
#693=IFCPROPERTYSINGLEVALUE('Builder',$,IFCLABEL('profile'),$);
#694=IFCPROPERTYSINGLEVALUE('Discipline',$,IFCLABEL('structural'),$);
#695=IFCPROPERTYSINGLEVALUE('GeometryStatus',$,IFCLABEL('parametric'),$);
#696=IFCPROPERTYSET('3gry6Oqwb0DeI8KsozpSEa',$,'MF_Quantities',$,(#697,#698,#699,#700,#701));
#697=IFCPROPERTYSINGLEVALUE('NominalWidth',$,IFCREAL(0.31496000000000002),$);
#698=IFCPROPERTYSINGLEVALUE('NominalDepth',$,IFCREAL(0.52832000000000001),$);
#699=IFCPROPERTYSINGLEVALUE('NominalHeight',$,IFCREAL(3.048),$);
#700=IFCPROPERTYSINGLEVALUE('NominalFootprintArea',$,IFCREAL(0.16639999999999999),$);
#701=IFCPROPERTYSINGLEVALUE('NominalVolume',$,IFCREAL(0.50718600000000003),$);
#702=IFCMEMBERTYPE('1JNK$V3_v9AAdOTjRByQmZ',$,'WT Structural Tee - WT20X165.5',$,$,(#719,#723,#734),(#718),$,$,.NOTDEFINED.);
#703=IFCCARTESIANPOINT((0.,0.));
#704=IFCDIRECTION((1.,0.));
#705=IFCAXIS2PLACEMENT2D(#703,#704);
#706=IFCTSHAPEPROFILEDEF(.AREA.,'WT20X165.5',#705,0.51815999999999995,0.30987999999999999,0.030988000000000002,0.054101999999999997,0.029971999999999999,$,$,$,$);
#707=IFCCARTESIANPOINT((0.,0.,0.));
#708=IFCDIRECTION((0.,0.,1.));
#709=IFCDIRECTION((1.,0.,0.));
#710=IFCAXIS2PLACEMENT3D(#707,#708,#709);
#711=IFCDIRECTION((0.,0.,1.));
#712=IFCEXTRUDEDAREASOLID(#706,#710,#711,3.048);
#713=IFCSHAPEREPRESENTATION(#11,'Body','SweptSolid',(#712));
#714=IFCCARTESIANPOINT((0.,0.,0.));
#715=IFCDIRECTION((1.,0.,0.));
#716=IFCDIRECTION((0.,0.,1.));
#717=IFCAXIS2PLACEMENT3D(#714,#716,#715);
#718=IFCREPRESENTATIONMAP(#717,#713);
#719=IFCPROPERTYSET('0Y33fUcm962RsihVp_4N62',$,'MF_Structural',$,(#720,#721,#722));
#720=IFCPROPERTYSINGLEVALUE('Section',$,IFCLABEL('WT20X165.5'),$);
#721=IFCPROPERTYSINGLEVALUE('SectionFamily',$,IFCLABEL('WT'),$);
#722=IFCPROPERTYSINGLEVALUE('SectionSource',$,IFCLABEL('AISC Shapes Database v15.0 (US)'),$);
#723=IFCPROPERTYSET('1OMPanNBv3Eu3gr9bJBSq7',$,'MF_Library',$,(#724,#725,#726,#727,#728,#729,#730,#731,#732,#733));
#724=IFCPROPERTYSINGLEVALUE('Key',$,IFCLABEL('steel_tee_wt'),$);
#725=IFCPROPERTYSINGLEVALUE('Family',$,IFCLABEL('WT Structural Tee'),$);
#726=IFCPROPERTYSINGLEVALUE('TypeName',$,IFCLABEL('WT20X165.5'),$);
#727=IFCPROPERTYSINGLEVALUE('Version',$,IFCLABEL('0.1.0'),$);
#728=IFCPROPERTYSINGLEVALUE('License',$,IFCLABEL('CC0-1.0'),$);
#729=IFCPROPERTYSINGLEVALUE('Source',$,IFCLABEL('massing-families'),$);
#730=IFCPROPERTYSINGLEVALUE('Tier',$,IFCLABEL('L300'),$);
#731=IFCPROPERTYSINGLEVALUE('Builder',$,IFCLABEL('profile'),$);
#732=IFCPROPERTYSINGLEVALUE('Discipline',$,IFCLABEL('structural'),$);
#733=IFCPROPERTYSINGLEVALUE('GeometryStatus',$,IFCLABEL('parametric'),$);
#734=IFCPROPERTYSET('0og6HOC31BmudO6gIu2BAz',$,'MF_Quantities',$,(#735,#736,#737,#738,#739));
#735=IFCPROPERTYSINGLEVALUE('NominalWidth',$,IFCREAL(0.30987999999999999),$);
#736=IFCPROPERTYSINGLEVALUE('NominalDepth',$,IFCREAL(0.51815999999999995),$);
#737=IFCPROPERTYSINGLEVALUE('NominalHeight',$,IFCREAL(3.048),$);
#738=IFCPROPERTYSINGLEVALUE('NominalFootprintArea',$,IFCREAL(0.16056699999999999),$);
#739=IFCPROPERTYSINGLEVALUE('NominalVolume',$,IFCREAL(0.48940899999999998),$);
#740=IFCMEMBERTYPE('0ZSm7R_Er6I9wHdKmKe_5z',$,'WT Structural Tee - WT20X163.5',$,$,(#757,#761,#772),(#756),$,$,.NOTDEFINED.);
#741=IFCCARTESIANPOINT((0.,0.));
#742=IFCDIRECTION((1.,0.));
#743=IFCAXIS2PLACEMENT2D(#741,#742);
#744=IFCTSHAPEPROFILEDEF(.AREA.,'WT20X163.5',#743,0.51815999999999995,0.30734,0.029971999999999999,0.054101999999999997,0.029971999999999999,$,$,$,$);
#745=IFCCARTESIANPOINT((0.,0.,0.));
#746=IFCDIRECTION((0.,0.,1.));
#747=IFCDIRECTION((1.,0.,0.));
#748=IFCAXIS2PLACEMENT3D(#745,#746,#747);
#749=IFCDIRECTION((0.,0.,1.));
#750=IFCEXTRUDEDAREASOLID(#744,#748,#749,3.048);
#751=IFCSHAPEREPRESENTATION(#11,'Body','SweptSolid',(#750));
#752=IFCCARTESIANPOINT((0.,0.,0.));
#753=IFCDIRECTION((1.,0.,0.));
#754=IFCDIRECTION((0.,0.,1.));
#755=IFCAXIS2PLACEMENT3D(#752,#754,#753);
#756=IFCREPRESENTATIONMAP(#755,#751);
#757=IFCPROPERTYSET('1HB9vNh8f81vsxyLIX7HLr',$,'MF_Structural',$,(#758,#759,#760));
#758=IFCPROPERTYSINGLEVALUE('Section',$,IFCLABEL('WT20X163.5'),$);
#759=IFCPROPERTYSINGLEVALUE('SectionFamily',$,IFCLABEL('WT'),$);
#760=IFCPROPERTYSINGLEVALUE('SectionSource',$,IFCLABEL('AISC Shapes Database v15.0 (US)'),$);
#761=IFCPROPERTYSET('3ugshGYKf93RKyXCHQlzio',$,'MF_Library',$,(#762,#763,#764,#765,#766,#767,#768,#769,#770,#771));
#762=IFCPROPERTYSINGLEVALUE('Key',$,IFCLABEL('steel_tee_wt'),$);
#763=IFCPROPERTYSINGLEVALUE('Family',$,IFCLABEL('WT Structural Tee'),$);
#764=IFCPROPERTYSINGLEVALUE('TypeName',$,IFCLABEL('WT20X163.5'),$);
#765=IFCPROPERTYSINGLEVALUE('Version',$,IFCLABEL('0.1.0'),$);
#766=IFCPROPERTYSINGLEVALUE('License',$,IFCLABEL('CC0-1.0'),$);
#767=IFCPROPERTYSINGLEVALUE('Source',$,IFCLABEL('massing-families'),$);
#768=IFCPROPERTYSINGLEVALUE('Tier',$,IFCLABEL('L300'),$);
#769=IFCPROPERTYSINGLEVALUE('Builder',$,IFCLABEL('profile'),$);
#770=IFCPROPERTYSINGLEVALUE('Discipline',$,IFCLABEL('structural'),$);
#771=IFCPROPERTYSINGLEVALUE('GeometryStatus',$,IFCLABEL('parametric'),$);
#772=IFCPROPERTYSET('3nK8jo8L514Q9p$BNoFS$4',$,'MF_Quantities',$,(#773,#774,#775,#776,#777));
#773=IFCPROPERTYSINGLEVALUE('NominalWidth',$,IFCREAL(0.30734),$);
#774=IFCPROPERTYSINGLEVALUE('NominalDepth',$,IFCREAL(0.51815999999999995),$);
#775=IFCPROPERTYSINGLEVALUE('NominalHeight',$,IFCREAL(3.048),$);
#776=IFCPROPERTYSINGLEVALUE('NominalFootprintArea',$,IFCREAL(0.159251),$);
#777=IFCPROPERTYSINGLEVALUE('NominalVolume',$,IFCREAL(0.485398),$);
#778=IFCMEMBERTYPE('0Tll7EAbL0ywukDVDYHQAh',$,'WT Structural Tee - WT20X147',$,$,(#795,#799,#810),(#794),$,$,.NOTDEFINED.);
#779=IFCCARTESIANPOINT((0.,0.));
#780=IFCDIRECTION((1.,0.));
#781=IFCAXIS2PLACEMENT2D(#779,#780);
#782=IFCTSHAPEPROFILEDEF(.AREA.,'WT20X147',#781,0.51307999999999998,0.30480000000000002,0.026924,0.049022000000000003,0.029971999999999999,$,$,$,$);
#783=IFCCARTESIANPOINT((0.,0.,0.));
#784=IFCDIRECTION((0.,0.,1.));
#785=IFCDIRECTION((1.,0.,0.));
#786=IFCAXIS2PLACEMENT3D(#783,#784,#785);
#787=IFCDIRECTION((0.,0.,1.));
#788=IFCEXTRUDEDAREASOLID(#782,#786,#787,3.048);
#789=IFCSHAPEREPRESENTATION(#11,'Body','SweptSolid',(#788));
#790=IFCCARTESIANPOINT((0.,0.,0.));
#791=IFCDIRECTION((1.,0.,0.));
#792=IFCDIRECTION((0.,0.,1.));
#793=IFCAXIS2PLACEMENT3D(#790,#792,#791);
#794=IFCREPRESENTATIONMAP(#793,#789);
#795=IFCPROPERTYSET('1SUo3xf5DFbBWkLw1btPTE',$,'MF_Structural',$,(#796,#797,#798));
#796=IFCPROPERTYSINGLEVALUE('Section',$,IFCLABEL('WT20X147'),$);
#797=IFCPROPERTYSINGLEVALUE('SectionFamily',$,IFCLABEL('WT'),$);
#798=IFCPROPERTYSINGLEVALUE('SectionSource',$,IFCLABEL('AISC Shapes Database v15.0 (US)'),$);
#799=IFCPROPERTYSET('34lIygXtX8MxsmDJI8vCgY',$,'MF_Library',$,(#800,#801,#802,#803,#804,#805,#806,#807,#808,#809));
#800=IFCPROPERTYSINGLEVALUE('Key',$,IFCLABEL('steel_tee_wt'),$);
#801=IFCPROPERTYSINGLEVALUE('Family',$,IFCLABEL('WT Structural Tee'),$);
#802=IFCPROPERTYSINGLEVALUE('TypeName',$,IFCLABEL('WT20X147'),$);
#803=IFCPROPERTYSINGLEVALUE('Version',$,IFCLABEL('0.1.0'),$);
#804=IFCPROPERTYSINGLEVALUE('License',$,IFCLABEL('CC0-1.0'),$);
#805=IFCPROPERTYSINGLEVALUE('Source',$,IFCLABEL('massing-families'),$);
#806=IFCPROPERTYSINGLEVALUE('Tier',$,IFCLABEL('L300'),$);
#807=IFCPROPERTYSINGLEVALUE('Builder',$,IFCLABEL('profile'),$);
#808=IFCPROPERTYSINGLEVALUE('Discipline',$,IFCLABEL('structural'),$);
#809=IFCPROPERTYSINGLEVALUE('GeometryStatus',$,IFCLABEL('parametric'),$);
#810=IFCPROPERTYSET('0dqO79tRr7QvOfwTVCmWU9',$,'MF_Quantities',$,(#811,#812,#813,#814,#815));
#811=IFCPROPERTYSINGLEVALUE('NominalWidth',$,IFCREAL(0.30480000000000002),$);
#812=IFCPROPERTYSINGLEVALUE('NominalDepth',$,IFCREAL(0.51307999999999998),$);
#813=IFCPROPERTYSINGLEVALUE('NominalHeight',$,IFCREAL(3.048),$);
#814=IFCPROPERTYSINGLEVALUE('NominalFootprintArea',$,IFCREAL(0.156387),$);
#815=IFCPROPERTYSINGLEVALUE('NominalVolume',$,IFCREAL(0.47666700000000001),$);
#816=IFCMEMBERTYPE('3mkTONBgj4EuFISqFjjU17',$,'WT Structural Tee - WT20X139',$,$,(#833,#837,#848),(#832),$,$,.NOTDEFINED.);
#817=IFCCARTESIANPOINT((0.,0.));
#818=IFCDIRECTION((1.,0.));
#819=IFCAXIS2PLACEMENT2D(#817,#818);
#820=IFCTSHAPEPROFILEDEF(.AREA.,'WT20X139',#819,0.51053999999999999,0.30480000000000002,0.026162000000000001,0.045974000000000001,0.029971999999999999,$,$,$,$);
#821=IFCCARTESIANPOINT((0.,0.,0.));
#822=IFCDIRECTION((0.,0.,1.));
#823=IFCDIRECTION((1.,0.,0.));
#824=IFCAXIS2PLACEMENT3D(#821,#822,#823);
#825=IFCDIRECTION((0.,0.,1.));
#826=IFCEXTRUDEDAREASOLID(#820,#824,#825,3.048);
#827=IFCSHAPEREPRESENTATION(#11,'Body','SweptSolid',(#826));
#828=IFCCARTESIANPOINT((0.,0.,0.));
#829=IFCDIRECTION((1.,0.,0.));
#830=IFCDIRECTION((0.,0.,1.));
#831=IFCAXIS2PLACEMENT3D(#828,#830,#829);
#832=IFCREPRESENTATIONMAP(#831,#827);
#833=IFCPROPERTYSET('3svt1ObZL8Ge9DFEVb$MR8',$,'MF_Structural',$,(#834,#835,#836));
#834=IFCPROPERTYSINGLEVALUE('Section',$,IFCLABEL('WT20X139'),$);
#835=IFCPROPERTYSINGLEVALUE('SectionFamily',$,IFCLABEL('WT'),$);
#836=IFCPROPERTYSINGLEVALUE('SectionSource',$,IFCLABEL('AISC Shapes Database v15.0 (US)'),$);
#837=IFCPROPERTYSET('0sTKs5b_r0iREw_CtluDGH',$,'MF_Library',$,(#838,#839,#840,#841,#842,#843,#844,#845,#846,#847));
#838=IFCPROPERTYSINGLEVALUE('Key',$,IFCLABEL('steel_tee_wt'),$);
#839=IFCPROPERTYSINGLEVALUE('Family',$,IFCLABEL('WT Structural Tee'),$);
#840=IFCPROPERTYSINGLEVALUE('TypeName',$,IFCLABEL('WT20X139'),$);
#841=IFCPROPERTYSINGLEVALUE('Version',$,IFCLABEL('0.1.0'),$);
#842=IFCPROPERTYSINGLEVALUE('License',$,IFCLABEL('CC0-1.0'),$);
#843=IFCPROPERTYSINGLEVALUE('Source',$,IFCLABEL('massing-families'),$);
#844=IFCPROPERTYSINGLEVALUE('Tier',$,IFCLABEL('L300'),$);
#845=IFCPROPERTYSINGLEVALUE('Builder',$,IFCLABEL('profile'),$);
#846=IFCPROPERTYSINGLEVALUE('Discipline',$,IFCLABEL('structural'),$);
#847=IFCPROPERTYSINGLEVALUE('GeometryStatus',$,IFCLABEL('parametric'),$);
#848=IFCPROPERTYSET('3wz_wwPzzAWRs5rl3e9A9a',$,'MF_Quantities',$,(#849,#850,#851,#852,#853));
#849=IFCPROPERTYSINGLEVALUE('NominalWidth',$,IFCREAL(0.30480000000000002),$);
#850=IFCPROPERTYSINGLEVALUE('NominalDepth',$,IFCREAL(0.51053999999999999),$);
#851=IFCPROPERTYSINGLEVALUE('NominalHeight',$,IFCREAL(3.048),$);
#852=IFCPROPERTYSINGLEVALUE('NominalFootprintArea',$,IFCREAL(0.155613),$);
#853=IFCPROPERTYSINGLEVALUE('NominalVolume',$,IFCREAL(0.47430699999999998),$);
#854=IFCMEMBERTYPE('1EgmMsOWDF$BrgznGNkz38',$,'WT Structural Tee - WT20X132',$,$,(#871,#875,#886),(#870),$,$,.NOTDEFINED.);
#855=IFCCARTESIANPOINT((0.,0.));
#856=IFCDIRECTION((1.,0.));
#857=IFCAXIS2PLACEMENT2D(#855,#856);
#858=IFCTSHAPEPROFILEDEF(.AREA.,'WT20X132',#857,0.50800000000000001,0.30225999999999997,0.024383999999999999,0.043942000000000002,0.029971999999999999,$,$,$,$);
#859=IFCCARTESIANPOINT((0.,0.,0.));
#860=IFCDIRECTION((0.,0.,1.));
#861=IFCDIRECTION((1.,0.,0.));
#862=IFCAXIS2PLACEMENT3D(#859,#860,#861);
#863=IFCDIRECTION((0.,0.,1.));
#864=IFCEXTRUDEDAREASOLID(#858,#862,#863,3.048);
#865=IFCSHAPEREPRESENTATION(#11,'Body','SweptSolid',(#864));
#866=IFCCARTESIANPOINT((0.,0.,0.));
#867=IFCDIRECTION((1.,0.,0.));
#868=IFCDIRECTION((0.,0.,1.));
#869=IFCAXIS2PLACEMENT3D(#866,#868,#867);
#870=IFCREPRESENTATIONMAP(#869,#865);
#871=IFCPROPERTYSET('3b3$qv0V96tfxrhLUOKI8J',$,'MF_Structural',$,(#872,#873,#874));
#872=IFCPROPERTYSINGLEVALUE('Section',$,IFCLABEL('WT20X132'),$);
#873=IFCPROPERTYSINGLEVALUE('SectionFamily',$,IFCLABEL('WT'),$);
#874=IFCPROPERTYSINGLEVALUE('SectionSource',$,IFCLABEL('AISC Shapes Database v15.0 (US)'),$);
#875=IFCPROPERTYSET('20fx5CKprAVPsHiOJt3ksg',$,'MF_Library',$,(#876,#877,#878,#879,#880,#881,#882,#883,#884,#885));
#876=IFCPROPERTYSINGLEVALUE('Key',$,IFCLABEL('steel_tee_wt'),$);
#877=IFCPROPERTYSINGLEVALUE('Family',$,IFCLABEL('WT Structural Tee'),$);
#878=IFCPROPERTYSINGLEVALUE('TypeName',$,IFCLABEL('WT20X132'),$);
#879=IFCPROPERTYSINGLEVALUE('Version',$,IFCLABEL('0.1.0'),$);
#880=IFCPROPERTYSINGLEVALUE('License',$,IFCLABEL('CC0-1.0'),$);
#881=IFCPROPERTYSINGLEVALUE('Source',$,IFCLABEL('massing-families'),$);
#882=IFCPROPERTYSINGLEVALUE('Tier',$,IFCLABEL('L300'),$);
#883=IFCPROPERTYSINGLEVALUE('Builder',$,IFCLABEL('profile'),$);
#884=IFCPROPERTYSINGLEVALUE('Discipline',$,IFCLABEL('structural'),$);
#885=IFCPROPERTYSINGLEVALUE('GeometryStatus',$,IFCLABEL('parametric'),$);
#886=IFCPROPERTYSET('0VzVmi3x96$AzZGosha23x',$,'MF_Quantities',$,(#887,#888,#889,#890,#891));
#887=IFCPROPERTYSINGLEVALUE('NominalWidth',$,IFCREAL(0.30225999999999997),$);
#888=IFCPROPERTYSINGLEVALUE('NominalDepth',$,IFCREAL(0.50800000000000001),$);
#889=IFCPROPERTYSINGLEVALUE('NominalHeight',$,IFCREAL(3.048),$);
#890=IFCPROPERTYSINGLEVALUE('NominalFootprintArea',$,IFCREAL(0.15354799999999999),$);
#891=IFCPROPERTYSINGLEVALUE('NominalVolume',$,IFCREAL(0.46801500000000001),$);
#892=IFCMEMBERTYPE('1RHLtmpUD5af5k0L8ctNWJ',$,'WT Structural Tee - WT20X117.5',$,$,(#909,#913,#924),(#908),$,$,.NOTDEFINED.);
#893=IFCCARTESIANPOINT((0.,0.));
#894=IFCDIRECTION((1.,0.));
#895=IFCAXIS2PLACEMENT2D(#893,#894);
#896=IFCTSHAPEPROFILEDEF(.AREA.,'WT20X117.5',#895,0.50292000000000003,0.30225999999999997,0.021082,0.040132000000000001,0.029971999999999999,$,$,$,$);
#897=IFCCARTESIANPOINT((0.,0.,0.));
#898=IFCDIRECTION((0.,0.,1.));
#899=IFCDIRECTION((1.,0.,0.));
#900=IFCAXIS2PLACEMENT3D(#897,#898,#899);
#901=IFCDIRECTION((0.,0.,1.));
#902=IFCEXTRUDEDAREASOLID(#896,#900,#901,3.048);
#903=IFCSHAPEREPRESENTATION(#11,'Body','SweptSolid',(#902));
#904=IFCCARTESIANPOINT((0.,0.,0.));
#905=IFCDIRECTION((1.,0.,0.));
#906=IFCDIRECTION((0.,0.,1.));
#907=IFCAXIS2PLACEMENT3D(#904,#906,#905);
#908=IFCREPRESENTATIONMAP(#907,#903);
#909=IFCPROPERTYSET('2a6j0wCO5AvPoVxcXL$10C',$,'MF_Structural',$,(#910,#911,#912));
#910=IFCPROPERTYSINGLEVALUE('Section',$,IFCLABEL('WT20X117.5'),$);
#911=IFCPROPERTYSINGLEVALUE('SectionFamily',$,IFCLABEL('WT'),$);
#912=IFCPROPERTYSINGLEVALUE('SectionSource',$,IFCLABEL('AISC Shapes Database v15.0 (US)'),$);
#913=IFCPROPERTYSET('0KDJbx32z4cParKRS1tI2j',$,'MF_Library',$,(#914,#915,#916,#917,#918,#919,#920,#921,#922,#923));
#914=IFCPROPERTYSINGLEVALUE('Key',$,IFCLABEL('steel_tee_wt'),$);
#915=IFCPROPERTYSINGLEVALUE('Family',$,IFCLABEL('WT Structural Tee'),$);
#916=IFCPROPERTYSINGLEVALUE('TypeName',$,IFCLABEL('WT20X117.5'),$);
#917=IFCPROPERTYSINGLEVALUE('Version',$,IFCLABEL('0.1.0'),$);
#918=IFCPROPERTYSINGLEVALUE('License',$,IFCLABEL('CC0-1.0'),$);
#919=IFCPROPERTYSINGLEVALUE('Source',$,IFCLABEL('massing-families'),$);
#920=IFCPROPERTYSINGLEVALUE('Tier',$,IFCLABEL('L300'),$);
#921=IFCPROPERTYSINGLEVALUE('Builder',$,IFCLABEL('profile'),$);
#922=IFCPROPERTYSINGLEVALUE('Discipline',$,IFCLABEL('structural'),$);
#923=IFCPROPERTYSINGLEVALUE('GeometryStatus',$,IFCLABEL('parametric'),$);
#924=IFCPROPERTYSET('3VwPYbTSr2vhxZOHnuVgyW',$,'MF_Quantities',$,(#925,#926,#927,#928,#929));
#925=IFCPROPERTYSINGLEVALUE('NominalWidth',$,IFCREAL(0.30225999999999997),$);
#926=IFCPROPERTYSINGLEVALUE('NominalDepth',$,IFCREAL(0.50292000000000003),$);
#927=IFCPROPERTYSINGLEVALUE('NominalHeight',$,IFCREAL(3.048),$);
#928=IFCPROPERTYSINGLEVALUE('NominalFootprintArea',$,IFCREAL(0.15201300000000001),$);
#929=IFCPROPERTYSINGLEVALUE('NominalVolume',$,IFCREAL(0.46333400000000002),$);
#930=IFCMEMBERTYPE('3TVS7XJ0n7IPWJ3IBt0U59',$,'WT Structural Tee - WT20X105.5',$,$,(#947,#951,#962),(#946),$,$,.NOTDEFINED.);
#931=IFCCARTESIANPOINT((0.,0.));
#932=IFCDIRECTION((1.,0.));
#933=IFCAXIS2PLACEMENT2D(#931,#932);
#934=IFCTSHAPEPROFILEDEF(.AREA.,'WT20X105.5',#933,0.50038000000000005,0.29971999999999999,0.019050000000000001,0.036068000000000003,0.029971999999999999,$,$,$,$);
#935=IFCCARTESIANPOINT((0.,0.,0.));
#936=IFCDIRECTION((0.,0.,1.));
#937=IFCDIRECTION((1.,0.,0.));
#938=IFCAXIS2PLACEMENT3D(#935,#936,#937);
#939=IFCDIRECTION((0.,0.,1.));
#940=IFCEXTRUDEDAREASOLID(#934,#938,#939,3.048);
#941=IFCSHAPEREPRESENTATION(#11,'Body','SweptSolid',(#940));
#942=IFCCARTESIANPOINT((0.,0.,0.));
#943=IFCDIRECTION((1.,0.,0.));
#944=IFCDIRECTION((0.,0.,1.));
#945=IFCAXIS2PLACEMENT3D(#942,#944,#943);
#946=IFCREPRESENTATIONMAP(#945,#941);
#947=IFCPROPERTYSET('3Ldy2902X3z9UXl6TM6TbN',$,'MF_Structural',$,(#948,#949,#950));
#948=IFCPROPERTYSINGLEVALUE('Section',$,IFCLABEL('WT20X105.5'),$);
#949=IFCPROPERTYSINGLEVALUE('SectionFamily',$,IFCLABEL('WT'),$);
#950=IFCPROPERTYSINGLEVALUE('SectionSource',$,IFCLABEL('AISC Shapes Database v15.0 (US)'),$);
#951=IFCPROPERTYSET('1SM6hj1mX2Lxb9N2D3hxqy',$,'MF_Library',$,(#952,#953,#954,#955,#956,#957,#958,#959,#960,#961));
#952=IFCPROPERTYSINGLEVALUE('Key',$,IFCLABEL('steel_tee_wt'),$);
#953=IFCPROPERTYSINGLEVALUE('Family',$,IFCLABEL('WT Structural Tee'),$);
#954=IFCPROPERTYSINGLEVALUE('TypeName',$,IFCLABEL('WT20X105.5'),$);
#955=IFCPROPERTYSINGLEVALUE('Version',$,IFCLABEL('0.1.0'),$);
#956=IFCPROPERTYSINGLEVALUE('License',$,IFCLABEL('CC0-1.0'),$);
#957=IFCPROPERTYSINGLEVALUE('Source',$,IFCLABEL('massing-families'),$);
#958=IFCPROPERTYSINGLEVALUE('Tier',$,IFCLABEL('L300'),$);
#959=IFCPROPERTYSINGLEVALUE('Builder',$,IFCLABEL('profile'),$);
#960=IFCPROPERTYSINGLEVALUE('Discipline',$,IFCLABEL('structural'),$);
#961=IFCPROPERTYSINGLEVALUE('GeometryStatus',$,IFCLABEL('parametric'),$);
#962=IFCPROPERTYSET('0Ax71RtLT4bxUvlkFR47sb',$,'MF_Quantities',$,(#963,#964,#965,#966,#967));
#963=IFCPROPERTYSINGLEVALUE('NominalWidth',$,IFCREAL(0.29971999999999999),$);
#964=IFCPROPERTYSINGLEVALUE('NominalDepth',$,IFCREAL(0.50038000000000005),$);
#965=IFCPROPERTYSINGLEVALUE('NominalHeight',$,IFCREAL(3.048),$);
#966=IFCPROPERTYSINGLEVALUE('NominalFootprintArea',$,IFCREAL(0.149974),$);
#967=IFCPROPERTYSINGLEVALUE('NominalVolume',$,IFCREAL(0.45712000000000003),$);
#968=IFCMEMBERTYPE('19p$MkqxP02ginaVIEWBq_',$,'WT Structural Tee - WT20X91.5',$,$,(#985,#989,#1000),(#984),$,$,.NOTDEFINED.);
#969=IFCCARTESIANPOINT((0.,0.));
#970=IFCDIRECTION((1.,0.));
#971=IFCAXIS2PLACEMENT2D(#969,#970);
#972=IFCTSHAPEPROFILEDEF(.AREA.,'WT20X91.5',#971,0.49530000000000002,0.29971999999999999,0.01651,0.03048,0.029971999999999999,$,$,$,$);
#973=IFCCARTESIANPOINT((0.,0.,0.));
#974=IFCDIRECTION((0.,0.,1.));
#975=IFCDIRECTION((1.,0.,0.));
#976=IFCAXIS2PLACEMENT3D(#973,#974,#975);
#977=IFCDIRECTION((0.,0.,1.));
#978=IFCEXTRUDEDAREASOLID(#972,#976,#977,3.048);
#979=IFCSHAPEREPRESENTATION(#11,'Body','SweptSolid',(#978));
#980=IFCCARTESIANPOINT((0.,0.,0.));
#981=IFCDIRECTION((1.,0.,0.));
#982=IFCDIRECTION((0.,0.,1.));
#983=IFCAXIS2PLACEMENT3D(#980,#982,#981);
#984=IFCREPRESENTATIONMAP(#983,#979);
#985=IFCPROPERTYSET('13TLke85L6V9j$fOS_8vtF',$,'MF_Structural',$,(#986,#987,#988));
#986=IFCPROPERTYSINGLEVALUE('Section',$,IFCLABEL('WT20X91.5'),$);
#987=IFCPROPERTYSINGLEVALUE('SectionFamily',$,IFCLABEL('WT'),$);
#988=IFCPROPERTYSINGLEVALUE('SectionSource',$,IFCLABEL('AISC Shapes Database v15.0 (US)'),$);
#989=IFCPROPERTYSET('2shUj0DAT54evOKsLUMWFI',$,'MF_Library',$,(#990,#991,#992,#993,#994,#995,#996,#997,#998,#999));
#990=IFCPROPERTYSINGLEVALUE('Key',$,IFCLABEL('steel_tee_wt'),$);
#991=IFCPROPERTYSINGLEVALUE('Family',$,IFCLABEL('WT Structural Tee'),$);
#992=IFCPROPERTYSINGLEVALUE('TypeName',$,IFCLABEL('WT20X91.5'),$);
#993=IFCPROPERTYSINGLEVALUE('Version',$,IFCLABEL('0.1.0'),$);
#994=IFCPROPERTYSINGLEVALUE('License',$,IFCLABEL('CC0-1.0'),$);
#995=IFCPROPERTYSINGLEVALUE('Source',$,IFCLABEL('massing-families'),$);
#996=IFCPROPERTYSINGLEVALUE('Tier',$,IFCLABEL('L300'),$);
#997=IFCPROPERTYSINGLEVALUE('Builder',$,IFCLABEL('profile'),$);
#998=IFCPROPERTYSINGLEVALUE('Discipline',$,IFCLABEL('structural'),$);
#999=IFCPROPERTYSINGLEVALUE('GeometryStatus',$,IFCLABEL('parametric'),$);
#1000=IFCPROPERTYSET('1h1Hpz5d9DNwgnV64VOzb9',$,'MF_Quantities',$,(#1001,#1002,#1003,#1004,#1005));
#1001=IFCPROPERTYSINGLEVALUE('NominalWidth',$,IFCREAL(0.29971999999999999),$);
#1002=IFCPROPERTYSINGLEVALUE('NominalDepth',$,IFCREAL(0.49530000000000002),$);
#1003=IFCPROPERTYSINGLEVALUE('NominalHeight',$,IFCREAL(3.048),$);
#1004=IFCPROPERTYSINGLEVALUE('NominalFootprintArea',$,IFCREAL(0.148451),$);
#1005=IFCPROPERTYSINGLEVALUE('NominalVolume',$,IFCREAL(0.45247999999999999),$);
#1006=IFCMEMBERTYPE('2dChqhNO99eP50VF6CWuXT',$,'WT Structural Tee - WT20X83.5',$,$,(#1023,#1027,#1038),(#1022),$,$,.NOTDEFINED.);
#1007=IFCCARTESIANPOINT((0.,0.));
#1008=IFCDIRECTION((1.,0.));
#1009=IFCAXIS2PLACEMENT2D(#1007,#1008);
#1010=IFCTSHAPEPROFILEDEF(.AREA.,'WT20X83.5',#1009,0.49021999999999999,0.29971999999999999,0.01651,0.026162000000000001,0.029971999999999999,$,$,$,$);
#1011=IFCCARTESIANPOINT((0.,0.,0.));
#1012=IFCDIRECTION((0.,0.,1.));
#1013=IFCDIRECTION((1.,0.,0.));
#1014=IFCAXIS2PLACEMENT3D(#1011,#1012,#1013);
#1015=IFCDIRECTION((0.,0.,1.));
#1016=IFCEXTRUDEDAREASOLID(#1010,#1014,#1015,3.048);
#1017=IFCSHAPEREPRESENTATION(#11,'Body','SweptSolid',(#1016));
#1018=IFCCARTESIANPOINT((0.,0.,0.));
#1019=IFCDIRECTION((1.,0.,0.));
#1020=IFCDIRECTION((0.,0.,1.));
#1021=IFCAXIS2PLACEMENT3D(#1018,#1020,#1019);
#1022=IFCREPRESENTATIONMAP(#1021,#1017);
#1023=IFCPROPERTYSET('1ArH13DrL4L8CPr7_IPVnZ',$,'MF_Structural',$,(#1024,#1025,#1026));
#1024=IFCPROPERTYSINGLEVALUE('Section',$,IFCLABEL('WT20X83.5'),$);
#1025=IFCPROPERTYSINGLEVALUE('SectionFamily',$,IFCLABEL('WT'),$);
#1026=IFCPROPERTYSINGLEVALUE('SectionSource',$,IFCLABEL('AISC Shapes Database v15.0 (US)'),$);
#1027=IFCPROPERTYSET('0pqxKg0NzFW9caFcxGB1Cu',$,'MF_Library',$,(#1028,#1029,#1030,#1031,#1032,#1033,#1034,#1035,#1036,#1037));
#1028=IFCPROPERTYSINGLEVALUE('Key',$,IFCLABEL('steel_tee_wt'),$);
#1029=IFCPROPERTYSINGLEVALUE('Family',$,IFCLABEL('WT Structural Tee'),$);
#1030=IFCPROPERTYSINGLEVALUE('TypeName',$,IFCLABEL('WT20X83.5'),$);
#1031=IFCPROPERTYSINGLEVALUE('Version',$,IFCLABEL('0.1.0'),$);
#1032=IFCPROPERTYSINGLEVALUE('License',$,IFCLABEL('CC0-1.0'),$);
#1033=IFCPROPERTYSINGLEVALUE('Source',$,IFCLABEL('massing-families'),$);
#1034=IFCPROPERTYSINGLEVALUE('Tier',$,IFCLABEL('L300'),$);
#1035=IFCPROPERTYSINGLEVALUE('Builder',$,IFCLABEL('profile'),$);
#1036=IFCPROPERTYSINGLEVALUE('Discipline',$,IFCLABEL('structural'),$);
#1037=IFCPROPERTYSINGLEVALUE('GeometryStatus',$,IFCLABEL('parametric'),$);
#1038=IFCPROPERTYSET('0UrOvSJET75w5GY7s5l2Bq',$,'MF_Quantities',$,(#1039,#1040,#1041,#1042,#1043));
#1039=IFCPROPERTYSINGLEVALUE('NominalWidth',$,IFCREAL(0.29971999999999999),$);
#1040=IFCPROPERTYSINGLEVALUE('NominalDepth',$,IFCREAL(0.49021999999999999),$);
#1041=IFCPROPERTYSINGLEVALUE('NominalHeight',$,IFCREAL(3.048),$);
#1042=IFCPROPERTYSINGLEVALUE('NominalFootprintArea',$,IFCREAL(0.146929),$);
#1043=IFCPROPERTYSINGLEVALUE('NominalVolume',$,IFCREAL(0.44783899999999999),$);
#1044=IFCMEMBERTYPE('1ngtoldd9B$uTp7PtfiAN$',$,'WT Structural Tee - WT20X74.5',$,$,(#1061,#1065,#1076),(#1060),$,$,.NOTDEFINED.);
#1045=IFCCARTESIANPOINT((0.,0.));
#1046=IFCDIRECTION((1.,0.));
#1047=IFCAXIS2PLACEMENT2D(#1045,#1046);
#1048=IFCTSHAPEPROFILEDEF(.AREA.,'WT20X74.5',#1047,0.48514000000000002,0.29971999999999999,0.016001999999999999,0.021082,0.029971999999999999,$,$,$,$);
#1049=IFCCARTESIANPOINT((0.,0.,0.));
#1050=IFCDIRECTION((0.,0.,1.));
#1051=IFCDIRECTION((1.,0.,0.));
#1052=IFCAXIS2PLACEMENT3D(#1049,#1050,#1051);
#1053=IFCDIRECTION((0.,0.,1.));
#1054=IFCEXTRUDEDAREASOLID(#1048,#1052,#1053,3.048);
#1055=IFCSHAPEREPRESENTATION(#11,'Body','SweptSolid',(#1054));
#1056=IFCCARTESIANPOINT((0.,0.,0.));
#1057=IFCDIRECTION((1.,0.,0.));
#1058=IFCDIRECTION((0.,0.,1.));
#1059=IFCAXIS2PLACEMENT3D(#1056,#1058,#1057);
#1060=IFCREPRESENTATIONMAP(#1059,#1055);
#1061=IFCPROPERTYSET('0m0l3xVD98xAKLAUips2YD',$,'MF_Structural',$,(#1062,#1063,#1064));
#1062=IFCPROPERTYSINGLEVALUE('Section',$,IFCLABEL('WT20X74.5'),$);
#1063=IFCPROPERTYSINGLEVALUE('SectionFamily',$,IFCLABEL('WT'),$);
#1064=IFCPROPERTYSINGLEVALUE('SectionSource',$,IFCLABEL('AISC Shapes Database v15.0 (US)'),$);
#1065=IFCPROPERTYSET('0J5dyhBu98UvdkeD440adQ',$,'MF_Library',$,(#1066,#1067,#1068,#1069,#1070,#1071,#1072,#1073,#1074,#1075));
#1066=IFCPROPERTYSINGLEVALUE('Key',$,IFCLABEL('steel_tee_wt'),$);
#1067=IFCPROPERTYSINGLEVALUE('Family',$,IFCLABEL('WT Structural Tee'),$);
#1068=IFCPROPERTYSINGLEVALUE('TypeName',$,IFCLABEL('WT20X74.5'),$);
#1069=IFCPROPERTYSINGLEVALUE('Version',$,IFCLABEL('0.1.0'),$);
#1070=IFCPROPERTYSINGLEVALUE('License',$,IFCLABEL('CC0-1.0'),$);
#1071=IFCPROPERTYSINGLEVALUE('Source',$,IFCLABEL('massing-families'),$);
#1072=IFCPROPERTYSINGLEVALUE('Tier',$,IFCLABEL('L300'),$);
#1073=IFCPROPERTYSINGLEVALUE('Builder',$,IFCLABEL('profile'),$);
#1074=IFCPROPERTYSINGLEVALUE('Discipline',$,IFCLABEL('structural'),$);
#1075=IFCPROPERTYSINGLEVALUE('GeometryStatus',$,IFCLABEL('parametric'),$);
#1076=IFCPROPERTYSET('08bO7RIPL53QJxoZ0q$aGV',$,'MF_Quantities',$,(#1077,#1078,#1079,#1080,#1081));
#1077=IFCPROPERTYSINGLEVALUE('NominalWidth',$,IFCREAL(0.29971999999999999),$);
#1078=IFCPROPERTYSINGLEVALUE('NominalDepth',$,IFCREAL(0.48514000000000002),$);
#1079=IFCPROPERTYSINGLEVALUE('NominalHeight',$,IFCREAL(3.048),$);
#1080=IFCPROPERTYSINGLEVALUE('NominalFootprintArea',$,IFCREAL(0.14540600000000001),$);
#1081=IFCPROPERTYSINGLEVALUE('NominalVolume',$,IFCREAL(0.44319799999999998),$);
#1082=IFCMEMBERTYPE('3ttTsRdwTEXvXp4iNkxYR9',$,'WT Structural Tee - WT18X462.5',$,$,(#1099,#1103,#1114),(#1098),$,$,.NOTDEFINED.);
#1083=IFCCARTESIANPOINT((0.,0.));
#1084=IFCDIRECTION((1.,0.));
#1085=IFCAXIS2PLACEMENT2D(#1083,#1084);
#1086=IFCTSHAPEPROFILEDEF(.AREA.,'WT18X462.5',#1085,0.54864000000000002,0.47244000000000003,0.076707999999999998,0.115062,0.019050000000000001,$,$,$,$);
#1087=IFCCARTESIANPOINT((0.,0.,0.));
#1088=IFCDIRECTION((0.,0.,1.));
#1089=IFCDIRECTION((1.,0.,0.));
#1090=IFCAXIS2PLACEMENT3D(#1087,#1088,#1089);
#1091=IFCDIRECTION((0.,0.,1.));
#1092=IFCEXTRUDEDAREASOLID(#1086,#1090,#1091,3.048);
#1093=IFCSHAPEREPRESENTATION(#11,'Body','SweptSolid',(#1092));
#1094=IFCCARTESIANPOINT((0.,0.,0.));
#1095=IFCDIRECTION((1.,0.,0.));
#1096=IFCDIRECTION((0.,0.,1.));
#1097=IFCAXIS2PLACEMENT3D(#1094,#1096,#1095);
#1098=IFCREPRESENTATIONMAP(#1097,#1093);
#1099=IFCPROPERTYSET('3wFLAtV4r9EBBZEHdxEdSP',$,'MF_Structural',$,(#1100,#1101,#1102));
#1100=IFCPROPERTYSINGLEVALUE('Section',$,IFCLABEL('WT18X462.5'),$);
#1101=IFCPROPERTYSINGLEVALUE('SectionFamily',$,IFCLABEL('WT'),$);
#1102=IFCPROPERTYSINGLEVALUE('SectionSource',$,IFCLABEL('AISC Shapes Database v15.0 (US)'),$);
#1103=IFCPROPERTYSET('0kndA3uNH13hWnKqxvTQgV',$,'MF_Library',$,(#1104,#1105,#1106,#1107,#1108,#1109,#1110,#1111,#1112,#1113));
#1104=IFCPROPERTYSINGLEVALUE('Key',$,IFCLABEL('steel_tee_wt'),$);
#1105=IFCPROPERTYSINGLEVALUE('Family',$,IFCLABEL('WT Structural Tee'),$);
#1106=IFCPROPERTYSINGLEVALUE('TypeName',$,IFCLABEL('WT18X462.5'),$);
#1107=IFCPROPERTYSINGLEVALUE('Version',$,IFCLABEL('0.1.0'),$);
#1108=IFCPROPERTYSINGLEVALUE('License',$,IFCLABEL('CC0-1.0'),$);
#1109=IFCPROPERTYSINGLEVALUE('Source',$,IFCLABEL('massing-families'),$);
#1110=IFCPROPERTYSINGLEVALUE('Tier',$,IFCLABEL('L300'),$);
#1111=IFCPROPERTYSINGLEVALUE('Builder',$,IFCLABEL('profile'),$);
#1112=IFCPROPERTYSINGLEVALUE('Discipline',$,IFCLABEL('structural'),$);
#1113=IFCPROPERTYSINGLEVALUE('GeometryStatus',$,IFCLABEL('parametric'),$);
#1114=IFCPROPERTYSET('3YYEmXiPH9meQqfqGSwoMh',$,'MF_Quantities',$,(#1115,#1116,#1117,#1118,#1119));
#1115=IFCPROPERTYSINGLEVALUE('NominalWidth',$,IFCREAL(0.47244000000000003),$);
#1116=IFCPROPERTYSINGLEVALUE('NominalDepth',$,IFCREAL(0.54864000000000002),$);
#1117=IFCPROPERTYSINGLEVALUE('NominalHeight',$,IFCREAL(3.048),$);
#1118=IFCPROPERTYSINGLEVALUE('NominalFootprintArea',$,IFCREAL(0.25919900000000001),$);
#1119=IFCPROPERTYSINGLEVALUE('NominalVolume',$,IFCREAL(0.79003999999999996),$);
#1120=IFCMEMBERTYPE('11dC6Xw5T8awdJ5o2lWPuQ',$,'WT Structural Tee - WT18X426.5',$,$,(#1137,#1141,#1152),(#1136),$,$,.NOTDEFINED.);
#1121=IFCCARTESIANPOINT((0.,0.));
#1122=IFCDIRECTION((1.,0.));
#1123=IFCAXIS2PLACEMENT2D(#1121,#1122);
#1124=IFCTSHAPEPROFILEDEF(.AREA.,'WT18X426.5',#1123,0.54864000000000002,0.46228000000000002,0.064007999999999995,0.115062,0.019050000000000001,$,$,$,$);
#1125=IFCCARTESIANPOINT((0.,0.,0.));
#1126=IFCDIRECTION((0.,0.,1.));
#1127=IFCDIRECTION((1.,0.,0.));
#1128=IFCAXIS2PLACEMENT3D(#1125,#1126,#1127);
#1129=IFCDIRECTION((0.,0.,1.));
#1130=IFCEXTRUDEDAREASOLID(#1124,#1128,#1129,3.048);
#1131=IFCSHAPEREPRESENTATION(#11,'Body','SweptSolid',(#1130));
#1132=IFCCARTESIANPOINT((0.,0.,0.));
#1133=IFCDIRECTION((1.,0.,0.));
#1134=IFCDIRECTION((0.,0.,1.));
#1135=IFCAXIS2PLACEMENT3D(#1132,#1134,#1133);
#1136=IFCREPRESENTATIONMAP(#1135,#1131);
#1137=IFCPROPERTYSET('3Q$dVDKxzAb9jgkuo7nu7V',$,'MF_Structural',$,(#1138,#1139,#1140));
#1138=IFCPROPERTYSINGLEVALUE('Section',$,IFCLABEL('WT18X426.5'),$);
#1139=IFCPROPERTYSINGLEVALUE('SectionFamily',$,IFCLABEL('WT'),$);
#1140=IFCPROPERTYSINGLEVALUE('SectionSource',$,IFCLABEL('AISC Shapes Database v15.0 (US)'),$);
#1141=IFCPROPERTYSET('0J2URyLGj4qenCTmcZxN68',$,'MF_Library',$,(#1142,#1143,#1144,#1145,#1146,#1147,#1148,#1149,#1150,#1151));
#1142=IFCPROPERTYSINGLEVALUE('Key',$,IFCLABEL('steel_tee_wt'),$);
#1143=IFCPROPERTYSINGLEVALUE('Family',$,IFCLABEL('WT Structural Tee'),$);
#1144=IFCPROPERTYSINGLEVALUE('TypeName',$,IFCLABEL('WT18X426.5'),$);
#1145=IFCPROPERTYSINGLEVALUE('Version',$,IFCLABEL('0.1.0'),$);
#1146=IFCPROPERTYSINGLEVALUE('License',$,IFCLABEL('CC0-1.0'),$);
#1147=IFCPROPERTYSINGLEVALUE('Source',$,IFCLABEL('massing-families'),$);
#1148=IFCPROPERTYSINGLEVALUE('Tier',$,IFCLABEL('L300'),$);
#1149=IFCPROPERTYSINGLEVALUE('Builder',$,IFCLABEL('profile'),$);
#1150=IFCPROPERTYSINGLEVALUE('Discipline',$,IFCLABEL('structural'),$);
#1151=IFCPROPERTYSINGLEVALUE('GeometryStatus',$,IFCLABEL('parametric'),$);
#1152=IFCPROPERTYSET('3eFpSwbKjFPQIzxBNGbwMO',$,'MF_Quantities',$,(#1153,#1154,#1155,#1156,#1157));
#1153=IFCPROPERTYSINGLEVALUE('NominalWidth',$,IFCREAL(0.46228000000000002),$);
#1154=IFCPROPERTYSINGLEVALUE('NominalDepth',$,IFCREAL(0.54864000000000002),$);
#1155=IFCPROPERTYSINGLEVALUE('NominalHeight',$,IFCREAL(3.048),$);
#1156=IFCPROPERTYSINGLEVALUE('NominalFootprintArea',$,IFCREAL(0.25362499999999999),$);
#1157=IFCPROPERTYSINGLEVALUE('NominalVolume',$,IFCREAL(0.77305000000000001),$);
#1158=IFCMEMBERTYPE('3nZ3cAeNTEZBgQSwEuUoaH',$,'WT Structural Tee - WT18X401',$,$,(#1175,#1179,#1190),(#1174),$,$,.NOTDEFINED.);
#1159=IFCCARTESIANPOINT((0.,0.));
#1160=IFCDIRECTION((1.,0.));
#1161=IFCAXIS2PLACEMENT2D(#1159,#1160);
#1162=IFCTSHAPEPROFILEDEF(.AREA.,'WT18X401',#1161,0.54101999999999995,0.4572,0.060451999999999999,0.10896599999999999,0.019050000000000001,$,$,$,$);
#1163=IFCCARTESIANPOINT((0.,0.,0.));
#1164=IFCDIRECTION((0.,0.,1.));
#1165=IFCDIRECTION((1.,0.,0.));
#1166=IFCAXIS2PLACEMENT3D(#1163,#1164,#1165);
#1167=IFCDIRECTION((0.,0.,1.));
#1168=IFCEXTRUDEDAREASOLID(#1162,#1166,#1167,3.048);
#1169=IFCSHAPEREPRESENTATION(#11,'Body','SweptSolid',(#1168));
#1170=IFCCARTESIANPOINT((0.,0.,0.));
#1171=IFCDIRECTION((1.,0.,0.));
#1172=IFCDIRECTION((0.,0.,1.));
#1173=IFCAXIS2PLACEMENT3D(#1170,#1172,#1171);
#1174=IFCREPRESENTATIONMAP(#1173,#1169);
#1175=IFCPROPERTYSET('25glCx5NH57vyC845q_Lwu',$,'MF_Structural',$,(#1176,#1177,#1178));
#1176=IFCPROPERTYSINGLEVALUE('Section',$,IFCLABEL('WT18X401'),$);
#1177=IFCPROPERTYSINGLEVALUE('SectionFamily',$,IFCLABEL('WT'),$);
#1178=IFCPROPERTYSINGLEVALUE('SectionSource',$,IFCLABEL('AISC Shapes Database v15.0 (US)'),$);
#1179=IFCPROPERTYSET('3iCzJLoTL9IRiQAFVO8y17',$,'MF_Library',$,(#1180,#1181,#1182,#1183,#1184,#1185,#1186,#1187,#1188,#1189));
#1180=IFCPROPERTYSINGLEVALUE('Key',$,IFCLABEL('steel_tee_wt'),$);
#1181=IFCPROPERTYSINGLEVALUE('Family',$,IFCLABEL('WT Structural Tee'),$);
#1182=IFCPROPERTYSINGLEVALUE('TypeName',$,IFCLABEL('WT18X401'),$);
#1183=IFCPROPERTYSINGLEVALUE('Version',$,IFCLABEL('0.1.0'),$);
#1184=IFCPROPERTYSINGLEVALUE('License',$,IFCLABEL('CC0-1.0'),$);
#1185=IFCPROPERTYSINGLEVALUE('Source',$,IFCLABEL('massing-families'),$);
#1186=IFCPROPERTYSINGLEVALUE('Tier',$,IFCLABEL('L300'),$);
#1187=IFCPROPERTYSINGLEVALUE('Builder',$,IFCLABEL('profile'),$);
#1188=IFCPROPERTYSINGLEVALUE('Discipline',$,IFCLABEL('structural'),$);
#1189=IFCPROPERTYSINGLEVALUE('GeometryStatus',$,IFCLABEL('parametric'),$);
#1190=IFCPROPERTYSET('1CQbLh2mnEKw6jMsf1P_2i',$,'MF_Quantities',$,(#1191,#1192,#1193,#1194,#1195));
#1191=IFCPROPERTYSINGLEVALUE('NominalWidth',$,IFCREAL(0.4572),$);
#1192=IFCPROPERTYSINGLEVALUE('NominalDepth',$,IFCREAL(0.54101999999999995),$);
#1193=IFCPROPERTYSINGLEVALUE('NominalHeight',$,IFCREAL(3.048),$);
#1194=IFCPROPERTYSINGLEVALUE('NominalFootprintArea',$,IFCREAL(0.24735399999999999),$);
#1195=IFCPROPERTYSINGLEVALUE('NominalVolume',$,IFCREAL(0.75393600000000005),$);
#1196=IFCMEMBERTYPE('1Yet6UIvr5AebxUIcLyNK$',$,'WT Structural Tee - WT18X361.5',$,$,(#1213,#1217,#1228),(#1212),$,$,.NOTDEFINED.);
#1197=IFCCARTESIANPOINT((0.,0.));
#1198=IFCDIRECTION((1.,0.));
#1199=IFCAXIS2PLACEMENT2D(#1197,#1198);
#1200=IFCTSHAPEPROFILEDEF(.AREA.,'WT18X361.5',#1199,0.53086,0.45212000000000002,0.055118,0.099059999999999995,0.019050000000000001,$,$,$,$);
#1201=IFCCARTESIANPOINT((0.,0.,0.));
#1202=IFCDIRECTION((0.,0.,1.));
#1203=IFCDIRECTION((1.,0.,0.));
#1204=IFCAXIS2PLACEMENT3D(#1201,#1202,#1203);
#1205=IFCDIRECTION((0.,0.,1.));
#1206=IFCEXTRUDEDAREASOLID(#1200,#1204,#1205,3.048);
#1207=IFCSHAPEREPRESENTATION(#11,'Body','SweptSolid',(#1206));
#1208=IFCCARTESIANPOINT((0.,0.,0.));
#1209=IFCDIRECTION((1.,0.,0.));
#1210=IFCDIRECTION((0.,0.,1.));
#1211=IFCAXIS2PLACEMENT3D(#1208,#1210,#1209);
#1212=IFCREPRESENTATIONMAP(#1211,#1207);
#1213=IFCPROPERTYSET('2zELg7HKDAWfcoswB12Zok',$,'MF_Structural',$,(#1214,#1215,#1216));
#1214=IFCPROPERTYSINGLEVALUE('Section',$,IFCLABEL('WT18X361.5'),$);
#1215=IFCPROPERTYSINGLEVALUE('SectionFamily',$,IFCLABEL('WT'),$);
#1216=IFCPROPERTYSINGLEVALUE('SectionSource',$,IFCLABEL('AISC Shapes Database v15.0 (US)'),$);
#1217=IFCPROPERTYSET('1br3AOwp16LwzFuH$I0MLo',$,'MF_Library',$,(#1218,#1219,#1220,#1221,#1222,#1223,#1224,#1225,#1226,#1227));
#1218=IFCPROPERTYSINGLEVALUE('Key',$,IFCLABEL('steel_tee_wt'),$);
#1219=IFCPROPERTYSINGLEVALUE('Family',$,IFCLABEL('WT Structural Tee'),$);
#1220=IFCPROPERTYSINGLEVALUE('TypeName',$,IFCLABEL('WT18X361.5'),$);
#1221=IFCPROPERTYSINGLEVALUE('Version',$,IFCLABEL('0.1.0'),$);
#1222=IFCPROPERTYSINGLEVALUE('License',$,IFCLABEL('CC0-1.0'),$);
#1223=IFCPROPERTYSINGLEVALUE('Source',$,IFCLABEL('massing-families'),$);
#1224=IFCPROPERTYSINGLEVALUE('Tier',$,IFCLABEL('L300'),$);
#1225=IFCPROPERTYSINGLEVALUE('Builder',$,IFCLABEL('profile'),$);
#1226=IFCPROPERTYSINGLEVALUE('Discipline',$,IFCLABEL('structural'),$);
#1227=IFCPROPERTYSINGLEVALUE('GeometryStatus',$,IFCLABEL('parametric'),$);
#1228=IFCPROPERTYSET('3PiNAKVSn6zBf2eOKyBttu',$,'MF_Quantities',$,(#1229,#1230,#1231,#1232,#1233));
#1229=IFCPROPERTYSINGLEVALUE('NominalWidth',$,IFCREAL(0.45212000000000002),$);
#1230=IFCPROPERTYSINGLEVALUE('NominalDepth',$,IFCREAL(0.53086),$);
#1231=IFCPROPERTYSINGLEVALUE('NominalHeight',$,IFCREAL(3.048),$);
#1232=IFCPROPERTYSINGLEVALUE('NominalFootprintArea',$,IFCREAL(0.240012),$);
#1233=IFCPROPERTYSINGLEVALUE('NominalVolume',$,IFCREAL(0.73155800000000004),$);
#1234=IFCMEMBERTYPE('2eJr9i3gP709psG_qZcB8u',$,'WT Structural Tee - WT18X326',$,$,(#1251,#1255,#1266),(#1250),$,$,.NOTDEFINED.);
#1235=IFCCARTESIANPOINT((0.,0.));
#1236=IFCDIRECTION((1.,0.));
#1237=IFCAXIS2PLACEMENT2D(#1235,#1236);
#1238=IFCTSHAPEPROFILEDEF(.AREA.,'WT18X326',#1237,0.52070000000000005,0.44703999999999999,0.050037999999999999,0.089915999999999996,0.024129999999999999,$,$,$,$);
#1239=IFCCARTESIANPOINT((0.,0.,0.));
#1240=IFCDIRECTION((0.,0.,1.));
#1241=IFCDIRECTION((1.,0.,0.));
#1242=IFCAXIS2PLACEMENT3D(#1239,#1240,#1241);
#1243=IFCDIRECTION((0.,0.,1.));
#1244=IFCEXTRUDEDAREASOLID(#1238,#1242,#1243,3.048);
#1245=IFCSHAPEREPRESENTATION(#11,'Body','SweptSolid',(#1244));
#1246=IFCCARTESIANPOINT((0.,0.,0.));
#1247=IFCDIRECTION((1.,0.,0.));
#1248=IFCDIRECTION((0.,0.,1.));
#1249=IFCAXIS2PLACEMENT3D(#1246,#1248,#1247);
#1250=IFCREPRESENTATIONMAP(#1249,#1245);
#1251=IFCPROPERTYSET('21V4K4nDH0TBoIeCADICdc',$,'MF_Structural',$,(#1252,#1253,#1254));
#1252=IFCPROPERTYSINGLEVALUE('Section',$,IFCLABEL('WT18X326'),$);
#1253=IFCPROPERTYSINGLEVALUE('SectionFamily',$,IFCLABEL('WT'),$);
#1254=IFCPROPERTYSINGLEVALUE('SectionSource',$,IFCLABEL('AISC Shapes Database v15.0 (US)'),$);
#1255=IFCPROPERTYSET('1kFWOJIpDElxTPO3I8RU$1',$,'MF_Library',$,(#1256,#1257,#1258,#1259,#1260,#1261,#1262,#1263,#1264,#1265));
#1256=IFCPROPERTYSINGLEVALUE('Key',$,IFCLABEL('steel_tee_wt'),$);
#1257=IFCPROPERTYSINGLEVALUE('Family',$,IFCLABEL('WT Structural Tee'),$);
#1258=IFCPROPERTYSINGLEVALUE('TypeName',$,IFCLABEL('WT18X326'),$);
#1259=IFCPROPERTYSINGLEVALUE('Version',$,IFCLABEL('0.1.0'),$);
#1260=IFCPROPERTYSINGLEVALUE('License',$,IFCLABEL('CC0-1.0'),$);
#1261=IFCPROPERTYSINGLEVALUE('Source',$,IFCLABEL('massing-families'),$);
#1262=IFCPROPERTYSINGLEVALUE('Tier',$,IFCLABEL('L300'),$);
#1263=IFCPROPERTYSINGLEVALUE('Builder',$,IFCLABEL('profile'),$);
#1264=IFCPROPERTYSINGLEVALUE('Discipline',$,IFCLABEL('structural'),$);
#1265=IFCPROPERTYSINGLEVALUE('GeometryStatus',$,IFCLABEL('parametric'),$);
#1266=IFCPROPERTYSET('33mdorvXv6ZPO007i9cTrU',$,'MF_Quantities',$,(#1267,#1268,#1269,#1270,#1271));
#1267=IFCPROPERTYSINGLEVALUE('NominalWidth',$,IFCREAL(0.44703999999999999),$);
#1268=IFCPROPERTYSINGLEVALUE('NominalDepth',$,IFCREAL(0.52070000000000005),$);
#1269=IFCPROPERTYSINGLEVALUE('NominalHeight',$,IFCREAL(3.048),$);
#1270=IFCPROPERTYSINGLEVALUE('NominalFootprintArea',$,IFCREAL(0.23277400000000001),$);
#1271=IFCPROPERTYSINGLEVALUE('NominalVolume',$,IFCREAL(0.70949399999999996),$);
#1272=IFCMEMBERTYPE('1omjR0O7n6Qxkv4EG2U5tZ',$,'WT Structural Tee - WT18X264.5',$,$,(#1289,#1293,#1304),(#1288),$,$,.NOTDEFINED.);
#1273=IFCCARTESIANPOINT((0.,0.));
#1274=IFCDIRECTION((1.,0.));
#1275=IFCAXIS2PLACEMENT2D(#1273,#1274);
#1276=IFCTSHAPEPROFILEDEF(.AREA.,'WT18X264.5',#1275,0.50546000000000002,0.43687999999999999,0.040894,0.073913999999999994,0.024129999999999999,$,$,$,$);
#1277=IFCCARTESIANPOINT((0.,0.,0.));
#1278=IFCDIRECTION((0.,0.,1.));
#1279=IFCDIRECTION((1.,0.,0.));
#1280=IFCAXIS2PLACEMENT3D(#1277,#1278,#1279);
#1281=IFCDIRECTION((0.,0.,1.));
#1282=IFCEXTRUDEDAREASOLID(#1276,#1280,#1281,3.048);
#1283=IFCSHAPEREPRESENTATION(#11,'Body','SweptSolid',(#1282));
#1284=IFCCARTESIANPOINT((0.,0.,0.));
#1285=IFCDIRECTION((1.,0.,0.));
#1286=IFCDIRECTION((0.,0.,1.));
#1287=IFCAXIS2PLACEMENT3D(#1284,#1286,#1285);
#1288=IFCREPRESENTATIONMAP(#1287,#1283);
#1289=IFCPROPERTYSET('1slt1mbgf2Fgb4BK5l_B1d',$,'MF_Structural',$,(#1290,#1291,#1292));
#1290=IFCPROPERTYSINGLEVALUE('Section',$,IFCLABEL('WT18X264.5'),$);
#1291=IFCPROPERTYSINGLEVALUE('SectionFamily',$,IFCLABEL('WT'),$);
#1292=IFCPROPERTYSINGLEVALUE('SectionSource',$,IFCLABEL('AISC Shapes Database v15.0 (US)'),$);
#1293=IFCPROPERTYSET('3WNfmkfrvEBuRMVWlZLCOu',$,'MF_Library',$,(#1294,#1295,#1296,#1297,#1298,#1299,#1300,#1301,#1302,#1303));
#1294=IFCPROPERTYSINGLEVALUE('Key',$,IFCLABEL('steel_tee_wt'),$);
#1295=IFCPROPERTYSINGLEVALUE('Family',$,IFCLABEL('WT Structural Tee'),$);
#1296=IFCPROPERTYSINGLEVALUE('TypeName',$,IFCLABEL('WT18X264.5'),$);
#1297=IFCPROPERTYSINGLEVALUE('Version',$,IFCLABEL('0.1.0'),$);
#1298=IFCPROPERTYSINGLEVALUE('License',$,IFCLABEL('CC0-1.0'),$);
#1299=IFCPROPERTYSINGLEVALUE('Source',$,IFCLABEL('massing-families'),$);
#1300=IFCPROPERTYSINGLEVALUE('Tier',$,IFCLABEL('L300'),$);
#1301=IFCPROPERTYSINGLEVALUE('Builder',$,IFCLABEL('profile'),$);
#1302=IFCPROPERTYSINGLEVALUE('Discipline',$,IFCLABEL('structural'),$);
#1303=IFCPROPERTYSINGLEVALUE('GeometryStatus',$,IFCLABEL('parametric'),$);
#1304=IFCPROPERTYSET('20nHCJt391Mwbzh7bIyGfO',$,'MF_Quantities',$,(#1305,#1306,#1307,#1308,#1309));
#1305=IFCPROPERTYSINGLEVALUE('NominalWidth',$,IFCREAL(0.43687999999999999),$);
#1306=IFCPROPERTYSINGLEVALUE('NominalDepth',$,IFCREAL(0.50546000000000002),$);
#1307=IFCPROPERTYSINGLEVALUE('NominalHeight',$,IFCREAL(3.048),$);
#1308=IFCPROPERTYSINGLEVALUE('NominalFootprintArea',$,IFCREAL(0.22082499999999999),$);
#1309=IFCPROPERTYSINGLEVALUE('NominalVolume',$,IFCREAL(0.67307600000000001),$);
#1310=IFCMEMBERTYPE('0WzEKoNaP1DuRZyDIGMI7O',$,'WT Structural Tee - WT18X243.5',$,$,(#1327,#1331,#1342),(#1326),$,$,.NOTDEFINED.);
#1311=IFCCARTESIANPOINT((0.,0.));
#1312=IFCDIRECTION((1.,0.));
#1313=IFCAXIS2PLACEMENT2D(#1311,#1312);
#1314=IFCTSHAPEPROFILEDEF(.AREA.,'WT18X243.5',#1313,0.50038000000000005,0.43434,0.038100000000000002,0.068071999999999994,0.024129999999999999,$,$,$,$);
#1315=IFCCARTESIANPOINT((0.,0.,0.));
#1316=IFCDIRECTION((0.,0.,1.));
#1317=IFCDIRECTION((1.,0.,0.));
#1318=IFCAXIS2PLACEMENT3D(#1315,#1316,#1317);
#1319=IFCDIRECTION((0.,0.,1.));
#1320=IFCEXTRUDEDAREASOLID(#1314,#1318,#1319,3.048);
#1321=IFCSHAPEREPRESENTATION(#11,'Body','SweptSolid',(#1320));
#1322=IFCCARTESIANPOINT((0.,0.,0.));
#1323=IFCDIRECTION((1.,0.,0.));
#1324=IFCDIRECTION((0.,0.,1.));
#1325=IFCAXIS2PLACEMENT3D(#1322,#1324,#1323);
#1326=IFCREPRESENTATIONMAP(#1325,#1321);
#1327=IFCPROPERTYSET('1ECGx0I5P1d9KOQB_HFWPu',$,'MF_Structural',$,(#1328,#1329,#1330));
#1328=IFCPROPERTYSINGLEVALUE('Section',$,IFCLABEL('WT18X243.5'),$);
#1329=IFCPROPERTYSINGLEVALUE('SectionFamily',$,IFCLABEL('WT'),$);
#1330=IFCPROPERTYSINGLEVALUE('SectionSource',$,IFCLABEL('AISC Shapes Database v15.0 (US)'),$);
#1331=IFCPROPERTYSET('0$XjrlDBv9whpBzq07xfVW',$,'MF_Library',$,(#1332,#1333,#1334,#1335,#1336,#1337,#1338,#1339,#1340,#1341));
#1332=IFCPROPERTYSINGLEVALUE('Key',$,IFCLABEL('steel_tee_wt'),$);
#1333=IFCPROPERTYSINGLEVALUE('Family',$,IFCLABEL('WT Structural Tee'),$);
#1334=IFCPROPERTYSINGLEVALUE('TypeName',$,IFCLABEL('WT18X243.5'),$);
#1335=IFCPROPERTYSINGLEVALUE('Version',$,IFCLABEL('0.1.0'),$);
#1336=IFCPROPERTYSINGLEVALUE('License',$,IFCLABEL('CC0-1.0'),$);
#1337=IFCPROPERTYSINGLEVALUE('Source',$,IFCLABEL('massing-families'),$);
#1338=IFCPROPERTYSINGLEVALUE('Tier',$,IFCLABEL('L300'),$);
#1339=IFCPROPERTYSINGLEVALUE('Builder',$,IFCLABEL('profile'),$);
#1340=IFCPROPERTYSINGLEVALUE('Discipline',$,IFCLABEL('structural'),$);
#1341=IFCPROPERTYSINGLEVALUE('GeometryStatus',$,IFCLABEL('parametric'),$);
#1342=IFCPROPERTYSET('1f_5EQ8dX6iRRoyvECH_9u',$,'MF_Quantities',$,(#1343,#1344,#1345,#1346,#1347));
#1343=IFCPROPERTYSINGLEVALUE('NominalWidth',$,IFCREAL(0.43434),$);
#1344=IFCPROPERTYSINGLEVALUE('NominalDepth',$,IFCREAL(0.50038000000000005),$);
#1345=IFCPROPERTYSINGLEVALUE('NominalHeight',$,IFCREAL(3.048),$);
#1346=IFCPROPERTYSINGLEVALUE('NominalFootprintArea',$,IFCREAL(0.217335),$);
#1347=IFCPROPERTYSINGLEVALUE('NominalVolume',$,IFCREAL(0.66243700000000005),$);
#1348=IFCMEMBERTYPE('2MF5vawdL8fvpEmarSLxVI',$,'WT Structural Tee - WT18X220.5',$,$,(#1365,#1369,#1380),(#1364),$,$,.NOTDEFINED.);
#1349=IFCCARTESIANPOINT((0.,0.));
#1350=IFCDIRECTION((1.,0.));
#1351=IFCAXIS2PLACEMENT2D(#1349,#1350);
#1352=IFCTSHAPEPROFILEDEF(.AREA.,'WT18X220.5',#1351,0.49275999999999998,0.43180000000000002,0.034543999999999998,0.061976000000000003,0.024129999999999999,$,$,$,$);
#1353=IFCCARTESIANPOINT((0.,0.,0.));
#1354=IFCDIRECTION((0.,0.,1.));
#1355=IFCDIRECTION((1.,0.,0.));
#1356=IFCAXIS2PLACEMENT3D(#1353,#1354,#1355);
#1357=IFCDIRECTION((0.,0.,1.));
#1358=IFCEXTRUDEDAREASOLID(#1352,#1356,#1357,3.048);
#1359=IFCSHAPEREPRESENTATION(#11,'Body','SweptSolid',(#1358));
#1360=IFCCARTESIANPOINT((0.,0.,0.));
#1361=IFCDIRECTION((1.,0.,0.));
#1362=IFCDIRECTION((0.,0.,1.));
#1363=IFCAXIS2PLACEMENT3D(#1360,#1362,#1361);
#1364=IFCREPRESENTATIONMAP(#1363,#1359);
#1365=IFCPROPERTYSET('2iIiswWif7mfNDjwW_kv_g',$,'MF_Structural',$,(#1366,#1367,#1368));
#1366=IFCPROPERTYSINGLEVALUE('Section',$,IFCLABEL('WT18X220.5'),$);
#1367=IFCPROPERTYSINGLEVALUE('SectionFamily',$,IFCLABEL('WT'),$);
#1368=IFCPROPERTYSINGLEVALUE('SectionSource',$,IFCLABEL('AISC Shapes Database v15.0 (US)'),$);
#1369=IFCPROPERTYSET('3mJbip9_vAVgwR4f01gS10',$,'MF_Library',$,(#1370,#1371,#1372,#1373,#1374,#1375,#1376,#1377,#1378,#1379));
#1370=IFCPROPERTYSINGLEVALUE('Key',$,IFCLABEL('steel_tee_wt'),$);
#1371=IFCPROPERTYSINGLEVALUE('Family',$,IFCLABEL('WT Structural Tee'),$);
#1372=IFCPROPERTYSINGLEVALUE('TypeName',$,IFCLABEL('WT18X220.5'),$);
#1373=IFCPROPERTYSINGLEVALUE('Version',$,IFCLABEL('0.1.0'),$);
#1374=IFCPROPERTYSINGLEVALUE('License',$,IFCLABEL('CC0-1.0'),$);
#1375=IFCPROPERTYSINGLEVALUE('Source',$,IFCLABEL('massing-families'),$);
#1376=IFCPROPERTYSINGLEVALUE('Tier',$,IFCLABEL('L300'),$);
#1377=IFCPROPERTYSINGLEVALUE('Builder',$,IFCLABEL('profile'),$);
#1378=IFCPROPERTYSINGLEVALUE('Discipline',$,IFCLABEL('structural'),$);
#1379=IFCPROPERTYSINGLEVALUE('GeometryStatus',$,IFCLABEL('parametric'),$);
#1380=IFCPROPERTYSET('2CdLfkqXv6hfYs0OdjUh5R',$,'MF_Quantities',$,(#1381,#1382,#1383,#1384,#1385));
#1381=IFCPROPERTYSINGLEVALUE('NominalWidth',$,IFCREAL(0.43180000000000002),$);
#1382=IFCPROPERTYSINGLEVALUE('NominalDepth',$,IFCREAL(0.49275999999999998),$);
#1383=IFCPROPERTYSINGLEVALUE('NominalHeight',$,IFCREAL(3.048),$);
#1384=IFCPROPERTYSINGLEVALUE('NominalFootprintArea',$,IFCREAL(0.21277399999999999),$);
#1385=IFCPROPERTYSINGLEVALUE('NominalVolume',$,IFCREAL(0.64853400000000005),$);
#1386=IFCMEMBERTYPE('1kgFju2gbE1ulchSFBG52p',$,'WT Structural Tee - WT18X197.5',$,$,(#1403,#1407,#1418),(#1402),$,$,.NOTDEFINED.);
#1387=IFCCARTESIANPOINT((0.,0.));
#1388=IFCDIRECTION((1.,0.));
#1389=IFCAXIS2PLACEMENT2D(#1387,#1388);
#1390=IFCTSHAPEPROFILEDEF(.AREA.,'WT18X197.5',#1389,0.48768,0.42671999999999999,0.030988000000000002,0.055879999999999999,0.024129999999999999,$,$,$,$);
#1391=IFCCARTESIANPOINT((0.,0.,0.));
#1392=IFCDIRECTION((0.,0.,1.));
#1393=IFCDIRECTION((1.,0.,0.));
#1394=IFCAXIS2PLACEMENT3D(#1391,#1392,#1393);
#1395=IFCDIRECTION((0.,0.,1.));
#1396=IFCEXTRUDEDAREASOLID(#1390,#1394,#1395,3.048);
#1397=IFCSHAPEREPRESENTATION(#11,'Body','SweptSolid',(#1396));
#1398=IFCCARTESIANPOINT((0.,0.,0.));
#1399=IFCDIRECTION((1.,0.,0.));
#1400=IFCDIRECTION((0.,0.,1.));
#1401=IFCAXIS2PLACEMENT3D(#1398,#1400,#1399);
#1402=IFCREPRESENTATIONMAP(#1401,#1397);
#1403=IFCPROPERTYSET('0DQ9qKe3z0keNnVZQ5pQqm',$,'MF_Structural',$,(#1404,#1405,#1406));
#1404=IFCPROPERTYSINGLEVALUE('Section',$,IFCLABEL('WT18X197.5'),$);
#1405=IFCPROPERTYSINGLEVALUE('SectionFamily',$,IFCLABEL('WT'),$);
#1406=IFCPROPERTYSINGLEVALUE('SectionSource',$,IFCLABEL('AISC Shapes Database v15.0 (US)'),$);
#1407=IFCPROPERTYSET('2QxtaDuA96yBoZHldOL7Rp',$,'MF_Library',$,(#1408,#1409,#1410,#1411,#1412,#1413,#1414,#1415,#1416,#1417));
#1408=IFCPROPERTYSINGLEVALUE('Key',$,IFCLABEL('steel_tee_wt'),$);
#1409=IFCPROPERTYSINGLEVALUE('Family',$,IFCLABEL('WT Structural Tee'),$);
#1410=IFCPROPERTYSINGLEVALUE('TypeName',$,IFCLABEL('WT18X197.5'),$);
#1411=IFCPROPERTYSINGLEVALUE('Version',$,IFCLABEL('0.1.0'),$);
#1412=IFCPROPERTYSINGLEVALUE('License',$,IFCLABEL('CC0-1.0'),$);
#1413=IFCPROPERTYSINGLEVALUE('Source',$,IFCLABEL('massing-families'),$);
#1414=IFCPROPERTYSINGLEVALUE('Tier',$,IFCLABEL('L300'),$);
#1415=IFCPROPERTYSINGLEVALUE('Builder',$,IFCLABEL('profile'),$);
#1416=IFCPROPERTYSINGLEVALUE('Discipline',$,IFCLABEL('structural'),$);
#1417=IFCPROPERTYSINGLEVALUE('GeometryStatus',$,IFCLABEL('parametric'),$);
#1418=IFCPROPERTYSET('1No9FN$jr1nxAaByWU2QqH',$,'MF_Quantities',$,(#1419,#1420,#1421,#1422,#1423));
#1419=IFCPROPERTYSINGLEVALUE('NominalWidth',$,IFCREAL(0.42671999999999999),$);
#1420=IFCPROPERTYSINGLEVALUE('NominalDepth',$,IFCREAL(0.48768),$);
#1421=IFCPROPERTYSINGLEVALUE('NominalHeight',$,IFCREAL(3.048),$);
#1422=IFCPROPERTYSINGLEVALUE('NominalFootprintArea',$,IFCREAL(0.20810300000000001),$);
#1423=IFCPROPERTYSINGLEVALUE('NominalVolume',$,IFCREAL(0.634297),$);
#1424=IFCMEMBERTYPE('10PtLOOVr3nOJj$M$2nNj5',$,'WT Structural Tee - WT18X180.5',$,$,(#1441,#1445,#1456),(#1440),$,$,.NOTDEFINED.);
#1425=IFCCARTESIANPOINT((0.,0.));
#1426=IFCDIRECTION((1.,0.));
#1427=IFCAXIS2PLACEMENT2D(#1425,#1426);
#1428=IFCTSHAPEPROFILEDEF(.AREA.,'WT18X180.5',#1427,0.48259999999999997,0.42418,0.028448000000000001,0.051054000000000002,0.024129999999999999,$,$,$,$);
#1429=IFCCARTESIANPOINT((0.,0.,0.));
#1430=IFCDIRECTION((0.,0.,1.));
#1431=IFCDIRECTION((1.,0.,0.));
#1432=IFCAXIS2PLACEMENT3D(#1429,#1430,#1431);
#1433=IFCDIRECTION((0.,0.,1.));
#1434=IFCEXTRUDEDAREASOLID(#1428,#1432,#1433,3.048);
#1435=IFCSHAPEREPRESENTATION(#11,'Body','SweptSolid',(#1434));
#1436=IFCCARTESIANPOINT((0.,0.,0.));
#1437=IFCDIRECTION((1.,0.,0.));
#1438=IFCDIRECTION((0.,0.,1.));
#1439=IFCAXIS2PLACEMENT3D(#1436,#1438,#1437);
#1440=IFCREPRESENTATIONMAP(#1439,#1435);
#1441=IFCPROPERTYSET('2$cHB77_PC_96CK8uMR6dS',$,'MF_Structural',$,(#1442,#1443,#1444));
#1442=IFCPROPERTYSINGLEVALUE('Section',$,IFCLABEL('WT18X180.5'),$);
#1443=IFCPROPERTYSINGLEVALUE('SectionFamily',$,IFCLABEL('WT'),$);
#1444=IFCPROPERTYSINGLEVALUE('SectionSource',$,IFCLABEL('AISC Shapes Database v15.0 (US)'),$);
#1445=IFCPROPERTYSET('2Sjok6p5X2z8RyWHyFCaEN',$,'MF_Library',$,(#1446,#1447,#1448,#1449,#1450,#1451,#1452,#1453,#1454,#1455));
#1446=IFCPROPERTYSINGLEVALUE('Key',$,IFCLABEL('steel_tee_wt'),$);
#1447=IFCPROPERTYSINGLEVALUE('Family',$,IFCLABEL('WT Structural Tee'),$);
#1448=IFCPROPERTYSINGLEVALUE('TypeName',$,IFCLABEL('WT18X180.5'),$);
#1449=IFCPROPERTYSINGLEVALUE('Version',$,IFCLABEL('0.1.0'),$);
#1450=IFCPROPERTYSINGLEVALUE('License',$,IFCLABEL('CC0-1.0'),$);
#1451=IFCPROPERTYSINGLEVALUE('Source',$,IFCLABEL('massing-families'),$);
#1452=IFCPROPERTYSINGLEVALUE('Tier',$,IFCLABEL('L300'),$);
#1453=IFCPROPERTYSINGLEVALUE('Builder',$,IFCLABEL('profile'),$);
#1454=IFCPROPERTYSINGLEVALUE('Discipline',$,IFCLABEL('structural'),$);
#1455=IFCPROPERTYSINGLEVALUE('GeometryStatus',$,IFCLABEL('parametric'),$);
#1456=IFCPROPERTYSET('0Oh1OxFAr7xBN5Rou_Ndxf',$,'MF_Quantities',$,(#1457,#1458,#1459,#1460,#1461));
#1457=IFCPROPERTYSINGLEVALUE('NominalWidth',$,IFCREAL(0.42418),$);
#1458=IFCPROPERTYSINGLEVALUE('NominalDepth',$,IFCREAL(0.48259999999999997),$);
#1459=IFCPROPERTYSINGLEVALUE('NominalHeight',$,IFCREAL(3.048),$);
#1460=IFCPROPERTYSINGLEVALUE('NominalFootprintArea',$,IFCREAL(0.204709),$);
#1461=IFCPROPERTYSINGLEVALUE('NominalVolume',$,IFCREAL(0.62395400000000001),$);
#1462=IFCMEMBERTYPE('0iaaGUWWv8rBEKfsdm137w',$,'WT Structural Tee - WT18X165',$,$,(#1479,#1483,#1494),(#1478),$,$,.NOTDEFINED.);
#1463=IFCCARTESIANPOINT((0.,0.));
#1464=IFCDIRECTION((1.,0.));
#1465=IFCAXIS2PLACEMENT2D(#1463,#1464);
#1466=IFCTSHAPEPROFILEDEF(.AREA.,'WT18X165',#1465,0.47752,0.42164000000000001,0.025908,0.046989999999999997,0.024129999999999999,$,$,$,$);
#1467=IFCCARTESIANPOINT((0.,0.,0.));
#1468=IFCDIRECTION((0.,0.,1.));
#1469=IFCDIRECTION((1.,0.,0.));
#1470=IFCAXIS2PLACEMENT3D(#1467,#1468,#1469);
#1471=IFCDIRECTION((0.,0.,1.));
#1472=IFCEXTRUDEDAREASOLID(#1466,#1470,#1471,3.048);
#1473=IFCSHAPEREPRESENTATION(#11,'Body','SweptSolid',(#1472));
#1474=IFCCARTESIANPOINT((0.,0.,0.));
#1475=IFCDIRECTION((1.,0.,0.));
#1476=IFCDIRECTION((0.,0.,1.));
#1477=IFCAXIS2PLACEMENT3D(#1474,#1476,#1475);
#1478=IFCREPRESENTATIONMAP(#1477,#1473);
#1479=IFCPROPERTYSET('0sZzdDk1T5v8PXHsLY$ntR',$,'MF_Structural',$,(#1480,#1481,#1482));
#1480=IFCPROPERTYSINGLEVALUE('Section',$,IFCLABEL('WT18X165'),$);
#1481=IFCPROPERTYSINGLEVALUE('SectionFamily',$,IFCLABEL('WT'),$);
#1482=IFCPROPERTYSINGLEVALUE('SectionSource',$,IFCLABEL('AISC Shapes Database v15.0 (US)'),$);
#1483=IFCPROPERTYSET('15RO_WO9PFIB9QJEpBHXcA',$,'MF_Library',$,(#1484,#1485,#1486,#1487,#1488,#1489,#1490,#1491,#1492,#1493));
#1484=IFCPROPERTYSINGLEVALUE('Key',$,IFCLABEL('steel_tee_wt'),$);
#1485=IFCPROPERTYSINGLEVALUE('Family',$,IFCLABEL('WT Structural Tee'),$);
#1486=IFCPROPERTYSINGLEVALUE('TypeName',$,IFCLABEL('WT18X165'),$);
#1487=IFCPROPERTYSINGLEVALUE('Version',$,IFCLABEL('0.1.0'),$);
#1488=IFCPROPERTYSINGLEVALUE('License',$,IFCLABEL('CC0-1.0'),$);
#1489=IFCPROPERTYSINGLEVALUE('Source',$,IFCLABEL('massing-families'),$);
#1490=IFCPROPERTYSINGLEVALUE('Tier',$,IFCLABEL('L300'),$);
#1491=IFCPROPERTYSINGLEVALUE('Builder',$,IFCLABEL('profile'),$);
#1492=IFCPROPERTYSINGLEVALUE('Discipline',$,IFCLABEL('structural'),$);
#1493=IFCPROPERTYSINGLEVALUE('GeometryStatus',$,IFCLABEL('parametric'),$);
#1494=IFCPROPERTYSET('23VZ0iVZX60BISZe4YYHeY',$,'MF_Quantities',$,(#1495,#1496,#1497,#1498,#1499));
#1495=IFCPROPERTYSINGLEVALUE('NominalWidth',$,IFCREAL(0.42164000000000001),$);
#1496=IFCPROPERTYSINGLEVALUE('NominalDepth',$,IFCREAL(0.47752),$);
#1497=IFCPROPERTYSINGLEVALUE('NominalHeight',$,IFCREAL(3.048),$);
#1498=IFCPROPERTYSINGLEVALUE('NominalFootprintArea',$,IFCREAL(0.20134199999999999),$);
#1499=IFCPROPERTYSINGLEVALUE('NominalVolume',$,IFCREAL(0.61368900000000004),$);
#1500=IFCMEMBERTYPE('3$uEAH9_v2ceVJF9CJQ0zB',$,'WT Structural Tee - WT18X151',$,$,(#1517,#1521,#1532),(#1516),$,$,.NOTDEFINED.);
#1501=IFCCARTESIANPOINT((0.,0.));
#1502=IFCDIRECTION((1.,0.));
#1503=IFCAXIS2PLACEMENT2D(#1501,#1502);
#1504=IFCTSHAPEPROFILEDEF(.AREA.,'WT18X151',#1503,0.47498000000000001,0.42418,0.024003,0.042672000000000002,0.024129999999999999,$,$,$,$);
#1505=IFCCARTESIANPOINT((0.,0.,0.));
#1506=IFCDIRECTION((0.,0.,1.));
#1507=IFCDIRECTION((1.,0.,0.));
#1508=IFCAXIS2PLACEMENT3D(#1505,#1506,#1507);
#1509=IFCDIRECTION((0.,0.,1.));
#1510=IFCEXTRUDEDAREASOLID(#1504,#1508,#1509,3.048);
#1511=IFCSHAPEREPRESENTATION(#11,'Body','SweptSolid',(#1510));
#1512=IFCCARTESIANPOINT((0.,0.,0.));
#1513=IFCDIRECTION((1.,0.,0.));
#1514=IFCDIRECTION((0.,0.,1.));
#1515=IFCAXIS2PLACEMENT3D(#1512,#1514,#1513);
#1516=IFCREPRESENTATIONMAP(#1515,#1511);
#1517=IFCPROPERTYSET('21x9Kgl8nD2PiqujRSiwzB',$,'MF_Structural',$,(#1518,#1519,#1520));
#1518=IFCPROPERTYSINGLEVALUE('Section',$,IFCLABEL('WT18X151'),$);
#1519=IFCPROPERTYSINGLEVALUE('SectionFamily',$,IFCLABEL('WT'),$);
#1520=IFCPROPERTYSINGLEVALUE('SectionSource',$,IFCLABEL('AISC Shapes Database v15.0 (US)'),$);
#1521=IFCPROPERTYSET('1USqiwCfT8fB5bxX5A8wta',$,'MF_Library',$,(#1522,#1523,#1524,#1525,#1526,#1527,#1528,#1529,#1530,#1531));
#1522=IFCPROPERTYSINGLEVALUE('Key',$,IFCLABEL('steel_tee_wt'),$);
#1523=IFCPROPERTYSINGLEVALUE('Family',$,IFCLABEL('WT Structural Tee'),$);
#1524=IFCPROPERTYSINGLEVALUE('TypeName',$,IFCLABEL('WT18X151'),$);
#1525=IFCPROPERTYSINGLEVALUE('Version',$,IFCLABEL('0.1.0'),$);
#1526=IFCPROPERTYSINGLEVALUE('License',$,IFCLABEL('CC0-1.0'),$);
#1527=IFCPROPERTYSINGLEVALUE('Source',$,IFCLABEL('massing-families'),$);
#1528=IFCPROPERTYSINGLEVALUE('Tier',$,IFCLABEL('L300'),$);
#1529=IFCPROPERTYSINGLEVALUE('Builder',$,IFCLABEL('profile'),$);
#1530=IFCPROPERTYSINGLEVALUE('Discipline',$,IFCLABEL('structural'),$);
#1531=IFCPROPERTYSINGLEVALUE('GeometryStatus',$,IFCLABEL('parametric'),$);
#1532=IFCPROPERTYSET('0zgN_QcMLBwudjIWYuQLl5',$,'MF_Quantities',$,(#1533,#1534,#1535,#1536,#1537));
#1533=IFCPROPERTYSINGLEVALUE('NominalWidth',$,IFCREAL(0.42418),$);
#1534=IFCPROPERTYSINGLEVALUE('NominalDepth',$,IFCREAL(0.47498000000000001),$);
#1535=IFCPROPERTYSINGLEVALUE('NominalHeight',$,IFCREAL(3.048),$);
#1536=IFCPROPERTYSINGLEVALUE('NominalFootprintArea',$,IFCREAL(0.20147699999999999),$);
#1537=IFCPROPERTYSINGLEVALUE('NominalVolume',$,IFCREAL(0.61410200000000004),$);
#1538=IFCMEMBERTYPE('0jkUQ$JynEUQUhbw$OKjIZ',$,'WT Structural Tee - WT18X141',$,$,(#1555,#1559,#1570),(#1554),$,$,.NOTDEFINED.);
#1539=IFCCARTESIANPOINT((0.,0.));
#1540=IFCDIRECTION((1.,0.));
#1541=IFCAXIS2PLACEMENT2D(#1539,#1540);
#1542=IFCTSHAPEPROFILEDEF(.AREA.,'WT18X141',#1541,0.47244000000000003,0.42164000000000001,0.022478999999999999,0.039877999999999997,0.024129999999999999,$,$,$,$);
#1543=IFCCARTESIANPOINT((0.,0.,0.));
#1544=IFCDIRECTION((0.,0.,1.));
#1545=IFCDIRECTION((1.,0.,0.));
#1546=IFCAXIS2PLACEMENT3D(#1543,#1544,#1545);
#1547=IFCDIRECTION((0.,0.,1.));
#1548=IFCEXTRUDEDAREASOLID(#1542,#1546,#1547,3.048);
#1549=IFCSHAPEREPRESENTATION(#11,'Body','SweptSolid',(#1548));
#1550=IFCCARTESIANPOINT((0.,0.,0.));
#1551=IFCDIRECTION((1.,0.,0.));
#1552=IFCDIRECTION((0.,0.,1.));
#1553=IFCAXIS2PLACEMENT3D(#1550,#1552,#1551);
#1554=IFCREPRESENTATIONMAP(#1553,#1549);
#1555=IFCPROPERTYSET('1teeDAQNzCgBN$z58PQi9l',$,'MF_Structural',$,(#1556,#1557,#1558));
#1556=IFCPROPERTYSINGLEVALUE('Section',$,IFCLABEL('WT18X141'),$);
#1557=IFCPROPERTYSINGLEVALUE('SectionFamily',$,IFCLABEL('WT'),$);
#1558=IFCPROPERTYSINGLEVALUE('SectionSource',$,IFCLABEL('AISC Shapes Database v15.0 (US)'),$);
#1559=IFCPROPERTYSET('0jEplBngbDcfbxEQndWsY2',$,'MF_Library',$,(#1560,#1561,#1562,#1563,#1564,#1565,#1566,#1567,#1568,#1569));
#1560=IFCPROPERTYSINGLEVALUE('Key',$,IFCLABEL('steel_tee_wt'),$);
#1561=IFCPROPERTYSINGLEVALUE('Family',$,IFCLABEL('WT Structural Tee'),$);
#1562=IFCPROPERTYSINGLEVALUE('TypeName',$,IFCLABEL('WT18X141'),$);
#1563=IFCPROPERTYSINGLEVALUE('Version',$,IFCLABEL('0.1.0'),$);
#1564=IFCPROPERTYSINGLEVALUE('License',$,IFCLABEL('CC0-1.0'),$);
#1565=IFCPROPERTYSINGLEVALUE('Source',$,IFCLABEL('massing-families'),$);
#1566=IFCPROPERTYSINGLEVALUE('Tier',$,IFCLABEL('L300'),$);
#1567=IFCPROPERTYSINGLEVALUE('Builder',$,IFCLABEL('profile'),$);
#1568=IFCPROPERTYSINGLEVALUE('Discipline',$,IFCLABEL('structural'),$);
#1569=IFCPROPERTYSINGLEVALUE('GeometryStatus',$,IFCLABEL('parametric'),$);
#1570=IFCPROPERTYSET('2DCXsJqX5DbuD28cecxtZy',$,'MF_Quantities',$,(#1571,#1572,#1573,#1574,#1575));
#1571=IFCPROPERTYSINGLEVALUE('NominalWidth',$,IFCREAL(0.42164000000000001),$);
#1572=IFCPROPERTYSINGLEVALUE('NominalDepth',$,IFCREAL(0.47244000000000003),$);
#1573=IFCPROPERTYSINGLEVALUE('NominalHeight',$,IFCREAL(3.048),$);
#1574=IFCPROPERTYSINGLEVALUE('NominalFootprintArea',$,IFCREAL(0.19919999999999999),$);
#1575=IFCPROPERTYSINGLEVALUE('NominalVolume',$,IFCREAL(0.60716000000000003),$);
#1576=IFCMEMBERTYPE('1juHUTCM9E6RhEQ2Kb407e',$,'WT Structural Tee - WT18X131',$,$,(#1593,#1597,#1608),(#1592),$,$,.NOTDEFINED.);
#1577=IFCCARTESIANPOINT((0.,0.));
#1578=IFCDIRECTION((1.,0.));
#1579=IFCAXIS2PLACEMENT2D(#1577,#1578);
#1580=IFCTSHAPEPROFILEDEF(.AREA.,'WT18X131',#1579,0.46736,0.42164000000000001,0.021336000000000001,0.036575999999999997,0.024129999999999999,$,$,$,$);
#1581=IFCCARTESIANPOINT((0.,0.,0.));
#1582=IFCDIRECTION((0.,0.,1.));
#1583=IFCDIRECTION((1.,0.,0.));
#1584=IFCAXIS2PLACEMENT3D(#1581,#1582,#1583);
#1585=IFCDIRECTION((0.,0.,1.));
#1586=IFCEXTRUDEDAREASOLID(#1580,#1584,#1585,3.048);
#1587=IFCSHAPEREPRESENTATION(#11,'Body','SweptSolid',(#1586));
#1588=IFCCARTESIANPOINT((0.,0.,0.));
#1589=IFCDIRECTION((1.,0.,0.));
#1590=IFCDIRECTION((0.,0.,1.));
#1591=IFCAXIS2PLACEMENT3D(#1588,#1590,#1589);
#1592=IFCREPRESENTATIONMAP(#1591,#1587);
#1593=IFCPROPERTYSET('1TFmEWyxXAo8xnHcAp_v6T',$,'MF_Structural',$,(#1594,#1595,#1596));
#1594=IFCPROPERTYSINGLEVALUE('Section',$,IFCLABEL('WT18X131'),$);
#1595=IFCPROPERTYSINGLEVALUE('SectionFamily',$,IFCLABEL('WT'),$);
#1596=IFCPROPERTYSINGLEVALUE('SectionSource',$,IFCLABEL('AISC Shapes Database v15.0 (US)'),$);
#1597=IFCPROPERTYSET('21kLzNK9L8L9dSmlA9Spf2',$,'MF_Library',$,(#1598,#1599,#1600,#1601,#1602,#1603,#1604,#1605,#1606,#1607));
#1598=IFCPROPERTYSINGLEVALUE('Key',$,IFCLABEL('steel_tee_wt'),$);
#1599=IFCPROPERTYSINGLEVALUE('Family',$,IFCLABEL('WT Structural Tee'),$);
#1600=IFCPROPERTYSINGLEVALUE('TypeName',$,IFCLABEL('WT18X131'),$);
#1601=IFCPROPERTYSINGLEVALUE('Version',$,IFCLABEL('0.1.0'),$);
#1602=IFCPROPERTYSINGLEVALUE('License',$,IFCLABEL('CC0-1.0'),$);
#1603=IFCPROPERTYSINGLEVALUE('Source',$,IFCLABEL('massing-families'),$);
#1604=IFCPROPERTYSINGLEVALUE('Tier',$,IFCLABEL('L300'),$);
#1605=IFCPROPERTYSINGLEVALUE('Builder',$,IFCLABEL('profile'),$);
#1606=IFCPROPERTYSINGLEVALUE('Discipline',$,IFCLABEL('structural'),$);
#1607=IFCPROPERTYSINGLEVALUE('GeometryStatus',$,IFCLABEL('parametric'),$);
#1608=IFCPROPERTYSET('3wBjF3ct5408mAFwNiDnxW',$,'MF_Quantities',$,(#1609,#1610,#1611,#1612,#1613));
#1609=IFCPROPERTYSINGLEVALUE('NominalWidth',$,IFCREAL(0.42164000000000001),$);
#1610=IFCPROPERTYSINGLEVALUE('NominalDepth',$,IFCREAL(0.46736),$);
#1611=IFCPROPERTYSINGLEVALUE('NominalHeight',$,IFCREAL(3.048),$);
#1612=IFCPROPERTYSINGLEVALUE('NominalFootprintArea',$,IFCREAL(0.19705800000000001),$);
#1613=IFCPROPERTYSINGLEVALUE('NominalVolume',$,IFCREAL(0.60063200000000005),$);
#1614=IFCMEMBERTYPE('1vG3cM47P82hH8abjxM43b',$,'WT Structural Tee - WT18X123.5',$,$,(#1631,#1635,#1646),(#1630),$,$,.NOTDEFINED.);
#1615=IFCCARTESIANPOINT((0.,0.));
#1616=IFCDIRECTION((1.,0.));
#1617=IFCAXIS2PLACEMENT2D(#1615,#1616);
#1618=IFCTSHAPEPROFILEDEF(.AREA.,'WT18X123.5',#1617,0.46482000000000001,0.41909999999999997,0.020320000000000001,0.034290000000000001,0.024129999999999999,$,$,$,$);
#1619=IFCCARTESIANPOINT((0.,0.,0.));
#1620=IFCDIRECTION((0.,0.,1.));
#1621=IFCDIRECTION((1.,0.,0.));
#1622=IFCAXIS2PLACEMENT3D(#1619,#1620,#1621);
#1623=IFCDIRECTION((0.,0.,1.));
#1624=IFCEXTRUDEDAREASOLID(#1618,#1622,#1623,3.048);
#1625=IFCSHAPEREPRESENTATION(#11,'Body','SweptSolid',(#1624));
#1626=IFCCARTESIANPOINT((0.,0.,0.));
#1627=IFCDIRECTION((1.,0.,0.));
#1628=IFCDIRECTION((0.,0.,1.));
#1629=IFCAXIS2PLACEMENT3D(#1626,#1628,#1627);
#1630=IFCREPRESENTATIONMAP(#1629,#1625);
#1631=IFCPROPERTYSET('35DDEAgz16TuDGdTd3m7_T',$,'MF_Structural',$,(#1632,#1633,#1634));
#1632=IFCPROPERTYSINGLEVALUE('Section',$,IFCLABEL('WT18X123.5'),$);
#1633=IFCPROPERTYSINGLEVALUE('SectionFamily',$,IFCLABEL('WT'),$);
#1634=IFCPROPERTYSINGLEVALUE('SectionSource',$,IFCLABEL('AISC Shapes Database v15.0 (US)'),$);
#1635=IFCPROPERTYSET('0lYxXM8yTDFfJOUm5g8eR7',$,'MF_Library',$,(#1636,#1637,#1638,#1639,#1640,#1641,#1642,#1643,#1644,#1645));
#1636=IFCPROPERTYSINGLEVALUE('Key',$,IFCLABEL('steel_tee_wt'),$);
#1637=IFCPROPERTYSINGLEVALUE('Family',$,IFCLABEL('WT Structural Tee'),$);
#1638=IFCPROPERTYSINGLEVALUE('TypeName',$,IFCLABEL('WT18X123.5'),$);
#1639=IFCPROPERTYSINGLEVALUE('Version',$,IFCLABEL('0.1.0'),$);
#1640=IFCPROPERTYSINGLEVALUE('License',$,IFCLABEL('CC0-1.0'),$);
#1641=IFCPROPERTYSINGLEVALUE('Source',$,IFCLABEL('massing-families'),$);
#1642=IFCPROPERTYSINGLEVALUE('Tier',$,IFCLABEL('L300'),$);
#1643=IFCPROPERTYSINGLEVALUE('Builder',$,IFCLABEL('profile'),$);
#1644=IFCPROPERTYSINGLEVALUE('Discipline',$,IFCLABEL('structural'),$);
#1645=IFCPROPERTYSINGLEVALUE('GeometryStatus',$,IFCLABEL('parametric'),$);
#1646=IFCPROPERTYSET('2B4GmTDlLDQx8vg_miwLpR',$,'MF_Quantities',$,(#1647,#1648,#1649,#1650,#1651));
#1647=IFCPROPERTYSINGLEVALUE('NominalWidth',$,IFCREAL(0.41909999999999997),$);
#1648=IFCPROPERTYSINGLEVALUE('NominalDepth',$,IFCREAL(0.46482000000000001),$);
#1649=IFCPROPERTYSINGLEVALUE('NominalHeight',$,IFCREAL(3.048),$);
#1650=IFCPROPERTYSINGLEVALUE('NominalFootprintArea',$,IFCREAL(0.19480600000000001),$);
#1651=IFCPROPERTYSINGLEVALUE('NominalVolume',$,IFCREAL(0.59376899999999999),$);
#1652=IFCMEMBERTYPE('3IF7rDZu1FKAopFfZ07UAR',$,'WT Structural Tee - WT18X115.5',$,$,(#1669,#1673,#1684),(#1668),$,$,.NOTDEFINED.);
#1653=IFCCARTESIANPOINT((0.,0.));
#1654=IFCDIRECTION((1.,0.));
#1655=IFCAXIS2PLACEMENT2D(#1653,#1654);
#1656=IFCTSHAPEPROFILEDEF(.AREA.,'WT18X115.5',#1655,0.46228000000000002,0.41909999999999997,0.019304000000000002,0.032003999999999998,0.024129999999999999,$,$,$,$);
#1657=IFCCARTESIANPOINT((0.,0.,0.));
#1658=IFCDIRECTION((0.,0.,1.));
#1659=IFCDIRECTION((1.,0.,0.));
#1660=IFCAXIS2PLACEMENT3D(#1657,#1658,#1659);
#1661=IFCDIRECTION((0.,0.,1.));
#1662=IFCEXTRUDEDAREASOLID(#1656,#1660,#1661,3.048);
#1663=IFCSHAPEREPRESENTATION(#11,'Body','SweptSolid',(#1662));
#1664=IFCCARTESIANPOINT((0.,0.,0.));
#1665=IFCDIRECTION((1.,0.,0.));
#1666=IFCDIRECTION((0.,0.,1.));
#1667=IFCAXIS2PLACEMENT3D(#1664,#1666,#1665);
#1668=IFCREPRESENTATIONMAP(#1667,#1663);
#1669=IFCPROPERTYSET('34o8J5dvr7XfW$bV$MTZqv',$,'MF_Structural',$,(#1670,#1671,#1672));
#1670=IFCPROPERTYSINGLEVALUE('Section',$,IFCLABEL('WT18X115.5'),$);
#1671=IFCPROPERTYSINGLEVALUE('SectionFamily',$,IFCLABEL('WT'),$);
#1672=IFCPROPERTYSINGLEVALUE('SectionSource',$,IFCLABEL('AISC Shapes Database v15.0 (US)'),$);
#1673=IFCPROPERTYSET('3gRavFQ7vE8RgxYJtv3VS$',$,'MF_Library',$,(#1674,#1675,#1676,#1677,#1678,#1679,#1680,#1681,#1682,#1683));
#1674=IFCPROPERTYSINGLEVALUE('Key',$,IFCLABEL('steel_tee_wt'),$);
#1675=IFCPROPERTYSINGLEVALUE('Family',$,IFCLABEL('WT Structural Tee'),$);
#1676=IFCPROPERTYSINGLEVALUE('TypeName',$,IFCLABEL('WT18X115.5'),$);
#1677=IFCPROPERTYSINGLEVALUE('Version',$,IFCLABEL('0.1.0'),$);
#1678=IFCPROPERTYSINGLEVALUE('License',$,IFCLABEL('CC0-1.0'),$);
#1679=IFCPROPERTYSINGLEVALUE('Source',$,IFCLABEL('massing-families'),$);
#1680=IFCPROPERTYSINGLEVALUE('Tier',$,IFCLABEL('L300'),$);
#1681=IFCPROPERTYSINGLEVALUE('Builder',$,IFCLABEL('profile'),$);
#1682=IFCPROPERTYSINGLEVALUE('Discipline',$,IFCLABEL('structural'),$);
#1683=IFCPROPERTYSINGLEVALUE('GeometryStatus',$,IFCLABEL('parametric'),$);
#1684=IFCPROPERTYSET('0sSZL1JB14vvA7DOzWN54D',$,'MF_Quantities',$,(#1685,#1686,#1687,#1688,#1689));
#1685=IFCPROPERTYSINGLEVALUE('NominalWidth',$,IFCREAL(0.41909999999999997),$);
#1686=IFCPROPERTYSINGLEVALUE('NominalDepth',$,IFCREAL(0.46228000000000002),$);
#1687=IFCPROPERTYSINGLEVALUE('NominalHeight',$,IFCREAL(3.048),$);
#1688=IFCPROPERTYSINGLEVALUE('NominalFootprintArea',$,IFCREAL(0.193742),$);
#1689=IFCPROPERTYSINGLEVALUE('NominalVolume',$,IFCREAL(0.59052400000000005),$);
#1690=IFCMEMBERTYPE('04hSadqAn1RwqZYcOnPmyy',$,'WT Structural Tee - WT18X128',$,$,(#1707,#1711,#1722),(#1706),$,$,.NOTDEFINED.);
#1691=IFCCARTESIANPOINT((0.,0.));
#1692=IFCDIRECTION((1.,0.));
#1693=IFCAXIS2PLACEMENT2D(#1691,#1692);
#1694=IFCTSHAPEPROFILEDEF(.AREA.,'WT18X128',#1693,0.47498000000000001,0.30987999999999999,0.024383999999999999,0.043942000000000002,0.019050000000000001,$,$,$,$);
#1695=IFCCARTESIANPOINT((0.,0.,0.));
#1696=IFCDIRECTION((0.,0.,1.));
#1697=IFCDIRECTION((1.,0.,0.));
#1698=IFCAXIS2PLACEMENT3D(#1695,#1696,#1697);
#1699=IFCDIRECTION((0.,0.,1.));
#1700=IFCEXTRUDEDAREASOLID(#1694,#1698,#1699,3.048);
#1701=IFCSHAPEREPRESENTATION(#11,'Body','SweptSolid',(#1700));
#1702=IFCCARTESIANPOINT((0.,0.,0.));
#1703=IFCDIRECTION((1.,0.,0.));
#1704=IFCDIRECTION((0.,0.,1.));
#1705=IFCAXIS2PLACEMENT3D(#1702,#1704,#1703);
#1706=IFCREPRESENTATIONMAP(#1705,#1701);
#1707=IFCPROPERTYSET('3z6d8IQGr35f3hHmzQjCaL',$,'MF_Structural',$,(#1708,#1709,#1710));
#1708=IFCPROPERTYSINGLEVALUE('Section',$,IFCLABEL('WT18X128'),$);
#1709=IFCPROPERTYSINGLEVALUE('SectionFamily',$,IFCLABEL('WT'),$);
#1710=IFCPROPERTYSINGLEVALUE('SectionSource',$,IFCLABEL('AISC Shapes Database v15.0 (US)'),$);
#1711=IFCPROPERTYSET('39REyVr79DOByfDamADStf',$,'MF_Library',$,(#1712,#1713,#1714,#1715,#1716,#1717,#1718,#1719,#1720,#1721));
#1712=IFCPROPERTYSINGLEVALUE('Key',$,IFCLABEL('steel_tee_wt'),$);
#1713=IFCPROPERTYSINGLEVALUE('Family',$,IFCLABEL('WT Structural Tee'),$);
#1714=IFCPROPERTYSINGLEVALUE('TypeName',$,IFCLABEL('WT18X128'),$);
#1715=IFCPROPERTYSINGLEVALUE('Version',$,IFCLABEL('0.1.0'),$);
#1716=IFCPROPERTYSINGLEVALUE('License',$,IFCLABEL('CC0-1.0'),$);
#1717=IFCPROPERTYSINGLEVALUE('Source',$,IFCLABEL('massing-families'),$);
#1718=IFCPROPERTYSINGLEVALUE('Tier',$,IFCLABEL('L300'),$);
#1719=IFCPROPERTYSINGLEVALUE('Builder',$,IFCLABEL('profile'),$);
#1720=IFCPROPERTYSINGLEVALUE('Discipline',$,IFCLABEL('structural'),$);
#1721=IFCPROPERTYSINGLEVALUE('GeometryStatus',$,IFCLABEL('parametric'),$);
#1722=IFCPROPERTYSET('0f9W8BqUj4YPjqWB$rtCUl',$,'MF_Quantities',$,(#1723,#1724,#1725,#1726,#1727));
#1723=IFCPROPERTYSINGLEVALUE('NominalWidth',$,IFCREAL(0.30987999999999999),$);
#1724=IFCPROPERTYSINGLEVALUE('NominalDepth',$,IFCREAL(0.47498000000000001),$);
#1725=IFCPROPERTYSINGLEVALUE('NominalHeight',$,IFCREAL(3.048),$);
#1726=IFCPROPERTYSINGLEVALUE('NominalFootprintArea',$,IFCREAL(0.14718700000000001),$);
#1727=IFCPROPERTYSINGLEVALUE('NominalVolume',$,IFCREAL(0.448625),$);
#1728=IFCMEMBERTYPE('1xWpzLtNz9AOLoDhCUWnbh',$,'WT Structural Tee - WT18X116',$,$,(#1745,#1749,#1760),(#1744),$,$,.NOTDEFINED.);
#1729=IFCCARTESIANPOINT((0.,0.));
#1730=IFCDIRECTION((1.,0.));
#1731=IFCAXIS2PLACEMENT2D(#1729,#1730);
#1732=IFCTSHAPEPROFILEDEF(.AREA.,'WT18X116',#1731,0.47244000000000003,0.30734,0.022098,0.039877999999999997,0.019050000000000001,$,$,$,$);
#1733=IFCCARTESIANPOINT((0.,0.,0.));
#1734=IFCDIRECTION((0.,0.,1.));
#1735=IFCDIRECTION((1.,0.,0.));
#1736=IFCAXIS2PLACEMENT3D(#1733,#1734,#1735);
#1737=IFCDIRECTION((0.,0.,1.));
#1738=IFCEXTRUDEDAREASOLID(#1732,#1736,#1737,3.048);
#1739=IFCSHAPEREPRESENTATION(#11,'Body','SweptSolid',(#1738));
#1740=IFCCARTESIANPOINT((0.,0.,0.));
#1741=IFCDIRECTION((1.,0.,0.));
#1742=IFCDIRECTION((0.,0.,1.));
#1743=IFCAXIS2PLACEMENT3D(#1740,#1742,#1741);
#1744=IFCREPRESENTATIONMAP(#1743,#1739);
#1745=IFCPROPERTYSET('1l5ROYIwL3VfTf0TrQ3DMv',$,'MF_Structural',$,(#1746,#1747,#1748));
#1746=IFCPROPERTYSINGLEVALUE('Section',$,IFCLABEL('WT18X116'),$);
#1747=IFCPROPERTYSINGLEVALUE('SectionFamily',$,IFCLABEL('WT'),$);
#1748=IFCPROPERTYSINGLEVALUE('SectionSource',$,IFCLABEL('AISC Shapes Database v15.0 (US)'),$);
#1749=IFCPROPERTYSET('36_TNdhbrFqPWw8E4FsELJ',$,'MF_Library',$,(#1750,#1751,#1752,#1753,#1754,#1755,#1756,#1757,#1758,#1759));
#1750=IFCPROPERTYSINGLEVALUE('Key',$,IFCLABEL('steel_tee_wt'),$);
#1751=IFCPROPERTYSINGLEVALUE('Family',$,IFCLABEL('WT Structural Tee'),$);
#1752=IFCPROPERTYSINGLEVALUE('TypeName',$,IFCLABEL('WT18X116'),$);
#1753=IFCPROPERTYSINGLEVALUE('Version',$,IFCLABEL('0.1.0'),$);
#1754=IFCPROPERTYSINGLEVALUE('License',$,IFCLABEL('CC0-1.0'),$);
#1755=IFCPROPERTYSINGLEVALUE('Source',$,IFCLABEL('massing-families'),$);
#1756=IFCPROPERTYSINGLEVALUE('Tier',$,IFCLABEL('L300'),$);
#1757=IFCPROPERTYSINGLEVALUE('Builder',$,IFCLABEL('profile'),$);
#1758=IFCPROPERTYSINGLEVALUE('Discipline',$,IFCLABEL('structural'),$);
#1759=IFCPROPERTYSINGLEVALUE('GeometryStatus',$,IFCLABEL('parametric'),$);
#1760=IFCPROPERTYSET('1aW6jpfEr0zA_dO3sN2BBG',$,'MF_Quantities',$,(#1761,#1762,#1763,#1764,#1765));
#1761=IFCPROPERTYSINGLEVALUE('NominalWidth',$,IFCREAL(0.30734),$);
#1762=IFCPROPERTYSINGLEVALUE('NominalDepth',$,IFCREAL(0.47244000000000003),$);
#1763=IFCPROPERTYSINGLEVALUE('NominalHeight',$,IFCREAL(3.048),$);
#1764=IFCPROPERTYSINGLEVALUE('NominalFootprintArea',$,IFCREAL(0.1452),$);
#1765=IFCPROPERTYSINGLEVALUE('NominalVolume',$,IFCREAL(0.44256899999999999),$);
#1766=IFCMEMBERTYPE('3gB68lSTb9m8HKH01UB1Z1',$,'WT Structural Tee - WT18X105',$,$,(#1783,#1787,#1798),(#1782),$,$,.NOTDEFINED.);
#1767=IFCCARTESIANPOINT((0.,0.));
#1768=IFCDIRECTION((1.,0.));
#1769=IFCAXIS2PLACEMENT2D(#1767,#1768);
#1770=IFCTSHAPEPROFILEDEF(.AREA.,'WT18X105',#1769,0.46482000000000001,0.30987999999999999,0.021082,0.034543999999999998,0.019050000000000001,$,$,$,$);
#1771=IFCCARTESIANPOINT((0.,0.,0.));
#1772=IFCDIRECTION((0.,0.,1.));
#1773=IFCDIRECTION((1.,0.,0.));
#1774=IFCAXIS2PLACEMENT3D(#1771,#1772,#1773);
#1775=IFCDIRECTION((0.,0.,1.));
#1776=IFCEXTRUDEDAREASOLID(#1770,#1774,#1775,3.048);
#1777=IFCSHAPEREPRESENTATION(#11,'Body','SweptSolid',(#1776));
#1778=IFCCARTESIANPOINT((0.,0.,0.));
#1779=IFCDIRECTION((1.,0.,0.));
#1780=IFCDIRECTION((0.,0.,1.));
#1781=IFCAXIS2PLACEMENT3D(#1778,#1780,#1779);
#1782=IFCREPRESENTATIONMAP(#1781,#1777);
#1783=IFCPROPERTYSET('2VTzXlIkv9agB4wmzxkJjT',$,'MF_Structural',$,(#1784,#1785,#1786));
#1784=IFCPROPERTYSINGLEVALUE('Section',$,IFCLABEL('WT18X105'),$);
#1785=IFCPROPERTYSINGLEVALUE('SectionFamily',$,IFCLABEL('WT'),$);
#1786=IFCPROPERTYSINGLEVALUE('SectionSource',$,IFCLABEL('AISC Shapes Database v15.0 (US)'),$);
#1787=IFCPROPERTYSET('0rWXbzhGz2ruydL_paGj50',$,'MF_Library',$,(#1788,#1789,#1790,#1791,#1792,#1793,#1794,#1795,#1796,#1797));
#1788=IFCPROPERTYSINGLEVALUE('Key',$,IFCLABEL('steel_tee_wt'),$);
#1789=IFCPROPERTYSINGLEVALUE('Family',$,IFCLABEL('WT Structural Tee'),$);
#1790=IFCPROPERTYSINGLEVALUE('TypeName',$,IFCLABEL('WT18X105'),$);
#1791=IFCPROPERTYSINGLEVALUE('Version',$,IFCLABEL('0.1.0'),$);
#1792=IFCPROPERTYSINGLEVALUE('License',$,IFCLABEL('CC0-1.0'),$);
#1793=IFCPROPERTYSINGLEVALUE('Source',$,IFCLABEL('massing-families'),$);
#1794=IFCPROPERTYSINGLEVALUE('Tier',$,IFCLABEL('L300'),$);
#1795=IFCPROPERTYSINGLEVALUE('Builder',$,IFCLABEL('profile'),$);
#1796=IFCPROPERTYSINGLEVALUE('Discipline',$,IFCLABEL('structural'),$);
#1797=IFCPROPERTYSINGLEVALUE('GeometryStatus',$,IFCLABEL('parametric'),$);
#1798=IFCPROPERTYSET('0fgjKvfobA0e65$bLS0FU4',$,'MF_Quantities',$,(#1799,#1800,#1801,#1802,#1803));
#1799=IFCPROPERTYSINGLEVALUE('NominalWidth',$,IFCREAL(0.30987999999999999),$);
#1800=IFCPROPERTYSINGLEVALUE('NominalDepth',$,IFCREAL(0.46482000000000001),$);
#1801=IFCPROPERTYSINGLEVALUE('NominalHeight',$,IFCREAL(3.048),$);
#1802=IFCPROPERTYSINGLEVALUE('NominalFootprintArea',$,IFCREAL(0.144038),$);
#1803=IFCPROPERTYSINGLEVALUE('NominalVolume',$,IFCREAL(0.439029),$);
#1804=IFCMEMBERTYPE('2IbIwluWvBpxXo04Wv0VBe',$,'WT Structural Tee - WT18X97',$,$,(#1821,#1825,#1836),(#1820),$,$,.NOTDEFINED.);
#1805=IFCCARTESIANPOINT((0.,0.));
#1806=IFCDIRECTION((1.,0.));
#1807=IFCAXIS2PLACEMENT2D(#1805,#1806);
#1808=IFCTSHAPEPROFILEDEF(.AREA.,'WT18X97',#1807,0.46228000000000002,0.30734,0.019431,0.032003999999999998,0.019050000000000001,$,$,$,$);
#1809=IFCCARTESIANPOINT((0.,0.,0.));
#1810=IFCDIRECTION((0.,0.,1.));
#1811=IFCDIRECTION((1.,0.,0.));
#1812=IFCAXIS2PLACEMENT3D(#1809,#1810,#1811);
#1813=IFCDIRECTION((0.,0.,1.));
#1814=IFCEXTRUDEDAREASOLID(#1808,#1812,#1813,3.048);
#1815=IFCSHAPEREPRESENTATION(#11,'Body','SweptSolid',(#1814));
#1816=IFCCARTESIANPOINT((0.,0.,0.));
#1817=IFCDIRECTION((1.,0.,0.));
#1818=IFCDIRECTION((0.,0.,1.));
#1819=IFCAXIS2PLACEMENT3D(#1816,#1818,#1817);
#1820=IFCREPRESENTATIONMAP(#1819,#1815);
#1821=IFCPROPERTYSET('1epvCIfubBwh3w6sTqijgI',$,'MF_Structural',$,(#1822,#1823,#1824));
#1822=IFCPROPERTYSINGLEVALUE('Section',$,IFCLABEL('WT18X97'),$);
#1823=IFCPROPERTYSINGLEVALUE('SectionFamily',$,IFCLABEL('WT'),$);
#1824=IFCPROPERTYSINGLEVALUE('SectionSource',$,IFCLABEL('AISC Shapes Database v15.0 (US)'),$);
#1825=IFCPROPERTYSET('1uQg4kYJL8kORRdDsk5St_',$,'MF_Library',$,(#1826,#1827,#1828,#1829,#1830,#1831,#1832,#1833,#1834,#1835));
#1826=IFCPROPERTYSINGLEVALUE('Key',$,IFCLABEL('steel_tee_wt'),$);
#1827=IFCPROPERTYSINGLEVALUE('Family',$,IFCLABEL('WT Structural Tee'),$);
#1828=IFCPROPERTYSINGLEVALUE('TypeName',$,IFCLABEL('WT18X97'),$);
#1829=IFCPROPERTYSINGLEVALUE('Version',$,IFCLABEL('0.1.0'),$);
#1830=IFCPROPERTYSINGLEVALUE('License',$,IFCLABEL('CC0-1.0'),$);
#1831=IFCPROPERTYSINGLEVALUE('Source',$,IFCLABEL('massing-families'),$);
#1832=IFCPROPERTYSINGLEVALUE('Tier',$,IFCLABEL('L300'),$);
#1833=IFCPROPERTYSINGLEVALUE('Builder',$,IFCLABEL('profile'),$);
#1834=IFCPROPERTYSINGLEVALUE('Discipline',$,IFCLABEL('structural'),$);
#1835=IFCPROPERTYSINGLEVALUE('GeometryStatus',$,IFCLABEL('parametric'),$);
#1836=IFCPROPERTYSET('1HBsnoKN14HxDOlOPHTr7S',$,'MF_Quantities',$,(#1837,#1838,#1839,#1840,#1841));
#1837=IFCPROPERTYSINGLEVALUE('NominalWidth',$,IFCREAL(0.30734),$);
#1838=IFCPROPERTYSINGLEVALUE('NominalDepth',$,IFCREAL(0.46228000000000002),$);
#1839=IFCPROPERTYSINGLEVALUE('NominalHeight',$,IFCREAL(3.048),$);
#1840=IFCPROPERTYSINGLEVALUE('NominalFootprintArea',$,IFCREAL(0.14207700000000001),$);
#1841=IFCPROPERTYSINGLEVALUE('NominalVolume',$,IFCREAL(0.43305100000000002),$);
#1842=IFCMEMBERTYPE('1VT6BxJrPDBQTpug8vURRL',$,'WT Structural Tee - WT18X91',$,$,(#1859,#1863,#1874),(#1858),$,$,.NOTDEFINED.);
#1843=IFCCARTESIANPOINT((0.,0.));
#1844=IFCDIRECTION((1.,0.));
#1845=IFCAXIS2PLACEMENT2D(#1843,#1844);
#1846=IFCTSHAPEPROFILEDEF(.AREA.,'WT18X91',#1845,0.46228000000000002,0.30734,0.018415000000000001,0.029971999999999999,0.019050000000000001,$,$,$,$);
#1847=IFCCARTESIANPOINT((0.,0.,0.));
#1848=IFCDIRECTION((0.,0.,1.));
#1849=IFCDIRECTION((1.,0.,0.));
#1850=IFCAXIS2PLACEMENT3D(#1847,#1848,#1849);
#1851=IFCDIRECTION((0.,0.,1.));
#1852=IFCEXTRUDEDAREASOLID(#1846,#1850,#1851,3.048);
#1853=IFCSHAPEREPRESENTATION(#11,'Body','SweptSolid',(#1852));
#1854=IFCCARTESIANPOINT((0.,0.,0.));
#1855=IFCDIRECTION((1.,0.,0.));
#1856=IFCDIRECTION((0.,0.,1.));
#1857=IFCAXIS2PLACEMENT3D(#1854,#1856,#1855);
#1858=IFCREPRESENTATIONMAP(#1857,#1853);
#1859=IFCPROPERTYSET('0_GNeUpen7w9doXJxFE38R',$,'MF_Structural',$,(#1860,#1861,#1862));
#1860=IFCPROPERTYSINGLEVALUE('Section',$,IFCLABEL('WT18X91'),$);
#1861=IFCPROPERTYSINGLEVALUE('SectionFamily',$,IFCLABEL('WT'),$);
#1862=IFCPROPERTYSINGLEVALUE('SectionSource',$,IFCLABEL('AISC Shapes Database v15.0 (US)'),$);
#1863=IFCPROPERTYSET('18VCi8C_X4qBbT9eaNZnEe',$,'MF_Library',$,(#1864,#1865,#1866,#1867,#1868,#1869,#1870,#1871,#1872,#1873));
#1864=IFCPROPERTYSINGLEVALUE('Key',$,IFCLABEL('steel_tee_wt'),$);
#1865=IFCPROPERTYSINGLEVALUE('Family',$,IFCLABEL('WT Structural Tee'),$);
#1866=IFCPROPERTYSINGLEVALUE('TypeName',$,IFCLABEL('WT18X91'),$);
#1867=IFCPROPERTYSINGLEVALUE('Version',$,IFCLABEL('0.1.0'),$);
#1868=IFCPROPERTYSINGLEVALUE('License',$,IFCLABEL('CC0-1.0'),$);
#1869=IFCPROPERTYSINGLEVALUE('Source',$,IFCLABEL('massing-families'),$);
#1870=IFCPROPERTYSINGLEVALUE('Tier',$,IFCLABEL('L300'),$);
#1871=IFCPROPERTYSINGLEVALUE('Builder',$,IFCLABEL('profile'),$);
#1872=IFCPROPERTYSINGLEVALUE('Discipline',$,IFCLABEL('structural'),$);
#1873=IFCPROPERTYSINGLEVALUE('GeometryStatus',$,IFCLABEL('parametric'),$);
#1874=IFCPROPERTYSET('0V_6ySWqXBVQIKURXlmQWh',$,'MF_Quantities',$,(#1875,#1876,#1877,#1878,#1879));
#1875=IFCPROPERTYSINGLEVALUE('NominalWidth',$,IFCREAL(0.30734),$);
#1876=IFCPROPERTYSINGLEVALUE('NominalDepth',$,IFCREAL(0.46228000000000002),$);
#1877=IFCPROPERTYSINGLEVALUE('NominalHeight',$,IFCREAL(3.048),$);
#1878=IFCPROPERTYSINGLEVALUE('NominalFootprintArea',$,IFCREAL(0.14207700000000001),$);
#1879=IFCPROPERTYSINGLEVALUE('NominalVolume',$,IFCREAL(0.43305100000000002),$);
#1880=IFCMEMBERTYPE('0iRKDNWgX9qQCX9XaOSPML',$,'WT Structural Tee - WT18X85',$,$,(#1897,#1901,#1912),(#1896),$,$,.NOTDEFINED.);
#1881=IFCCARTESIANPOINT((0.,0.));
#1882=IFCDIRECTION((1.,0.));
#1883=IFCAXIS2PLACEMENT2D(#1881,#1882);
#1884=IFCTSHAPEPROFILEDEF(.AREA.,'WT18X85',#1883,0.45973999999999998,0.30480000000000002,0.017271999999999999,0.02794,0.019050000000000001,$,$,$,$);
#1885=IFCCARTESIANPOINT((0.,0.,0.));
#1886=IFCDIRECTION((0.,0.,1.));
#1887=IFCDIRECTION((1.,0.,0.));
#1888=IFCAXIS2PLACEMENT3D(#1885,#1886,#1887);
#1889=IFCDIRECTION((0.,0.,1.));
#1890=IFCEXTRUDEDAREASOLID(#1884,#1888,#1889,3.048);
#1891=IFCSHAPEREPRESENTATION(#11,'Body','SweptSolid',(#1890));
#1892=IFCCARTESIANPOINT((0.,0.,0.));
#1893=IFCDIRECTION((1.,0.,0.));
#1894=IFCDIRECTION((0.,0.,1.));
#1895=IFCAXIS2PLACEMENT3D(#1892,#1894,#1893);
#1896=IFCREPRESENTATIONMAP(#1895,#1891);
#1897=IFCPROPERTYSET('00Gcdn2sXCNuqRHikZOf0E',$,'MF_Structural',$,(#1898,#1899,#1900));
#1898=IFCPROPERTYSINGLEVALUE('Section',$,IFCLABEL('WT18X85'),$);
#1899=IFCPROPERTYSINGLEVALUE('SectionFamily',$,IFCLABEL('WT'),$);
#1900=IFCPROPERTYSINGLEVALUE('SectionSource',$,IFCLABEL('AISC Shapes Database v15.0 (US)'),$);
#1901=IFCPROPERTYSET('1iL6bn$PzCmRdvAijY2SC9',$,'MF_Library',$,(#1902,#1903,#1904,#1905,#1906,#1907,#1908,#1909,#1910,#1911));
#1902=IFCPROPERTYSINGLEVALUE('Key',$,IFCLABEL('steel_tee_wt'),$);
#1903=IFCPROPERTYSINGLEVALUE('Family',$,IFCLABEL('WT Structural Tee'),$);
#1904=IFCPROPERTYSINGLEVALUE('TypeName',$,IFCLABEL('WT18X85'),$);
#1905=IFCPROPERTYSINGLEVALUE('Version',$,IFCLABEL('0.1.0'),$);
#1906=IFCPROPERTYSINGLEVALUE('License',$,IFCLABEL('CC0-1.0'),$);
#1907=IFCPROPERTYSINGLEVALUE('Source',$,IFCLABEL('massing-families'),$);
#1908=IFCPROPERTYSINGLEVALUE('Tier',$,IFCLABEL('L300'),$);
#1909=IFCPROPERTYSINGLEVALUE('Builder',$,IFCLABEL('profile'),$);
#1910=IFCPROPERTYSINGLEVALUE('Discipline',$,IFCLABEL('structural'),$);
#1911=IFCPROPERTYSINGLEVALUE('GeometryStatus',$,IFCLABEL('parametric'),$);
#1912=IFCPROPERTYSET('0l24JjOPr8IhPO_BnBtB_H',$,'MF_Quantities',$,(#1913,#1914,#1915,#1916,#1917));
#1913=IFCPROPERTYSINGLEVALUE('NominalWidth',$,IFCREAL(0.30480000000000002),$);
#1914=IFCPROPERTYSINGLEVALUE('NominalDepth',$,IFCREAL(0.45973999999999998),$);
#1915=IFCPROPERTYSINGLEVALUE('NominalHeight',$,IFCREAL(3.048),$);
#1916=IFCPROPERTYSINGLEVALUE('NominalFootprintArea',$,IFCREAL(0.140129),$);
#1917=IFCPROPERTYSINGLEVALUE('NominalVolume',$,IFCREAL(0.42711199999999999),$);
#1918=IFCMEMBERTYPE('3z8xsjapz7fvkD4CtrR02y',$,'WT Structural Tee - WT18X80',$,$,(#1935,#1939,#1950),(#1934),$,$,.NOTDEFINED.);
#1919=IFCCARTESIANPOINT((0.,0.));
#1920=IFCDIRECTION((1.,0.));
#1921=IFCAXIS2PLACEMENT2D(#1919,#1920);
#1922=IFCTSHAPEPROFILEDEF(.AREA.,'WT18X80',#1921,0.4572,0.30480000000000002,0.01651,0.025908,0.019050000000000001,$,$,$,$);
#1923=IFCCARTESIANPOINT((0.,0.,0.));
#1924=IFCDIRECTION((0.,0.,1.));
#1925=IFCDIRECTION((1.,0.,0.));
#1926=IFCAXIS2PLACEMENT3D(#1923,#1924,#1925);
#1927=IFCDIRECTION((0.,0.,1.));
#1928=IFCEXTRUDEDAREASOLID(#1922,#1926,#1927,3.048);
#1929=IFCSHAPEREPRESENTATION(#11,'Body','SweptSolid',(#1928));
#1930=IFCCARTESIANPOINT((0.,0.,0.));
#1931=IFCDIRECTION((1.,0.,0.));
#1932=IFCDIRECTION((0.,0.,1.));
#1933=IFCAXIS2PLACEMENT3D(#1930,#1932,#1931);
#1934=IFCREPRESENTATIONMAP(#1933,#1929);
#1935=IFCPROPERTYSET('2j9CxY$rHELgsGUvyr45i4',$,'MF_Structural',$,(#1936,#1937,#1938));
#1936=IFCPROPERTYSINGLEVALUE('Section',$,IFCLABEL('WT18X80'),$);
#1937=IFCPROPERTYSINGLEVALUE('SectionFamily',$,IFCLABEL('WT'),$);
#1938=IFCPROPERTYSINGLEVALUE('SectionSource',$,IFCLABEL('AISC Shapes Database v15.0 (US)'),$);
#1939=IFCPROPERTYSET('1BZL6Nwy92CO5nALPyQc_Y',$,'MF_Library',$,(#1940,#1941,#1942,#1943,#1944,#1945,#1946,#1947,#1948,#1949));
#1940=IFCPROPERTYSINGLEVALUE('Key',$,IFCLABEL('steel_tee_wt'),$);
#1941=IFCPROPERTYSINGLEVALUE('Family',$,IFCLABEL('WT Structural Tee'),$);
#1942=IFCPROPERTYSINGLEVALUE('TypeName',$,IFCLABEL('WT18X80'),$);
#1943=IFCPROPERTYSINGLEVALUE('Version',$,IFCLABEL('0.1.0'),$);
#1944=IFCPROPERTYSINGLEVALUE('License',$,IFCLABEL('CC0-1.0'),$);
#1945=IFCPROPERTYSINGLEVALUE('Source',$,IFCLABEL('massing-families'),$);
#1946=IFCPROPERTYSINGLEVALUE('Tier',$,IFCLABEL('L300'),$);
#1947=IFCPROPERTYSINGLEVALUE('Builder',$,IFCLABEL('profile'),$);
#1948=IFCPROPERTYSINGLEVALUE('Discipline',$,IFCLABEL('structural'),$);
#1949=IFCPROPERTYSINGLEVALUE('GeometryStatus',$,IFCLABEL('parametric'),$);
#1950=IFCPROPERTYSET('2xc8Fzhpj1q911v5hUuhYb',$,'MF_Quantities',$,(#1951,#1952,#1953,#1954,#1955));
#1951=IFCPROPERTYSINGLEVALUE('NominalWidth',$,IFCREAL(0.30480000000000002),$);
#1952=IFCPROPERTYSINGLEVALUE('NominalDepth',$,IFCREAL(0.4572),$);
#1953=IFCPROPERTYSINGLEVALUE('NominalHeight',$,IFCREAL(3.048),$);
#1954=IFCPROPERTYSINGLEVALUE('NominalFootprintArea',$,IFCREAL(0.13935500000000001),$);
#1955=IFCPROPERTYSINGLEVALUE('NominalVolume',$,IFCREAL(0.42475299999999999),$);
#1956=IFCMEMBERTYPE('0l5RCc0Uf3JvNnXebC$wSY',$,'WT Structural Tee - WT18X75',$,$,(#1973,#1977,#1988),(#1972),$,$,.NOTDEFINED.);
#1957=IFCCARTESIANPOINT((0.,0.));
#1958=IFCDIRECTION((1.,0.));
#1959=IFCAXIS2PLACEMENT2D(#1957,#1958);
#1960=IFCTSHAPEPROFILEDEF(.AREA.,'WT18X75',#1959,0.45466000000000001,0.30480000000000002,0.015875,0.023876000000000001,0.019050000000000001,$,$,$,$);
#1961=IFCCARTESIANPOINT((0.,0.,0.));
#1962=IFCDIRECTION((0.,0.,1.));
#1963=IFCDIRECTION((1.,0.,0.));
#1964=IFCAXIS2PLACEMENT3D(#1961,#1962,#1963);
#1965=IFCDIRECTION((0.,0.,1.));
#1966=IFCEXTRUDEDAREASOLID(#1960,#1964,#1965,3.048);
#1967=IFCSHAPEREPRESENTATION(#11,'Body','SweptSolid',(#1966));
#1968=IFCCARTESIANPOINT((0.,0.,0.));
#1969=IFCDIRECTION((1.,0.,0.));
#1970=IFCDIRECTION((0.,0.,1.));
#1971=IFCAXIS2PLACEMENT3D(#1968,#1970,#1969);
#1972=IFCREPRESENTATIONMAP(#1971,#1967);
#1973=IFCPROPERTYSET('3FZX_Wp754Lg2HImo471Mf',$,'MF_Structural',$,(#1974,#1975,#1976));
#1974=IFCPROPERTYSINGLEVALUE('Section',$,IFCLABEL('WT18X75'),$);
#1975=IFCPROPERTYSINGLEVALUE('SectionFamily',$,IFCLABEL('WT'),$);
#1976=IFCPROPERTYSINGLEVALUE('SectionSource',$,IFCLABEL('AISC Shapes Database v15.0 (US)'),$);
#1977=IFCPROPERTYSET('3mZj3JJgz0NQ0HB6Mx7$ba',$,'MF_Library',$,(#1978,#1979,#1980,#1981,#1982,#1983,#1984,#1985,#1986,#1987));
#1978=IFCPROPERTYSINGLEVALUE('Key',$,IFCLABEL('steel_tee_wt'),$);
#1979=IFCPROPERTYSINGLEVALUE('Family',$,IFCLABEL('WT Structural Tee'),$);
#1980=IFCPROPERTYSINGLEVALUE('TypeName',$,IFCLABEL('WT18X75'),$);
#1981=IFCPROPERTYSINGLEVALUE('Version',$,IFCLABEL('0.1.0'),$);
#1982=IFCPROPERTYSINGLEVALUE('License',$,IFCLABEL('CC0-1.0'),$);
#1983=IFCPROPERTYSINGLEVALUE('Source',$,IFCLABEL('massing-families'),$);
#1984=IFCPROPERTYSINGLEVALUE('Tier',$,IFCLABEL('L300'),$);
#1985=IFCPROPERTYSINGLEVALUE('Builder',$,IFCLABEL('profile'),$);
#1986=IFCPROPERTYSINGLEVALUE('Discipline',$,IFCLABEL('structural'),$);
#1987=IFCPROPERTYSINGLEVALUE('GeometryStatus',$,IFCLABEL('parametric'),$);
#1988=IFCPROPERTYSET('0JwBchE$TA7w0f2LrwLtnX',$,'MF_Quantities',$,(#1989,#1990,#1991,#1992,#1993));
#1989=IFCPROPERTYSINGLEVALUE('NominalWidth',$,IFCREAL(0.30480000000000002),$);
#1990=IFCPROPERTYSINGLEVALUE('NominalDepth',$,IFCREAL(0.45466000000000001),$);
#1991=IFCPROPERTYSINGLEVALUE('NominalHeight',$,IFCREAL(3.048),$);
#1992=IFCPROPERTYSINGLEVALUE('NominalFootprintArea',$,IFCREAL(0.13858000000000001),$);
#1993=IFCPROPERTYSINGLEVALUE('NominalVolume',$,IFCREAL(0.42239300000000002),$);
#1994=IFCMEMBERTYPE('2af7RQ91j04RG9CHyOzEKu',$,'WT Structural Tee - WT18X67.5',$,$,(#2011,#2015,#2026),(#2010),$,$,.NOTDEFINED.);
#1995=IFCCARTESIANPOINT((0.,0.));
#1996=IFCDIRECTION((1.,0.));
#1997=IFCAXIS2PLACEMENT2D(#1995,#1996);
#1998=IFCTSHAPEPROFILEDEF(.AREA.,'WT18X67.5',#1997,0.45212000000000002,0.30480000000000002,0.01524,0.020066000000000001,0.019050000000000001,$,$,$,$);
#1999=IFCCARTESIANPOINT((0.,0.,0.));
#2000=IFCDIRECTION((0.,0.,1.));
#2001=IFCDIRECTION((1.,0.,0.));
#2002=IFCAXIS2PLACEMENT3D(#1999,#2000,#2001);
#2003=IFCDIRECTION((0.,0.,1.));
#2004=IFCEXTRUDEDAREASOLID(#1998,#2002,#2003,3.048);
#2005=IFCSHAPEREPRESENTATION(#11,'Body','SweptSolid',(#2004));
#2006=IFCCARTESIANPOINT((0.,0.,0.));
#2007=IFCDIRECTION((1.,0.,0.));
#2008=IFCDIRECTION((0.,0.,1.));
#2009=IFCAXIS2PLACEMENT3D(#2006,#2008,#2007);
#2010=IFCREPRESENTATIONMAP(#2009,#2005);
#2011=IFCPROPERTYSET('1Z45E9_1j9ugl2ZzqF6qQP',$,'MF_Structural',$,(#2012,#2013,#2014));
#2012=IFCPROPERTYSINGLEVALUE('Section',$,IFCLABEL('WT18X67.5'),$);
#2013=IFCPROPERTYSINGLEVALUE('SectionFamily',$,IFCLABEL('WT'),$);
#2014=IFCPROPERTYSINGLEVALUE('SectionSource',$,IFCLABEL('AISC Shapes Database v15.0 (US)'),$);
#2015=IFCPROPERTYSET('08n7iMGF17PgRXR_E0DLRU',$,'MF_Library',$,(#2016,#2017,#2018,#2019,#2020,#2021,#2022,#2023,#2024,#2025));
#2016=IFCPROPERTYSINGLEVALUE('Key',$,IFCLABEL('steel_tee_wt'),$);
#2017=IFCPROPERTYSINGLEVALUE('Family',$,IFCLABEL('WT Structural Tee'),$);
#2018=IFCPROPERTYSINGLEVALUE('TypeName',$,IFCLABEL('WT18X67.5'),$);
#2019=IFCPROPERTYSINGLEVALUE('Version',$,IFCLABEL('0.1.0'),$);
#2020=IFCPROPERTYSINGLEVALUE('License',$,IFCLABEL('CC0-1.0'),$);
#2021=IFCPROPERTYSINGLEVALUE('Source',$,IFCLABEL('massing-families'),$);
#2022=IFCPROPERTYSINGLEVALUE('Tier',$,IFCLABEL('L300'),$);
#2023=IFCPROPERTYSINGLEVALUE('Builder',$,IFCLABEL('profile'),$);
#2024=IFCPROPERTYSINGLEVALUE('Discipline',$,IFCLABEL('structural'),$);
#2025=IFCPROPERTYSINGLEVALUE('GeometryStatus',$,IFCLABEL('parametric'),$);
#2026=IFCPROPERTYSET('3fiDvAEPrBpOsXTikfSnJL',$,'MF_Quantities',$,(#2027,#2028,#2029,#2030,#2031));
#2027=IFCPROPERTYSINGLEVALUE('NominalWidth',$,IFCREAL(0.30480000000000002),$);
#2028=IFCPROPERTYSINGLEVALUE('NominalDepth',$,IFCREAL(0.45212000000000002),$);
#2029=IFCPROPERTYSINGLEVALUE('NominalHeight',$,IFCREAL(3.048),$);
#2030=IFCPROPERTYSINGLEVALUE('NominalFootprintArea',$,IFCREAL(0.13780600000000001),$);
#2031=IFCPROPERTYSINGLEVALUE('NominalVolume',$,IFCREAL(0.42003299999999999),$);
#2032=IFCMEMBERTYPE('1JXEtIO2H3c9OLUizQES8Y',$,'WT Structural Tee - WT16.5X193.5',$,$,(#2049,#2053,#2064),(#2048),$,$,.NOTDEFINED.);
#2033=IFCCARTESIANPOINT((0.,0.));
#2034=IFCDIRECTION((1.,0.));
#2035=IFCAXIS2PLACEMENT2D(#2033,#2034);
#2036=IFCTSHAPEPROFILEDEF(.AREA.,'WT16.5X193.5',#2035,0.4572,0.41148000000000001,0.032003999999999998,0.057911999999999998,0.020066000000000001,$,$,$,$);
#2037=IFCCARTESIANPOINT((0.,0.,0.));
#2038=IFCDIRECTION((0.,0.,1.));
#2039=IFCDIRECTION((1.,0.,0.));
#2040=IFCAXIS2PLACEMENT3D(#2037,#2038,#2039);
#2041=IFCDIRECTION((0.,0.,1.));
#2042=IFCEXTRUDEDAREASOLID(#2036,#2040,#2041,3.048);
#2043=IFCSHAPEREPRESENTATION(#11,'Body','SweptSolid',(#2042));
#2044=IFCCARTESIANPOINT((0.,0.,0.));
#2045=IFCDIRECTION((1.,0.,0.));
#2046=IFCDIRECTION((0.,0.,1.));
#2047=IFCAXIS2PLACEMENT3D(#2044,#2046,#2045);
#2048=IFCREPRESENTATIONMAP(#2047,#2043);
#2049=IFCPROPERTYSET('3dIsk1xPLDhA$zVB__x$pp',$,'MF_Structural',$,(#2050,#2051,#2052));
#2050=IFCPROPERTYSINGLEVALUE('Section',$,IFCLABEL('WT16.5X193.5'),$);
#2051=IFCPROPERTYSINGLEVALUE('SectionFamily',$,IFCLABEL('WT'),$);
#2052=IFCPROPERTYSINGLEVALUE('SectionSource',$,IFCLABEL('AISC Shapes Database v15.0 (US)'),$);
#2053=IFCPROPERTYSET('2e2H_uXDD4mfIYW6eE5dmY',$,'MF_Library',$,(#2054,#2055,#2056,#2057,#2058,#2059,#2060,#2061,#2062,#2063));
#2054=IFCPROPERTYSINGLEVALUE('Key',$,IFCLABEL('steel_tee_wt'),$);
#2055=IFCPROPERTYSINGLEVALUE('Family',$,IFCLABEL('WT Structural Tee'),$);
#2056=IFCPROPERTYSINGLEVALUE('TypeName',$,IFCLABEL('WT16.5X193.5'),$);
#2057=IFCPROPERTYSINGLEVALUE('Version',$,IFCLABEL('0.1.0'),$);
#2058=IFCPROPERTYSINGLEVALUE('License',$,IFCLABEL('CC0-1.0'),$);
#2059=IFCPROPERTYSINGLEVALUE('Source',$,IFCLABEL('massing-families'),$);
#2060=IFCPROPERTYSINGLEVALUE('Tier',$,IFCLABEL('L300'),$);
#2061=IFCPROPERTYSINGLEVALUE('Builder',$,IFCLABEL('profile'),$);
#2062=IFCPROPERTYSINGLEVALUE('Discipline',$,IFCLABEL('structural'),$);
#2063=IFCPROPERTYSINGLEVALUE('GeometryStatus',$,IFCLABEL('parametric'),$);
#2064=IFCPROPERTYSET('3VJTKfaPL3yA2Xu5hDL16R',$,'MF_Quantities',$,(#2065,#2066,#2067,#2068,#2069));
#2065=IFCPROPERTYSINGLEVALUE('NominalWidth',$,IFCREAL(0.41148000000000001),$);
#2066=IFCPROPERTYSINGLEVALUE('NominalDepth',$,IFCREAL(0.4572),$);
#2067=IFCPROPERTYSINGLEVALUE('NominalHeight',$,IFCREAL(3.048),$);
#2068=IFCPROPERTYSINGLEVALUE('NominalFootprintArea',$,IFCREAL(0.18812899999999999),$);
#2069=IFCPROPERTYSINGLEVALUE('NominalVolume',$,IFCREAL(0.57341600000000004),$);
#2070=IFCMEMBERTYPE('1iddaAO2j2axr5V0kb9NlH',$,'WT Structural Tee - WT16.5X177',$,$,(#2087,#2091,#2102),(#2086),$,$,.NOTDEFINED.);
#2071=IFCCARTESIANPOINT((0.,0.));
#2072=IFCDIRECTION((1.,0.));
#2073=IFCAXIS2PLACEMENT2D(#2071,#2072);
#2074=IFCTSHAPEPROFILEDEF(.AREA.,'WT16.5X177',#2073,0.45212000000000002,0.40894000000000003,0.029464000000000001,0.053086000000000001,0.020066000000000001,$,$,$,$);
#2075=IFCCARTESIANPOINT((0.,0.,0.));
#2076=IFCDIRECTION((0.,0.,1.));
#2077=IFCDIRECTION((1.,0.,0.));
#2078=IFCAXIS2PLACEMENT3D(#2075,#2076,#2077);
#2079=IFCDIRECTION((0.,0.,1.));
#2080=IFCEXTRUDEDAREASOLID(#2074,#2078,#2079,3.048);
#2081=IFCSHAPEREPRESENTATION(#11,'Body','SweptSolid',(#2080));
#2082=IFCCARTESIANPOINT((0.,0.,0.));
#2083=IFCDIRECTION((1.,0.,0.));
#2084=IFCDIRECTION((0.,0.,1.));
#2085=IFCAXIS2PLACEMENT3D(#2082,#2084,#2083);
#2086=IFCREPRESENTATIONMAP(#2085,#2081);
#2087=IFCPROPERTYSET('3QRh_IL2bAqQ2Sbp6AKZp7',$,'MF_Structural',$,(#2088,#2089,#2090));
#2088=IFCPROPERTYSINGLEVALUE('Section',$,IFCLABEL('WT16.5X177'),$);
#2089=IFCPROPERTYSINGLEVALUE('SectionFamily',$,IFCLABEL('WT'),$);
#2090=IFCPROPERTYSINGLEVALUE('SectionSource',$,IFCLABEL('AISC Shapes Database v15.0 (US)'),$);
#2091=IFCPROPERTYSET('0GDXJ4E7nBh9bQ71AEYiJl',$,'MF_Library',$,(#2092,#2093,#2094,#2095,#2096,#2097,#2098,#2099,#2100,#2101));
#2092=IFCPROPERTYSINGLEVALUE('Key',$,IFCLABEL('steel_tee_wt'),$);
#2093=IFCPROPERTYSINGLEVALUE('Family',$,IFCLABEL('WT Structural Tee'),$);
#2094=IFCPROPERTYSINGLEVALUE('TypeName',$,IFCLABEL('WT16.5X177'),$);
#2095=IFCPROPERTYSINGLEVALUE('Version',$,IFCLABEL('0.1.0'),$);
#2096=IFCPROPERTYSINGLEVALUE('License',$,IFCLABEL('CC0-1.0'),$);
#2097=IFCPROPERTYSINGLEVALUE('Source',$,IFCLABEL('massing-families'),$);
#2098=IFCPROPERTYSINGLEVALUE('Tier',$,IFCLABEL('L300'),$);
#2099=IFCPROPERTYSINGLEVALUE('Builder',$,IFCLABEL('profile'),$);
#2100=IFCPROPERTYSINGLEVALUE('Discipline',$,IFCLABEL('structural'),$);
#2101=IFCPROPERTYSINGLEVALUE('GeometryStatus',$,IFCLABEL('parametric'),$);
#2102=IFCPROPERTYSET('2XJ3_dudrDWujePDrt_jns',$,'MF_Quantities',$,(#2103,#2104,#2105,#2106,#2107));
#2103=IFCPROPERTYSINGLEVALUE('NominalWidth',$,IFCREAL(0.40894000000000003),$);
#2104=IFCPROPERTYSINGLEVALUE('NominalDepth',$,IFCREAL(0.45212000000000002),$);
#2105=IFCPROPERTYSINGLEVALUE('NominalHeight',$,IFCREAL(3.048),$);
#2106=IFCPROPERTYSINGLEVALUE('NominalFootprintArea',$,IFCREAL(0.18489),$);
#2107=IFCPROPERTYSINGLEVALUE('NominalVolume',$,IFCREAL(0.56354499999999996),$);
#2108=IFCMEMBERTYPE('0TGpadsxn3BRsr2siACsnr',$,'WT Structural Tee - WT16.5X159',$,$,(#2125,#2129,#2140),(#2124),$,$,.NOTDEFINED.);
#2109=IFCCARTESIANPOINT((0.,0.));
#2110=IFCDIRECTION((1.,0.));
#2111=IFCAXIS2PLACEMENT2D(#2109,#2110);
#2112=IFCTSHAPEPROFILEDEF(.AREA.,'WT16.5X159',#2111,0.44703999999999999,0.40639999999999998,0.026415999999999999,0.048006,0.020066000000000001,$,$,$,$);
#2113=IFCCARTESIANPOINT((0.,0.,0.));
#2114=IFCDIRECTION((0.,0.,1.));
#2115=IFCDIRECTION((1.,0.,0.));
#2116=IFCAXIS2PLACEMENT3D(#2113,#2114,#2115);
#2117=IFCDIRECTION((0.,0.,1.));
#2118=IFCEXTRUDEDAREASOLID(#2112,#2116,#2117,3.048);
#2119=IFCSHAPEREPRESENTATION(#11,'Body','SweptSolid',(#2118));
#2120=IFCCARTESIANPOINT((0.,0.,0.));
#2121=IFCDIRECTION((1.,0.,0.));
#2122=IFCDIRECTION((0.,0.,1.));
#2123=IFCAXIS2PLACEMENT3D(#2120,#2122,#2121);
#2124=IFCREPRESENTATIONMAP(#2123,#2119);
#2125=IFCPROPERTYSET('3NYoaVufH0vfoLyuDhiOEH',$,'MF_Structural',$,(#2126,#2127,#2128));
#2126=IFCPROPERTYSINGLEVALUE('Section',$,IFCLABEL('WT16.5X159'),$);
#2127=IFCPROPERTYSINGLEVALUE('SectionFamily',$,IFCLABEL('WT'),$);
#2128=IFCPROPERTYSINGLEVALUE('SectionSource',$,IFCLABEL('AISC Shapes Database v15.0 (US)'),$);
#2129=IFCPROPERTYSET('1FZDBzdFP14eGEF9rq_Xwb',$,'MF_Library',$,(#2130,#2131,#2132,#2133,#2134,#2135,#2136,#2137,#2138,#2139));
#2130=IFCPROPERTYSINGLEVALUE('Key',$,IFCLABEL('steel_tee_wt'),$);
#2131=IFCPROPERTYSINGLEVALUE('Family',$,IFCLABEL('WT Structural Tee'),$);
#2132=IFCPROPERTYSINGLEVALUE('TypeName',$,IFCLABEL('WT16.5X159'),$);
#2133=IFCPROPERTYSINGLEVALUE('Version',$,IFCLABEL('0.1.0'),$);
#2134=IFCPROPERTYSINGLEVALUE('License',$,IFCLABEL('CC0-1.0'),$);
#2135=IFCPROPERTYSINGLEVALUE('Source',$,IFCLABEL('massing-families'),$);
#2136=IFCPROPERTYSINGLEVALUE('Tier',$,IFCLABEL('L300'),$);
#2137=IFCPROPERTYSINGLEVALUE('Builder',$,IFCLABEL('profile'),$);
#2138=IFCPROPERTYSINGLEVALUE('Discipline',$,IFCLABEL('structural'),$);
#2139=IFCPROPERTYSINGLEVALUE('GeometryStatus',$,IFCLABEL('parametric'),$);
#2140=IFCPROPERTYSET('3vLDyN9iz5XvMH2VA$oOlZ',$,'MF_Quantities',$,(#2141,#2142,#2143,#2144,#2145));
#2141=IFCPROPERTYSINGLEVALUE('NominalWidth',$,IFCREAL(0.40639999999999998),$);
#2142=IFCPROPERTYSINGLEVALUE('NominalDepth',$,IFCREAL(0.44703999999999999),$);
#2143=IFCPROPERTYSINGLEVALUE('NominalHeight',$,IFCREAL(3.048),$);
#2144=IFCPROPERTYSINGLEVALUE('NominalFootprintArea',$,IFCREAL(0.18167700000000001),$);
#2145=IFCPROPERTYSINGLEVALUE('NominalVolume',$,IFCREAL(0.55375200000000002),$);
#2146=IFCMEMBERTYPE('1yzl_SnunAi9nvJM4CCyiI',$,'WT Structural Tee - WT16.5X145.5',$,$,(#2163,#2167,#2178),(#2162),$,$,.NOTDEFINED.);
#2147=IFCCARTESIANPOINT((0.,0.));
#2148=IFCDIRECTION((1.,0.));
#2149=IFCAXIS2PLACEMENT2D(#2147,#2148);
#2150=IFCTSHAPEPROFILEDEF(.AREA.,'WT16.5X145.5',#2149,0.44196000000000002,0.40386,0.024383999999999999,0.043942000000000002,0.020066000000000001,$,$,$,$);
#2151=IFCCARTESIANPOINT((0.,0.,0.));
#2152=IFCDIRECTION((0.,0.,1.));
#2153=IFCDIRECTION((1.,0.,0.));
#2154=IFCAXIS2PLACEMENT3D(#2151,#2152,#2153);
#2155=IFCDIRECTION((0.,0.,1.));
#2156=IFCEXTRUDEDAREASOLID(#2150,#2154,#2155,3.048);
#2157=IFCSHAPEREPRESENTATION(#11,'Body','SweptSolid',(#2156));
#2158=IFCCARTESIANPOINT((0.,0.,0.));
#2159=IFCDIRECTION((1.,0.,0.));
#2160=IFCDIRECTION((0.,0.,1.));
#2161=IFCAXIS2PLACEMENT3D(#2158,#2160,#2159);
#2162=IFCREPRESENTATIONMAP(#2161,#2157);
#2163=IFCPROPERTYSET('06iP_cM_DDDRJp2pzyEyEB',$,'MF_Structural',$,(#2164,#2165,#2166));
#2164=IFCPROPERTYSINGLEVALUE('Section',$,IFCLABEL('WT16.5X145.5'),$);
#2165=IFCPROPERTYSINGLEVALUE('SectionFamily',$,IFCLABEL('WT'),$);
#2166=IFCPROPERTYSINGLEVALUE('SectionSource',$,IFCLABEL('AISC Shapes Database v15.0 (US)'),$);
#2167=IFCPROPERTYSET('1g7OzHZfz8wgCxgpvqLM_i',$,'MF_Library',$,(#2168,#2169,#2170,#2171,#2172,#2173,#2174,#2175,#2176,#2177));
#2168=IFCPROPERTYSINGLEVALUE('Key',$,IFCLABEL('steel_tee_wt'),$);
#2169=IFCPROPERTYSINGLEVALUE('Family',$,IFCLABEL('WT Structural Tee'),$);
#2170=IFCPROPERTYSINGLEVALUE('TypeName',$,IFCLABEL('WT16.5X145.5'),$);
#2171=IFCPROPERTYSINGLEVALUE('Version',$,IFCLABEL('0.1.0'),$);
#2172=IFCPROPERTYSINGLEVALUE('License',$,IFCLABEL('CC0-1.0'),$);
#2173=IFCPROPERTYSINGLEVALUE('Source',$,IFCLABEL('massing-families'),$);
#2174=IFCPROPERTYSINGLEVALUE('Tier',$,IFCLABEL('L300'),$);
#2175=IFCPROPERTYSINGLEVALUE('Builder',$,IFCLABEL('profile'),$);
#2176=IFCPROPERTYSINGLEVALUE('Discipline',$,IFCLABEL('structural'),$);
#2177=IFCPROPERTYSINGLEVALUE('GeometryStatus',$,IFCLABEL('parametric'),$);
#2178=IFCPROPERTYSET('0GoxJfpILF4QJimq3f0BnF',$,'MF_Quantities',$,(#2179,#2180,#2181,#2182,#2183));
#2179=IFCPROPERTYSINGLEVALUE('NominalWidth',$,IFCREAL(0.40386),$);
#2180=IFCPROPERTYSINGLEVALUE('NominalDepth',$,IFCREAL(0.44196000000000002),$);
#2181=IFCPROPERTYSINGLEVALUE('NominalHeight',$,IFCREAL(3.048),$);
#2182=IFCPROPERTYSINGLEVALUE('NominalFootprintArea',$,IFCREAL(0.17849000000000001),$);
#2183=IFCPROPERTYSINGLEVALUE('NominalVolume',$,IFCREAL(0.54403699999999999),$);
#2184=IFCMEMBERTYPE('1mw_telXr8FQNT8ZBgoUsL',$,'WT Structural Tee - WT16.5X131.5',$,$,(#2201,#2205,#2216),(#2200),$,$,.NOTDEFINED.);
#2185=IFCCARTESIANPOINT((0.,0.));
#2186=IFCDIRECTION((1.,0.));
#2187=IFCAXIS2PLACEMENT2D(#2185,#2186);
#2188=IFCTSHAPEPROFILEDEF(.AREA.,'WT16.5X131.5',#2187,0.43941999999999998,0.40132000000000001,0.022098,0.039877999999999997,0.020066000000000001,$,$,$,$);
#2189=IFCCARTESIANPOINT((0.,0.,0.));
#2190=IFCDIRECTION((0.,0.,1.));
#2191=IFCDIRECTION((1.,0.,0.));
#2192=IFCAXIS2PLACEMENT3D(#2189,#2190,#2191);
#2193=IFCDIRECTION((0.,0.,1.));
#2194=IFCEXTRUDEDAREASOLID(#2188,#2192,#2193,3.048);
#2195=IFCSHAPEREPRESENTATION(#11,'Body','SweptSolid',(#2194));
#2196=IFCCARTESIANPOINT((0.,0.,0.));
#2197=IFCDIRECTION((1.,0.,0.));
#2198=IFCDIRECTION((0.,0.,1.));
#2199=IFCAXIS2PLACEMENT3D(#2196,#2198,#2197);
#2200=IFCREPRESENTATIONMAP(#2199,#2195);
#2201=IFCPROPERTYSET('0ZeAHr0Nv6Hgcit_1nsofx',$,'MF_Structural',$,(#2202,#2203,#2204));
#2202=IFCPROPERTYSINGLEVALUE('Section',$,IFCLABEL('WT16.5X131.5'),$);
#2203=IFCPROPERTYSINGLEVALUE('SectionFamily',$,IFCLABEL('WT'),$);
#2204=IFCPROPERTYSINGLEVALUE('SectionSource',$,IFCLABEL('AISC Shapes Database v15.0 (US)'),$);
#2205=IFCPROPERTYSET('3qjgLXdAPAs9QtaLrBHLbN',$,'MF_Library',$,(#2206,#2207,#2208,#2209,#2210,#2211,#2212,#2213,#2214,#2215));
#2206=IFCPROPERTYSINGLEVALUE('Key',$,IFCLABEL('steel_tee_wt'),$);
#2207=IFCPROPERTYSINGLEVALUE('Family',$,IFCLABEL('WT Structural Tee'),$);
#2208=IFCPROPERTYSINGLEVALUE('TypeName',$,IFCLABEL('WT16.5X131.5'),$);
#2209=IFCPROPERTYSINGLEVALUE('Version',$,IFCLABEL('0.1.0'),$);
#2210=IFCPROPERTYSINGLEVALUE('License',$,IFCLABEL('CC0-1.0'),$);
#2211=IFCPROPERTYSINGLEVALUE('Source',$,IFCLABEL('massing-families'),$);
#2212=IFCPROPERTYSINGLEVALUE('Tier',$,IFCLABEL('L300'),$);
#2213=IFCPROPERTYSINGLEVALUE('Builder',$,IFCLABEL('profile'),$);
#2214=IFCPROPERTYSINGLEVALUE('Discipline',$,IFCLABEL('structural'),$);
#2215=IFCPROPERTYSINGLEVALUE('GeometryStatus',$,IFCLABEL('parametric'),$);
#2216=IFCPROPERTYSET('3DX3xotQ57WhplbHW9pB9F',$,'MF_Quantities',$,(#2217,#2218,#2219,#2220,#2221));
#2217=IFCPROPERTYSINGLEVALUE('NominalWidth',$,IFCREAL(0.40132000000000001),$);
#2218=IFCPROPERTYSINGLEVALUE('NominalDepth',$,IFCREAL(0.43941999999999998),$);
#2219=IFCPROPERTYSINGLEVALUE('NominalHeight',$,IFCREAL(3.048),$);
#2220=IFCPROPERTYSINGLEVALUE('NominalFootprintArea',$,IFCREAL(0.176348),$);
#2221=IFCPROPERTYSINGLEVALUE('NominalVolume',$,IFCREAL(0.53750900000000001),$);
#2222=IFCMEMBERTYPE('04NjJGbBn26vj4SlZKX3_s',$,'WT Structural Tee - WT16.5X120.5',$,$,(#2239,#2243,#2254),(#2238),$,$,.NOTDEFINED.);
#2223=IFCCARTESIANPOINT((0.,0.));
#2224=IFCDIRECTION((1.,0.));
#2225=IFCAXIS2PLACEMENT2D(#2223,#2224);
#2226=IFCTSHAPEPROFILEDEF(.AREA.,'WT16.5X120.5',#2225,0.43434,0.40386,0.021082,0.035560000000000001,0.020066000000000001,$,$,$,$);
#2227=IFCCARTESIANPOINT((0.,0.,0.));
#2228=IFCDIRECTION((0.,0.,1.));
#2229=IFCDIRECTION((1.,0.,0.));
#2230=IFCAXIS2PLACEMENT3D(#2227,#2228,#2229);
#2231=IFCDIRECTION((0.,0.,1.));
#2232=IFCEXTRUDEDAREASOLID(#2226,#2230,#2231,3.048);
#2233=IFCSHAPEREPRESENTATION(#11,'Body','SweptSolid',(#2232));
#2234=IFCCARTESIANPOINT((0.,0.,0.));
#2235=IFCDIRECTION((1.,0.,0.));
#2236=IFCDIRECTION((0.,0.,1.));
#2237=IFCAXIS2PLACEMENT3D(#2234,#2236,#2235);
#2238=IFCREPRESENTATIONMAP(#2237,#2233);
#2239=IFCPROPERTYSET('0ZOk94rx96yhEfaQiXPvlY',$,'MF_Structural',$,(#2240,#2241,#2242));
#2240=IFCPROPERTYSINGLEVALUE('Section',$,IFCLABEL('WT16.5X120.5'),$);
#2241=IFCPROPERTYSINGLEVALUE('SectionFamily',$,IFCLABEL('WT'),$);
#2242=IFCPROPERTYSINGLEVALUE('SectionSource',$,IFCLABEL('AISC Shapes Database v15.0 (US)'),$);
#2243=IFCPROPERTYSET('218fVfKO53DuD5saCNxVXH',$,'MF_Library',$,(#2244,#2245,#2246,#2247,#2248,#2249,#2250,#2251,#2252,#2253));
#2244=IFCPROPERTYSINGLEVALUE('Key',$,IFCLABEL('steel_tee_wt'),$);
#2245=IFCPROPERTYSINGLEVALUE('Family',$,IFCLABEL('WT Structural Tee'),$);
#2246=IFCPROPERTYSINGLEVALUE('TypeName',$,IFCLABEL('WT16.5X120.5'),$);
#2247=IFCPROPERTYSINGLEVALUE('Version',$,IFCLABEL('0.1.0'),$);
#2248=IFCPROPERTYSINGLEVALUE('License',$,IFCLABEL('CC0-1.0'),$);
#2249=IFCPROPERTYSINGLEVALUE('Source',$,IFCLABEL('massing-families'),$);
#2250=IFCPROPERTYSINGLEVALUE('Tier',$,IFCLABEL('L300'),$);
#2251=IFCPROPERTYSINGLEVALUE('Builder',$,IFCLABEL('profile'),$);
#2252=IFCPROPERTYSINGLEVALUE('Discipline',$,IFCLABEL('structural'),$);
#2253=IFCPROPERTYSINGLEVALUE('GeometryStatus',$,IFCLABEL('parametric'),$);
#2254=IFCPROPERTYSET('21L$G97G90yvE$1YBjEiRg',$,'MF_Quantities',$,(#2255,#2256,#2257,#2258,#2259));
#2255=IFCPROPERTYSINGLEVALUE('NominalWidth',$,IFCREAL(0.40386),$);
#2256=IFCPROPERTYSINGLEVALUE('NominalDepth',$,IFCREAL(0.43434),$);
#2257=IFCPROPERTYSINGLEVALUE('NominalHeight',$,IFCREAL(3.048),$);
#2258=IFCPROPERTYSINGLEVALUE('NominalFootprintArea',$,IFCREAL(0.17541300000000001),$);
#2259=IFCPROPERTYSINGLEVALUE('NominalVolume',$,IFCREAL(0.53465700000000005),$);
#2260=IFCMEMBERTYPE('31w39co850jAMFeIlAzn1y',$,'WT Structural Tee - WT16.5X110.5',$,$,(#2277,#2281,#2292),(#2276),$,$,.NOTDEFINED.);
#2261=IFCCARTESIANPOINT((0.,0.));
#2262=IFCDIRECTION((1.,0.));
#2263=IFCAXIS2PLACEMENT2D(#2261,#2262);
#2264=IFCTSHAPEPROFILEDEF(.AREA.,'WT16.5X110.5',#2263,0.43180000000000002,0.40132000000000001,0.019685000000000001,0.032511999999999999,0.019812,$,$,$,$);
#2265=IFCCARTESIANPOINT((0.,0.,0.));
#2266=IFCDIRECTION((0.,0.,1.));
#2267=IFCDIRECTION((1.,0.,0.));
#2268=IFCAXIS2PLACEMENT3D(#2265,#2266,#2267);
#2269=IFCDIRECTION((0.,0.,1.));
#2270=IFCEXTRUDEDAREASOLID(#2264,#2268,#2269,3.048);
#2271=IFCSHAPEREPRESENTATION(#11,'Body','SweptSolid',(#2270));
#2272=IFCCARTESIANPOINT((0.,0.,0.));
#2273=IFCDIRECTION((1.,0.,0.));
#2274=IFCDIRECTION((0.,0.,1.));
#2275=IFCAXIS2PLACEMENT3D(#2272,#2274,#2273);
#2276=IFCREPRESENTATIONMAP(#2275,#2271);
#2277=IFCPROPERTYSET('1iLJ1Kizv2z9nzftkfjWrT',$,'MF_Structural',$,(#2278,#2279,#2280));
#2278=IFCPROPERTYSINGLEVALUE('Section',$,IFCLABEL('WT16.5X110.5'),$);
#2279=IFCPROPERTYSINGLEVALUE('SectionFamily',$,IFCLABEL('WT'),$);
#2280=IFCPROPERTYSINGLEVALUE('SectionSource',$,IFCLABEL('AISC Shapes Database v15.0 (US)'),$);
#2281=IFCPROPERTYSET('3s19NU3Gf3Ue$Nj5Is1jLv',$,'MF_Library',$,(#2282,#2283,#2284,#2285,#2286,#2287,#2288,#2289,#2290,#2291));
#2282=IFCPROPERTYSINGLEVALUE('Key',$,IFCLABEL('steel_tee_wt'),$);
#2283=IFCPROPERTYSINGLEVALUE('Family',$,IFCLABEL('WT Structural Tee'),$);
#2284=IFCPROPERTYSINGLEVALUE('TypeName',$,IFCLABEL('WT16.5X110.5'),$);
#2285=IFCPROPERTYSINGLEVALUE('Version',$,IFCLABEL('0.1.0'),$);
#2286=IFCPROPERTYSINGLEVALUE('License',$,IFCLABEL('CC0-1.0'),$);
#2287=IFCPROPERTYSINGLEVALUE('Source',$,IFCLABEL('massing-families'),$);
#2288=IFCPROPERTYSINGLEVALUE('Tier',$,IFCLABEL('L300'),$);
#2289=IFCPROPERTYSINGLEVALUE('Builder',$,IFCLABEL('profile'),$);
#2290=IFCPROPERTYSINGLEVALUE('Discipline',$,IFCLABEL('structural'),$);
#2291=IFCPROPERTYSINGLEVALUE('GeometryStatus',$,IFCLABEL('parametric'),$);
#2292=IFCPROPERTYSET('3_sM2BR3H1i9hQjiog3UO6',$,'MF_Quantities',$,(#2293,#2294,#2295,#2296,#2297));
#2293=IFCPROPERTYSINGLEVALUE('NominalWidth',$,IFCREAL(0.40132000000000001),$);
#2294=IFCPROPERTYSINGLEVALUE('NominalDepth',$,IFCREAL(0.43180000000000002),$);
#2295=IFCPROPERTYSINGLEVALUE('NominalHeight',$,IFCREAL(3.048),$);
#2296=IFCPROPERTYSINGLEVALUE('NominalFootprintArea',$,IFCREAL(0.17329),$);
#2297=IFCPROPERTYSINGLEVALUE('NominalVolume',$,IFCREAL(0.52818799999999999),$);
#2298=IFCMEMBERTYPE('3uR2nTrAXBHfm6zXXntQ5J',$,'WT Structural Tee - WT16.5X100.5',$,$,(#2315,#2319,#2330),(#2314),$,$,.NOTDEFINED.);
#2299=IFCCARTESIANPOINT((0.,0.));
#2300=IFCDIRECTION((1.,0.));
#2301=IFCAXIS2PLACEMENT2D(#2299,#2300);
#2302=IFCTSHAPEPROFILEDEF(.AREA.,'WT16.5X100.5',#2301,0.42671999999999999,0.39878000000000002,0.018161,0.02921,0.020066000000000001,$,$,$,$);
#2303=IFCCARTESIANPOINT((0.,0.,0.));
#2304=IFCDIRECTION((0.,0.,1.));
#2305=IFCDIRECTION((1.,0.,0.));
#2306=IFCAXIS2PLACEMENT3D(#2303,#2304,#2305);
#2307=IFCDIRECTION((0.,0.,1.));
#2308=IFCEXTRUDEDAREASOLID(#2302,#2306,#2307,3.048);
#2309=IFCSHAPEREPRESENTATION(#11,'Body','SweptSolid',(#2308));
#2310=IFCCARTESIANPOINT((0.,0.,0.));
#2311=IFCDIRECTION((1.,0.,0.));
#2312=IFCDIRECTION((0.,0.,1.));
#2313=IFCAXIS2PLACEMENT3D(#2310,#2312,#2311);
#2314=IFCREPRESENTATIONMAP(#2313,#2309);
#2315=IFCPROPERTYSET('0wWT$pvsfFE9C8BrbF9pCH',$,'MF_Structural',$,(#2316,#2317,#2318));
#2316=IFCPROPERTYSINGLEVALUE('Section',$,IFCLABEL('WT16.5X100.5'),$);
#2317=IFCPROPERTYSINGLEVALUE('SectionFamily',$,IFCLABEL('WT'),$);
#2318=IFCPROPERTYSINGLEVALUE('SectionSource',$,IFCLABEL('AISC Shapes Database v15.0 (US)'),$);
#2319=IFCPROPERTYSET('2eBvHWIiz2pxaWVpest7vV',$,'MF_Library',$,(#2320,#2321,#2322,#2323,#2324,#2325,#2326,#2327,#2328,#2329));
#2320=IFCPROPERTYSINGLEVALUE('Key',$,IFCLABEL('steel_tee_wt'),$);
#2321=IFCPROPERTYSINGLEVALUE('Family',$,IFCLABEL('WT Structural Tee'),$);
#2322=IFCPROPERTYSINGLEVALUE('TypeName',$,IFCLABEL('WT16.5X100.5'),$);
#2323=IFCPROPERTYSINGLEVALUE('Version',$,IFCLABEL('0.1.0'),$);
#2324=IFCPROPERTYSINGLEVALUE('License',$,IFCLABEL('CC0-1.0'),$);
#2325=IFCPROPERTYSINGLEVALUE('Source',$,IFCLABEL('massing-families'),$);
#2326=IFCPROPERTYSINGLEVALUE('Tier',$,IFCLABEL('L300'),$);
#2327=IFCPROPERTYSINGLEVALUE('Builder',$,IFCLABEL('profile'),$);
#2328=IFCPROPERTYSINGLEVALUE('Discipline',$,IFCLABEL('structural'),$);
#2329=IFCPROPERTYSINGLEVALUE('GeometryStatus',$,IFCLABEL('parametric'),$);
#2330=IFCPROPERTYSET('2plWvGRe19$Pfbr3b22SkC',$,'MF_Quantities',$,(#2331,#2332,#2333,#2334,#2335));
#2331=IFCPROPERTYSINGLEVALUE('NominalWidth',$,IFCREAL(0.39878000000000002),$);
#2332=IFCPROPERTYSINGLEVALUE('NominalDepth',$,IFCREAL(0.42671999999999999),$);
#2333=IFCPROPERTYSINGLEVALUE('NominalHeight',$,IFCREAL(3.048),$);
#2334=IFCPROPERTYSINGLEVALUE('NominalFootprintArea',$,IFCREAL(0.17016700000000001),$);
#2335=IFCPROPERTYSINGLEVALUE('NominalVolume',$,IFCREAL(0.51866999999999996),$);
#2336=IFCMEMBERTYPE('0PDXS5eV5FEPB4tcekXRah',$,'WT Structural Tee - WT16.5X84.5',$,$,(#2353,#2357,#2368),(#2352),$,$,.NOTDEFINED.);
#2337=IFCCARTESIANPOINT((0.,0.));
#2338=IFCDIRECTION((1.,0.));
#2339=IFCAXIS2PLACEMENT2D(#2337,#2338);
#2340=IFCTSHAPEPROFILEDEF(.AREA.,'WT16.5X84.5',#2339,0.42925999999999997,0.29210000000000003,0.017017999999999998,0.030988000000000002,0.017780000000000001,$,$,$,$);
#2341=IFCCARTESIANPOINT((0.,0.,0.));
#2342=IFCDIRECTION((0.,0.,1.));
#2343=IFCDIRECTION((1.,0.,0.));
#2344=IFCAXIS2PLACEMENT3D(#2341,#2342,#2343);
#2345=IFCDIRECTION((0.,0.,1.));
#2346=IFCEXTRUDEDAREASOLID(#2340,#2344,#2345,3.048);
#2347=IFCSHAPEREPRESENTATION(#11,'Body','SweptSolid',(#2346));
#2348=IFCCARTESIANPOINT((0.,0.,0.));
#2349=IFCDIRECTION((1.,0.,0.));
#2350=IFCDIRECTION((0.,0.,1.));
#2351=IFCAXIS2PLACEMENT3D(#2348,#2350,#2349);
#2352=IFCREPRESENTATIONMAP(#2351,#2347);
#2353=IFCPROPERTYSET('1EVXzdEbj98fR4cfaiPV1t',$,'MF_Structural',$,(#2354,#2355,#2356));
#2354=IFCPROPERTYSINGLEVALUE('Section',$,IFCLABEL('WT16.5X84.5'),$);
#2355=IFCPROPERTYSINGLEVALUE('SectionFamily',$,IFCLABEL('WT'),$);
#2356=IFCPROPERTYSINGLEVALUE('SectionSource',$,IFCLABEL('AISC Shapes Database v15.0 (US)'),$);
#2357=IFCPROPERTYSET('0a9rCN8Gf5e9E9vn5f3aBE',$,'MF_Library',$,(#2358,#2359,#2360,#2361,#2362,#2363,#2364,#2365,#2366,#2367));
#2358=IFCPROPERTYSINGLEVALUE('Key',$,IFCLABEL('steel_tee_wt'),$);
#2359=IFCPROPERTYSINGLEVALUE('Family',$,IFCLABEL('WT Structural Tee'),$);
#2360=IFCPROPERTYSINGLEVALUE('TypeName',$,IFCLABEL('WT16.5X84.5'),$);
#2361=IFCPROPERTYSINGLEVALUE('Version',$,IFCLABEL('0.1.0'),$);
#2362=IFCPROPERTYSINGLEVALUE('License',$,IFCLABEL('CC0-1.0'),$);
#2363=IFCPROPERTYSINGLEVALUE('Source',$,IFCLABEL('massing-families'),$);
#2364=IFCPROPERTYSINGLEVALUE('Tier',$,IFCLABEL('L300'),$);
#2365=IFCPROPERTYSINGLEVALUE('Builder',$,IFCLABEL('profile'),$);
#2366=IFCPROPERTYSINGLEVALUE('Discipline',$,IFCLABEL('structural'),$);
#2367=IFCPROPERTYSINGLEVALUE('GeometryStatus',$,IFCLABEL('parametric'),$);
#2368=IFCPROPERTYSET('2lKDGDdNHDtwGCwfDdjgyT',$,'MF_Quantities',$,(#2369,#2370,#2371,#2372,#2373));
#2369=IFCPROPERTYSINGLEVALUE('NominalWidth',$,IFCREAL(0.29210000000000003),$);
#2370=IFCPROPERTYSINGLEVALUE('NominalDepth',$,IFCREAL(0.42925999999999997),$);
#2371=IFCPROPERTYSINGLEVALUE('NominalHeight',$,IFCREAL(3.048),$);
#2372=IFCPROPERTYSINGLEVALUE('NominalFootprintArea',$,IFCREAL(0.125387),$);
#2373=IFCPROPERTYSINGLEVALUE('NominalVolume',$,IFCREAL(0.38217899999999999),$);
#2374=IFCMEMBERTYPE('2TPxoM$A5B186ZH0nZtrSk',$,'WT Structural Tee - WT16.5X76',$,$,(#2391,#2395,#2406),(#2390),$,$,.NOTDEFINED.);
#2375=IFCCARTESIANPOINT((0.,0.));
#2376=IFCDIRECTION((1.,0.));
#2377=IFCAXIS2PLACEMENT2D(#2375,#2376);
#2378=IFCTSHAPEPROFILEDEF(.AREA.,'WT16.5X76',#2377,0.42418,0.29464000000000001,0.016129000000000001,0.026924,0.017780000000000001,$,$,$,$);
#2379=IFCCARTESIANPOINT((0.,0.,0.));
#2380=IFCDIRECTION((0.,0.,1.));
#2381=IFCDIRECTION((1.,0.,0.));
#2382=IFCAXIS2PLACEMENT3D(#2379,#2380,#2381);
#2383=IFCDIRECTION((0.,0.,1.));
#2384=IFCEXTRUDEDAREASOLID(#2378,#2382,#2383,3.048);
#2385=IFCSHAPEREPRESENTATION(#11,'Body','SweptSolid',(#2384));
#2386=IFCCARTESIANPOINT((0.,0.,0.));
#2387=IFCDIRECTION((1.,0.,0.));
#2388=IFCDIRECTION((0.,0.,1.));
#2389=IFCAXIS2PLACEMENT3D(#2386,#2388,#2387);
#2390=IFCREPRESENTATIONMAP(#2389,#2385);
#2391=IFCPROPERTYSET('1$VWzDp0r89hAd5M7kMtyO',$,'MF_Structural',$,(#2392,#2393,#2394));
#2392=IFCPROPERTYSINGLEVALUE('Section',$,IFCLABEL('WT16.5X76'),$);
#2393=IFCPROPERTYSINGLEVALUE('SectionFamily',$,IFCLABEL('WT'),$);
#2394=IFCPROPERTYSINGLEVALUE('SectionSource',$,IFCLABEL('AISC Shapes Database v15.0 (US)'),$);
#2395=IFCPROPERTYSET('2EhBCT7Pb0oAAO260E0EQL',$,'MF_Library',$,(#2396,#2397,#2398,#2399,#2400,#2401,#2402,#2403,#2404,#2405));
#2396=IFCPROPERTYSINGLEVALUE('Key',$,IFCLABEL('steel_tee_wt'),$);
#2397=IFCPROPERTYSINGLEVALUE('Family',$,IFCLABEL('WT Structural Tee'),$);
#2398=IFCPROPERTYSINGLEVALUE('TypeName',$,IFCLABEL('WT16.5X76'),$);
#2399=IFCPROPERTYSINGLEVALUE('Version',$,IFCLABEL('0.1.0'),$);
#2400=IFCPROPERTYSINGLEVALUE('License',$,IFCLABEL('CC0-1.0'),$);
#2401=IFCPROPERTYSINGLEVALUE('Source',$,IFCLABEL('massing-families'),$);
#2402=IFCPROPERTYSINGLEVALUE('Tier',$,IFCLABEL('L300'),$);
#2403=IFCPROPERTYSINGLEVALUE('Builder',$,IFCLABEL('profile'),$);
#2404=IFCPROPERTYSINGLEVALUE('Discipline',$,IFCLABEL('structural'),$);
#2405=IFCPROPERTYSINGLEVALUE('GeometryStatus',$,IFCLABEL('parametric'),$);
#2406=IFCPROPERTYSET('3jnxIzzK99_RjA_3J0d7J$',$,'MF_Quantities',$,(#2407,#2408,#2409,#2410,#2411));
#2407=IFCPROPERTYSINGLEVALUE('NominalWidth',$,IFCREAL(0.29464000000000001),$);
#2408=IFCPROPERTYSINGLEVALUE('NominalDepth',$,IFCREAL(0.42418),$);
#2409=IFCPROPERTYSINGLEVALUE('NominalHeight',$,IFCREAL(3.048),$);
#2410=IFCPROPERTYSINGLEVALUE('NominalFootprintArea',$,IFCREAL(0.12497999999999999),$);
#2411=IFCPROPERTYSINGLEVALUE('NominalVolume',$,IFCREAL(0.38094),$);
#2412=IFCMEMBERTYPE('3Z8wPglmT6Sx0ZYSaHXkD6',$,'WT Structural Tee - WT16.5X70.5',$,$,(#2429,#2433,#2444),(#2428),$,$,.NOTDEFINED.);
#2413=IFCCARTESIANPOINT((0.,0.));
#2414=IFCDIRECTION((1.,0.));
#2415=IFCAXIS2PLACEMENT2D(#2413,#2414);
#2416=IFCTSHAPEPROFILEDEF(.AREA.,'WT16.5X70.5',#2415,0.42418,0.29210000000000003,0.015367,0.024383999999999999,0.017780000000000001,$,$,$,$);
#2417=IFCCARTESIANPOINT((0.,0.,0.));
#2418=IFCDIRECTION((0.,0.,1.));
#2419=IFCDIRECTION((1.,0.,0.));
#2420=IFCAXIS2PLACEMENT3D(#2417,#2418,#2419);
#2421=IFCDIRECTION((0.,0.,1.));
#2422=IFCEXTRUDEDAREASOLID(#2416,#2420,#2421,3.048);
#2423=IFCSHAPEREPRESENTATION(#11,'Body','SweptSolid',(#2422));
#2424=IFCCARTESIANPOINT((0.,0.,0.));
#2425=IFCDIRECTION((1.,0.,0.));
#2426=IFCDIRECTION((0.,0.,1.));
#2427=IFCAXIS2PLACEMENT3D(#2424,#2426,#2425);
#2428=IFCREPRESENTATIONMAP(#2427,#2423);
#2429=IFCPROPERTYSET('3H7BgmzVL0vgKDdBCZOC41',$,'MF_Structural',$,(#2430,#2431,#2432));
#2430=IFCPROPERTYSINGLEVALUE('Section',$,IFCLABEL('WT16.5X70.5'),$);
#2431=IFCPROPERTYSINGLEVALUE('SectionFamily',$,IFCLABEL('WT'),$);
#2432=IFCPROPERTYSINGLEVALUE('SectionSource',$,IFCLABEL('AISC Shapes Database v15.0 (US)'),$);
#2433=IFCPROPERTYSET('16lG_ba_P9_BJDOc5NTGnz',$,'MF_Library',$,(#2434,#2435,#2436,#2437,#2438,#2439,#2440,#2441,#2442,#2443));
#2434=IFCPROPERTYSINGLEVALUE('Key',$,IFCLABEL('steel_tee_wt'),$);
#2435=IFCPROPERTYSINGLEVALUE('Family',$,IFCLABEL('WT Structural Tee'),$);
#2436=IFCPROPERTYSINGLEVALUE('TypeName',$,IFCLABEL('WT16.5X70.5'),$);
#2437=IFCPROPERTYSINGLEVALUE('Version',$,IFCLABEL('0.1.0'),$);
#2438=IFCPROPERTYSINGLEVALUE('License',$,IFCLABEL('CC0-1.0'),$);
#2439=IFCPROPERTYSINGLEVALUE('Source',$,IFCLABEL('massing-families'),$);
#2440=IFCPROPERTYSINGLEVALUE('Tier',$,IFCLABEL('L300'),$);
#2441=IFCPROPERTYSINGLEVALUE('Builder',$,IFCLABEL('profile'),$);
#2442=IFCPROPERTYSINGLEVALUE('Discipline',$,IFCLABEL('structural'),$);
#2443=IFCPROPERTYSINGLEVALUE('GeometryStatus',$,IFCLABEL('parametric'),$);
#2444=IFCPROPERTYSET('2yYFfslP1DJvIBHIyQpg$x',$,'MF_Quantities',$,(#2445,#2446,#2447,#2448,#2449));
#2445=IFCPROPERTYSINGLEVALUE('NominalWidth',$,IFCREAL(0.29210000000000003),$);
#2446=IFCPROPERTYSINGLEVALUE('NominalDepth',$,IFCREAL(0.42418),$);
#2447=IFCPROPERTYSINGLEVALUE('NominalHeight',$,IFCREAL(3.048),$);
#2448=IFCPROPERTYSINGLEVALUE('NominalFootprintArea',$,IFCREAL(0.123903),$);
#2449=IFCPROPERTYSINGLEVALUE('NominalVolume',$,IFCREAL(0.37765599999999999),$);
#2450=IFCMEMBERTYPE('0qztdZm8zEJAxPhoKapaqY',$,'WT Structural Tee - WT16.5X65',$,$,(#2467,#2471,#2482),(#2466),$,$,.NOTDEFINED.);
#2451=IFCCARTESIANPOINT((0.,0.));
#2452=IFCDIRECTION((1.,0.));
#2453=IFCAXIS2PLACEMENT2D(#2451,#2452);
#2454=IFCTSHAPEPROFILEDEF(.AREA.,'WT16.5X65',#2453,0.41909999999999997,0.29210000000000003,0.014732,0.021717,0.017906999999999999,$,$,$,$);
#2455=IFCCARTESIANPOINT((0.,0.,0.));
#2456=IFCDIRECTION((0.,0.,1.));
#2457=IFCDIRECTION((1.,0.,0.));
#2458=IFCAXIS2PLACEMENT3D(#2455,#2456,#2457);
#2459=IFCDIRECTION((0.,0.,1.));
#2460=IFCEXTRUDEDAREASOLID(#2454,#2458,#2459,3.048);
#2461=IFCSHAPEREPRESENTATION(#11,'Body','SweptSolid',(#2460));
#2462=IFCCARTESIANPOINT((0.,0.,0.));
#2463=IFCDIRECTION((1.,0.,0.));
#2464=IFCDIRECTION((0.,0.,1.));
#2465=IFCAXIS2PLACEMENT3D(#2462,#2464,#2463);
#2466=IFCREPRESENTATIONMAP(#2465,#2461);
#2467=IFCPROPERTYSET('0auM5EkNj9OhcuqyNUKtmM',$,'MF_Structural',$,(#2468,#2469,#2470));
#2468=IFCPROPERTYSINGLEVALUE('Section',$,IFCLABEL('WT16.5X65'),$);
#2469=IFCPROPERTYSINGLEVALUE('SectionFamily',$,IFCLABEL('WT'),$);
#2470=IFCPROPERTYSINGLEVALUE('SectionSource',$,IFCLABEL('AISC Shapes Database v15.0 (US)'),$);
#2471=IFCPROPERTYSET('2TIxFEIa5F08te$AjfVUZp',$,'MF_Library',$,(#2472,#2473,#2474,#2475,#2476,#2477,#2478,#2479,#2480,#2481));
#2472=IFCPROPERTYSINGLEVALUE('Key',$,IFCLABEL('steel_tee_wt'),$);
#2473=IFCPROPERTYSINGLEVALUE('Family',$,IFCLABEL('WT Structural Tee'),$);
#2474=IFCPROPERTYSINGLEVALUE('TypeName',$,IFCLABEL('WT16.5X65'),$);
#2475=IFCPROPERTYSINGLEVALUE('Version',$,IFCLABEL('0.1.0'),$);
#2476=IFCPROPERTYSINGLEVALUE('License',$,IFCLABEL('CC0-1.0'),$);
#2477=IFCPROPERTYSINGLEVALUE('Source',$,IFCLABEL('massing-families'),$);
#2478=IFCPROPERTYSINGLEVALUE('Tier',$,IFCLABEL('L300'),$);
#2479=IFCPROPERTYSINGLEVALUE('Builder',$,IFCLABEL('profile'),$);
#2480=IFCPROPERTYSINGLEVALUE('Discipline',$,IFCLABEL('structural'),$);
#2481=IFCPROPERTYSINGLEVALUE('GeometryStatus',$,IFCLABEL('parametric'),$);
#2482=IFCPROPERTYSET('3u916RoNn2L9s37tWhHpkv',$,'MF_Quantities',$,(#2483,#2484,#2485,#2486,#2487));
#2483=IFCPROPERTYSINGLEVALUE('NominalWidth',$,IFCREAL(0.29210000000000003),$);
#2484=IFCPROPERTYSINGLEVALUE('NominalDepth',$,IFCREAL(0.41909999999999997),$);
#2485=IFCPROPERTYSINGLEVALUE('NominalHeight',$,IFCREAL(3.048),$);
#2486=IFCPROPERTYSINGLEVALUE('NominalFootprintArea',$,IFCREAL(0.122419),$);
#2487=IFCPROPERTYSINGLEVALUE('NominalVolume',$,IFCREAL(0.37313299999999999),$);
#2488=IFCMEMBERTYPE('3uQpJqysj988sz4yuIeFx4',$,'WT Structural Tee - WT16.5X59',$,$,(#2505,#2509,#2520),(#2504),$,$,.NOTDEFINED.);
#2489=IFCCARTESIANPOINT((0.,0.));
#2490=IFCDIRECTION((1.,0.));
#2491=IFCAXIS2PLACEMENT2D(#2489,#2490);
#2492=IFCTSHAPEPROFILEDEF(.AREA.,'WT16.5X59',#2491,0.41655999999999999,0.29210000000000003,0.01397,0.018796,0.017780000000000001,$,$,$,$);
#2493=IFCCARTESIANPOINT((0.,0.,0.));
#2494=IFCDIRECTION((0.,0.,1.));
#2495=IFCDIRECTION((1.,0.,0.));
#2496=IFCAXIS2PLACEMENT3D(#2493,#2494,#2495);
#2497=IFCDIRECTION((0.,0.,1.));
#2498=IFCEXTRUDEDAREASOLID(#2492,#2496,#2497,3.048);
#2499=IFCSHAPEREPRESENTATION(#11,'Body','SweptSolid',(#2498));
#2500=IFCCARTESIANPOINT((0.,0.,0.));
#2501=IFCDIRECTION((1.,0.,0.));
#2502=IFCDIRECTION((0.,0.,1.));
#2503=IFCAXIS2PLACEMENT3D(#2500,#2502,#2501);
#2504=IFCREPRESENTATIONMAP(#2503,#2499);
#2505=IFCPROPERTYSET('1Xxe4e6ij0KhRyUkdZThzZ',$,'MF_Structural',$,(#2506,#2507,#2508));
#2506=IFCPROPERTYSINGLEVALUE('Section',$,IFCLABEL('WT16.5X59'),$);
#2507=IFCPROPERTYSINGLEVALUE('SectionFamily',$,IFCLABEL('WT'),$);
#2508=IFCPROPERTYSINGLEVALUE('SectionSource',$,IFCLABEL('AISC Shapes Database v15.0 (US)'),$);
#2509=IFCPROPERTYSET('1dyBor49j8ShmV2QBRw9NL',$,'MF_Library',$,(#2510,#2511,#2512,#2513,#2514,#2515,#2516,#2517,#2518,#2519));
#2510=IFCPROPERTYSINGLEVALUE('Key',$,IFCLABEL('steel_tee_wt'),$);
#2511=IFCPROPERTYSINGLEVALUE('Family',$,IFCLABEL('WT Structural Tee'),$);
#2512=IFCPROPERTYSINGLEVALUE('TypeName',$,IFCLABEL('WT16.5X59'),$);
#2513=IFCPROPERTYSINGLEVALUE('Version',$,IFCLABEL('0.1.0'),$);
#2514=IFCPROPERTYSINGLEVALUE('License',$,IFCLABEL('CC0-1.0'),$);
#2515=IFCPROPERTYSINGLEVALUE('Source',$,IFCLABEL('massing-families'),$);
#2516=IFCPROPERTYSINGLEVALUE('Tier',$,IFCLABEL('L300'),$);
#2517=IFCPROPERTYSINGLEVALUE('Builder',$,IFCLABEL('profile'),$);
#2518=IFCPROPERTYSINGLEVALUE('Discipline',$,IFCLABEL('structural'),$);
#2519=IFCPROPERTYSINGLEVALUE('GeometryStatus',$,IFCLABEL('parametric'),$);
#2520=IFCPROPERTYSET('3FEfTJ5KPE6QiT3KQBpWaC',$,'MF_Quantities',$,(#2521,#2522,#2523,#2524,#2525));
#2521=IFCPROPERTYSINGLEVALUE('NominalWidth',$,IFCREAL(0.29210000000000003),$);
#2522=IFCPROPERTYSINGLEVALUE('NominalDepth',$,IFCREAL(0.41655999999999999),$);
#2523=IFCPROPERTYSINGLEVALUE('NominalHeight',$,IFCREAL(3.048),$);
#2524=IFCPROPERTYSINGLEVALUE('NominalFootprintArea',$,IFCREAL(0.12167699999999999),$);
#2525=IFCPROPERTYSINGLEVALUE('NominalVolume',$,IFCREAL(0.37087199999999998),$);
#2526=IFCMEMBERTYPE('19g7OL$L12$eve60Pm50cB',$,'WT Structural Tee - WT15X195.5',$,$,(#2543,#2547,#2558),(#2542),$,$,.NOTDEFINED.);
#2527=IFCCARTESIANPOINT((0.,0.));
#2528=IFCDIRECTION((1.,0.));
#2529=IFCAXIS2PLACEMENT2D(#2527,#2528);
#2530=IFCTSHAPEPROFILEDEF(.AREA.,'WT15X195.5',#2529,0.42164000000000001,0.39623999999999998,0.034543999999999998,0.061976000000000003,0.020066000000000001,$,$,$,$);
#2531=IFCCARTESIANPOINT((0.,0.,0.));
#2532=IFCDIRECTION((0.,0.,1.));
#2533=IFCDIRECTION((1.,0.,0.));
#2534=IFCAXIS2PLACEMENT3D(#2531,#2532,#2533);
#2535=IFCDIRECTION((0.,0.,1.));
#2536=IFCEXTRUDEDAREASOLID(#2530,#2534,#2535,3.048);
#2537=IFCSHAPEREPRESENTATION(#11,'Body','SweptSolid',(#2536));
#2538=IFCCARTESIANPOINT((0.,0.,0.));
#2539=IFCDIRECTION((1.,0.,0.));
#2540=IFCDIRECTION((0.,0.,1.));
#2541=IFCAXIS2PLACEMENT3D(#2538,#2540,#2539);
#2542=IFCREPRESENTATIONMAP(#2541,#2537);
#2543=IFCPROPERTYSET('0j953vInH2pfZnCvRSJJil',$,'MF_Structural',$,(#2544,#2545,#2546));
#2544=IFCPROPERTYSINGLEVALUE('Section',$,IFCLABEL('WT15X195.5'),$);
#2545=IFCPROPERTYSINGLEVALUE('SectionFamily',$,IFCLABEL('WT'),$);
#2546=IFCPROPERTYSINGLEVALUE('SectionSource',$,IFCLABEL('AISC Shapes Database v15.0 (US)'),$);
#2547=IFCPROPERTYSET('23zNFlKrH7fekSlqvLQeS7',$,'MF_Library',$,(#2548,#2549,#2550,#2551,#2552,#2553,#2554,#2555,#2556,#2557));
#2548=IFCPROPERTYSINGLEVALUE('Key',$,IFCLABEL('steel_tee_wt'),$);
#2549=IFCPROPERTYSINGLEVALUE('Family',$,IFCLABEL('WT Structural Tee'),$);
#2550=IFCPROPERTYSINGLEVALUE('TypeName',$,IFCLABEL('WT15X195.5'),$);
#2551=IFCPROPERTYSINGLEVALUE('Version',$,IFCLABEL('0.1.0'),$);
#2552=IFCPROPERTYSINGLEVALUE('License',$,IFCLABEL('CC0-1.0'),$);
#2553=IFCPROPERTYSINGLEVALUE('Source',$,IFCLABEL('massing-families'),$);
#2554=IFCPROPERTYSINGLEVALUE('Tier',$,IFCLABEL('L300'),$);
#2555=IFCPROPERTYSINGLEVALUE('Builder',$,IFCLABEL('profile'),$);
#2556=IFCPROPERTYSINGLEVALUE('Discipline',$,IFCLABEL('structural'),$);
#2557=IFCPROPERTYSINGLEVALUE('GeometryStatus',$,IFCLABEL('parametric'),$);
#2558=IFCPROPERTYSET('25lMc4FF1ExBdMron1YoZU',$,'MF_Quantities',$,(#2559,#2560,#2561,#2562,#2563));
#2559=IFCPROPERTYSINGLEVALUE('NominalWidth',$,IFCREAL(0.39623999999999998),$);
#2560=IFCPROPERTYSINGLEVALUE('NominalDepth',$,IFCREAL(0.42164000000000001),$);
#2561=IFCPROPERTYSINGLEVALUE('NominalHeight',$,IFCREAL(3.048),$);
#2562=IFCPROPERTYSINGLEVALUE('NominalFootprintArea',$,IFCREAL(0.167071),$);
#2563=IFCPROPERTYSINGLEVALUE('NominalVolume',$,IFCREAL(0.50923099999999999),$);
#2564=IFCMEMBERTYPE('2TK5bdan9DJPF_dImZLZJ5',$,'WT Structural Tee - WT15X178.5',$,$,(#2581,#2585,#2596),(#2580),$,$,.NOTDEFINED.);
#2565=IFCCARTESIANPOINT((0.,0.));
#2566=IFCDIRECTION((1.,0.));
#2567=IFCAXIS2PLACEMENT2D(#2565,#2566);
#2568=IFCTSHAPEPROFILEDEF(.AREA.,'WT15X178.5',#2567,0.41655999999999999,0.39369999999999999,0.031496000000000003,0.056896000000000002,0.020066000000000001,$,$,$,$);
#2569=IFCCARTESIANPOINT((0.,0.,0.));
#2570=IFCDIRECTION((0.,0.,1.));
#2571=IFCDIRECTION((1.,0.,0.));
#2572=IFCAXIS2PLACEMENT3D(#2569,#2570,#2571);
#2573=IFCDIRECTION((0.,0.,1.));
#2574=IFCEXTRUDEDAREASOLID(#2568,#2572,#2573,3.048);
#2575=IFCSHAPEREPRESENTATION(#11,'Body','SweptSolid',(#2574));
#2576=IFCCARTESIANPOINT((0.,0.,0.));
#2577=IFCDIRECTION((1.,0.,0.));
#2578=IFCDIRECTION((0.,0.,1.));
#2579=IFCAXIS2PLACEMENT3D(#2576,#2578,#2577);
#2580=IFCREPRESENTATIONMAP(#2579,#2575);
#2581=IFCPROPERTYSET('1A9SSJHu94F9ms2EtMBv6$',$,'MF_Structural',$,(#2582,#2583,#2584));
#2582=IFCPROPERTYSINGLEVALUE('Section',$,IFCLABEL('WT15X178.5'),$);
#2583=IFCPROPERTYSINGLEVALUE('SectionFamily',$,IFCLABEL('WT'),$);
#2584=IFCPROPERTYSINGLEVALUE('SectionSource',$,IFCLABEL('AISC Shapes Database v15.0 (US)'),$);
#2585=IFCPROPERTYSET('3BGr89s6zEPvMuxXNT3Fil',$,'MF_Library',$,(#2586,#2587,#2588,#2589,#2590,#2591,#2592,#2593,#2594,#2595));
#2586=IFCPROPERTYSINGLEVALUE('Key',$,IFCLABEL('steel_tee_wt'),$);
#2587=IFCPROPERTYSINGLEVALUE('Family',$,IFCLABEL('WT Structural Tee'),$);
#2588=IFCPROPERTYSINGLEVALUE('TypeName',$,IFCLABEL('WT15X178.5'),$);
#2589=IFCPROPERTYSINGLEVALUE('Version',$,IFCLABEL('0.1.0'),$);
#2590=IFCPROPERTYSINGLEVALUE('License',$,IFCLABEL('CC0-1.0'),$);
#2591=IFCPROPERTYSINGLEVALUE('Source',$,IFCLABEL('massing-families'),$);
#2592=IFCPROPERTYSINGLEVALUE('Tier',$,IFCLABEL('L300'),$);
#2593=IFCPROPERTYSINGLEVALUE('Builder',$,IFCLABEL('profile'),$);
#2594=IFCPROPERTYSINGLEVALUE('Discipline',$,IFCLABEL('structural'),$);
#2595=IFCPROPERTYSINGLEVALUE('GeometryStatus',$,IFCLABEL('parametric'),$);
#2596=IFCPROPERTYSET('1AA4wgVwb2cxXK6e7QYIlo',$,'MF_Quantities',$,(#2597,#2598,#2599,#2600,#2601));
#2597=IFCPROPERTYSINGLEVALUE('NominalWidth',$,IFCREAL(0.39369999999999999),$);
#2598=IFCPROPERTYSINGLEVALUE('NominalDepth',$,IFCREAL(0.41655999999999999),$);
#2599=IFCPROPERTYSINGLEVALUE('NominalHeight',$,IFCREAL(3.048),$);
#2600=IFCPROPERTYSINGLEVALUE('NominalFootprintArea',$,IFCREAL(0.16400000000000001),$);
#2601=IFCPROPERTYSINGLEVALUE('NominalVolume',$,IFCREAL(0.49987100000000001),$);
#2602=IFCMEMBERTYPE('1ghxH1L$j5ixHfyr1rVEc4',$,'WT Structural Tee - WT15X163',$,$,(#2619,#2623,#2634),(#2618),$,$,.NOTDEFINED.);
#2603=IFCCARTESIANPOINT((0.,0.));
#2604=IFCDIRECTION((1.,0.));
#2605=IFCAXIS2PLACEMENT2D(#2603,#2604);
#2606=IFCTSHAPEPROFILEDEF(.AREA.,'WT15X163',#2605,0.41148000000000001,0.39116000000000001,0.028955999999999999,0.052069999999999998,0.020066000000000001,$,$,$,$);
#2607=IFCCARTESIANPOINT((0.,0.,0.));
#2608=IFCDIRECTION((0.,0.,1.));
#2609=IFCDIRECTION((1.,0.,0.));
#2610=IFCAXIS2PLACEMENT3D(#2607,#2608,#2609);
#2611=IFCDIRECTION((0.,0.,1.));
#2612=IFCEXTRUDEDAREASOLID(#2606,#2610,#2611,3.048);
#2613=IFCSHAPEREPRESENTATION(#11,'Body','SweptSolid',(#2612));
#2614=IFCCARTESIANPOINT((0.,0.,0.));
#2615=IFCDIRECTION((1.,0.,0.));
#2616=IFCDIRECTION((0.,0.,1.));
#2617=IFCAXIS2PLACEMENT3D(#2614,#2616,#2615);
#2618=IFCREPRESENTATIONMAP(#2617,#2613);
#2619=IFCPROPERTYSET('0ISzCihh1DPBf1$ISMIEI7',$,'MF_Structural',$,(#2620,#2621,#2622));
#2620=IFCPROPERTYSINGLEVALUE('Section',$,IFCLABEL('WT15X163'),$);
#2621=IFCPROPERTYSINGLEVALUE('SectionFamily',$,IFCLABEL('WT'),$);
#2622=IFCPROPERTYSINGLEVALUE('SectionSource',$,IFCLABEL('AISC Shapes Database v15.0 (US)'),$);
#2623=IFCPROPERTYSET('2hjMTubyT7xBUvsNy3g7hu',$,'MF_Library',$,(#2624,#2625,#2626,#2627,#2628,#2629,#2630,#2631,#2632,#2633));
#2624=IFCPROPERTYSINGLEVALUE('Key',$,IFCLABEL('steel_tee_wt'),$);
#2625=IFCPROPERTYSINGLEVALUE('Family',$,IFCLABEL('WT Structural Tee'),$);
#2626=IFCPROPERTYSINGLEVALUE('TypeName',$,IFCLABEL('WT15X163'),$);
#2627=IFCPROPERTYSINGLEVALUE('Version',$,IFCLABEL('0.1.0'),$);
#2628=IFCPROPERTYSINGLEVALUE('License',$,IFCLABEL('CC0-1.0'),$);
#2629=IFCPROPERTYSINGLEVALUE('Source',$,IFCLABEL('massing-families'),$);
#2630=IFCPROPERTYSINGLEVALUE('Tier',$,IFCLABEL('L300'),$);
#2631=IFCPROPERTYSINGLEVALUE('Builder',$,IFCLABEL('profile'),$);
#2632=IFCPROPERTYSINGLEVALUE('Discipline',$,IFCLABEL('structural'),$);
#2633=IFCPROPERTYSINGLEVALUE('GeometryStatus',$,IFCLABEL('parametric'),$);
#2634=IFCPROPERTYSET('1Wd8tGmYT2fh_GA2ktcQMr',$,'MF_Quantities',$,(#2635,#2636,#2637,#2638,#2639));
#2635=IFCPROPERTYSINGLEVALUE('NominalWidth',$,IFCREAL(0.39116000000000001),$);
#2636=IFCPROPERTYSINGLEVALUE('NominalDepth',$,IFCREAL(0.41148000000000001),$);
#2637=IFCPROPERTYSINGLEVALUE('NominalHeight',$,IFCREAL(3.048),$);
#2638=IFCPROPERTYSINGLEVALUE('NominalFootprintArea',$,IFCREAL(0.16095499999999999),$);
#2639=IFCPROPERTYSINGLEVALUE('NominalVolume',$,IFCREAL(0.490589),$);
#2640=IFCMEMBERTYPE('3eKL1pQJzETR_EQof_GYch',$,'WT Structural Tee - WT15X146',$,$,(#2657,#2661,#2672),(#2656),$,$,.NOTDEFINED.);
#2641=IFCCARTESIANPOINT((0.,0.));
#2642=IFCDIRECTION((1.,0.));
#2643=IFCAXIS2PLACEMENT2D(#2641,#2642);
#2644=IFCTSHAPEPROFILEDEF(.AREA.,'WT15X146',#2643,0.40639999999999998,0.38862000000000002,0.025908,0.046989999999999997,0.020066000000000001,$,$,$,$);
#2645=IFCCARTESIANPOINT((0.,0.,0.));
#2646=IFCDIRECTION((0.,0.,1.));
#2647=IFCDIRECTION((1.,0.,0.));
#2648=IFCAXIS2PLACEMENT3D(#2645,#2646,#2647);
#2649=IFCDIRECTION((0.,0.,1.));
#2650=IFCEXTRUDEDAREASOLID(#2644,#2648,#2649,3.048);
#2651=IFCSHAPEREPRESENTATION(#11,'Body','SweptSolid',(#2650));
#2652=IFCCARTESIANPOINT((0.,0.,0.));
#2653=IFCDIRECTION((1.,0.,0.));
#2654=IFCDIRECTION((0.,0.,1.));
#2655=IFCAXIS2PLACEMENT3D(#2652,#2654,#2653);
#2656=IFCREPRESENTATIONMAP(#2655,#2651);
#2657=IFCPROPERTYSET('06AC5Rz$j2Bg3qFkntYoF7',$,'MF_Structural',$,(#2658,#2659,#2660));
#2658=IFCPROPERTYSINGLEVALUE('Section',$,IFCLABEL('WT15X146'),$);
#2659=IFCPROPERTYSINGLEVALUE('SectionFamily',$,IFCLABEL('WT'),$);
#2660=IFCPROPERTYSINGLEVALUE('SectionSource',$,IFCLABEL('AISC Shapes Database v15.0 (US)'),$);
#2661=IFCPROPERTYSET('2pgWuhtdr0MuABrM2drEcY',$,'MF_Library',$,(#2662,#2663,#2664,#2665,#2666,#2667,#2668,#2669,#2670,#2671));
#2662=IFCPROPERTYSINGLEVALUE('Key',$,IFCLABEL('steel_tee_wt'),$);
#2663=IFCPROPERTYSINGLEVALUE('Family',$,IFCLABEL('WT Structural Tee'),$);
#2664=IFCPROPERTYSINGLEVALUE('TypeName',$,IFCLABEL('WT15X146'),$);
#2665=IFCPROPERTYSINGLEVALUE('Version',$,IFCLABEL('0.1.0'),$);
#2666=IFCPROPERTYSINGLEVALUE('License',$,IFCLABEL('CC0-1.0'),$);
#2667=IFCPROPERTYSINGLEVALUE('Source',$,IFCLABEL('massing-families'),$);
#2668=IFCPROPERTYSINGLEVALUE('Tier',$,IFCLABEL('L300'),$);
#2669=IFCPROPERTYSINGLEVALUE('Builder',$,IFCLABEL('profile'),$);
#2670=IFCPROPERTYSINGLEVALUE('Discipline',$,IFCLABEL('structural'),$);
#2671=IFCPROPERTYSINGLEVALUE('GeometryStatus',$,IFCLABEL('parametric'),$);
#2672=IFCPROPERTYSET('2ZS72a$iz3kRYAlLl3_1qC',$,'MF_Quantities',$,(#2673,#2674,#2675,#2676,#2677));
#2673=IFCPROPERTYSINGLEVALUE('NominalWidth',$,IFCREAL(0.38862000000000002),$);
#2674=IFCPROPERTYSINGLEVALUE('NominalDepth',$,IFCREAL(0.40639999999999998),$);
#2675=IFCPROPERTYSINGLEVALUE('NominalHeight',$,IFCREAL(3.048),$);
#2676=IFCPROPERTYSINGLEVALUE('NominalFootprintArea',$,IFCREAL(0.15793499999999999),$);
#2677=IFCPROPERTYSINGLEVALUE('NominalVolume',$,IFCREAL(0.48138599999999998),$);
#2678=IFCMEMBERTYPE('028CMkmNb8qv7IlruH1RPc',$,'WT Structural Tee - WT15X130.5',$,$,(#2695,#2699,#2710),(#2694),$,$,.NOTDEFINED.);
#2679=IFCCARTESIANPOINT((0.,0.));
#2680=IFCDIRECTION((1.,0.));
#2681=IFCAXIS2PLACEMENT2D(#2679,#2680);
#2682=IFCTSHAPEPROFILEDEF(.AREA.,'WT15X130.5',#2681,0.40132000000000001,0.38607999999999998,0.023622000000000001,0.041910000000000003,0.020066000000000001,$,$,$,$);
#2683=IFCCARTESIANPOINT((0.,0.,0.));
#2684=IFCDIRECTION((0.,0.,1.));
#2685=IFCDIRECTION((1.,0.,0.));
#2686=IFCAXIS2PLACEMENT3D(#2683,#2684,#2685);
#2687=IFCDIRECTION((0.,0.,1.));
#2688=IFCEXTRUDEDAREASOLID(#2682,#2686,#2687,3.048);
#2689=IFCSHAPEREPRESENTATION(#11,'Body','SweptSolid',(#2688));
#2690=IFCCARTESIANPOINT((0.,0.,0.));
#2691=IFCDIRECTION((1.,0.,0.));
#2692=IFCDIRECTION((0.,0.,1.));
#2693=IFCAXIS2PLACEMENT3D(#2690,#2692,#2691);
#2694=IFCREPRESENTATIONMAP(#2693,#2689);
#2695=IFCPROPERTYSET('2TEVHVyQ52fRAC3W7Yvclr',$,'MF_Structural',$,(#2696,#2697,#2698));
#2696=IFCPROPERTYSINGLEVALUE('Section',$,IFCLABEL('WT15X130.5'),$);
#2697=IFCPROPERTYSINGLEVALUE('SectionFamily',$,IFCLABEL('WT'),$);
#2698=IFCPROPERTYSINGLEVALUE('SectionSource',$,IFCLABEL('AISC Shapes Database v15.0 (US)'),$);
#2699=IFCPROPERTYSET('2AaREs4erD0RTijIR3PcL1',$,'MF_Library',$,(#2700,#2701,#2702,#2703,#2704,#2705,#2706,#2707,#2708,#2709));
#2700=IFCPROPERTYSINGLEVALUE('Key',$,IFCLABEL('steel_tee_wt'),$);
#2701=IFCPROPERTYSINGLEVALUE('Family',$,IFCLABEL('WT Structural Tee'),$);
#2702=IFCPROPERTYSINGLEVALUE('TypeName',$,IFCLABEL('WT15X130.5'),$);
#2703=IFCPROPERTYSINGLEVALUE('Version',$,IFCLABEL('0.1.0'),$);
#2704=IFCPROPERTYSINGLEVALUE('License',$,IFCLABEL('CC0-1.0'),$);
#2705=IFCPROPERTYSINGLEVALUE('Source',$,IFCLABEL('massing-families'),$);
#2706=IFCPROPERTYSINGLEVALUE('Tier',$,IFCLABEL('L300'),$);
#2707=IFCPROPERTYSINGLEVALUE('Builder',$,IFCLABEL('profile'),$);
#2708=IFCPROPERTYSINGLEVALUE('Discipline',$,IFCLABEL('structural'),$);
#2709=IFCPROPERTYSINGLEVALUE('GeometryStatus',$,IFCLABEL('parametric'),$);
#2710=IFCPROPERTYSET('26ORbPf09Fb8WRCzYxEJOf',$,'MF_Quantities',$,(#2711,#2712,#2713,#2714,#2715));
#2711=IFCPROPERTYSINGLEVALUE('NominalWidth',$,IFCREAL(0.38607999999999998),$);
#2712=IFCPROPERTYSINGLEVALUE('NominalDepth',$,IFCREAL(0.40132000000000001),$);
#2713=IFCPROPERTYSINGLEVALUE('NominalHeight',$,IFCREAL(3.048),$);
#2714=IFCPROPERTYSINGLEVALUE('NominalFootprintArea',$,IFCREAL(0.154942),$);
#2715=IFCPROPERTYSINGLEVALUE('NominalVolume',$,IFCREAL(0.47226200000000002),$);
#2716=IFCMEMBERTYPE('3jLBbJmkfAnvdTFs4TYO2H',$,'WT Structural Tee - WT15X117.5',$,$,(#2733,#2737,#2748),(#2732),$,$,.NOTDEFINED.);
#2717=IFCCARTESIANPOINT((0.,0.));
#2718=IFCDIRECTION((1.,0.));
#2719=IFCAXIS2PLACEMENT2D(#2717,#2718);
#2720=IFCTSHAPEPROFILEDEF(.AREA.,'WT15X117.5',#2719,0.39878000000000002,0.38353999999999999,0.021082,0.038100000000000002,0.020066000000000001,$,$,$,$);
#2721=IFCCARTESIANPOINT((0.,0.,0.));
#2722=IFCDIRECTION((0.,0.,1.));
#2723=IFCDIRECTION((1.,0.,0.));
#2724=IFCAXIS2PLACEMENT3D(#2721,#2722,#2723);
#2725=IFCDIRECTION((0.,0.,1.));
#2726=IFCEXTRUDEDAREASOLID(#2720,#2724,#2725,3.048);
#2727=IFCSHAPEREPRESENTATION(#11,'Body','SweptSolid',(#2726));
#2728=IFCCARTESIANPOINT((0.,0.,0.));
#2729=IFCDIRECTION((1.,0.,0.));
#2730=IFCDIRECTION((0.,0.,1.));
#2731=IFCAXIS2PLACEMENT3D(#2728,#2730,#2729);
#2732=IFCREPRESENTATIONMAP(#2731,#2727);
#2733=IFCPROPERTYSET('0f0hWir8T43gAKjtgYqkS2',$,'MF_Structural',$,(#2734,#2735,#2736));
#2734=IFCPROPERTYSINGLEVALUE('Section',$,IFCLABEL('WT15X117.5'),$);
#2735=IFCPROPERTYSINGLEVALUE('SectionFamily',$,IFCLABEL('WT'),$);
#2736=IFCPROPERTYSINGLEVALUE('SectionSource',$,IFCLABEL('AISC Shapes Database v15.0 (US)'),$);
#2737=IFCPROPERTYSET('31jG764mP9cxCSlmIudh06',$,'MF_Library',$,(#2738,#2739,#2740,#2741,#2742,#2743,#2744,#2745,#2746,#2747));
#2738=IFCPROPERTYSINGLEVALUE('Key',$,IFCLABEL('steel_tee_wt'),$);
#2739=IFCPROPERTYSINGLEVALUE('Family',$,IFCLABEL('WT Structural Tee'),$);
#2740=IFCPROPERTYSINGLEVALUE('TypeName',$,IFCLABEL('WT15X117.5'),$);
#2741=IFCPROPERTYSINGLEVALUE('Version',$,IFCLABEL('0.1.0'),$);
#2742=IFCPROPERTYSINGLEVALUE('License',$,IFCLABEL('CC0-1.0'),$);
#2743=IFCPROPERTYSINGLEVALUE('Source',$,IFCLABEL('massing-families'),$);
#2744=IFCPROPERTYSINGLEVALUE('Tier',$,IFCLABEL('L300'),$);
#2745=IFCPROPERTYSINGLEVALUE('Builder',$,IFCLABEL('profile'),$);
#2746=IFCPROPERTYSINGLEVALUE('Discipline',$,IFCLABEL('structural'),$);
#2747=IFCPROPERTYSINGLEVALUE('GeometryStatus',$,IFCLABEL('parametric'),$);
#2748=IFCPROPERTYSET('3SOTHV5ATDaglNhafYila3',$,'MF_Quantities',$,(#2749,#2750,#2751,#2752,#2753));
#2749=IFCPROPERTYSINGLEVALUE('NominalWidth',$,IFCREAL(0.38353999999999999),$);
#2750=IFCPROPERTYSINGLEVALUE('NominalDepth',$,IFCREAL(0.39878000000000002),$);
#2751=IFCPROPERTYSINGLEVALUE('NominalHeight',$,IFCREAL(3.048),$);
#2752=IFCPROPERTYSINGLEVALUE('NominalFootprintArea',$,IFCREAL(0.152948),$);
#2753=IFCPROPERTYSINGLEVALUE('NominalVolume',$,IFCREAL(0.46618599999999999),$);
#2754=IFCMEMBERTYPE('3EFS4OmHn368Fx1xb9Kl39',$,'WT Structural Tee - WT15X105.5',$,$,(#2771,#2775,#2786),(#2770),$,$,.NOTDEFINED.);
#2755=IFCCARTESIANPOINT((0.,0.));
#2756=IFCDIRECTION((1.,0.));
#2757=IFCAXIS2PLACEMENT2D(#2755,#2756);
#2758=IFCTSHAPEPROFILEDEF(.AREA.,'WT15X105.5',#2757,0.39369999999999999,0.38353999999999999,0.019685000000000001,0.033528000000000002,0.019812,$,$,$,$);
#2759=IFCCARTESIANPOINT((0.,0.,0.));
#2760=IFCDIRECTION((0.,0.,1.));
#2761=IFCDIRECTION((1.,0.,0.));
#2762=IFCAXIS2PLACEMENT3D(#2759,#2760,#2761);
#2763=IFCDIRECTION((0.,0.,1.));
#2764=IFCEXTRUDEDAREASOLID(#2758,#2762,#2763,3.048);
#2765=IFCSHAPEREPRESENTATION(#11,'Body','SweptSolid',(#2764));
#2766=IFCCARTESIANPOINT((0.,0.,0.));
#2767=IFCDIRECTION((1.,0.,0.));
#2768=IFCDIRECTION((0.,0.,1.));
#2769=IFCAXIS2PLACEMENT3D(#2766,#2768,#2767);
#2770=IFCREPRESENTATIONMAP(#2769,#2765);
#2771=IFCPROPERTYSET('3LT6GeWbvD0OM3K46BCDnj',$,'MF_Structural',$,(#2772,#2773,#2774));
#2772=IFCPROPERTYSINGLEVALUE('Section',$,IFCLABEL('WT15X105.5'),$);
#2773=IFCPROPERTYSINGLEVALUE('SectionFamily',$,IFCLABEL('WT'),$);
#2774=IFCPROPERTYSINGLEVALUE('SectionSource',$,IFCLABEL('AISC Shapes Database v15.0 (US)'),$);
#2775=IFCPROPERTYSET('39cVxgjnjADRJGO3AxStUv',$,'MF_Library',$,(#2776,#2777,#2778,#2779,#2780,#2781,#2782,#2783,#2784,#2785));
#2776=IFCPROPERTYSINGLEVALUE('Key',$,IFCLABEL('steel_tee_wt'),$);
#2777=IFCPROPERTYSINGLEVALUE('Family',$,IFCLABEL('WT Structural Tee'),$);
#2778=IFCPROPERTYSINGLEVALUE('TypeName',$,IFCLABEL('WT15X105.5'),$);
#2779=IFCPROPERTYSINGLEVALUE('Version',$,IFCLABEL('0.1.0'),$);
#2780=IFCPROPERTYSINGLEVALUE('License',$,IFCLABEL('CC0-1.0'),$);
#2781=IFCPROPERTYSINGLEVALUE('Source',$,IFCLABEL('massing-families'),$);
#2782=IFCPROPERTYSINGLEVALUE('Tier',$,IFCLABEL('L300'),$);
#2783=IFCPROPERTYSINGLEVALUE('Builder',$,IFCLABEL('profile'),$);
#2784=IFCPROPERTYSINGLEVALUE('Discipline',$,IFCLABEL('structural'),$);
#2785=IFCPROPERTYSINGLEVALUE('GeometryStatus',$,IFCLABEL('parametric'),$);
#2786=IFCPROPERTYSET('3FW1HbQFX7HhPJ4WH96U5u',$,'MF_Quantities',$,(#2787,#2788,#2789,#2790,#2791));
#2787=IFCPROPERTYSINGLEVALUE('NominalWidth',$,IFCREAL(0.38353999999999999),$);
#2788=IFCPROPERTYSINGLEVALUE('NominalDepth',$,IFCREAL(0.39369999999999999),$);
#2789=IFCPROPERTYSINGLEVALUE('NominalHeight',$,IFCREAL(3.048),$);
#2790=IFCPROPERTYSINGLEVALUE('NominalFootprintArea',$,IFCREAL(0.151),$);
#2791=IFCPROPERTYSINGLEVALUE('NominalVolume',$,IFCREAL(0.46024700000000002),$);
#2792=IFCMEMBERTYPE('1NCA$0mr91IB9WHD2TR4XJ',$,'WT Structural Tee - WT15X95.5',$,$,(#2809,#2813,#2824),(#2808),$,$,.NOTDEFINED.);
#2793=IFCCARTESIANPOINT((0.,0.));
#2794=IFCDIRECTION((1.,0.));
#2795=IFCAXIS2PLACEMENT2D(#2793,#2794);
#2796=IFCTSHAPEPROFILEDEF(.AREA.,'WT15X95.5',#2795,0.38862000000000002,0.38100000000000001,0.018034000000000001,0.030225999999999999,0.019812,$,$,$,$);
#2797=IFCCARTESIANPOINT((0.,0.,0.));
#2798=IFCDIRECTION((0.,0.,1.));
#2799=IFCDIRECTION((1.,0.,0.));
#2800=IFCAXIS2PLACEMENT3D(#2797,#2798,#2799);
#2801=IFCDIRECTION((0.,0.,1.));
#2802=IFCEXTRUDEDAREASOLID(#2796,#2800,#2801,3.048);
#2803=IFCSHAPEREPRESENTATION(#11,'Body','SweptSolid',(#2802));
#2804=IFCCARTESIANPOINT((0.,0.,0.));
#2805=IFCDIRECTION((1.,0.,0.));
#2806=IFCDIRECTION((0.,0.,1.));
#2807=IFCAXIS2PLACEMENT3D(#2804,#2806,#2805);
#2808=IFCREPRESENTATIONMAP(#2807,#2803);
#2809=IFCPROPERTYSET('25dKZBu7T1Twuo9NtkrNrm',$,'MF_Structural',$,(#2810,#2811,#2812));
#2810=IFCPROPERTYSINGLEVALUE('Section',$,IFCLABEL('WT15X95.5'),$);
#2811=IFCPROPERTYSINGLEVALUE('SectionFamily',$,IFCLABEL('WT'),$);
#2812=IFCPROPERTYSINGLEVALUE('SectionSource',$,IFCLABEL('AISC Shapes Database v15.0 (US)'),$);
#2813=IFCPROPERTYSET('1__OJUYHb2hugVFF3_waa9',$,'MF_Library',$,(#2814,#2815,#2816,#2817,#2818,#2819,#2820,#2821,#2822,#2823));
#2814=IFCPROPERTYSINGLEVALUE('Key',$,IFCLABEL('steel_tee_wt'),$);
#2815=IFCPROPERTYSINGLEVALUE('Family',$,IFCLABEL('WT Structural Tee'),$);
#2816=IFCPROPERTYSINGLEVALUE('TypeName',$,IFCLABEL('WT15X95.5'),$);
#2817=IFCPROPERTYSINGLEVALUE('Version',$,IFCLABEL('0.1.0'),$);
#2818=IFCPROPERTYSINGLEVALUE('License',$,IFCLABEL('CC0-1.0'),$);
#2819=IFCPROPERTYSINGLEVALUE('Source',$,IFCLABEL('massing-families'),$);
#2820=IFCPROPERTYSINGLEVALUE('Tier',$,IFCLABEL('L300'),$);
#2821=IFCPROPERTYSINGLEVALUE('Builder',$,IFCLABEL('profile'),$);
#2822=IFCPROPERTYSINGLEVALUE('Discipline',$,IFCLABEL('structural'),$);
#2823=IFCPROPERTYSINGLEVALUE('GeometryStatus',$,IFCLABEL('parametric'),$);
#2824=IFCPROPERTYSET('26GrtmcSvA_Og2Q0o4IZZF',$,'MF_Quantities',$,(#2825,#2826,#2827,#2828,#2829));
#2825=IFCPROPERTYSINGLEVALUE('NominalWidth',$,IFCREAL(0.38100000000000001),$);
#2826=IFCPROPERTYSINGLEVALUE('NominalDepth',$,IFCREAL(0.38862000000000002),$);
#2827=IFCPROPERTYSINGLEVALUE('NominalHeight',$,IFCREAL(3.048),$);
#2828=IFCPROPERTYSINGLEVALUE('NominalFootprintArea',$,IFCREAL(0.148064),$);
#2829=IFCPROPERTYSINGLEVALUE('NominalVolume',$,IFCREAL(0.45129999999999998),$);
#2830=IFCMEMBERTYPE('1YjOTMtnXCcA$fXN$os0i9',$,'WT Structural Tee - WT15X86.5',$,$,(#2847,#2851,#2862),(#2846),$,$,.NOTDEFINED.);
#2831=IFCCARTESIANPOINT((0.,0.));
#2832=IFCDIRECTION((1.,0.));
#2833=IFCAXIS2PLACEMENT2D(#2831,#2832);
#2834=IFCTSHAPEPROFILEDEF(.AREA.,'WT15X86.5',#2833,0.38607999999999998,0.38100000000000001,0.016636999999999999,0.027178000000000001,0.019812,$,$,$,$);
#2835=IFCCARTESIANPOINT((0.,0.,0.));
#2836=IFCDIRECTION((0.,0.,1.));
#2837=IFCDIRECTION((1.,0.,0.));
#2838=IFCAXIS2PLACEMENT3D(#2835,#2836,#2837);
#2839=IFCDIRECTION((0.,0.,1.));
#2840=IFCEXTRUDEDAREASOLID(#2834,#2838,#2839,3.048);
#2841=IFCSHAPEREPRESENTATION(#11,'Body','SweptSolid',(#2840));
#2842=IFCCARTESIANPOINT((0.,0.,0.));
#2843=IFCDIRECTION((1.,0.,0.));
#2844=IFCDIRECTION((0.,0.,1.));
#2845=IFCAXIS2PLACEMENT3D(#2842,#2844,#2843);
#2846=IFCREPRESENTATIONMAP(#2845,#2841);
#2847=IFCPROPERTYSET('2cCYw72LX4_xDBtJFhb75c',$,'MF_Structural',$,(#2848,#2849,#2850));
#2848=IFCPROPERTYSINGLEVALUE('Section',$,IFCLABEL('WT15X86.5'),$);
#2849=IFCPROPERTYSINGLEVALUE('SectionFamily',$,IFCLABEL('WT'),$);
#2850=IFCPROPERTYSINGLEVALUE('SectionSource',$,IFCLABEL('AISC Shapes Database v15.0 (US)'),$);
#2851=IFCPROPERTYSET('2VUo_Pzr58yQi5j$HhbrT9',$,'MF_Library',$,(#2852,#2853,#2854,#2855,#2856,#2857,#2858,#2859,#2860,#2861));
#2852=IFCPROPERTYSINGLEVALUE('Key',$,IFCLABEL('steel_tee_wt'),$);
#2853=IFCPROPERTYSINGLEVALUE('Family',$,IFCLABEL('WT Structural Tee'),$);
#2854=IFCPROPERTYSINGLEVALUE('TypeName',$,IFCLABEL('WT15X86.5'),$);
#2855=IFCPROPERTYSINGLEVALUE('Version',$,IFCLABEL('0.1.0'),$);
#2856=IFCPROPERTYSINGLEVALUE('License',$,IFCLABEL('CC0-1.0'),$);
#2857=IFCPROPERTYSINGLEVALUE('Source',$,IFCLABEL('massing-families'),$);
#2858=IFCPROPERTYSINGLEVALUE('Tier',$,IFCLABEL('L300'),$);
#2859=IFCPROPERTYSINGLEVALUE('Builder',$,IFCLABEL('profile'),$);
#2860=IFCPROPERTYSINGLEVALUE('Discipline',$,IFCLABEL('structural'),$);
#2861=IFCPROPERTYSINGLEVALUE('GeometryStatus',$,IFCLABEL('parametric'),$);
#2862=IFCPROPERTYSET('2RH23EohbBwAH_NS3zewkk',$,'MF_Quantities',$,(#2863,#2864,#2865,#2866,#2867));
#2863=IFCPROPERTYSINGLEVALUE('NominalWidth',$,IFCREAL(0.38100000000000001),$);
#2864=IFCPROPERTYSINGLEVALUE('NominalDepth',$,IFCREAL(0.38607999999999998),$);
#2865=IFCPROPERTYSINGLEVALUE('NominalHeight',$,IFCREAL(3.048),$);
#2866=IFCPROPERTYSINGLEVALUE('NominalFootprintArea',$,IFCREAL(0.147096),$);
#2867=IFCPROPERTYSINGLEVALUE('NominalVolume',$,IFCREAL(0.44835000000000003),$);
#2868=IFCMEMBERTYPE('0DQslqjeL6HPL_MkmKojKW',$,'WT Structural Tee - WT15X74',$,$,(#2885,#2889,#2900),(#2884),$,$,.NOTDEFINED.);
#2869=IFCCARTESIANPOINT((0.,0.));
#2870=IFCDIRECTION((1.,0.));
#2871=IFCAXIS2PLACEMENT2D(#2869,#2870);
#2872=IFCTSHAPEPROFILEDEF(.AREA.,'WT15X74',#2871,0.38862000000000002,0.26669999999999999,0.01651,0.029971999999999999,0.01651,$,$,$,$);
#2873=IFCCARTESIANPOINT((0.,0.,0.));
#2874=IFCDIRECTION((0.,0.,1.));
#2875=IFCDIRECTION((1.,0.,0.));
#2876=IFCAXIS2PLACEMENT3D(#2873,#2874,#2875);
#2877=IFCDIRECTION((0.,0.,1.));
#2878=IFCEXTRUDEDAREASOLID(#2872,#2876,#2877,3.048);
#2879=IFCSHAPEREPRESENTATION(#11,'Body','SweptSolid',(#2878));
#2880=IFCCARTESIANPOINT((0.,0.,0.));
#2881=IFCDIRECTION((1.,0.,0.));
#2882=IFCDIRECTION((0.,0.,1.));
#2883=IFCAXIS2PLACEMENT3D(#2880,#2882,#2881);
#2884=IFCREPRESENTATIONMAP(#2883,#2879);
#2885=IFCPROPERTYSET('2ocFf9HiPCtRmZBrUSDnLN',$,'MF_Structural',$,(#2886,#2887,#2888));
#2886=IFCPROPERTYSINGLEVALUE('Section',$,IFCLABEL('WT15X74'),$);
#2887=IFCPROPERTYSINGLEVALUE('SectionFamily',$,IFCLABEL('WT'),$);
#2888=IFCPROPERTYSINGLEVALUE('SectionSource',$,IFCLABEL('AISC Shapes Database v15.0 (US)'),$);
#2889=IFCPROPERTYSET('3DNdZFFCrDjwV6ZuefSDhA',$,'MF_Library',$,(#2890,#2891,#2892,#2893,#2894,#2895,#2896,#2897,#2898,#2899));
#2890=IFCPROPERTYSINGLEVALUE('Key',$,IFCLABEL('steel_tee_wt'),$);
#2891=IFCPROPERTYSINGLEVALUE('Family',$,IFCLABEL('WT Structural Tee'),$);
#2892=IFCPROPERTYSINGLEVALUE('TypeName',$,IFCLABEL('WT15X74'),$);
#2893=IFCPROPERTYSINGLEVALUE('Version',$,IFCLABEL('0.1.0'),$);
#2894=IFCPROPERTYSINGLEVALUE('License',$,IFCLABEL('CC0-1.0'),$);
#2895=IFCPROPERTYSINGLEVALUE('Source',$,IFCLABEL('massing-families'),$);
#2896=IFCPROPERTYSINGLEVALUE('Tier',$,IFCLABEL('L300'),$);
#2897=IFCPROPERTYSINGLEVALUE('Builder',$,IFCLABEL('profile'),$);
#2898=IFCPROPERTYSINGLEVALUE('Discipline',$,IFCLABEL('structural'),$);
#2899=IFCPROPERTYSINGLEVALUE('GeometryStatus',$,IFCLABEL('parametric'),$);
#2900=IFCPROPERTYSET('1U1djQhZf6ExhuOw9lDl$E',$,'MF_Quantities',$,(#2901,#2902,#2903,#2904,#2905));
#2901=IFCPROPERTYSINGLEVALUE('NominalWidth',$,IFCREAL(0.26669999999999999),$);
#2902=IFCPROPERTYSINGLEVALUE('NominalDepth',$,IFCREAL(0.38862000000000002),$);
#2903=IFCPROPERTYSINGLEVALUE('NominalHeight',$,IFCREAL(3.048),$);
#2904=IFCPROPERTYSINGLEVALUE('NominalFootprintArea',$,IFCREAL(0.103645),$);
#2905=IFCPROPERTYSINGLEVALUE('NominalVolume',$,IFCREAL(0.31591000000000002),$);
#2906=IFCMEMBERTYPE('0aAO4RmjP5fRBcgyUyX9zm',$,'WT Structural Tee - WT15X66',$,$,(#2923,#2927,#2938),(#2922),$,$,.NOTDEFINED.);
#2907=IFCCARTESIANPOINT((0.,0.));
#2908=IFCDIRECTION((1.,0.));
#2909=IFCAXIS2PLACEMENT2D(#2907,#2908);
#2910=IFCTSHAPEPROFILEDEF(.AREA.,'WT15X66',#2909,0.38607999999999998,0.26669999999999999,0.015620999999999999,0.025399999999999999,0.01651,$,$,$,$);
#2911=IFCCARTESIANPOINT((0.,0.,0.));
#2912=IFCDIRECTION((0.,0.,1.));
#2913=IFCDIRECTION((1.,0.,0.));
#2914=IFCAXIS2PLACEMENT3D(#2911,#2912,#2913);
#2915=IFCDIRECTION((0.,0.,1.));
#2916=IFCEXTRUDEDAREASOLID(#2910,#2914,#2915,3.048);
#2917=IFCSHAPEREPRESENTATION(#11,'Body','SweptSolid',(#2916));
#2918=IFCCARTESIANPOINT((0.,0.,0.));
#2919=IFCDIRECTION((1.,0.,0.));
#2920=IFCDIRECTION((0.,0.,1.));
#2921=IFCAXIS2PLACEMENT3D(#2918,#2920,#2919);
#2922=IFCREPRESENTATIONMAP(#2921,#2917);
#2923=IFCPROPERTYSET('3ZifqQVJH8ruIeMSXtJZzt',$,'MF_Structural',$,(#2924,#2925,#2926));
#2924=IFCPROPERTYSINGLEVALUE('Section',$,IFCLABEL('WT15X66'),$);
#2925=IFCPROPERTYSINGLEVALUE('SectionFamily',$,IFCLABEL('WT'),$);
#2926=IFCPROPERTYSINGLEVALUE('SectionSource',$,IFCLABEL('AISC Shapes Database v15.0 (US)'),$);
#2927=IFCPROPERTYSET('1onrFWu3b42Ps1PjUiDH6f',$,'MF_Library',$,(#2928,#2929,#2930,#2931,#2932,#2933,#2934,#2935,#2936,#2937));
#2928=IFCPROPERTYSINGLEVALUE('Key',$,IFCLABEL('steel_tee_wt'),$);
#2929=IFCPROPERTYSINGLEVALUE('Family',$,IFCLABEL('WT Structural Tee'),$);
#2930=IFCPROPERTYSINGLEVALUE('TypeName',$,IFCLABEL('WT15X66'),$);
#2931=IFCPROPERTYSINGLEVALUE('Version',$,IFCLABEL('0.1.0'),$);
#2932=IFCPROPERTYSINGLEVALUE('License',$,IFCLABEL('CC0-1.0'),$);
#2933=IFCPROPERTYSINGLEVALUE('Source',$,IFCLABEL('massing-families'),$);
#2934=IFCPROPERTYSINGLEVALUE('Tier',$,IFCLABEL('L300'),$);
#2935=IFCPROPERTYSINGLEVALUE('Builder',$,IFCLABEL('profile'),$);
#2936=IFCPROPERTYSINGLEVALUE('Discipline',$,IFCLABEL('structural'),$);
#2937=IFCPROPERTYSINGLEVALUE('GeometryStatus',$,IFCLABEL('parametric'),$);
#2938=IFCPROPERTYSET('2Ryv5VBSPDAwyrjdNFac0o',$,'MF_Quantities',$,(#2939,#2940,#2941,#2942,#2943));
#2939=IFCPROPERTYSINGLEVALUE('NominalWidth',$,IFCREAL(0.26669999999999999),$);
#2940=IFCPROPERTYSINGLEVALUE('NominalDepth',$,IFCREAL(0.38607999999999998),$);
#2941=IFCPROPERTYSINGLEVALUE('NominalHeight',$,IFCREAL(3.048),$);
#2942=IFCPROPERTYSINGLEVALUE('NominalFootprintArea',$,IFCREAL(0.102968),$);
#2943=IFCPROPERTYSINGLEVALUE('NominalVolume',$,IFCREAL(0.31384499999999999),$);
#2944=IFCMEMBERTYPE('0f2F8ahC56TPTqZOn1znxN',$,'WT Structural Tee - WT15X62',$,$,(#2961,#2965,#2976),(#2960),$,$,.NOTDEFINED.);
#2945=IFCCARTESIANPOINT((0.,0.));
#2946=IFCDIRECTION((1.,0.));
#2947=IFCAXIS2PLACEMENT2D(#2945,#2946);
#2948=IFCTSHAPEPROFILEDEF(.AREA.,'WT15X62',#2947,0.38353999999999999,0.26669999999999999,0.014859000000000001,0.023622000000000001,0.01651,$,$,$,$);
#2949=IFCCARTESIANPOINT((0.,0.,0.));
#2950=IFCDIRECTION((0.,0.,1.));
#2951=IFCDIRECTION((1.,0.,0.));
#2952=IFCAXIS2PLACEMENT3D(#2949,#2950,#2951);
#2953=IFCDIRECTION((0.,0.,1.));
#2954=IFCEXTRUDEDAREASOLID(#2948,#2952,#2953,3.048);
#2955=IFCSHAPEREPRESENTATION(#11,'Body','SweptSolid',(#2954));
#2956=IFCCARTESIANPOINT((0.,0.,0.));
#2957=IFCDIRECTION((1.,0.,0.));
#2958=IFCDIRECTION((0.,0.,1.));
#2959=IFCAXIS2PLACEMENT3D(#2956,#2958,#2957);
#2960=IFCREPRESENTATIONMAP(#2959,#2955);
#2961=IFCPROPERTYSET('12uWTSNFb3Gg0lYUXxoUZo',$,'MF_Structural',$,(#2962,#2963,#2964));
#2962=IFCPROPERTYSINGLEVALUE('Section',$,IFCLABEL('WT15X62'),$);
#2963=IFCPROPERTYSINGLEVALUE('SectionFamily',$,IFCLABEL('WT'),$);
#2964=IFCPROPERTYSINGLEVALUE('SectionSource',$,IFCLABEL('AISC Shapes Database v15.0 (US)'),$);
#2965=IFCPROPERTYSET('2lunbVXxn1sgDOnDlxrRN1',$,'MF_Library',$,(#2966,#2967,#2968,#2969,#2970,#2971,#2972,#2973,#2974,#2975));
#2966=IFCPROPERTYSINGLEVALUE('Key',$,IFCLABEL('steel_tee_wt'),$);
#2967=IFCPROPERTYSINGLEVALUE('Family',$,IFCLABEL('WT Structural Tee'),$);
#2968=IFCPROPERTYSINGLEVALUE('TypeName',$,IFCLABEL('WT15X62'),$);
#2969=IFCPROPERTYSINGLEVALUE('Version',$,IFCLABEL('0.1.0'),$);
#2970=IFCPROPERTYSINGLEVALUE('License',$,IFCLABEL('CC0-1.0'),$);
#2971=IFCPROPERTYSINGLEVALUE('Source',$,IFCLABEL('massing-families'),$);
#2972=IFCPROPERTYSINGLEVALUE('Tier',$,IFCLABEL('L300'),$);
#2973=IFCPROPERTYSINGLEVALUE('Builder',$,IFCLABEL('profile'),$);
#2974=IFCPROPERTYSINGLEVALUE('Discipline',$,IFCLABEL('structural'),$);
#2975=IFCPROPERTYSINGLEVALUE('GeometryStatus',$,IFCLABEL('parametric'),$);
#2976=IFCPROPERTYSET('2Gq71aN9v6JBZt29Z8STqJ',$,'MF_Quantities',$,(#2977,#2978,#2979,#2980,#2981));
#2977=IFCPROPERTYSINGLEVALUE('NominalWidth',$,IFCREAL(0.26669999999999999),$);
#2978=IFCPROPERTYSINGLEVALUE('NominalDepth',$,IFCREAL(0.38353999999999999),$);
#2979=IFCPROPERTYSINGLEVALUE('NominalHeight',$,IFCREAL(3.048),$);
#2980=IFCPROPERTYSINGLEVALUE('NominalFootprintArea',$,IFCREAL(0.10229000000000001),$);
#2981=IFCPROPERTYSINGLEVALUE('NominalVolume',$,IFCREAL(0.31178),$);
#2982=IFCMEMBERTYPE('03iwVdQLH8xgIUpQ1hd_vR',$,'WT Structural Tee - WT15X58',$,$,(#2999,#3003,#3014),(#2998),$,$,.NOTDEFINED.);
#2983=IFCCARTESIANPOINT((0.,0.));
#2984=IFCDIRECTION((1.,0.));
#2985=IFCAXIS2PLACEMENT2D(#2983,#2984);
#2986=IFCTSHAPEPROFILEDEF(.AREA.,'WT15X58',#2985,0.38100000000000001,0.26669999999999999,0.014350999999999999,0.021590000000000002,0.01651,$,$,$,$);
#2987=IFCCARTESIANPOINT((0.,0.,0.));
#2988=IFCDIRECTION((0.,0.,1.));
#2989=IFCDIRECTION((1.,0.,0.));
#2990=IFCAXIS2PLACEMENT3D(#2987,#2988,#2989);
#2991=IFCDIRECTION((0.,0.,1.));
#2992=IFCEXTRUDEDAREASOLID(#2986,#2990,#2991,3.048);
#2993=IFCSHAPEREPRESENTATION(#11,'Body','SweptSolid',(#2992));
#2994=IFCCARTESIANPOINT((0.,0.,0.));
#2995=IFCDIRECTION((1.,0.,0.));
#2996=IFCDIRECTION((0.,0.,1.));
#2997=IFCAXIS2PLACEMENT3D(#2994,#2996,#2995);
#2998=IFCREPRESENTATIONMAP(#2997,#2993);
#2999=IFCPROPERTYSET('1TDg_wiyf0XOwt2o3uo7jL',$,'MF_Structural',$,(#3000,#3001,#3002));
#3000=IFCPROPERTYSINGLEVALUE('Section',$,IFCLABEL('WT15X58'),$);
#3001=IFCPROPERTYSINGLEVALUE('SectionFamily',$,IFCLABEL('WT'),$);
#3002=IFCPROPERTYSINGLEVALUE('SectionSource',$,IFCLABEL('AISC Shapes Database v15.0 (US)'),$);
#3003=IFCPROPERTYSET('091$ZYSSr8zACZ3_tPgzf2',$,'MF_Library',$,(#3004,#3005,#3006,#3007,#3008,#3009,#3010,#3011,#3012,#3013));
#3004=IFCPROPERTYSINGLEVALUE('Key',$,IFCLABEL('steel_tee_wt'),$);
#3005=IFCPROPERTYSINGLEVALUE('Family',$,IFCLABEL('WT Structural Tee'),$);
#3006=IFCPROPERTYSINGLEVALUE('TypeName',$,IFCLABEL('WT15X58'),$);
#3007=IFCPROPERTYSINGLEVALUE('Version',$,IFCLABEL('0.1.0'),$);
#3008=IFCPROPERTYSINGLEVALUE('License',$,IFCLABEL('CC0-1.0'),$);
#3009=IFCPROPERTYSINGLEVALUE('Source',$,IFCLABEL('massing-families'),$);
#3010=IFCPROPERTYSINGLEVALUE('Tier',$,IFCLABEL('L300'),$);
#3011=IFCPROPERTYSINGLEVALUE('Builder',$,IFCLABEL('profile'),$);
#3012=IFCPROPERTYSINGLEVALUE('Discipline',$,IFCLABEL('structural'),$);
#3013=IFCPROPERTYSINGLEVALUE('GeometryStatus',$,IFCLABEL('parametric'),$);
#3014=IFCPROPERTYSET('3ZWVT42P11qumXLV_SizSw',$,'MF_Quantities',$,(#3015,#3016,#3017,#3018,#3019));
#3015=IFCPROPERTYSINGLEVALUE('NominalWidth',$,IFCREAL(0.26669999999999999),$);
#3016=IFCPROPERTYSINGLEVALUE('NominalDepth',$,IFCREAL(0.38100000000000001),$);
#3017=IFCPROPERTYSINGLEVALUE('NominalHeight',$,IFCREAL(3.048),$);
#3018=IFCPROPERTYSINGLEVALUE('NominalFootprintArea',$,IFCREAL(0.10161299999999999),$);
#3019=IFCPROPERTYSINGLEVALUE('NominalVolume',$,IFCREAL(0.30971599999999999),$);
#3020=IFCMEMBERTYPE('1SCdPanvr9uwv8xgrf$UD0',$,'WT Structural Tee - WT15X54',$,$,(#3037,#3041,#3052),(#3036),$,$,.NOTDEFINED.);
#3021=IFCCARTESIANPOINT((0.,0.));
#3022=IFCDIRECTION((1.,0.));
#3023=IFCAXIS2PLACEMENT2D(#3021,#3022);
#3024=IFCTSHAPEPROFILEDEF(.AREA.,'WT15X54',#3023,0.37846000000000002,0.26669999999999999,0.013842999999999999,0.019304000000000002,0.01651,$,$,$,$);
#3025=IFCCARTESIANPOINT((0.,0.,0.));
#3026=IFCDIRECTION((0.,0.,1.));
#3027=IFCDIRECTION((1.,0.,0.));
#3028=IFCAXIS2PLACEMENT3D(#3025,#3026,#3027);
#3029=IFCDIRECTION((0.,0.,1.));
#3030=IFCEXTRUDEDAREASOLID(#3024,#3028,#3029,3.048);
#3031=IFCSHAPEREPRESENTATION(#11,'Body','SweptSolid',(#3030));
#3032=IFCCARTESIANPOINT((0.,0.,0.));
#3033=IFCDIRECTION((1.,0.,0.));
#3034=IFCDIRECTION((0.,0.,1.));
#3035=IFCAXIS2PLACEMENT3D(#3032,#3034,#3033);
#3036=IFCREPRESENTATIONMAP(#3035,#3031);
#3037=IFCPROPERTYSET('3dzeCZGF5498QaaYp73ZW8',$,'MF_Structural',$,(#3038,#3039,#3040));
#3038=IFCPROPERTYSINGLEVALUE('Section',$,IFCLABEL('WT15X54'),$);
#3039=IFCPROPERTYSINGLEVALUE('SectionFamily',$,IFCLABEL('WT'),$);
#3040=IFCPROPERTYSINGLEVALUE('SectionSource',$,IFCLABEL('AISC Shapes Database v15.0 (US)'),$);
#3041=IFCPROPERTYSET('2Z2mqrhuz6mgrbghe186Bk',$,'MF_Library',$,(#3042,#3043,#3044,#3045,#3046,#3047,#3048,#3049,#3050,#3051));
#3042=IFCPROPERTYSINGLEVALUE('Key',$,IFCLABEL('steel_tee_wt'),$);
#3043=IFCPROPERTYSINGLEVALUE('Family',$,IFCLABEL('WT Structural Tee'),$);
#3044=IFCPROPERTYSINGLEVALUE('TypeName',$,IFCLABEL('WT15X54'),$);
#3045=IFCPROPERTYSINGLEVALUE('Version',$,IFCLABEL('0.1.0'),$);
#3046=IFCPROPERTYSINGLEVALUE('License',$,IFCLABEL('CC0-1.0'),$);
#3047=IFCPROPERTYSINGLEVALUE('Source',$,IFCLABEL('massing-families'),$);
#3048=IFCPROPERTYSINGLEVALUE('Tier',$,IFCLABEL('L300'),$);
#3049=IFCPROPERTYSINGLEVALUE('Builder',$,IFCLABEL('profile'),$);
#3050=IFCPROPERTYSINGLEVALUE('Discipline',$,IFCLABEL('structural'),$);
#3051=IFCPROPERTYSINGLEVALUE('GeometryStatus',$,IFCLABEL('parametric'),$);
#3052=IFCPROPERTYSET('1Skf5RtWvB389BUxfcqkk4',$,'MF_Quantities',$,(#3053,#3054,#3055,#3056,#3057));
#3053=IFCPROPERTYSINGLEVALUE('NominalWidth',$,IFCREAL(0.26669999999999999),$);
#3054=IFCPROPERTYSINGLEVALUE('NominalDepth',$,IFCREAL(0.37846000000000002),$);
#3055=IFCPROPERTYSINGLEVALUE('NominalHeight',$,IFCREAL(3.048),$);
#3056=IFCPROPERTYSINGLEVALUE('NominalFootprintArea',$,IFCREAL(0.100935),$);
#3057=IFCPROPERTYSINGLEVALUE('NominalVolume',$,IFCREAL(0.30765100000000001),$);
#3058=IFCMEMBERTYPE('0gEFwJs7zDZePkG3ONm68A',$,'WT Structural Tee - WT15X49.5',$,$,(#3075,#3079,#3090),(#3074),$,$,.NOTDEFINED.);
#3059=IFCCARTESIANPOINT((0.,0.));
#3060=IFCDIRECTION((1.,0.));
#3061=IFCAXIS2PLACEMENT2D(#3059,#3060);
#3062=IFCTSHAPEPROFILEDEF(.AREA.,'WT15X49.5',#3061,0.37591999999999998,0.26669999999999999,0.013207999999999999,0.017017999999999998,0.01651,$,$,$,$);
#3063=IFCCARTESIANPOINT((0.,0.,0.));
#3064=IFCDIRECTION((0.,0.,1.));
#3065=IFCDIRECTION((1.,0.,0.));
#3066=IFCAXIS2PLACEMENT3D(#3063,#3064,#3065);
#3067=IFCDIRECTION((0.,0.,1.));
#3068=IFCEXTRUDEDAREASOLID(#3062,#3066,#3067,3.048);
#3069=IFCSHAPEREPRESENTATION(#11,'Body','SweptSolid',(#3068));
#3070=IFCCARTESIANPOINT((0.,0.,0.));
#3071=IFCDIRECTION((1.,0.,0.));
#3072=IFCDIRECTION((0.,0.,1.));
#3073=IFCAXIS2PLACEMENT3D(#3070,#3072,#3071);
#3074=IFCREPRESENTATIONMAP(#3073,#3069);
#3075=IFCPROPERTYSET('25EQhDAnL1HPhU_yHnt4Mf',$,'MF_Structural',$,(#3076,#3077,#3078));
#3076=IFCPROPERTYSINGLEVALUE('Section',$,IFCLABEL('WT15X49.5'),$);
#3077=IFCPROPERTYSINGLEVALUE('SectionFamily',$,IFCLABEL('WT'),$);
#3078=IFCPROPERTYSINGLEVALUE('SectionSource',$,IFCLABEL('AISC Shapes Database v15.0 (US)'),$);
#3079=IFCPROPERTYSET('3hx1k$RAT0WgxsAL8iPq0N',$,'MF_Library',$,(#3080,#3081,#3082,#3083,#3084,#3085,#3086,#3087,#3088,#3089));
#3080=IFCPROPERTYSINGLEVALUE('Key',$,IFCLABEL('steel_tee_wt'),$);
#3081=IFCPROPERTYSINGLEVALUE('Family',$,IFCLABEL('WT Structural Tee'),$);
#3082=IFCPROPERTYSINGLEVALUE('TypeName',$,IFCLABEL('WT15X49.5'),$);
#3083=IFCPROPERTYSINGLEVALUE('Version',$,IFCLABEL('0.1.0'),$);
#3084=IFCPROPERTYSINGLEVALUE('License',$,IFCLABEL('CC0-1.0'),$);
#3085=IFCPROPERTYSINGLEVALUE('Source',$,IFCLABEL('massing-families'),$);
#3086=IFCPROPERTYSINGLEVALUE('Tier',$,IFCLABEL('L300'),$);
#3087=IFCPROPERTYSINGLEVALUE('Builder',$,IFCLABEL('profile'),$);
#3088=IFCPROPERTYSINGLEVALUE('Discipline',$,IFCLABEL('structural'),$);
#3089=IFCPROPERTYSINGLEVALUE('GeometryStatus',$,IFCLABEL('parametric'),$);
#3090=IFCPROPERTYSET('36e6DgKy97aAhZUU6Wrz8p',$,'MF_Quantities',$,(#3091,#3092,#3093,#3094,#3095));
#3091=IFCPROPERTYSINGLEVALUE('NominalWidth',$,IFCREAL(0.26669999999999999),$);
#3092=IFCPROPERTYSINGLEVALUE('NominalDepth',$,IFCREAL(0.37591999999999998),$);
#3093=IFCPROPERTYSINGLEVALUE('NominalHeight',$,IFCREAL(3.048),$);
#3094=IFCPROPERTYSINGLEVALUE('NominalFootprintArea',$,IFCREAL(0.100258),$);
#3095=IFCPROPERTYSINGLEVALUE('NominalVolume',$,IFCREAL(0.30558600000000002),$);
#3096=IFCMEMBERTYPE('0aLAiYEI99K8xt1Pg6JLEj',$,'WT Structural Tee - WT15X45',$,$,(#3113,#3117,#3128),(#3112),$,$,.NOTDEFINED.);
#3097=IFCCARTESIANPOINT((0.,0.));
#3098=IFCDIRECTION((1.,0.));
#3099=IFCAXIS2PLACEMENT2D(#3097,#3098);
#3100=IFCTSHAPEPROFILEDEF(.AREA.,'WT15X45',#3099,0.37591999999999998,0.26416000000000001,0.011938000000000001,0.015494000000000001,0.01651,$,$,$,$);
#3101=IFCCARTESIANPOINT((0.,0.,0.));
#3102=IFCDIRECTION((0.,0.,1.));
#3103=IFCDIRECTION((1.,0.,0.));
#3104=IFCAXIS2PLACEMENT3D(#3101,#3102,#3103);
#3105=IFCDIRECTION((0.,0.,1.));
#3106=IFCEXTRUDEDAREASOLID(#3100,#3104,#3105,3.048);
#3107=IFCSHAPEREPRESENTATION(#11,'Body','SweptSolid',(#3106));
#3108=IFCCARTESIANPOINT((0.,0.,0.));
#3109=IFCDIRECTION((1.,0.,0.));
#3110=IFCDIRECTION((0.,0.,1.));
#3111=IFCAXIS2PLACEMENT3D(#3108,#3110,#3109);
#3112=IFCREPRESENTATIONMAP(#3111,#3107);
#3113=IFCPROPERTYSET('0LYkL7Ywv9j9GtUxTFc1eY',$,'MF_Structural',$,(#3114,#3115,#3116));
#3114=IFCPROPERTYSINGLEVALUE('Section',$,IFCLABEL('WT15X45'),$);
#3115=IFCPROPERTYSINGLEVALUE('SectionFamily',$,IFCLABEL('WT'),$);
#3116=IFCPROPERTYSINGLEVALUE('SectionSource',$,IFCLABEL('AISC Shapes Database v15.0 (US)'),$);
#3117=IFCPROPERTYSET('2YhL33Vtj7rwC4RXFmV25T',$,'MF_Library',$,(#3118,#3119,#3120,#3121,#3122,#3123,#3124,#3125,#3126,#3127));
#3118=IFCPROPERTYSINGLEVALUE('Key',$,IFCLABEL('steel_tee_wt'),$);
#3119=IFCPROPERTYSINGLEVALUE('Family',$,IFCLABEL('WT Structural Tee'),$);
#3120=IFCPROPERTYSINGLEVALUE('TypeName',$,IFCLABEL('WT15X45'),$);
#3121=IFCPROPERTYSINGLEVALUE('Version',$,IFCLABEL('0.1.0'),$);
#3122=IFCPROPERTYSINGLEVALUE('License',$,IFCLABEL('CC0-1.0'),$);
#3123=IFCPROPERTYSINGLEVALUE('Source',$,IFCLABEL('massing-families'),$);
#3124=IFCPROPERTYSINGLEVALUE('Tier',$,IFCLABEL('L300'),$);
#3125=IFCPROPERTYSINGLEVALUE('Builder',$,IFCLABEL('profile'),$);
#3126=IFCPROPERTYSINGLEVALUE('Discipline',$,IFCLABEL('structural'),$);
#3127=IFCPROPERTYSINGLEVALUE('GeometryStatus',$,IFCLABEL('parametric'),$);
#3128=IFCPROPERTYSET('3R8Yd9ezrA7vUTjsmkVm7l',$,'MF_Quantities',$,(#3129,#3130,#3131,#3132,#3133));
#3129=IFCPROPERTYSINGLEVALUE('NominalWidth',$,IFCREAL(0.26416000000000001),$);
#3130=IFCPROPERTYSINGLEVALUE('NominalDepth',$,IFCREAL(0.37591999999999998),$);
#3131=IFCPROPERTYSINGLEVALUE('NominalHeight',$,IFCREAL(3.048),$);
#3132=IFCPROPERTYSINGLEVALUE('NominalFootprintArea',$,IFCREAL(0.099303000000000002),$);
#3133=IFCPROPERTYSINGLEVALUE('NominalVolume',$,IFCREAL(0.302676),$);
#3134=IFCMEMBERTYPE('1nKVMp2RH03giwjMUXv_oR',$,'WT Structural Tee - WT13.5X269.5',$,$,(#3151,#3155,#3166),(#3150),$,$,.NOTDEFINED.);
#3135=IFCCARTESIANPOINT((0.,0.));
#3136=IFCDIRECTION((1.,0.));
#3137=IFCAXIS2PLACEMENT2D(#3135,#3136);
#3138=IFCTSHAPEPROFILEDEF(.AREA.,'WT13.5X269.5',#3137,0.41402,0.38862000000000002,0.050037999999999999,0.089915999999999996,0.020066000000000001,$,$,$,$);
#3139=IFCCARTESIANPOINT((0.,0.,0.));
#3140=IFCDIRECTION((0.,0.,1.));
#3141=IFCDIRECTION((1.,0.,0.));
#3142=IFCAXIS2PLACEMENT3D(#3139,#3140,#3141);
#3143=IFCDIRECTION((0.,0.,1.));
#3144=IFCEXTRUDEDAREASOLID(#3138,#3142,#3143,3.048);
#3145=IFCSHAPEREPRESENTATION(#11,'Body','SweptSolid',(#3144));
#3146=IFCCARTESIANPOINT((0.,0.,0.));
#3147=IFCDIRECTION((1.,0.,0.));
#3148=IFCDIRECTION((0.,0.,1.));
#3149=IFCAXIS2PLACEMENT3D(#3146,#3148,#3147);
#3150=IFCREPRESENTATIONMAP(#3149,#3145);
#3151=IFCPROPERTYSET('2pvuam8KzEKQTLbKRjd7co',$,'MF_Structural',$,(#3152,#3153,#3154));
#3152=IFCPROPERTYSINGLEVALUE('Section',$,IFCLABEL('WT13.5X269.5'),$);
#3153=IFCPROPERTYSINGLEVALUE('SectionFamily',$,IFCLABEL('WT'),$);
#3154=IFCPROPERTYSINGLEVALUE('SectionSource',$,IFCLABEL('AISC Shapes Database v15.0 (US)'),$);
#3155=IFCPROPERTYSET('05Moif71z5fvpCcYrEuzRK',$,'MF_Library',$,(#3156,#3157,#3158,#3159,#3160,#3161,#3162,#3163,#3164,#3165));
#3156=IFCPROPERTYSINGLEVALUE('Key',$,IFCLABEL('steel_tee_wt'),$);
#3157=IFCPROPERTYSINGLEVALUE('Family',$,IFCLABEL('WT Structural Tee'),$);
#3158=IFCPROPERTYSINGLEVALUE('TypeName',$,IFCLABEL('WT13.5X269.5'),$);
#3159=IFCPROPERTYSINGLEVALUE('Version',$,IFCLABEL('0.1.0'),$);
#3160=IFCPROPERTYSINGLEVALUE('License',$,IFCLABEL('CC0-1.0'),$);
#3161=IFCPROPERTYSINGLEVALUE('Source',$,IFCLABEL('massing-families'),$);
#3162=IFCPROPERTYSINGLEVALUE('Tier',$,IFCLABEL('L300'),$);
#3163=IFCPROPERTYSINGLEVALUE('Builder',$,IFCLABEL('profile'),$);
#3164=IFCPROPERTYSINGLEVALUE('Discipline',$,IFCLABEL('structural'),$);
#3165=IFCPROPERTYSINGLEVALUE('GeometryStatus',$,IFCLABEL('parametric'),$);
#3166=IFCPROPERTYSET('1hi2iZtlPBrwIYdYMdJCCm',$,'MF_Quantities',$,(#3167,#3168,#3169,#3170,#3171));
#3167=IFCPROPERTYSINGLEVALUE('NominalWidth',$,IFCREAL(0.38862000000000002),$);
#3168=IFCPROPERTYSINGLEVALUE('NominalDepth',$,IFCREAL(0.41402),$);
#3169=IFCPROPERTYSINGLEVALUE('NominalHeight',$,IFCREAL(3.048),$);
#3170=IFCPROPERTYSINGLEVALUE('NominalFootprintArea',$,IFCREAL(0.16089600000000001),$);
#3171=IFCPROPERTYSINGLEVALUE('NominalVolume',$,IFCREAL(0.49041200000000001),$);
#3172=IFCMEMBERTYPE('0ZMvJPmZD9fPsBad6ybL6u',$,'WT Structural Tee - WT13.5X184',$,$,(#3189,#3193,#3204),(#3188),$,$,.NOTDEFINED.);
#3173=IFCCARTESIANPOINT((0.,0.));
#3174=IFCDIRECTION((1.,0.));
#3175=IFCAXIS2PLACEMENT2D(#3173,#3174);
#3176=IFCTSHAPEPROFILEDEF(.AREA.,'WT13.5X184',#3175,0.38607999999999998,0.37337999999999999,0.035052,0.062992000000000006,0.020066000000000001,$,$,$,$);
#3177=IFCCARTESIANPOINT((0.,0.,0.));
#3178=IFCDIRECTION((0.,0.,1.));
#3179=IFCDIRECTION((1.,0.,0.));
#3180=IFCAXIS2PLACEMENT3D(#3177,#3178,#3179);
#3181=IFCDIRECTION((0.,0.,1.));
#3182=IFCEXTRUDEDAREASOLID(#3176,#3180,#3181,3.048);
#3183=IFCSHAPEREPRESENTATION(#11,'Body','SweptSolid',(#3182));
#3184=IFCCARTESIANPOINT((0.,0.,0.));
#3185=IFCDIRECTION((1.,0.,0.));
#3186=IFCDIRECTION((0.,0.,1.));
#3187=IFCAXIS2PLACEMENT3D(#3184,#3186,#3185);
#3188=IFCREPRESENTATIONMAP(#3187,#3183);
#3189=IFCPROPERTYSET('00HfyyQm56DARWxjw9_J$Q',$,'MF_Structural',$,(#3190,#3191,#3192));
#3190=IFCPROPERTYSINGLEVALUE('Section',$,IFCLABEL('WT13.5X184'),$);
#3191=IFCPROPERTYSINGLEVALUE('SectionFamily',$,IFCLABEL('WT'),$);
#3192=IFCPROPERTYSINGLEVALUE('SectionSource',$,IFCLABEL('AISC Shapes Database v15.0 (US)'),$);
#3193=IFCPROPERTYSET('1xy_eUv$T2eucOCQN8jWzo',$,'MF_Library',$,(#3194,#3195,#3196,#3197,#3198,#3199,#3200,#3201,#3202,#3203));
#3194=IFCPROPERTYSINGLEVALUE('Key',$,IFCLABEL('steel_tee_wt'),$);
#3195=IFCPROPERTYSINGLEVALUE('Family',$,IFCLABEL('WT Structural Tee'),$);
#3196=IFCPROPERTYSINGLEVALUE('TypeName',$,IFCLABEL('WT13.5X184'),$);
#3197=IFCPROPERTYSINGLEVALUE('Version',$,IFCLABEL('0.1.0'),$);
#3198=IFCPROPERTYSINGLEVALUE('License',$,IFCLABEL('CC0-1.0'),$);
#3199=IFCPROPERTYSINGLEVALUE('Source',$,IFCLABEL('massing-families'),$);
#3200=IFCPROPERTYSINGLEVALUE('Tier',$,IFCLABEL('L300'),$);
#3201=IFCPROPERTYSINGLEVALUE('Builder',$,IFCLABEL('profile'),$);
#3202=IFCPROPERTYSINGLEVALUE('Discipline',$,IFCLABEL('structural'),$);
#3203=IFCPROPERTYSINGLEVALUE('GeometryStatus',$,IFCLABEL('parametric'),$);
#3204=IFCPROPERTYSET('1TuTggqy5FxvsqRvwy7Nge',$,'MF_Quantities',$,(#3205,#3206,#3207,#3208,#3209));
#3205=IFCPROPERTYSINGLEVALUE('NominalWidth',$,IFCREAL(0.37337999999999999),$);
#3206=IFCPROPERTYSINGLEVALUE('NominalDepth',$,IFCREAL(0.38607999999999998),$);
#3207=IFCPROPERTYSINGLEVALUE('NominalHeight',$,IFCREAL(3.048),$);
#3208=IFCPROPERTYSINGLEVALUE('NominalFootprintArea',$,IFCREAL(0.14415500000000001),$);
#3209=IFCPROPERTYSINGLEVALUE('NominalVolume',$,IFCREAL(0.43938300000000002),$);
#3210=IFCMEMBERTYPE('2_kUvD04v4RuQqHS5PzBSK',$,'WT Structural Tee - WT13.5X168',$,$,(#3227,#3231,#3242),(#3226),$,$,.NOTDEFINED.);
#3211=IFCCARTESIANPOINT((0.,0.));
#3212=IFCDIRECTION((1.,0.));
#3213=IFCAXIS2PLACEMENT2D(#3211,#3212);
#3214=IFCTSHAPEPROFILEDEF(.AREA.,'WT13.5X168',#3213,0.38100000000000001,0.37084,0.032003999999999998,0.057911999999999998,0.020066000000000001,$,$,$,$);
#3215=IFCCARTESIANPOINT((0.,0.,0.));
#3216=IFCDIRECTION((0.,0.,1.));
#3217=IFCDIRECTION((1.,0.,0.));
#3218=IFCAXIS2PLACEMENT3D(#3215,#3216,#3217);
#3219=IFCDIRECTION((0.,0.,1.));
#3220=IFCEXTRUDEDAREASOLID(#3214,#3218,#3219,3.048);
#3221=IFCSHAPEREPRESENTATION(#11,'Body','SweptSolid',(#3220));
#3222=IFCCARTESIANPOINT((0.,0.,0.));
#3223=IFCDIRECTION((1.,0.,0.));
#3224=IFCDIRECTION((0.,0.,1.));
#3225=IFCAXIS2PLACEMENT3D(#3222,#3224,#3223);
#3226=IFCREPRESENTATIONMAP(#3225,#3221);
#3227=IFCPROPERTYSET('0pOmf0E4H83gMrxpckydhK',$,'MF_Structural',$,(#3228,#3229,#3230));
#3228=IFCPROPERTYSINGLEVALUE('Section',$,IFCLABEL('WT13.5X168'),$);
#3229=IFCPROPERTYSINGLEVALUE('SectionFamily',$,IFCLABEL('WT'),$);
#3230=IFCPROPERTYSINGLEVALUE('SectionSource',$,IFCLABEL('AISC Shapes Database v15.0 (US)'),$);
#3231=IFCPROPERTYSET('2Ofe6FwI1B9OBH0lxYAzgI',$,'MF_Library',$,(#3232,#3233,#3234,#3235,#3236,#3237,#3238,#3239,#3240,#3241));
#3232=IFCPROPERTYSINGLEVALUE('Key',$,IFCLABEL('steel_tee_wt'),$);
#3233=IFCPROPERTYSINGLEVALUE('Family',$,IFCLABEL('WT Structural Tee'),$);
#3234=IFCPROPERTYSINGLEVALUE('TypeName',$,IFCLABEL('WT13.5X168'),$);
#3235=IFCPROPERTYSINGLEVALUE('Version',$,IFCLABEL('0.1.0'),$);
#3236=IFCPROPERTYSINGLEVALUE('License',$,IFCLABEL('CC0-1.0'),$);
#3237=IFCPROPERTYSINGLEVALUE('Source',$,IFCLABEL('massing-families'),$);
#3238=IFCPROPERTYSINGLEVALUE('Tier',$,IFCLABEL('L300'),$);
#3239=IFCPROPERTYSINGLEVALUE('Builder',$,IFCLABEL('profile'),$);
#3240=IFCPROPERTYSINGLEVALUE('Discipline',$,IFCLABEL('structural'),$);
#3241=IFCPROPERTYSINGLEVALUE('GeometryStatus',$,IFCLABEL('parametric'),$);
#3242=IFCPROPERTYSET('1y$zNFsX58KOTDQCqS62H7',$,'MF_Quantities',$,(#3243,#3244,#3245,#3246,#3247));
#3243=IFCPROPERTYSINGLEVALUE('NominalWidth',$,IFCREAL(0.37084),$);
#3244=IFCPROPERTYSINGLEVALUE('NominalDepth',$,IFCREAL(0.38100000000000001),$);
#3245=IFCPROPERTYSINGLEVALUE('NominalHeight',$,IFCREAL(3.048),$);
#3246=IFCPROPERTYSINGLEVALUE('NominalFootprintArea',$,IFCREAL(0.14129),$);
#3247=IFCPROPERTYSINGLEVALUE('NominalVolume',$,IFCREAL(0.43065199999999998),$);
#3248=IFCMEMBERTYPE('3uq4LF88HAcgKCNHLfufCy',$,'WT Structural Tee - WT13.5X153.5',$,$,(#3265,#3269,#3280),(#3264),$,$,.NOTDEFINED.);
#3249=IFCCARTESIANPOINT((0.,0.));
#3250=IFCDIRECTION((1.,0.));
#3251=IFCAXIS2PLACEMENT2D(#3249,#3250);
#3252=IFCTSHAPEPROFILEDEF(.AREA.,'WT13.5X153.5',#3251,0.37591999999999998,0.36575999999999997,0.029464000000000001,0.053086000000000001,0.020066000000000001,$,$,$,$);
#3253=IFCCARTESIANPOINT((0.,0.,0.));
#3254=IFCDIRECTION((0.,0.,1.));
#3255=IFCDIRECTION((1.,0.,0.));
#3256=IFCAXIS2PLACEMENT3D(#3253,#3254,#3255);
#3257=IFCDIRECTION((0.,0.,1.));
#3258=IFCEXTRUDEDAREASOLID(#3252,#3256,#3257,3.048);
#3259=IFCSHAPEREPRESENTATION(#11,'Body','SweptSolid',(#3258));
#3260=IFCCARTESIANPOINT((0.,0.,0.));
#3261=IFCDIRECTION((1.,0.,0.));
#3262=IFCDIRECTION((0.,0.,1.));
#3263=IFCAXIS2PLACEMENT3D(#3260,#3262,#3261);
#3264=IFCREPRESENTATIONMAP(#3263,#3259);
#3265=IFCPROPERTYSET('0rUYK0VFPCJvHKfxl9q5zn',$,'MF_Structural',$,(#3266,#3267,#3268));
#3266=IFCPROPERTYSINGLEVALUE('Section',$,IFCLABEL('WT13.5X153.5'),$);
#3267=IFCPROPERTYSINGLEVALUE('SectionFamily',$,IFCLABEL('WT'),$);
#3268=IFCPROPERTYSINGLEVALUE('SectionSource',$,IFCLABEL('AISC Shapes Database v15.0 (US)'),$);
#3269=IFCPROPERTYSET('1vU74jDUT0HOHa4A9k7sL8',$,'MF_Library',$,(#3270,#3271,#3272,#3273,#3274,#3275,#3276,#3277,#3278,#3279));
#3270=IFCPROPERTYSINGLEVALUE('Key',$,IFCLABEL('steel_tee_wt'),$);
#3271=IFCPROPERTYSINGLEVALUE('Family',$,IFCLABEL('WT Structural Tee'),$);
#3272=IFCPROPERTYSINGLEVALUE('TypeName',$,IFCLABEL('WT13.5X153.5'),$);
#3273=IFCPROPERTYSINGLEVALUE('Version',$,IFCLABEL('0.1.0'),$);
#3274=IFCPROPERTYSINGLEVALUE('License',$,IFCLABEL('CC0-1.0'),$);
#3275=IFCPROPERTYSINGLEVALUE('Source',$,IFCLABEL('massing-families'),$);
#3276=IFCPROPERTYSINGLEVALUE('Tier',$,IFCLABEL('L300'),$);
#3277=IFCPROPERTYSINGLEVALUE('Builder',$,IFCLABEL('profile'),$);
#3278=IFCPROPERTYSINGLEVALUE('Discipline',$,IFCLABEL('structural'),$);
#3279=IFCPROPERTYSINGLEVALUE('GeometryStatus',$,IFCLABEL('parametric'),$);
#3280=IFCPROPERTYSET('3R_321UXz0BeGnNI0Nx4qh',$,'MF_Quantities',$,(#3281,#3282,#3283,#3284,#3285));
#3281=IFCPROPERTYSINGLEVALUE('NominalWidth',$,IFCREAL(0.36575999999999997),$);
#3282=IFCPROPERTYSINGLEVALUE('NominalDepth',$,IFCREAL(0.37591999999999998),$);
#3283=IFCPROPERTYSINGLEVALUE('NominalHeight',$,IFCREAL(3.048),$);
#3284=IFCPROPERTYSINGLEVALUE('NominalFootprintArea',$,IFCREAL(0.13749600000000001),$);
#3285=IFCPROPERTYSINGLEVALUE('NominalVolume',$,IFCREAL(0.41908899999999999),$);
#3286=IFCMEMBERTYPE('2sb9dTNcL1qw9euIDIiu5X',$,'WT Structural Tee - WT13.5X140.5',$,$,(#3303,#3307,#3318),(#3302),$,$,.NOTDEFINED.);
#3287=IFCCARTESIANPOINT((0.,0.));
#3288=IFCDIRECTION((1.,0.));
#3289=IFCAXIS2PLACEMENT2D(#3287,#3288);
#3290=IFCTSHAPEPROFILEDEF(.AREA.,'WT13.5X140.5',#3289,0.37084,0.36575999999999997,0.026924,0.049022000000000003,0.020066000000000001,$,$,$,$);
#3291=IFCCARTESIANPOINT((0.,0.,0.));
#3292=IFCDIRECTION((0.,0.,1.));
#3293=IFCDIRECTION((1.,0.,0.));
#3294=IFCAXIS2PLACEMENT3D(#3291,#3292,#3293);
#3295=IFCDIRECTION((0.,0.,1.));
#3296=IFCEXTRUDEDAREASOLID(#3290,#3294,#3295,3.048);
#3297=IFCSHAPEREPRESENTATION(#11,'Body','SweptSolid',(#3296));
#3298=IFCCARTESIANPOINT((0.,0.,0.));
#3299=IFCDIRECTION((1.,0.,0.));
#3300=IFCDIRECTION((0.,0.,1.));
#3301=IFCAXIS2PLACEMENT3D(#3298,#3300,#3299);
#3302=IFCREPRESENTATIONMAP(#3301,#3297);
#3303=IFCPROPERTYSET('06By3sgSz7qeHwyvJmS4xH',$,'MF_Structural',$,(#3304,#3305,#3306));
#3304=IFCPROPERTYSINGLEVALUE('Section',$,IFCLABEL('WT13.5X140.5'),$);
#3305=IFCPROPERTYSINGLEVALUE('SectionFamily',$,IFCLABEL('WT'),$);
#3306=IFCPROPERTYSINGLEVALUE('SectionSource',$,IFCLABEL('AISC Shapes Database v15.0 (US)'),$);
#3307=IFCPROPERTYSET('3Q5wS2RK1EOhOqgAtYaRmq',$,'MF_Library',$,(#3308,#3309,#3310,#3311,#3312,#3313,#3314,#3315,#3316,#3317));
#3308=IFCPROPERTYSINGLEVALUE('Key',$,IFCLABEL('steel_tee_wt'),$);
#3309=IFCPROPERTYSINGLEVALUE('Family',$,IFCLABEL('WT Structural Tee'),$);
#3310=IFCPROPERTYSINGLEVALUE('TypeName',$,IFCLABEL('WT13.5X140.5'),$);
#3311=IFCPROPERTYSINGLEVALUE('Version',$,IFCLABEL('0.1.0'),$);
#3312=IFCPROPERTYSINGLEVALUE('License',$,IFCLABEL('CC0-1.0'),$);
#3313=IFCPROPERTYSINGLEVALUE('Source',$,IFCLABEL('massing-families'),$);
#3314=IFCPROPERTYSINGLEVALUE('Tier',$,IFCLABEL('L300'),$);
#3315=IFCPROPERTYSINGLEVALUE('Builder',$,IFCLABEL('profile'),$);
#3316=IFCPROPERTYSINGLEVALUE('Discipline',$,IFCLABEL('structural'),$);
#3317=IFCPROPERTYSINGLEVALUE('GeometryStatus',$,IFCLABEL('parametric'),$);
#3318=IFCPROPERTYSET('3rzF9XiWH4xfZZNkDJKwfn',$,'MF_Quantities',$,(#3319,#3320,#3321,#3322,#3323));
#3319=IFCPROPERTYSINGLEVALUE('NominalWidth',$,IFCREAL(0.36575999999999997),$);
#3320=IFCPROPERTYSINGLEVALUE('NominalDepth',$,IFCREAL(0.37084),$);
#3321=IFCPROPERTYSINGLEVALUE('NominalHeight',$,IFCREAL(3.048),$);
#3322=IFCPROPERTYSINGLEVALUE('NominalFootprintArea',$,IFCREAL(0.13563800000000001),$);
#3323=IFCPROPERTYSINGLEVALUE('NominalVolume',$,IFCREAL(0.41342600000000002),$);
#3324=IFCMEMBERTYPE('00dJx_EI5FJBW2ckLFssnB',$,'WT Structural Tee - WT13.5X129',$,$,(#3341,#3345,#3356),(#3340),$,$,.NOTDEFINED.);
#3325=IFCCARTESIANPOINT((0.,0.));
#3326=IFCDIRECTION((1.,0.));
#3327=IFCAXIS2PLACEMENT2D(#3325,#3326);
#3328=IFCTSHAPEPROFILEDEF(.AREA.,'WT13.5X129',#3327,0.36830000000000002,0.36321999999999999,0.024892000000000001,0.044957999999999998,0.020066000000000001,$,$,$,$);
#3329=IFCCARTESIANPOINT((0.,0.,0.));
#3330=IFCDIRECTION((0.,0.,1.));
#3331=IFCDIRECTION((1.,0.,0.));
#3332=IFCAXIS2PLACEMENT3D(#3329,#3330,#3331);
#3333=IFCDIRECTION((0.,0.,1.));
#3334=IFCEXTRUDEDAREASOLID(#3328,#3332,#3333,3.048);
#3335=IFCSHAPEREPRESENTATION(#11,'Body','SweptSolid',(#3334));
#3336=IFCCARTESIANPOINT((0.,0.,0.));
#3337=IFCDIRECTION((1.,0.,0.));
#3338=IFCDIRECTION((0.,0.,1.));
#3339=IFCAXIS2PLACEMENT3D(#3336,#3338,#3337);
#3340=IFCREPRESENTATIONMAP(#3339,#3335);
#3341=IFCPROPERTYSET('3U5jUMXOj9ovLaiWI1o1CM',$,'MF_Structural',$,(#3342,#3343,#3344));
#3342=IFCPROPERTYSINGLEVALUE('Section',$,IFCLABEL('WT13.5X129'),$);
#3343=IFCPROPERTYSINGLEVALUE('SectionFamily',$,IFCLABEL('WT'),$);
#3344=IFCPROPERTYSINGLEVALUE('SectionSource',$,IFCLABEL('AISC Shapes Database v15.0 (US)'),$);
#3345=IFCPROPERTYSET('0G$yINGAv9Z99otwcOxfnh',$,'MF_Library',$,(#3346,#3347,#3348,#3349,#3350,#3351,#3352,#3353,#3354,#3355));
#3346=IFCPROPERTYSINGLEVALUE('Key',$,IFCLABEL('steel_tee_wt'),$);
#3347=IFCPROPERTYSINGLEVALUE('Family',$,IFCLABEL('WT Structural Tee'),$);
#3348=IFCPROPERTYSINGLEVALUE('TypeName',$,IFCLABEL('WT13.5X129'),$);
#3349=IFCPROPERTYSINGLEVALUE('Version',$,IFCLABEL('0.1.0'),$);
#3350=IFCPROPERTYSINGLEVALUE('License',$,IFCLABEL('CC0-1.0'),$);
#3351=IFCPROPERTYSINGLEVALUE('Source',$,IFCLABEL('massing-families'),$);
#3352=IFCPROPERTYSINGLEVALUE('Tier',$,IFCLABEL('L300'),$);
#3353=IFCPROPERTYSINGLEVALUE('Builder',$,IFCLABEL('profile'),$);
#3354=IFCPROPERTYSINGLEVALUE('Discipline',$,IFCLABEL('structural'),$);
#3355=IFCPROPERTYSINGLEVALUE('GeometryStatus',$,IFCLABEL('parametric'),$);
#3356=IFCPROPERTYSET('3n200Phq1DCvh$Fwl_7Xy8',$,'MF_Quantities',$,(#3357,#3358,#3359,#3360,#3361));
#3357=IFCPROPERTYSINGLEVALUE('NominalWidth',$,IFCREAL(0.36321999999999999),$);
#3358=IFCPROPERTYSINGLEVALUE('NominalDepth',$,IFCREAL(0.36830000000000002),$);
#3359=IFCPROPERTYSINGLEVALUE('NominalHeight',$,IFCREAL(3.048),$);
#3360=IFCPROPERTYSINGLEVALUE('NominalFootprintArea',$,IFCREAL(0.133774),$);
#3361=IFCPROPERTYSINGLEVALUE('NominalVolume',$,IFCREAL(0.40774300000000002),$);
#3362=IFCMEMBERTYPE('2xGALBxqzDi8R56IpKhflG',$,'WT Structural Tee - WT13.5X117.5',$,$,(#3379,#3383,#3394),(#3378),$,$,.NOTDEFINED.);
#3363=IFCCARTESIANPOINT((0.,0.));
#3364=IFCDIRECTION((1.,0.));
#3365=IFCAXIS2PLACEMENT2D(#3363,#3364);
#3366=IFCTSHAPEPROFILEDEF(.AREA.,'WT13.5X117.5',#3365,0.36321999999999999,0.36068,0.023113999999999999,0.040894,0.020066000000000001,$,$,$,$);
#3367=IFCCARTESIANPOINT((0.,0.,0.));
#3368=IFCDIRECTION((0.,0.,1.));
#3369=IFCDIRECTION((1.,0.,0.));
#3370=IFCAXIS2PLACEMENT3D(#3367,#3368,#3369);
#3371=IFCDIRECTION((0.,0.,1.));
#3372=IFCEXTRUDEDAREASOLID(#3366,#3370,#3371,3.048);
#3373=IFCSHAPEREPRESENTATION(#11,'Body','SweptSolid',(#3372));
#3374=IFCCARTESIANPOINT((0.,0.,0.));
#3375=IFCDIRECTION((1.,0.,0.));
#3376=IFCDIRECTION((0.,0.,1.));
#3377=IFCAXIS2PLACEMENT3D(#3374,#3376,#3375);
#3378=IFCREPRESENTATIONMAP(#3377,#3373);
#3379=IFCPROPERTYSET('0itcZ2fVTDMP2HTO1L37ph',$,'MF_Structural',$,(#3380,#3381,#3382));
#3380=IFCPROPERTYSINGLEVALUE('Section',$,IFCLABEL('WT13.5X117.5'),$);
#3381=IFCPROPERTYSINGLEVALUE('SectionFamily',$,IFCLABEL('WT'),$);
#3382=IFCPROPERTYSINGLEVALUE('SectionSource',$,IFCLABEL('AISC Shapes Database v15.0 (US)'),$);
#3383=IFCPROPERTYSET('2tU3rdrLP4AQbv_AWbPrx3',$,'MF_Library',$,(#3384,#3385,#3386,#3387,#3388,#3389,#3390,#3391,#3392,#3393));
#3384=IFCPROPERTYSINGLEVALUE('Key',$,IFCLABEL('steel_tee_wt'),$);
#3385=IFCPROPERTYSINGLEVALUE('Family',$,IFCLABEL('WT Structural Tee'),$);
#3386=IFCPROPERTYSINGLEVALUE('TypeName',$,IFCLABEL('WT13.5X117.5'),$);
#3387=IFCPROPERTYSINGLEVALUE('Version',$,IFCLABEL('0.1.0'),$);
#3388=IFCPROPERTYSINGLEVALUE('License',$,IFCLABEL('CC0-1.0'),$);
#3389=IFCPROPERTYSINGLEVALUE('Source',$,IFCLABEL('massing-families'),$);
#3390=IFCPROPERTYSINGLEVALUE('Tier',$,IFCLABEL('L300'),$);
#3391=IFCPROPERTYSINGLEVALUE('Builder',$,IFCLABEL('profile'),$);
#3392=IFCPROPERTYSINGLEVALUE('Discipline',$,IFCLABEL('structural'),$);
#3393=IFCPROPERTYSINGLEVALUE('GeometryStatus',$,IFCLABEL('parametric'),$);
#3394=IFCPROPERTYSET('1T9vzeVmH9yhmbG$A5sqSH',$,'MF_Quantities',$,(#3395,#3396,#3397,#3398,#3399));
#3395=IFCPROPERTYSINGLEVALUE('NominalWidth',$,IFCREAL(0.36068),$);
#3396=IFCPROPERTYSINGLEVALUE('NominalDepth',$,IFCREAL(0.36321999999999999),$);
#3397=IFCPROPERTYSINGLEVALUE('NominalHeight',$,IFCREAL(3.048),$);
#3398=IFCPROPERTYSINGLEVALUE('NominalFootprintArea',$,IFCREAL(0.13100600000000001),$);
#3399=IFCPROPERTYSINGLEVALUE('NominalVolume',$,IFCREAL(0.39930700000000002),$);
#3400=IFCMEMBERTYPE('12BRtF4tbEBxQPbA0jo$90',$,'WT Structural Tee - WT13.5X108.5',$,$,(#3417,#3421,#3432),(#3416),$,$,.NOTDEFINED.);
#3401=IFCCARTESIANPOINT((0.,0.));
#3402=IFCDIRECTION((1.,0.));
#3403=IFCAXIS2PLACEMENT2D(#3401,#3402);
#3404=IFCTSHAPEPROFILEDEF(.AREA.,'WT13.5X108.5',#3403,0.36068,0.35814000000000001,0.021082,0.038100000000000002,0.020066000000000001,$,$,$,$);
#3405=IFCCARTESIANPOINT((0.,0.,0.));
#3406=IFCDIRECTION((0.,0.,1.));
#3407=IFCDIRECTION((1.,0.,0.));
#3408=IFCAXIS2PLACEMENT3D(#3405,#3406,#3407);
#3409=IFCDIRECTION((0.,0.,1.));
#3410=IFCEXTRUDEDAREASOLID(#3404,#3408,#3409,3.048);
#3411=IFCSHAPEREPRESENTATION(#11,'Body','SweptSolid',(#3410));
#3412=IFCCARTESIANPOINT((0.,0.,0.));
#3413=IFCDIRECTION((1.,0.,0.));
#3414=IFCDIRECTION((0.,0.,1.));
#3415=IFCAXIS2PLACEMENT3D(#3412,#3414,#3413);
#3416=IFCREPRESENTATIONMAP(#3415,#3411);
#3417=IFCPROPERTYSET('3isVNNbmT7EPKp2GDBmyJB',$,'MF_Structural',$,(#3418,#3419,#3420));
#3418=IFCPROPERTYSINGLEVALUE('Section',$,IFCLABEL('WT13.5X108.5'),$);
#3419=IFCPROPERTYSINGLEVALUE('SectionFamily',$,IFCLABEL('WT'),$);
#3420=IFCPROPERTYSINGLEVALUE('SectionSource',$,IFCLABEL('AISC Shapes Database v15.0 (US)'),$);
#3421=IFCPROPERTYSET('2WNSL9$k15FeDoaCPNKDYa',$,'MF_Library',$,(#3422,#3423,#3424,#3425,#3426,#3427,#3428,#3429,#3430,#3431));
#3422=IFCPROPERTYSINGLEVALUE('Key',$,IFCLABEL('steel_tee_wt'),$);
#3423=IFCPROPERTYSINGLEVALUE('Family',$,IFCLABEL('WT Structural Tee'),$);
#3424=IFCPROPERTYSINGLEVALUE('TypeName',$,IFCLABEL('WT13.5X108.5'),$);
#3425=IFCPROPERTYSINGLEVALUE('Version',$,IFCLABEL('0.1.0'),$);
#3426=IFCPROPERTYSINGLEVALUE('License',$,IFCLABEL('CC0-1.0'),$);
#3427=IFCPROPERTYSINGLEVALUE('Source',$,IFCLABEL('massing-families'),$);
#3428=IFCPROPERTYSINGLEVALUE('Tier',$,IFCLABEL('L300'),$);
#3429=IFCPROPERTYSINGLEVALUE('Builder',$,IFCLABEL('profile'),$);
#3430=IFCPROPERTYSINGLEVALUE('Discipline',$,IFCLABEL('structural'),$);
#3431=IFCPROPERTYSINGLEVALUE('GeometryStatus',$,IFCLABEL('parametric'),$);
#3432=IFCPROPERTYSET('00JuNSgHbCRAjTJ7rnZjIJ',$,'MF_Quantities',$,(#3433,#3434,#3435,#3436,#3437));
#3433=IFCPROPERTYSINGLEVALUE('NominalWidth',$,IFCREAL(0.35814000000000001),$);
#3434=IFCPROPERTYSINGLEVALUE('NominalDepth',$,IFCREAL(0.36068),$);
#3435=IFCPROPERTYSINGLEVALUE('NominalHeight',$,IFCREAL(3.048),$);
#3436=IFCPROPERTYSINGLEVALUE('NominalFootprintArea',$,IFCREAL(0.12917400000000001),$);
#3437=IFCPROPERTYSINGLEVALUE('NominalVolume',$,IFCREAL(0.39372200000000002),$);
#3438=IFCMEMBERTYPE('3FYivBI3HDuBh0Ty$wmIkT',$,'WT Structural Tee - WT13.5X97',$,$,(#3455,#3459,#3470),(#3454),$,$,.NOTDEFINED.);
#3439=IFCCARTESIANPOINT((0.,0.));
#3440=IFCDIRECTION((1.,0.));
#3441=IFCAXIS2PLACEMENT2D(#3439,#3440);
#3442=IFCTSHAPEPROFILEDEF(.AREA.,'WT13.5X97',#3441,0.35814000000000001,0.35560000000000003,0.019050000000000001,0.034035999999999997,0.020066000000000001,$,$,$,$);
#3443=IFCCARTESIANPOINT((0.,0.,0.));
#3444=IFCDIRECTION((0.,0.,1.));
#3445=IFCDIRECTION((1.,0.,0.));
#3446=IFCAXIS2PLACEMENT3D(#3443,#3444,#3445);
#3447=IFCDIRECTION((0.,0.,1.));
#3448=IFCEXTRUDEDAREASOLID(#3442,#3446,#3447,3.048);
#3449=IFCSHAPEREPRESENTATION(#11,'Body','SweptSolid',(#3448));
#3450=IFCCARTESIANPOINT((0.,0.,0.));
#3451=IFCDIRECTION((1.,0.,0.));
#3452=IFCDIRECTION((0.,0.,1.));
#3453=IFCAXIS2PLACEMENT3D(#3450,#3452,#3451);
#3454=IFCREPRESENTATIONMAP(#3453,#3449);
#3455=IFCPROPERTYSET('381anCFTf42wSZjeCQUPWR',$,'MF_Structural',$,(#3456,#3457,#3458));
#3456=IFCPROPERTYSINGLEVALUE('Section',$,IFCLABEL('WT13.5X97'),$);
#3457=IFCPROPERTYSINGLEVALUE('SectionFamily',$,IFCLABEL('WT'),$);
#3458=IFCPROPERTYSINGLEVALUE('SectionSource',$,IFCLABEL('AISC Shapes Database v15.0 (US)'),$);
#3459=IFCPROPERTYSET('1CFylsJmX9i9UTaTbSFY8_',$,'MF_Library',$,(#3460,#3461,#3462,#3463,#3464,#3465,#3466,#3467,#3468,#3469));
#3460=IFCPROPERTYSINGLEVALUE('Key',$,IFCLABEL('steel_tee_wt'),$);
#3461=IFCPROPERTYSINGLEVALUE('Family',$,IFCLABEL('WT Structural Tee'),$);
#3462=IFCPROPERTYSINGLEVALUE('TypeName',$,IFCLABEL('WT13.5X97'),$);
#3463=IFCPROPERTYSINGLEVALUE('Version',$,IFCLABEL('0.1.0'),$);
#3464=IFCPROPERTYSINGLEVALUE('License',$,IFCLABEL('CC0-1.0'),$);
#3465=IFCPROPERTYSINGLEVALUE('Source',$,IFCLABEL('massing-families'),$);
#3466=IFCPROPERTYSINGLEVALUE('Tier',$,IFCLABEL('L300'),$);
#3467=IFCPROPERTYSINGLEVALUE('Builder',$,IFCLABEL('profile'),$);
#3468=IFCPROPERTYSINGLEVALUE('Discipline',$,IFCLABEL('structural'),$);
#3469=IFCPROPERTYSINGLEVALUE('GeometryStatus',$,IFCLABEL('parametric'),$);
#3470=IFCPROPERTYSET('1Og3DXVyHA7A0faRqc2qWs',$,'MF_Quantities',$,(#3471,#3472,#3473,#3474,#3475));
#3471=IFCPROPERTYSINGLEVALUE('NominalWidth',$,IFCREAL(0.35560000000000003),$);
#3472=IFCPROPERTYSINGLEVALUE('NominalDepth',$,IFCREAL(0.35814000000000001),$);
#3473=IFCPROPERTYSINGLEVALUE('NominalHeight',$,IFCREAL(3.048),$);
#3474=IFCPROPERTYSINGLEVALUE('NominalFootprintArea',$,IFCREAL(0.127355),$);
#3475=IFCPROPERTYSINGLEVALUE('NominalVolume',$,IFCREAL(0.38817699999999999),$);
#3476=IFCMEMBERTYPE('1Ll3DU8z5FQwAFWYQs47e3',$,'WT Structural Tee - WT13.5X89',$,$,(#3493,#3497,#3508),(#3492),$,$,.NOTDEFINED.);
#3477=IFCCARTESIANPOINT((0.,0.));
#3478=IFCDIRECTION((1.,0.));
#3479=IFCAXIS2PLACEMENT2D(#3477,#3478);
#3480=IFCTSHAPEPROFILEDEF(.AREA.,'WT13.5X89',#3479,0.35305999999999998,0.35814000000000001,0.018415000000000001,0.030225999999999999,0.020066000000000001,$,$,$,$);
#3481=IFCCARTESIANPOINT((0.,0.,0.));
#3482=IFCDIRECTION((0.,0.,1.));
#3483=IFCDIRECTION((1.,0.,0.));
#3484=IFCAXIS2PLACEMENT3D(#3481,#3482,#3483);
#3485=IFCDIRECTION((0.,0.,1.));
#3486=IFCEXTRUDEDAREASOLID(#3480,#3484,#3485,3.048);
#3487=IFCSHAPEREPRESENTATION(#11,'Body','SweptSolid',(#3486));
#3488=IFCCARTESIANPOINT((0.,0.,0.));
#3489=IFCDIRECTION((1.,0.,0.));
#3490=IFCDIRECTION((0.,0.,1.));
#3491=IFCAXIS2PLACEMENT3D(#3488,#3490,#3489);
#3492=IFCREPRESENTATIONMAP(#3491,#3487);
#3493=IFCPROPERTYSET('3ORqlki3PAyg4P1Zmfuh66',$,'MF_Structural',$,(#3494,#3495,#3496));
#3494=IFCPROPERTYSINGLEVALUE('Section',$,IFCLABEL('WT13.5X89'),$);
#3495=IFCPROPERTYSINGLEVALUE('SectionFamily',$,IFCLABEL('WT'),$);
#3496=IFCPROPERTYSINGLEVALUE('SectionSource',$,IFCLABEL('AISC Shapes Database v15.0 (US)'),$);
#3497=IFCPROPERTYSET('38MNd4iFX1rxyAenhE8EIJ',$,'MF_Library',$,(#3498,#3499,#3500,#3501,#3502,#3503,#3504,#3505,#3506,#3507));
#3498=IFCPROPERTYSINGLEVALUE('Key',$,IFCLABEL('steel_tee_wt'),$);
#3499=IFCPROPERTYSINGLEVALUE('Family',$,IFCLABEL('WT Structural Tee'),$);
#3500=IFCPROPERTYSINGLEVALUE('TypeName',$,IFCLABEL('WT13.5X89'),$);
#3501=IFCPROPERTYSINGLEVALUE('Version',$,IFCLABEL('0.1.0'),$);
#3502=IFCPROPERTYSINGLEVALUE('License',$,IFCLABEL('CC0-1.0'),$);
#3503=IFCPROPERTYSINGLEVALUE('Source',$,IFCLABEL('massing-families'),$);
#3504=IFCPROPERTYSINGLEVALUE('Tier',$,IFCLABEL('L300'),$);
#3505=IFCPROPERTYSINGLEVALUE('Builder',$,IFCLABEL('profile'),$);
#3506=IFCPROPERTYSINGLEVALUE('Discipline',$,IFCLABEL('structural'),$);
#3507=IFCPROPERTYSINGLEVALUE('GeometryStatus',$,IFCLABEL('parametric'),$);
#3508=IFCPROPERTYSET('2HTmT7MeD0RwKCL_Y1CrRc',$,'MF_Quantities',$,(#3509,#3510,#3511,#3512,#3513));
#3509=IFCPROPERTYSINGLEVALUE('NominalWidth',$,IFCREAL(0.35814000000000001),$);
#3510=IFCPROPERTYSINGLEVALUE('NominalDepth',$,IFCREAL(0.35305999999999998),$);
#3511=IFCPROPERTYSINGLEVALUE('NominalHeight',$,IFCREAL(3.048),$);
#3512=IFCPROPERTYSINGLEVALUE('NominalFootprintArea',$,IFCREAL(0.126445),$);
#3513=IFCPROPERTYSINGLEVALUE('NominalVolume',$,IFCREAL(0.38540400000000002),$);
#3514=IFCMEMBERTYPE('0rls7RvpHB9xMTX$Pz_eRF',$,'WT Structural Tee - WT13.5X80.5',$,$,(#3531,#3535,#3546),(#3530),$,$,.NOTDEFINED.);
#3515=IFCCARTESIANPOINT((0.,0.));
#3516=IFCDIRECTION((1.,0.));
#3517=IFCAXIS2PLACEMENT2D(#3515,#3516);
#3518=IFCTSHAPEPROFILEDEF(.AREA.,'WT13.5X80.5',#3517,0.35052,0.35560000000000003,0.016764000000000001,0.027432000000000002,0.020066000000000001,$,$,$,$);
#3519=IFCCARTESIANPOINT((0.,0.,0.));
#3520=IFCDIRECTION((0.,0.,1.));
#3521=IFCDIRECTION((1.,0.,0.));
#3522=IFCAXIS2PLACEMENT3D(#3519,#3520,#3521);
#3523=IFCDIRECTION((0.,0.,1.));
#3524=IFCEXTRUDEDAREASOLID(#3518,#3522,#3523,3.048);
#3525=IFCSHAPEREPRESENTATION(#11,'Body','SweptSolid',(#3524));
#3526=IFCCARTESIANPOINT((0.,0.,0.));
#3527=IFCDIRECTION((1.,0.,0.));
#3528=IFCDIRECTION((0.,0.,1.));
#3529=IFCAXIS2PLACEMENT3D(#3526,#3528,#3527);
#3530=IFCREPRESENTATIONMAP(#3529,#3525);
#3531=IFCPROPERTYSET('3Wefrq3VXCS8gFhYm7UjF_',$,'MF_Structural',$,(#3532,#3533,#3534));
#3532=IFCPROPERTYSINGLEVALUE('Section',$,IFCLABEL('WT13.5X80.5'),$);
#3533=IFCPROPERTYSINGLEVALUE('SectionFamily',$,IFCLABEL('WT'),$);
#3534=IFCPROPERTYSINGLEVALUE('SectionSource',$,IFCLABEL('AISC Shapes Database v15.0 (US)'),$);
#3535=IFCPROPERTYSET('2hwJdslvX50fE0hiQMdSLl',$,'MF_Library',$,(#3536,#3537,#3538,#3539,#3540,#3541,#3542,#3543,#3544,#3545));
#3536=IFCPROPERTYSINGLEVALUE('Key',$,IFCLABEL('steel_tee_wt'),$);
#3537=IFCPROPERTYSINGLEVALUE('Family',$,IFCLABEL('WT Structural Tee'),$);
#3538=IFCPROPERTYSINGLEVALUE('TypeName',$,IFCLABEL('WT13.5X80.5'),$);
#3539=IFCPROPERTYSINGLEVALUE('Version',$,IFCLABEL('0.1.0'),$);
#3540=IFCPROPERTYSINGLEVALUE('License',$,IFCLABEL('CC0-1.0'),$);
#3541=IFCPROPERTYSINGLEVALUE('Source',$,IFCLABEL('massing-families'),$);
#3542=IFCPROPERTYSINGLEVALUE('Tier',$,IFCLABEL('L300'),$);
#3543=IFCPROPERTYSINGLEVALUE('Builder',$,IFCLABEL('profile'),$);
#3544=IFCPROPERTYSINGLEVALUE('Discipline',$,IFCLABEL('structural'),$);
#3545=IFCPROPERTYSINGLEVALUE('GeometryStatus',$,IFCLABEL('parametric'),$);
#3546=IFCPROPERTYSET('35t_wbLcjDKxQVaRjT4NTW',$,'MF_Quantities',$,(#3547,#3548,#3549,#3550,#3551));
#3547=IFCPROPERTYSINGLEVALUE('NominalWidth',$,IFCREAL(0.35560000000000003),$);
#3548=IFCPROPERTYSINGLEVALUE('NominalDepth',$,IFCREAL(0.35052),$);
#3549=IFCPROPERTYSINGLEVALUE('NominalHeight',$,IFCREAL(3.048),$);
#3550=IFCPROPERTYSINGLEVALUE('NominalFootprintArea',$,IFCREAL(0.12464500000000001),$);
#3551=IFCPROPERTYSINGLEVALUE('NominalVolume',$,IFCREAL(0.37991799999999998),$);
#3552=IFCMEMBERTYPE('2FUq6yNaXDyg2Z9W8Ln2Me',$,'WT Structural Tee - WT13.5X73',$,$,(#3569,#3573,#3584),(#3568),$,$,.NOTDEFINED.);
#3553=IFCCARTESIANPOINT((0.,0.));
#3554=IFCDIRECTION((1.,0.));
#3555=IFCAXIS2PLACEMENT2D(#3553,#3554);
#3556=IFCTSHAPEPROFILEDEF(.AREA.,'WT13.5X73',#3555,0.34798000000000001,0.35560000000000003,0.015367,0.024764999999999999,0.019938999999999998,$,$,$,$);
#3557=IFCCARTESIANPOINT((0.,0.,0.));
#3558=IFCDIRECTION((0.,0.,1.));
#3559=IFCDIRECTION((1.,0.,0.));
#3560=IFCAXIS2PLACEMENT3D(#3557,#3558,#3559);
#3561=IFCDIRECTION((0.,0.,1.));
#3562=IFCEXTRUDEDAREASOLID(#3556,#3560,#3561,3.048);
#3563=IFCSHAPEREPRESENTATION(#11,'Body','SweptSolid',(#3562));
#3564=IFCCARTESIANPOINT((0.,0.,0.));
#3565=IFCDIRECTION((1.,0.,0.));
#3566=IFCDIRECTION((0.,0.,1.));
#3567=IFCAXIS2PLACEMENT3D(#3564,#3566,#3565);
#3568=IFCREPRESENTATIONMAP(#3567,#3563);
#3569=IFCPROPERTYSET('2ve1_HSHvBSQr6az3IhOE$',$,'MF_Structural',$,(#3570,#3571,#3572));
#3570=IFCPROPERTYSINGLEVALUE('Section',$,IFCLABEL('WT13.5X73'),$);
#3571=IFCPROPERTYSINGLEVALUE('SectionFamily',$,IFCLABEL('WT'),$);
#3572=IFCPROPERTYSINGLEVALUE('SectionSource',$,IFCLABEL('AISC Shapes Database v15.0 (US)'),$);
#3573=IFCPROPERTYSET('31v0kBm2D5V8u_xF9hOSzZ',$,'MF_Library',$,(#3574,#3575,#3576,#3577,#3578,#3579,#3580,#3581,#3582,#3583));
#3574=IFCPROPERTYSINGLEVALUE('Key',$,IFCLABEL('steel_tee_wt'),$);
#3575=IFCPROPERTYSINGLEVALUE('Family',$,IFCLABEL('WT Structural Tee'),$);
#3576=IFCPROPERTYSINGLEVALUE('TypeName',$,IFCLABEL('WT13.5X73'),$);
#3577=IFCPROPERTYSINGLEVALUE('Version',$,IFCLABEL('0.1.0'),$);
#3578=IFCPROPERTYSINGLEVALUE('License',$,IFCLABEL('CC0-1.0'),$);
#3579=IFCPROPERTYSINGLEVALUE('Source',$,IFCLABEL('massing-families'),$);
#3580=IFCPROPERTYSINGLEVALUE('Tier',$,IFCLABEL('L300'),$);
#3581=IFCPROPERTYSINGLEVALUE('Builder',$,IFCLABEL('profile'),$);
#3582=IFCPROPERTYSINGLEVALUE('Discipline',$,IFCLABEL('structural'),$);
#3583=IFCPROPERTYSINGLEVALUE('GeometryStatus',$,IFCLABEL('parametric'),$);
#3584=IFCPROPERTYSET('3Ji26KuPD2BxgxUVNCQrx9',$,'MF_Quantities',$,(#3585,#3586,#3587,#3588,#3589));
#3585=IFCPROPERTYSINGLEVALUE('NominalWidth',$,IFCREAL(0.35560000000000003),$);
#3586=IFCPROPERTYSINGLEVALUE('NominalDepth',$,IFCREAL(0.34798000000000001),$);
#3587=IFCPROPERTYSINGLEVALUE('NominalHeight',$,IFCREAL(3.048),$);
#3588=IFCPROPERTYSINGLEVALUE('NominalFootprintArea',$,IFCREAL(0.123742),$);
#3589=IFCPROPERTYSINGLEVALUE('NominalVolume',$,IFCREAL(0.37716499999999997),$);
#3590=IFCMEMBERTYPE('2rEEyR3tT9Lv421NzJQjtV',$,'WT Structural Tee - WT13.5X64.5',$,$,(#3607,#3611,#3622),(#3606),$,$,.NOTDEFINED.);
#3591=IFCCARTESIANPOINT((0.,0.));
#3592=IFCDIRECTION((1.,0.));
#3593=IFCAXIS2PLACEMENT2D(#3591,#3592);
#3594=IFCTSHAPEPROFILEDEF(.AREA.,'WT13.5X64.5',#3593,0.35052,0.254,0.015494000000000001,0.02794,0.01524,$,$,$,$);
#3595=IFCCARTESIANPOINT((0.,0.,0.));
#3596=IFCDIRECTION((0.,0.,1.));
#3597=IFCDIRECTION((1.,0.,0.));
#3598=IFCAXIS2PLACEMENT3D(#3595,#3596,#3597);
#3599=IFCDIRECTION((0.,0.,1.));
#3600=IFCEXTRUDEDAREASOLID(#3594,#3598,#3599,3.048);
#3601=IFCSHAPEREPRESENTATION(#11,'Body','SweptSolid',(#3600));
#3602=IFCCARTESIANPOINT((0.,0.,0.));
#3603=IFCDIRECTION((1.,0.,0.));
#3604=IFCDIRECTION((0.,0.,1.));
#3605=IFCAXIS2PLACEMENT3D(#3602,#3604,#3603);
#3606=IFCREPRESENTATIONMAP(#3605,#3601);
#3607=IFCPROPERTYSET('1neRd7Yon3VA$WTJJLFHoA',$,'MF_Structural',$,(#3608,#3609,#3610));
#3608=IFCPROPERTYSINGLEVALUE('Section',$,IFCLABEL('WT13.5X64.5'),$);
#3609=IFCPROPERTYSINGLEVALUE('SectionFamily',$,IFCLABEL('WT'),$);
#3610=IFCPROPERTYSINGLEVALUE('SectionSource',$,IFCLABEL('AISC Shapes Database v15.0 (US)'),$);
#3611=IFCPROPERTYSET('142BUDRDf5sAAO1ak3zStC',$,'MF_Library',$,(#3612,#3613,#3614,#3615,#3616,#3617,#3618,#3619,#3620,#3621));
#3612=IFCPROPERTYSINGLEVALUE('Key',$,IFCLABEL('steel_tee_wt'),$);
#3613=IFCPROPERTYSINGLEVALUE('Family',$,IFCLABEL('WT Structural Tee'),$);
#3614=IFCPROPERTYSINGLEVALUE('TypeName',$,IFCLABEL('WT13.5X64.5'),$);
#3615=IFCPROPERTYSINGLEVALUE('Version',$,IFCLABEL('0.1.0'),$);
#3616=IFCPROPERTYSINGLEVALUE('License',$,IFCLABEL('CC0-1.0'),$);
#3617=IFCPROPERTYSINGLEVALUE('Source',$,IFCLABEL('massing-families'),$);
#3618=IFCPROPERTYSINGLEVALUE('Tier',$,IFCLABEL('L300'),$);
#3619=IFCPROPERTYSINGLEVALUE('Builder',$,IFCLABEL('profile'),$);
#3620=IFCPROPERTYSINGLEVALUE('Discipline',$,IFCLABEL('structural'),$);
#3621=IFCPROPERTYSINGLEVALUE('GeometryStatus',$,IFCLABEL('parametric'),$);
#3622=IFCPROPERTYSET('0XXNF5DkbBPh$NGfRn9NAd',$,'MF_Quantities',$,(#3623,#3624,#3625,#3626,#3627));
#3623=IFCPROPERTYSINGLEVALUE('NominalWidth',$,IFCREAL(0.254),$);
#3624=IFCPROPERTYSINGLEVALUE('NominalDepth',$,IFCREAL(0.35052),$);
#3625=IFCPROPERTYSINGLEVALUE('NominalHeight',$,IFCREAL(3.048),$);
#3626=IFCPROPERTYSINGLEVALUE('NominalFootprintArea',$,IFCREAL(0.089032),$);
#3627=IFCPROPERTYSINGLEVALUE('NominalVolume',$,IFCREAL(0.27137),$);
#3628=IFCMEMBERTYPE('3Pe1IT9iP3tRHjbnAZfabN',$,'WT Structural Tee - WT13.5X57',$,$,(#3645,#3649,#3660),(#3644),$,$,.NOTDEFINED.);
#3629=IFCCARTESIANPOINT((0.,0.));
#3630=IFCDIRECTION((1.,0.));
#3631=IFCAXIS2PLACEMENT2D(#3629,#3630);
#3632=IFCTSHAPEPROFILEDEF(.AREA.,'WT13.5X57',#3631,0.34544000000000002,0.25653999999999999,0.014478,0.023622000000000001,0.01524,$,$,$,$);
#3633=IFCCARTESIANPOINT((0.,0.,0.));
#3634=IFCDIRECTION((0.,0.,1.));
#3635=IFCDIRECTION((1.,0.,0.));
#3636=IFCAXIS2PLACEMENT3D(#3633,#3634,#3635);
#3637=IFCDIRECTION((0.,0.,1.));
#3638=IFCEXTRUDEDAREASOLID(#3632,#3636,#3637,3.048);
#3639=IFCSHAPEREPRESENTATION(#11,'Body','SweptSolid',(#3638));
#3640=IFCCARTESIANPOINT((0.,0.,0.));
#3641=IFCDIRECTION((1.,0.,0.));
#3642=IFCDIRECTION((0.,0.,1.));
#3643=IFCAXIS2PLACEMENT3D(#3640,#3642,#3641);
#3644=IFCREPRESENTATIONMAP(#3643,#3639);
#3645=IFCPROPERTYSET('1p9ztIMljF2g4zMRd4XWJF',$,'MF_Structural',$,(#3646,#3647,#3648));
#3646=IFCPROPERTYSINGLEVALUE('Section',$,IFCLABEL('WT13.5X57'),$);
#3647=IFCPROPERTYSINGLEVALUE('SectionFamily',$,IFCLABEL('WT'),$);
#3648=IFCPROPERTYSINGLEVALUE('SectionSource',$,IFCLABEL('AISC Shapes Database v15.0 (US)'),$);
#3649=IFCPROPERTYSET('1VZELFtlz47PxhYmAQSRdd',$,'MF_Library',$,(#3650,#3651,#3652,#3653,#3654,#3655,#3656,#3657,#3658,#3659));
#3650=IFCPROPERTYSINGLEVALUE('Key',$,IFCLABEL('steel_tee_wt'),$);
#3651=IFCPROPERTYSINGLEVALUE('Family',$,IFCLABEL('WT Structural Tee'),$);
#3652=IFCPROPERTYSINGLEVALUE('TypeName',$,IFCLABEL('WT13.5X57'),$);
#3653=IFCPROPERTYSINGLEVALUE('Version',$,IFCLABEL('0.1.0'),$);
#3654=IFCPROPERTYSINGLEVALUE('License',$,IFCLABEL('CC0-1.0'),$);
#3655=IFCPROPERTYSINGLEVALUE('Source',$,IFCLABEL('massing-families'),$);
#3656=IFCPROPERTYSINGLEVALUE('Tier',$,IFCLABEL('L300'),$);
#3657=IFCPROPERTYSINGLEVALUE('Builder',$,IFCLABEL('profile'),$);
#3658=IFCPROPERTYSINGLEVALUE('Discipline',$,IFCLABEL('structural'),$);
#3659=IFCPROPERTYSINGLEVALUE('GeometryStatus',$,IFCLABEL('parametric'),$);
#3660=IFCPROPERTYSET('1u6ZdLY_L4EPuirTw0dreQ',$,'MF_Quantities',$,(#3661,#3662,#3663,#3664,#3665));
#3661=IFCPROPERTYSINGLEVALUE('NominalWidth',$,IFCREAL(0.25653999999999999),$);
#3662=IFCPROPERTYSINGLEVALUE('NominalDepth',$,IFCREAL(0.34544000000000002),$);
#3663=IFCPROPERTYSINGLEVALUE('NominalHeight',$,IFCREAL(3.048),$);
#3664=IFCPROPERTYSINGLEVALUE('NominalFootprintArea',$,IFCREAL(0.088619000000000003),$);
#3665=IFCPROPERTYSINGLEVALUE('NominalVolume',$,IFCREAL(0.27011099999999999),$);
#3666=IFCMEMBERTYPE('3ys2jHBQnDDB4imbNg2cXm',$,'WT Structural Tee - WT13.5X51',$,$,(#3683,#3687,#3698),(#3682),$,$,.NOTDEFINED.);
#3667=IFCCARTESIANPOINT((0.,0.));
#3668=IFCDIRECTION((1.,0.));
#3669=IFCAXIS2PLACEMENT2D(#3667,#3668);
#3670=IFCTSHAPEPROFILEDEF(.AREA.,'WT13.5X51',#3669,0.34289999999999998,0.254,0.013081000000000001,0.021082,0.01524,$,$,$,$);
#3671=IFCCARTESIANPOINT((0.,0.,0.));
#3672=IFCDIRECTION((0.,0.,1.));
#3673=IFCDIRECTION((1.,0.,0.));
#3674=IFCAXIS2PLACEMENT3D(#3671,#3672,#3673);
#3675=IFCDIRECTION((0.,0.,1.));
#3676=IFCEXTRUDEDAREASOLID(#3670,#3674,#3675,3.048);
#3677=IFCSHAPEREPRESENTATION(#11,'Body','SweptSolid',(#3676));
#3678=IFCCARTESIANPOINT((0.,0.,0.));
#3679=IFCDIRECTION((1.,0.,0.));
#3680=IFCDIRECTION((0.,0.,1.));
#3681=IFCAXIS2PLACEMENT3D(#3678,#3680,#3679);
#3682=IFCREPRESENTATIONMAP(#3681,#3677);
#3683=IFCPROPERTYSET('2Ne9EpOSv4nhxWe30AgWcl',$,'MF_Structural',$,(#3684,#3685,#3686));
#3684=IFCPROPERTYSINGLEVALUE('Section',$,IFCLABEL('WT13.5X51'),$);
#3685=IFCPROPERTYSINGLEVALUE('SectionFamily',$,IFCLABEL('WT'),$);
#3686=IFCPROPERTYSINGLEVALUE('SectionSource',$,IFCLABEL('AISC Shapes Database v15.0 (US)'),$);
#3687=IFCPROPERTYSET('08dtR0zIf0GxgWcYDbh38s',$,'MF_Library',$,(#3688,#3689,#3690,#3691,#3692,#3693,#3694,#3695,#3696,#3697));
#3688=IFCPROPERTYSINGLEVALUE('Key',$,IFCLABEL('steel_tee_wt'),$);
#3689=IFCPROPERTYSINGLEVALUE('Family',$,IFCLABEL('WT Structural Tee'),$);
#3690=IFCPROPERTYSINGLEVALUE('TypeName',$,IFCLABEL('WT13.5X51'),$);
#3691=IFCPROPERTYSINGLEVALUE('Version',$,IFCLABEL('0.1.0'),$);
#3692=IFCPROPERTYSINGLEVALUE('License',$,IFCLABEL('CC0-1.0'),$);
#3693=IFCPROPERTYSINGLEVALUE('Source',$,IFCLABEL('massing-families'),$);
#3694=IFCPROPERTYSINGLEVALUE('Tier',$,IFCLABEL('L300'),$);
#3695=IFCPROPERTYSINGLEVALUE('Builder',$,IFCLABEL('profile'),$);
#3696=IFCPROPERTYSINGLEVALUE('Discipline',$,IFCLABEL('structural'),$);
#3697=IFCPROPERTYSINGLEVALUE('GeometryStatus',$,IFCLABEL('parametric'),$);
#3698=IFCPROPERTYSET('0$UKCh1cbFDg08WSd5lLHr',$,'MF_Quantities',$,(#3699,#3700,#3701,#3702,#3703));
#3699=IFCPROPERTYSINGLEVALUE('NominalWidth',$,IFCREAL(0.254),$);
#3700=IFCPROPERTYSINGLEVALUE('NominalDepth',$,IFCREAL(0.34289999999999998),$);
#3701=IFCPROPERTYSINGLEVALUE('NominalHeight',$,IFCREAL(3.048),$);
#3702=IFCPROPERTYSINGLEVALUE('NominalFootprintArea',$,IFCREAL(0.087096999999999994),$);
#3703=IFCPROPERTYSINGLEVALUE('NominalVolume',$,IFCREAL(0.26546999999999998),$);
#3704=IFCMEMBERTYPE('0yh8481GH4OOFMmN8VitK6',$,'WT Structural Tee - WT13.5X47',$,$,(#3721,#3725,#3736),(#3720),$,$,.NOTDEFINED.);
#3705=IFCCARTESIANPOINT((0.,0.));
#3706=IFCDIRECTION((1.,0.));
#3707=IFCAXIS2PLACEMENT2D(#3705,#3706);
#3708=IFCTSHAPEPROFILEDEF(.AREA.,'WT13.5X47',#3707,0.34289999999999998,0.254,0.012446,0.018922999999999999,0.015113,$,$,$,$);
#3709=IFCCARTESIANPOINT((0.,0.,0.));
#3710=IFCDIRECTION((0.,0.,1.));
#3711=IFCDIRECTION((1.,0.,0.));
#3712=IFCAXIS2PLACEMENT3D(#3709,#3710,#3711);
#3713=IFCDIRECTION((0.,0.,1.));
#3714=IFCEXTRUDEDAREASOLID(#3708,#3712,#3713,3.048);
#3715=IFCSHAPEREPRESENTATION(#11,'Body','SweptSolid',(#3714));
#3716=IFCCARTESIANPOINT((0.,0.,0.));
#3717=IFCDIRECTION((1.,0.,0.));
#3718=IFCDIRECTION((0.,0.,1.));
#3719=IFCAXIS2PLACEMENT3D(#3716,#3718,#3717);
#3720=IFCREPRESENTATIONMAP(#3719,#3715);
#3721=IFCPROPERTYSET('0Ys3kWwOX5uvg_ki3GsM1s',$,'MF_Structural',$,(#3722,#3723,#3724));
#3722=IFCPROPERTYSINGLEVALUE('Section',$,IFCLABEL('WT13.5X47'),$);
#3723=IFCPROPERTYSINGLEVALUE('SectionFamily',$,IFCLABEL('WT'),$);
#3724=IFCPROPERTYSINGLEVALUE('SectionSource',$,IFCLABEL('AISC Shapes Database v15.0 (US)'),$);
#3725=IFCPROPERTYSET('1xWIjWBUD62gEF_MlqGRNc',$,'MF_Library',$,(#3726,#3727,#3728,#3729,#3730,#3731,#3732,#3733,#3734,#3735));
#3726=IFCPROPERTYSINGLEVALUE('Key',$,IFCLABEL('steel_tee_wt'),$);
#3727=IFCPROPERTYSINGLEVALUE('Family',$,IFCLABEL('WT Structural Tee'),$);
#3728=IFCPROPERTYSINGLEVALUE('TypeName',$,IFCLABEL('WT13.5X47'),$);
#3729=IFCPROPERTYSINGLEVALUE('Version',$,IFCLABEL('0.1.0'),$);
#3730=IFCPROPERTYSINGLEVALUE('License',$,IFCLABEL('CC0-1.0'),$);
#3731=IFCPROPERTYSINGLEVALUE('Source',$,IFCLABEL('massing-families'),$);
#3732=IFCPROPERTYSINGLEVALUE('Tier',$,IFCLABEL('L300'),$);
#3733=IFCPROPERTYSINGLEVALUE('Builder',$,IFCLABEL('profile'),$);
#3734=IFCPROPERTYSINGLEVALUE('Discipline',$,IFCLABEL('structural'),$);
#3735=IFCPROPERTYSINGLEVALUE('GeometryStatus',$,IFCLABEL('parametric'),$);
#3736=IFCPROPERTYSET('3ruIbHmk92VOUWFRCXJlKb',$,'MF_Quantities',$,(#3737,#3738,#3739,#3740,#3741));
#3737=IFCPROPERTYSINGLEVALUE('NominalWidth',$,IFCREAL(0.254),$);
#3738=IFCPROPERTYSINGLEVALUE('NominalDepth',$,IFCREAL(0.34289999999999998),$);
#3739=IFCPROPERTYSINGLEVALUE('NominalHeight',$,IFCREAL(3.048),$);
#3740=IFCPROPERTYSINGLEVALUE('NominalFootprintArea',$,IFCREAL(0.087096999999999994),$);
#3741=IFCPROPERTYSINGLEVALUE('NominalVolume',$,IFCREAL(0.26546999999999998),$);
#3742=IFCMEMBERTYPE('2IJHoV8fr5vQ5rnSSEA7u6',$,'WT Structural Tee - WT13.5X42',$,$,(#3759,#3763,#3774),(#3758),$,$,.NOTDEFINED.);
#3743=IFCCARTESIANPOINT((0.,0.));
#3744=IFCDIRECTION((1.,0.));
#3745=IFCAXIS2PLACEMENT2D(#3743,#3744);
#3746=IFCTSHAPEPROFILEDEF(.AREA.,'WT13.5X42',#3745,0.34036,0.254,0.011684,0.016256,0.01524,$,$,$,$);
#3747=IFCCARTESIANPOINT((0.,0.,0.));
#3748=IFCDIRECTION((0.,0.,1.));
#3749=IFCDIRECTION((1.,0.,0.));
#3750=IFCAXIS2PLACEMENT3D(#3747,#3748,#3749);
#3751=IFCDIRECTION((0.,0.,1.));
#3752=IFCEXTRUDEDAREASOLID(#3746,#3750,#3751,3.048);
#3753=IFCSHAPEREPRESENTATION(#11,'Body','SweptSolid',(#3752));
#3754=IFCCARTESIANPOINT((0.,0.,0.));
#3755=IFCDIRECTION((1.,0.,0.));
#3756=IFCDIRECTION((0.,0.,1.));
#3757=IFCAXIS2PLACEMENT3D(#3754,#3756,#3755);
#3758=IFCREPRESENTATIONMAP(#3757,#3753);
#3759=IFCPROPERTYSET('25vdppQIrDJwA27x8AH2ld',$,'MF_Structural',$,(#3760,#3761,#3762));
#3760=IFCPROPERTYSINGLEVALUE('Section',$,IFCLABEL('WT13.5X42'),$);
#3761=IFCPROPERTYSINGLEVALUE('SectionFamily',$,IFCLABEL('WT'),$);
#3762=IFCPROPERTYSINGLEVALUE('SectionSource',$,IFCLABEL('AISC Shapes Database v15.0 (US)'),$);
#3763=IFCPROPERTYSET('3JYtHa9Nv4KQwoYTz74l0X',$,'MF_Library',$,(#3764,#3765,#3766,#3767,#3768,#3769,#3770,#3771,#3772,#3773));
#3764=IFCPROPERTYSINGLEVALUE('Key',$,IFCLABEL('steel_tee_wt'),$);
#3765=IFCPROPERTYSINGLEVALUE('Family',$,IFCLABEL('WT Structural Tee'),$);
#3766=IFCPROPERTYSINGLEVALUE('TypeName',$,IFCLABEL('WT13.5X42'),$);
#3767=IFCPROPERTYSINGLEVALUE('Version',$,IFCLABEL('0.1.0'),$);
#3768=IFCPROPERTYSINGLEVALUE('License',$,IFCLABEL('CC0-1.0'),$);
#3769=IFCPROPERTYSINGLEVALUE('Source',$,IFCLABEL('massing-families'),$);
#3770=IFCPROPERTYSINGLEVALUE('Tier',$,IFCLABEL('L300'),$);
#3771=IFCPROPERTYSINGLEVALUE('Builder',$,IFCLABEL('profile'),$);
#3772=IFCPROPERTYSINGLEVALUE('Discipline',$,IFCLABEL('structural'),$);
#3773=IFCPROPERTYSINGLEVALUE('GeometryStatus',$,IFCLABEL('parametric'),$);
#3774=IFCPROPERTYSET('3vjZFRgsbEQPKcPXJAJL3$',$,'MF_Quantities',$,(#3775,#3776,#3777,#3778,#3779));
#3775=IFCPROPERTYSINGLEVALUE('NominalWidth',$,IFCREAL(0.254),$);
#3776=IFCPROPERTYSINGLEVALUE('NominalDepth',$,IFCREAL(0.34036),$);
#3777=IFCPROPERTYSINGLEVALUE('NominalHeight',$,IFCREAL(3.048),$);
#3778=IFCPROPERTYSINGLEVALUE('NominalFootprintArea',$,IFCREAL(0.086451),$);
#3779=IFCPROPERTYSINGLEVALUE('NominalVolume',$,IFCREAL(0.26350400000000002),$);
#3780=IFCMEMBERTYPE('3bk9E71Of7GRMOohJ0QmCE',$,'WT Structural Tee - WT12X185',$,$,(#3797,#3801,#3812),(#3796),$,$,.NOTDEFINED.);
#3781=IFCCARTESIANPOINT((0.,0.));
#3782=IFCDIRECTION((1.,0.));
#3783=IFCAXIS2PLACEMENT2D(#3781,#3782);
#3784=IFCTSHAPEPROFILEDEF(.AREA.,'WT12X185',#3783,0.35560000000000003,0.34798000000000001,0.038608000000000003,0.069087999999999997,0.012699999999999999,$,$,$,$);
#3785=IFCCARTESIANPOINT((0.,0.,0.));
#3786=IFCDIRECTION((0.,0.,1.));
#3787=IFCDIRECTION((1.,0.,0.));
#3788=IFCAXIS2PLACEMENT3D(#3785,#3786,#3787);
#3789=IFCDIRECTION((0.,0.,1.));
#3790=IFCEXTRUDEDAREASOLID(#3784,#3788,#3789,3.048);
#3791=IFCSHAPEREPRESENTATION(#11,'Body','SweptSolid',(#3790));
#3792=IFCCARTESIANPOINT((0.,0.,0.));
#3793=IFCDIRECTION((1.,0.,0.));
#3794=IFCDIRECTION((0.,0.,1.));
#3795=IFCAXIS2PLACEMENT3D(#3792,#3794,#3793);
#3796=IFCREPRESENTATIONMAP(#3795,#3791);
#3797=IFCPROPERTYSET('0gIfHgBDLAtRS9$t9IrMj6',$,'MF_Structural',$,(#3798,#3799,#3800));
#3798=IFCPROPERTYSINGLEVALUE('Section',$,IFCLABEL('WT12X185'),$);
#3799=IFCPROPERTYSINGLEVALUE('SectionFamily',$,IFCLABEL('WT'),$);
#3800=IFCPROPERTYSINGLEVALUE('SectionSource',$,IFCLABEL('AISC Shapes Database v15.0 (US)'),$);
#3801=IFCPROPERTYSET('3ywx1$bmD15wuXszON2hsQ',$,'MF_Library',$,(#3802,#3803,#3804,#3805,#3806,#3807,#3808,#3809,#3810,#3811));
#3802=IFCPROPERTYSINGLEVALUE('Key',$,IFCLABEL('steel_tee_wt'),$);
#3803=IFCPROPERTYSINGLEVALUE('Family',$,IFCLABEL('WT Structural Tee'),$);
#3804=IFCPROPERTYSINGLEVALUE('TypeName',$,IFCLABEL('WT12X185'),$);
#3805=IFCPROPERTYSINGLEVALUE('Version',$,IFCLABEL('0.1.0'),$);
#3806=IFCPROPERTYSINGLEVALUE('License',$,IFCLABEL('CC0-1.0'),$);
#3807=IFCPROPERTYSINGLEVALUE('Source',$,IFCLABEL('massing-families'),$);
#3808=IFCPROPERTYSINGLEVALUE('Tier',$,IFCLABEL('L300'),$);
#3809=IFCPROPERTYSINGLEVALUE('Builder',$,IFCLABEL('profile'),$);
#3810=IFCPROPERTYSINGLEVALUE('Discipline',$,IFCLABEL('structural'),$);
#3811=IFCPROPERTYSINGLEVALUE('GeometryStatus',$,IFCLABEL('parametric'),$);
#3812=IFCPROPERTYSET('3s5gF6dEj5bBBOPre77lbB',$,'MF_Quantities',$,(#3813,#3814,#3815,#3816,#3817));
#3813=IFCPROPERTYSINGLEVALUE('NominalWidth',$,IFCREAL(0.34798000000000001),$);
#3814=IFCPROPERTYSINGLEVALUE('NominalDepth',$,IFCREAL(0.35560000000000003),$);
#3815=IFCPROPERTYSINGLEVALUE('NominalHeight',$,IFCREAL(3.048),$);
#3816=IFCPROPERTYSINGLEVALUE('NominalFootprintArea',$,IFCREAL(0.123742),$);
#3817=IFCPROPERTYSINGLEVALUE('NominalVolume',$,IFCREAL(0.37716499999999997),$);
#3818=IFCMEMBERTYPE('0oTadC6ib1bBQ_sxckh0Qb',$,'WT Structural Tee - WT12X167.5',$,$,(#3835,#3839,#3850),(#3834),$,$,.NOTDEFINED.);
#3819=IFCCARTESIANPOINT((0.,0.));
#3820=IFCDIRECTION((1.,0.));
#3821=IFCAXIS2PLACEMENT2D(#3819,#3820);
#3822=IFCTSHAPEPROFILEDEF(.AREA.,'WT12X167.5',#3821,0.35052,0.34289999999999998,0.035052,0.062992000000000006,0.012699999999999999,$,$,$,$);
#3823=IFCCARTESIANPOINT((0.,0.,0.));
#3824=IFCDIRECTION((0.,0.,1.));
#3825=IFCDIRECTION((1.,0.,0.));
#3826=IFCAXIS2PLACEMENT3D(#3823,#3824,#3825);
#3827=IFCDIRECTION((0.,0.,1.));
#3828=IFCEXTRUDEDAREASOLID(#3822,#3826,#3827,3.048);
#3829=IFCSHAPEREPRESENTATION(#11,'Body','SweptSolid',(#3828));
#3830=IFCCARTESIANPOINT((0.,0.,0.));
#3831=IFCDIRECTION((1.,0.,0.));
#3832=IFCDIRECTION((0.,0.,1.));
#3833=IFCAXIS2PLACEMENT3D(#3830,#3832,#3831);
#3834=IFCREPRESENTATIONMAP(#3833,#3829);
#3835=IFCPROPERTYSET('06cBr3179Eq9NQa_QRAkas',$,'MF_Structural',$,(#3836,#3837,#3838));
#3836=IFCPROPERTYSINGLEVALUE('Section',$,IFCLABEL('WT12X167.5'),$);
#3837=IFCPROPERTYSINGLEVALUE('SectionFamily',$,IFCLABEL('WT'),$);
#3838=IFCPROPERTYSINGLEVALUE('SectionSource',$,IFCLABEL('AISC Shapes Database v15.0 (US)'),$);
#3839=IFCPROPERTYSET('2A1edJ$oH5hu45dGVwdWhO',$,'MF_Library',$,(#3840,#3841,#3842,#3843,#3844,#3845,#3846,#3847,#3848,#3849));
#3840=IFCPROPERTYSINGLEVALUE('Key',$,IFCLABEL('steel_tee_wt'),$);
#3841=IFCPROPERTYSINGLEVALUE('Family',$,IFCLABEL('WT Structural Tee'),$);
#3842=IFCPROPERTYSINGLEVALUE('TypeName',$,IFCLABEL('WT12X167.5'),$);
#3843=IFCPROPERTYSINGLEVALUE('Version',$,IFCLABEL('0.1.0'),$);
#3844=IFCPROPERTYSINGLEVALUE('License',$,IFCLABEL('CC0-1.0'),$);
#3845=IFCPROPERTYSINGLEVALUE('Source',$,IFCLABEL('massing-families'),$);
#3846=IFCPROPERTYSINGLEVALUE('Tier',$,IFCLABEL('L300'),$);
#3847=IFCPROPERTYSINGLEVALUE('Builder',$,IFCLABEL('profile'),$);
#3848=IFCPROPERTYSINGLEVALUE('Discipline',$,IFCLABEL('structural'),$);
#3849=IFCPROPERTYSINGLEVALUE('GeometryStatus',$,IFCLABEL('parametric'),$);
#3850=IFCPROPERTYSET('2yjI3Vd2TFpv42TedX2t9z',$,'MF_Quantities',$,(#3851,#3852,#3853,#3854,#3855));
#3851=IFCPROPERTYSINGLEVALUE('NominalWidth',$,IFCREAL(0.34289999999999998),$);
#3852=IFCPROPERTYSINGLEVALUE('NominalDepth',$,IFCREAL(0.35052),$);
#3853=IFCPROPERTYSINGLEVALUE('NominalHeight',$,IFCREAL(3.048),$);
#3854=IFCPROPERTYSINGLEVALUE('NominalFootprintArea',$,IFCREAL(0.12019299999999999),$);
#3855=IFCPROPERTYSINGLEVALUE('NominalVolume',$,IFCREAL(0.36634899999999998),$);
#3856=IFCMEMBERTYPE('0dHVAa4DvBkO8jSnkmIrlN',$,'WT Structural Tee - WT12X153',$,$,(#3873,#3877,#3888),(#3872),$,$,.NOTDEFINED.);
#3857=IFCCARTESIANPOINT((0.,0.));
#3858=IFCDIRECTION((1.,0.));
#3859=IFCAXIS2PLACEMENT2D(#3857,#3858);
#3860=IFCTSHAPEPROFILEDEF(.AREA.,'WT12X153',#3859,0.34544000000000002,0.34036,0.032003999999999998,0.057911999999999998,0.012699999999999999,$,$,$,$);
#3861=IFCCARTESIANPOINT((0.,0.,0.));
#3862=IFCDIRECTION((0.,0.,1.));
#3863=IFCDIRECTION((1.,0.,0.));
#3864=IFCAXIS2PLACEMENT3D(#3861,#3862,#3863);
#3865=IFCDIRECTION((0.,0.,1.));
#3866=IFCEXTRUDEDAREASOLID(#3860,#3864,#3865,3.048);
#3867=IFCSHAPEREPRESENTATION(#11,'Body','SweptSolid',(#3866));
#3868=IFCCARTESIANPOINT((0.,0.,0.));
#3869=IFCDIRECTION((1.,0.,0.));
#3870=IFCDIRECTION((0.,0.,1.));
#3871=IFCAXIS2PLACEMENT3D(#3868,#3870,#3869);
#3872=IFCREPRESENTATIONMAP(#3871,#3867);
#3873=IFCPROPERTYSET('3ZOaBevp11L8gJLw8ZGYDS',$,'MF_Structural',$,(#3874,#3875,#3876));
#3874=IFCPROPERTYSINGLEVALUE('Section',$,IFCLABEL('WT12X153'),$);
#3875=IFCPROPERTYSINGLEVALUE('SectionFamily',$,IFCLABEL('WT'),$);
#3876=IFCPROPERTYSINGLEVALUE('SectionSource',$,IFCLABEL('AISC Shapes Database v15.0 (US)'),$);
#3877=IFCPROPERTYSET('2EHLac8DjD9PkHR7H0gfjC',$,'MF_Library',$,(#3878,#3879,#3880,#3881,#3882,#3883,#3884,#3885,#3886,#3887));
#3878=IFCPROPERTYSINGLEVALUE('Key',$,IFCLABEL('steel_tee_wt'),$);
#3879=IFCPROPERTYSINGLEVALUE('Family',$,IFCLABEL('WT Structural Tee'),$);
#3880=IFCPROPERTYSINGLEVALUE('TypeName',$,IFCLABEL('WT12X153'),$);
#3881=IFCPROPERTYSINGLEVALUE('Version',$,IFCLABEL('0.1.0'),$);
#3882=IFCPROPERTYSINGLEVALUE('License',$,IFCLABEL('CC0-1.0'),$);
#3883=IFCPROPERTYSINGLEVALUE('Source',$,IFCLABEL('massing-families'),$);
#3884=IFCPROPERTYSINGLEVALUE('Tier',$,IFCLABEL('L300'),$);
#3885=IFCPROPERTYSINGLEVALUE('Builder',$,IFCLABEL('profile'),$);
#3886=IFCPROPERTYSINGLEVALUE('Discipline',$,IFCLABEL('structural'),$);
#3887=IFCPROPERTYSINGLEVALUE('GeometryStatus',$,IFCLABEL('parametric'),$);
#3888=IFCPROPERTYSET('03YHbx6QT369uPoPV2hKtF',$,'MF_Quantities',$,(#3889,#3890,#3891,#3892,#3893));
#3889=IFCPROPERTYSINGLEVALUE('NominalWidth',$,IFCREAL(0.34036),$);
#3890=IFCPROPERTYSINGLEVALUE('NominalDepth',$,IFCREAL(0.34544000000000002),$);
#3891=IFCPROPERTYSINGLEVALUE('NominalHeight',$,IFCREAL(3.048),$);
#3892=IFCPROPERTYSINGLEVALUE('NominalFootprintArea',$,IFCREAL(0.117574),$);
#3893=IFCPROPERTYSINGLEVALUE('NominalVolume',$,IFCREAL(0.35836499999999999),$);
#3894=IFCMEMBERTYPE('1YvxcxBfD1zQ8WERtsIGLa',$,'WT Structural Tee - WT12X139.5',$,$,(#3911,#3915,#3926),(#3910),$,$,.NOTDEFINED.);
#3895=IFCCARTESIANPOINT((0.,0.));
#3896=IFCDIRECTION((1.,0.));
#3897=IFCAXIS2PLACEMENT2D(#3895,#3896);
#3898=IFCTSHAPEPROFILEDEF(.AREA.,'WT12X139.5',#3897,0.34036,0.33782000000000001,0.029464000000000001,0.053086000000000001,0.012699999999999999,$,$,$,$);
#3899=IFCCARTESIANPOINT((0.,0.,0.));
#3900=IFCDIRECTION((0.,0.,1.));
#3901=IFCDIRECTION((1.,0.,0.));
#3902=IFCAXIS2PLACEMENT3D(#3899,#3900,#3901);
#3903=IFCDIRECTION((0.,0.,1.));
#3904=IFCEXTRUDEDAREASOLID(#3898,#3902,#3903,3.048);
#3905=IFCSHAPEREPRESENTATION(#11,'Body','SweptSolid',(#3904));
#3906=IFCCARTESIANPOINT((0.,0.,0.));
#3907=IFCDIRECTION((1.,0.,0.));
#3908=IFCDIRECTION((0.,0.,1.));
#3909=IFCAXIS2PLACEMENT3D(#3906,#3908,#3907);
#3910=IFCREPRESENTATIONMAP(#3909,#3905);
#3911=IFCPROPERTYSET('3a$XBybEjAo8EJt7Hax5GV',$,'MF_Structural',$,(#3912,#3913,#3914));
#3912=IFCPROPERTYSINGLEVALUE('Section',$,IFCLABEL('WT12X139.5'),$);
#3913=IFCPROPERTYSINGLEVALUE('SectionFamily',$,IFCLABEL('WT'),$);
#3914=IFCPROPERTYSINGLEVALUE('SectionSource',$,IFCLABEL('AISC Shapes Database v15.0 (US)'),$);
#3915=IFCPROPERTYSET('3e5AwzPe1B9gcGNXFnLcgO',$,'MF_Library',$,(#3916,#3917,#3918,#3919,#3920,#3921,#3922,#3923,#3924,#3925));
#3916=IFCPROPERTYSINGLEVALUE('Key',$,IFCLABEL('steel_tee_wt'),$);
#3917=IFCPROPERTYSINGLEVALUE('Family',$,IFCLABEL('WT Structural Tee'),$);
#3918=IFCPROPERTYSINGLEVALUE('TypeName',$,IFCLABEL('WT12X139.5'),$);
#3919=IFCPROPERTYSINGLEVALUE('Version',$,IFCLABEL('0.1.0'),$);
#3920=IFCPROPERTYSINGLEVALUE('License',$,IFCLABEL('CC0-1.0'),$);
#3921=IFCPROPERTYSINGLEVALUE('Source',$,IFCLABEL('massing-families'),$);
#3922=IFCPROPERTYSINGLEVALUE('Tier',$,IFCLABEL('L300'),$);
#3923=IFCPROPERTYSINGLEVALUE('Builder',$,IFCLABEL('profile'),$);
#3924=IFCPROPERTYSINGLEVALUE('Discipline',$,IFCLABEL('structural'),$);
#3925=IFCPROPERTYSINGLEVALUE('GeometryStatus',$,IFCLABEL('parametric'),$);
#3926=IFCPROPERTYSET('3$HjgsPJjFtgfLnM52yQUl',$,'MF_Quantities',$,(#3927,#3928,#3929,#3930,#3931));
#3927=IFCPROPERTYSINGLEVALUE('NominalWidth',$,IFCREAL(0.33782000000000001),$);
#3928=IFCPROPERTYSINGLEVALUE('NominalDepth',$,IFCREAL(0.34036),$);
#3929=IFCPROPERTYSINGLEVALUE('NominalHeight',$,IFCREAL(3.048),$);
#3930=IFCPROPERTYSINGLEVALUE('NominalFootprintArea',$,IFCREAL(0.11498),$);
#3931=IFCPROPERTYSINGLEVALUE('NominalVolume',$,IFCREAL(0.35045999999999999),$);
#3932=IFCMEMBERTYPE('0C0Tp9cpPDDubvkE3SLMO1',$,'WT Structural Tee - WT12X125',$,$,(#3949,#3953,#3964),(#3948),$,$,.NOTDEFINED.);
#3933=IFCCARTESIANPOINT((0.,0.));
#3934=IFCDIRECTION((1.,0.));
#3935=IFCAXIS2PLACEMENT2D(#3933,#3934);
#3936=IFCTSHAPEPROFILEDEF(.AREA.,'WT12X125',#3935,0.33528000000000002,0.33528000000000002,0.026415999999999999,0.048006,0.012699999999999999,$,$,$,$);
#3937=IFCCARTESIANPOINT((0.,0.,0.));
#3938=IFCDIRECTION((0.,0.,1.));
#3939=IFCDIRECTION((1.,0.,0.));
#3940=IFCAXIS2PLACEMENT3D(#3937,#3938,#3939);
#3941=IFCDIRECTION((0.,0.,1.));
#3942=IFCEXTRUDEDAREASOLID(#3936,#3940,#3941,3.048);
#3943=IFCSHAPEREPRESENTATION(#11,'Body','SweptSolid',(#3942));
#3944=IFCCARTESIANPOINT((0.,0.,0.));
#3945=IFCDIRECTION((1.,0.,0.));
#3946=IFCDIRECTION((0.,0.,1.));
#3947=IFCAXIS2PLACEMENT3D(#3944,#3946,#3945);
#3948=IFCREPRESENTATIONMAP(#3947,#3943);
#3949=IFCPROPERTYSET('1KkzDR$A195uW863YRqxN0',$,'MF_Structural',$,(#3950,#3951,#3952));
#3950=IFCPROPERTYSINGLEVALUE('Section',$,IFCLABEL('WT12X125'),$);
#3951=IFCPROPERTYSINGLEVALUE('SectionFamily',$,IFCLABEL('WT'),$);
#3952=IFCPROPERTYSINGLEVALUE('SectionSource',$,IFCLABEL('AISC Shapes Database v15.0 (US)'),$);
#3953=IFCPROPERTYSET('0_BMe8Orr6O8Hiz$teXsg$',$,'MF_Library',$,(#3954,#3955,#3956,#3957,#3958,#3959,#3960,#3961,#3962,#3963));
#3954=IFCPROPERTYSINGLEVALUE('Key',$,IFCLABEL('steel_tee_wt'),$);
#3955=IFCPROPERTYSINGLEVALUE('Family',$,IFCLABEL('WT Structural Tee'),$);
#3956=IFCPROPERTYSINGLEVALUE('TypeName',$,IFCLABEL('WT12X125'),$);
#3957=IFCPROPERTYSINGLEVALUE('Version',$,IFCLABEL('0.1.0'),$);
#3958=IFCPROPERTYSINGLEVALUE('License',$,IFCLABEL('CC0-1.0'),$);
#3959=IFCPROPERTYSINGLEVALUE('Source',$,IFCLABEL('massing-families'),$);
#3960=IFCPROPERTYSINGLEVALUE('Tier',$,IFCLABEL('L300'),$);
#3961=IFCPROPERTYSINGLEVALUE('Builder',$,IFCLABEL('profile'),$);
#3962=IFCPROPERTYSINGLEVALUE('Discipline',$,IFCLABEL('structural'),$);
#3963=IFCPROPERTYSINGLEVALUE('GeometryStatus',$,IFCLABEL('parametric'),$);
#3964=IFCPROPERTYSET('1X662XsKzCkRufmLaKCkaK',$,'MF_Quantities',$,(#3965,#3966,#3967,#3968,#3969));
#3965=IFCPROPERTYSINGLEVALUE('NominalWidth',$,IFCREAL(0.33528000000000002),$);
#3966=IFCPROPERTYSINGLEVALUE('NominalDepth',$,IFCREAL(0.33528000000000002),$);
#3967=IFCPROPERTYSINGLEVALUE('NominalHeight',$,IFCREAL(3.048),$);
#3968=IFCPROPERTYSINGLEVALUE('NominalFootprintArea',$,IFCREAL(0.112413),$);
#3969=IFCPROPERTYSINGLEVALUE('NominalVolume',$,IFCREAL(0.34263399999999999),$);
#3970=IFCMEMBERTYPE('2Dz6A_Hj5BTeDtDFjXOGXu',$,'WT Structural Tee - WT12X114.5',$,$,(#3987,#3991,#4002),(#3986),$,$,.NOTDEFINED.);
#3971=IFCCARTESIANPOINT((0.,0.));
#3972=IFCDIRECTION((1.,0.));
#3973=IFCAXIS2PLACEMENT2D(#3971,#3972);
#3974=IFCTSHAPEPROFILEDEF(.AREA.,'WT12X114.5',#3973,0.33019999999999999,0.33273999999999998,0.024383999999999999,0.043942000000000002,0.012699999999999999,$,$,$,$);
#3975=IFCCARTESIANPOINT((0.,0.,0.));
#3976=IFCDIRECTION((0.,0.,1.));
#3977=IFCDIRECTION((1.,0.,0.));
#3978=IFCAXIS2PLACEMENT3D(#3975,#3976,#3977);
#3979=IFCDIRECTION((0.,0.,1.));
#3980=IFCEXTRUDEDAREASOLID(#3974,#3978,#3979,3.048);
#3981=IFCSHAPEREPRESENTATION(#11,'Body','SweptSolid',(#3980));
#3982=IFCCARTESIANPOINT((0.,0.,0.));
#3983=IFCDIRECTION((1.,0.,0.));
#3984=IFCDIRECTION((0.,0.,1.));
#3985=IFCAXIS2PLACEMENT3D(#3982,#3984,#3983);
#3986=IFCREPRESENTATIONMAP(#3985,#3981);
#3987=IFCPROPERTYSET('3h5ifWPujD$hgTnCHLcGuq',$,'MF_Structural',$,(#3988,#3989,#3990));
#3988=IFCPROPERTYSINGLEVALUE('Section',$,IFCLABEL('WT12X114.5'),$);
#3989=IFCPROPERTYSINGLEVALUE('SectionFamily',$,IFCLABEL('WT'),$);
#3990=IFCPROPERTYSINGLEVALUE('SectionSource',$,IFCLABEL('AISC Shapes Database v15.0 (US)'),$);
#3991=IFCPROPERTYSET('1D6$Ol26fEpg420K1AharS',$,'MF_Library',$,(#3992,#3993,#3994,#3995,#3996,#3997,#3998,#3999,#4000,#4001));
#3992=IFCPROPERTYSINGLEVALUE('Key',$,IFCLABEL('steel_tee_wt'),$);
#3993=IFCPROPERTYSINGLEVALUE('Family',$,IFCLABEL('WT Structural Tee'),$);
#3994=IFCPROPERTYSINGLEVALUE('TypeName',$,IFCLABEL('WT12X114.5'),$);
#3995=IFCPROPERTYSINGLEVALUE('Version',$,IFCLABEL('0.1.0'),$);
#3996=IFCPROPERTYSINGLEVALUE('License',$,IFCLABEL('CC0-1.0'),$);
#3997=IFCPROPERTYSINGLEVALUE('Source',$,IFCLABEL('massing-families'),$);
#3998=IFCPROPERTYSINGLEVALUE('Tier',$,IFCLABEL('L300'),$);
#3999=IFCPROPERTYSINGLEVALUE('Builder',$,IFCLABEL('profile'),$);
#4000=IFCPROPERTYSINGLEVALUE('Discipline',$,IFCLABEL('structural'),$);
#4001=IFCPROPERTYSINGLEVALUE('GeometryStatus',$,IFCLABEL('parametric'),$);
#4002=IFCPROPERTYSET('0sZZJLrUH4eRwpCkaHLrGM',$,'MF_Quantities',$,(#4003,#4004,#4005,#4006,#4007));
#4003=IFCPROPERTYSINGLEVALUE('NominalWidth',$,IFCREAL(0.33273999999999998),$);
#4004=IFCPROPERTYSINGLEVALUE('NominalDepth',$,IFCREAL(0.33019999999999999),$);
#4005=IFCPROPERTYSINGLEVALUE('NominalHeight',$,IFCREAL(3.048),$);
#4006=IFCPROPERTYSINGLEVALUE('NominalFootprintArea',$,IFCREAL(0.109871),$);
#4007=IFCPROPERTYSINGLEVALUE('NominalVolume',$,IFCREAL(0.33488600000000002),$);
#4008=IFCMEMBERTYPE('1n4tMZb6bBqhbo7tI1IacF',$,'WT Structural Tee - WT12X103.5',$,$,(#4025,#4029,#4040),(#4024),$,$,.NOTDEFINED.);
#4009=IFCCARTESIANPOINT((0.,0.));
#4010=IFCDIRECTION((1.,0.));
#4011=IFCAXIS2PLACEMENT2D(#4009,#4010);
#4012=IFCTSHAPEPROFILEDEF(.AREA.,'WT12X103.5',#4011,0.32766000000000001,0.33019999999999999,0.022098,0.039877999999999997,0.012699999999999999,$,$,$,$);
#4013=IFCCARTESIANPOINT((0.,0.,0.));
#4014=IFCDIRECTION((0.,0.,1.));
#4015=IFCDIRECTION((1.,0.,0.));
#4016=IFCAXIS2PLACEMENT3D(#4013,#4014,#4015);
#4017=IFCDIRECTION((0.,0.,1.));
#4018=IFCEXTRUDEDAREASOLID(#4012,#4016,#4017,3.048);
#4019=IFCSHAPEREPRESENTATION(#11,'Body','SweptSolid',(#4018));
#4020=IFCCARTESIANPOINT((0.,0.,0.));
#4021=IFCDIRECTION((1.,0.,0.));
#4022=IFCDIRECTION((0.,0.,1.));
#4023=IFCAXIS2PLACEMENT3D(#4020,#4022,#4021);
#4024=IFCREPRESENTATIONMAP(#4023,#4019);
#4025=IFCPROPERTYSET('0wzSuz3pP2Yw5EGEbHCgQe',$,'MF_Structural',$,(#4026,#4027,#4028));
#4026=IFCPROPERTYSINGLEVALUE('Section',$,IFCLABEL('WT12X103.5'),$);
#4027=IFCPROPERTYSINGLEVALUE('SectionFamily',$,IFCLABEL('WT'),$);
#4028=IFCPROPERTYSINGLEVALUE('SectionSource',$,IFCLABEL('AISC Shapes Database v15.0 (US)'),$);
#4029=IFCPROPERTYSET('0QXWJbqmjElg32lcItPwvW',$,'MF_Library',$,(#4030,#4031,#4032,#4033,#4034,#4035,#4036,#4037,#4038,#4039));
#4030=IFCPROPERTYSINGLEVALUE('Key',$,IFCLABEL('steel_tee_wt'),$);
#4031=IFCPROPERTYSINGLEVALUE('Family',$,IFCLABEL('WT Structural Tee'),$);
#4032=IFCPROPERTYSINGLEVALUE('TypeName',$,IFCLABEL('WT12X103.5'),$);
#4033=IFCPROPERTYSINGLEVALUE('Version',$,IFCLABEL('0.1.0'),$);
#4034=IFCPROPERTYSINGLEVALUE('License',$,IFCLABEL('CC0-1.0'),$);
#4035=IFCPROPERTYSINGLEVALUE('Source',$,IFCLABEL('massing-families'),$);
#4036=IFCPROPERTYSINGLEVALUE('Tier',$,IFCLABEL('L300'),$);
#4037=IFCPROPERTYSINGLEVALUE('Builder',$,IFCLABEL('profile'),$);
#4038=IFCPROPERTYSINGLEVALUE('Discipline',$,IFCLABEL('structural'),$);
#4039=IFCPROPERTYSINGLEVALUE('GeometryStatus',$,IFCLABEL('parametric'),$);
#4040=IFCPROPERTYSET('1IuoiPXtP09u9qeUUbLq$h',$,'MF_Quantities',$,(#4041,#4042,#4043,#4044,#4045));
#4041=IFCPROPERTYSINGLEVALUE('NominalWidth',$,IFCREAL(0.33019999999999999),$);
#4042=IFCPROPERTYSINGLEVALUE('NominalDepth',$,IFCREAL(0.32766000000000001),$);
#4043=IFCPROPERTYSINGLEVALUE('NominalHeight',$,IFCREAL(3.048),$);
#4044=IFCPROPERTYSINGLEVALUE('NominalFootprintArea',$,IFCREAL(0.108193),$);
#4045=IFCPROPERTYSINGLEVALUE('NominalVolume',$,IFCREAL(0.32977299999999998),$);
#4046=IFCMEMBERTYPE('3VXQ_GN3X5EhurS0YgnBJ7',$,'WT Structural Tee - WT12X96',$,$,(#4063,#4067,#4078),(#4062),$,$,.NOTDEFINED.);
#4047=IFCCARTESIANPOINT((0.,0.));
#4048=IFCDIRECTION((1.,0.));
#4049=IFCAXIS2PLACEMENT2D(#4047,#4048);
#4050=IFCTSHAPEPROFILEDEF(.AREA.,'WT12X96',#4049,0.32257999999999998,0.33019999999999999,0.020573999999999999,0.037083999999999999,0.012699999999999999,$,$,$,$);
#4051=IFCCARTESIANPOINT((0.,0.,0.));
#4052=IFCDIRECTION((0.,0.,1.));
#4053=IFCDIRECTION((1.,0.,0.));
#4054=IFCAXIS2PLACEMENT3D(#4051,#4052,#4053);
#4055=IFCDIRECTION((0.,0.,1.));
#4056=IFCEXTRUDEDAREASOLID(#4050,#4054,#4055,3.048);
#4057=IFCSHAPEREPRESENTATION(#11,'Body','SweptSolid',(#4056));
#4058=IFCCARTESIANPOINT((0.,0.,0.));
#4059=IFCDIRECTION((1.,0.,0.));
#4060=IFCDIRECTION((0.,0.,1.));
#4061=IFCAXIS2PLACEMENT3D(#4058,#4060,#4059);
#4062=IFCREPRESENTATIONMAP(#4061,#4057);
#4063=IFCPROPERTYSET('3zjHHS$GL3ehsbMGERHm5v',$,'MF_Structural',$,(#4064,#4065,#4066));
#4064=IFCPROPERTYSINGLEVALUE('Section',$,IFCLABEL('WT12X96'),$);
#4065=IFCPROPERTYSINGLEVALUE('SectionFamily',$,IFCLABEL('WT'),$);
#4066=IFCPROPERTYSINGLEVALUE('SectionSource',$,IFCLABEL('AISC Shapes Database v15.0 (US)'),$);
#4067=IFCPROPERTYSET('2X00CJFAv6e9nMra0sic8u',$,'MF_Library',$,(#4068,#4069,#4070,#4071,#4072,#4073,#4074,#4075,#4076,#4077));
#4068=IFCPROPERTYSINGLEVALUE('Key',$,IFCLABEL('steel_tee_wt'),$);
#4069=IFCPROPERTYSINGLEVALUE('Family',$,IFCLABEL('WT Structural Tee'),$);
#4070=IFCPROPERTYSINGLEVALUE('TypeName',$,IFCLABEL('WT12X96'),$);
#4071=IFCPROPERTYSINGLEVALUE('Version',$,IFCLABEL('0.1.0'),$);
#4072=IFCPROPERTYSINGLEVALUE('License',$,IFCLABEL('CC0-1.0'),$);
#4073=IFCPROPERTYSINGLEVALUE('Source',$,IFCLABEL('massing-families'),$);
#4074=IFCPROPERTYSINGLEVALUE('Tier',$,IFCLABEL('L300'),$);
#4075=IFCPROPERTYSINGLEVALUE('Builder',$,IFCLABEL('profile'),$);
#4076=IFCPROPERTYSINGLEVALUE('Discipline',$,IFCLABEL('structural'),$);
#4077=IFCPROPERTYSINGLEVALUE('GeometryStatus',$,IFCLABEL('parametric'),$);
#4078=IFCPROPERTYSET('1_FuMeCID6JwBnwuS0faoZ',$,'MF_Quantities',$,(#4079,#4080,#4081,#4082,#4083));
#4079=IFCPROPERTYSINGLEVALUE('NominalWidth',$,IFCREAL(0.33019999999999999),$);
#4080=IFCPROPERTYSINGLEVALUE('NominalDepth',$,IFCREAL(0.32257999999999998),$);
#4081=IFCPROPERTYSINGLEVALUE('NominalHeight',$,IFCREAL(3.048),$);
#4082=IFCPROPERTYSINGLEVALUE('NominalFootprintArea',$,IFCREAL(0.106516),$);
#4083=IFCPROPERTYSINGLEVALUE('NominalVolume',$,IFCREAL(0.32466099999999998),$);
#4084=IFCMEMBERTYPE('36sOZNv6z8L9GYidM7hxX6',$,'WT Structural Tee - WT12X88',$,$,(#4101,#4105,#4116),(#4100),$,$,.NOTDEFINED.);
#4085=IFCCARTESIANPOINT((0.,0.));
#4086=IFCDIRECTION((1.,0.));
#4087=IFCAXIS2PLACEMENT2D(#4085,#4086);
#4088=IFCTSHAPEPROFILEDEF(.AREA.,'WT12X88',#4087,0.32003999999999999,0.32766000000000001,0.019050000000000001,0.034035999999999997,0.012699999999999999,$,$,$,$);
#4089=IFCCARTESIANPOINT((0.,0.,0.));
#4090=IFCDIRECTION((0.,0.,1.));
#4091=IFCDIRECTION((1.,0.,0.));
#4092=IFCAXIS2PLACEMENT3D(#4089,#4090,#4091);
#4093=IFCDIRECTION((0.,0.,1.));
#4094=IFCEXTRUDEDAREASOLID(#4088,#4092,#4093,3.048);
#4095=IFCSHAPEREPRESENTATION(#11,'Body','SweptSolid',(#4094));
#4096=IFCCARTESIANPOINT((0.,0.,0.));
#4097=IFCDIRECTION((1.,0.,0.));
#4098=IFCDIRECTION((0.,0.,1.));
#4099=IFCAXIS2PLACEMENT3D(#4096,#4098,#4097);
#4100=IFCREPRESENTATIONMAP(#4099,#4095);
#4101=IFCPROPERTYSET('0LTWa8CXfDF9crX9IGz7cR',$,'MF_Structural',$,(#4102,#4103,#4104));
#4102=IFCPROPERTYSINGLEVALUE('Section',$,IFCLABEL('WT12X88'),$);
#4103=IFCPROPERTYSINGLEVALUE('SectionFamily',$,IFCLABEL('WT'),$);
#4104=IFCPROPERTYSINGLEVALUE('SectionSource',$,IFCLABEL('AISC Shapes Database v15.0 (US)'),$);
#4105=IFCPROPERTYSET('12qxGWnIX3zvYejjK3AfGS',$,'MF_Library',$,(#4106,#4107,#4108,#4109,#4110,#4111,#4112,#4113,#4114,#4115));
#4106=IFCPROPERTYSINGLEVALUE('Key',$,IFCLABEL('steel_tee_wt'),$);
#4107=IFCPROPERTYSINGLEVALUE('Family',$,IFCLABEL('WT Structural Tee'),$);
#4108=IFCPROPERTYSINGLEVALUE('TypeName',$,IFCLABEL('WT12X88'),$);
#4109=IFCPROPERTYSINGLEVALUE('Version',$,IFCLABEL('0.1.0'),$);
#4110=IFCPROPERTYSINGLEVALUE('License',$,IFCLABEL('CC0-1.0'),$);
#4111=IFCPROPERTYSINGLEVALUE('Source',$,IFCLABEL('massing-families'),$);
#4112=IFCPROPERTYSINGLEVALUE('Tier',$,IFCLABEL('L300'),$);
#4113=IFCPROPERTYSINGLEVALUE('Builder',$,IFCLABEL('profile'),$);
#4114=IFCPROPERTYSINGLEVALUE('Discipline',$,IFCLABEL('structural'),$);
#4115=IFCPROPERTYSINGLEVALUE('GeometryStatus',$,IFCLABEL('parametric'),$);
#4116=IFCPROPERTYSET('0g8aQ4Ou57XfFDFMGatcWF',$,'MF_Quantities',$,(#4117,#4118,#4119,#4120,#4121));
#4117=IFCPROPERTYSINGLEVALUE('NominalWidth',$,IFCREAL(0.32766000000000001),$);
#4118=IFCPROPERTYSINGLEVALUE('NominalDepth',$,IFCREAL(0.32003999999999999),$);
#4119=IFCPROPERTYSINGLEVALUE('NominalHeight',$,IFCREAL(3.048),$);
#4120=IFCPROPERTYSINGLEVALUE('NominalFootprintArea',$,IFCREAL(0.104864),$);
#4121=IFCPROPERTYSINGLEVALUE('NominalVolume',$,IFCREAL(0.31962600000000002),$);
#4122=IFCMEMBERTYPE('37s$iqqx5E3BCr9Z$cldzN',$,'WT Structural Tee - WT12X81',$,$,(#4139,#4143,#4154),(#4138),$,$,.NOTDEFINED.);
#4123=IFCCARTESIANPOINT((0.,0.));
#4124=IFCDIRECTION((1.,0.));
#4125=IFCAXIS2PLACEMENT2D(#4123,#4124);
#4126=IFCTSHAPEPROFILEDEF(.AREA.,'WT12X81',#4125,0.3175,0.33019999999999999,0.017906999999999999,0.030988000000000002,0.012699999999999999,$,$,$,$);
#4127=IFCCARTESIANPOINT((0.,0.,0.));
#4128=IFCDIRECTION((0.,0.,1.));
#4129=IFCDIRECTION((1.,0.,0.));
#4130=IFCAXIS2PLACEMENT3D(#4127,#4128,#4129);
#4131=IFCDIRECTION((0.,0.,1.));
#4132=IFCEXTRUDEDAREASOLID(#4126,#4130,#4131,3.048);
#4133=IFCSHAPEREPRESENTATION(#11,'Body','SweptSolid',(#4132));
#4134=IFCCARTESIANPOINT((0.,0.,0.));
#4135=IFCDIRECTION((1.,0.,0.));
#4136=IFCDIRECTION((0.,0.,1.));
#4137=IFCAXIS2PLACEMENT3D(#4134,#4136,#4135);
#4138=IFCREPRESENTATIONMAP(#4137,#4133);
#4139=IFCPROPERTYSET('24D6kqU$v75f1dTKF5_xtj',$,'MF_Structural',$,(#4140,#4141,#4142));
#4140=IFCPROPERTYSINGLEVALUE('Section',$,IFCLABEL('WT12X81'),$);
#4141=IFCPROPERTYSINGLEVALUE('SectionFamily',$,IFCLABEL('WT'),$);
#4142=IFCPROPERTYSINGLEVALUE('SectionSource',$,IFCLABEL('AISC Shapes Database v15.0 (US)'),$);
#4143=IFCPROPERTYSET('03fyHOglH0YgeT07hWDidd',$,'MF_Library',$,(#4144,#4145,#4146,#4147,#4148,#4149,#4150,#4151,#4152,#4153));
#4144=IFCPROPERTYSINGLEVALUE('Key',$,IFCLABEL('steel_tee_wt'),$);
#4145=IFCPROPERTYSINGLEVALUE('Family',$,IFCLABEL('WT Structural Tee'),$);
#4146=IFCPROPERTYSINGLEVALUE('TypeName',$,IFCLABEL('WT12X81'),$);
#4147=IFCPROPERTYSINGLEVALUE('Version',$,IFCLABEL('0.1.0'),$);
#4148=IFCPROPERTYSINGLEVALUE('License',$,IFCLABEL('CC0-1.0'),$);
#4149=IFCPROPERTYSINGLEVALUE('Source',$,IFCLABEL('massing-families'),$);
#4150=IFCPROPERTYSINGLEVALUE('Tier',$,IFCLABEL('L300'),$);
#4151=IFCPROPERTYSINGLEVALUE('Builder',$,IFCLABEL('profile'),$);
#4152=IFCPROPERTYSINGLEVALUE('Discipline',$,IFCLABEL('structural'),$);
#4153=IFCPROPERTYSINGLEVALUE('GeometryStatus',$,IFCLABEL('parametric'),$);
#4154=IFCPROPERTYSET('2Fw9nG6r12ZvuJKOjdmnD1',$,'MF_Quantities',$,(#4155,#4156,#4157,#4158,#4159));
#4155=IFCPROPERTYSINGLEVALUE('NominalWidth',$,IFCREAL(0.33019999999999999),$);
#4156=IFCPROPERTYSINGLEVALUE('NominalDepth',$,IFCREAL(0.3175),$);
#4157=IFCPROPERTYSINGLEVALUE('NominalHeight',$,IFCREAL(3.048),$);
#4158=IFCPROPERTYSINGLEVALUE('NominalFootprintArea',$,IFCREAL(0.104839),$);
#4159=IFCPROPERTYSINGLEVALUE('NominalVolume',$,IFCREAL(0.319548),$);
#4160=IFCMEMBERTYPE('0a3D8oswTEyhskL58Z9lym',$,'WT Structural Tee - WT12X73',$,$,(#4177,#4181,#4192),(#4176),$,$,.NOTDEFINED.);
#4161=IFCCARTESIANPOINT((0.,0.));
#4162=IFCDIRECTION((1.,0.));
#4163=IFCAXIS2PLACEMENT2D(#4161,#4162);
#4164=IFCTSHAPEPROFILEDEF(.AREA.,'WT12X73',#4163,0.31496000000000002,0.32766000000000001,0.01651,0.027685999999999999,0.012699999999999999,$,$,$,$);
#4165=IFCCARTESIANPOINT((0.,0.,0.));
#4166=IFCDIRECTION((0.,0.,1.));
#4167=IFCDIRECTION((1.,0.,0.));
#4168=IFCAXIS2PLACEMENT3D(#4165,#4166,#4167);
#4169=IFCDIRECTION((0.,0.,1.));
#4170=IFCEXTRUDEDAREASOLID(#4164,#4168,#4169,3.048);
#4171=IFCSHAPEREPRESENTATION(#11,'Body','SweptSolid',(#4170));
#4172=IFCCARTESIANPOINT((0.,0.,0.));
#4173=IFCDIRECTION((1.,0.,0.));
#4174=IFCDIRECTION((0.,0.,1.));
#4175=IFCAXIS2PLACEMENT3D(#4172,#4174,#4173);
#4176=IFCREPRESENTATIONMAP(#4175,#4171);
#4177=IFCPROPERTYSET('2SxKrrXIvA1fkgwnMZvMMH',$,'MF_Structural',$,(#4178,#4179,#4180));
#4178=IFCPROPERTYSINGLEVALUE('Section',$,IFCLABEL('WT12X73'),$);
#4179=IFCPROPERTYSINGLEVALUE('SectionFamily',$,IFCLABEL('WT'),$);
#4180=IFCPROPERTYSINGLEVALUE('SectionSource',$,IFCLABEL('AISC Shapes Database v15.0 (US)'),$);
#4181=IFCPROPERTYSET('0CqF91RorDFhfNP$MLjVVy',$,'MF_Library',$,(#4182,#4183,#4184,#4185,#4186,#4187,#4188,#4189,#4190,#4191));
#4182=IFCPROPERTYSINGLEVALUE('Key',$,IFCLABEL('steel_tee_wt'),$);
#4183=IFCPROPERTYSINGLEVALUE('Family',$,IFCLABEL('WT Structural Tee'),$);
#4184=IFCPROPERTYSINGLEVALUE('TypeName',$,IFCLABEL('WT12X73'),$);
#4185=IFCPROPERTYSINGLEVALUE('Version',$,IFCLABEL('0.1.0'),$);
#4186=IFCPROPERTYSINGLEVALUE('License',$,IFCLABEL('CC0-1.0'),$);
#4187=IFCPROPERTYSINGLEVALUE('Source',$,IFCLABEL('massing-families'),$);
#4188=IFCPROPERTYSINGLEVALUE('Tier',$,IFCLABEL('L300'),$);
#4189=IFCPROPERTYSINGLEVALUE('Builder',$,IFCLABEL('profile'),$);
#4190=IFCPROPERTYSINGLEVALUE('Discipline',$,IFCLABEL('structural'),$);
#4191=IFCPROPERTYSINGLEVALUE('GeometryStatus',$,IFCLABEL('parametric'),$);
#4192=IFCPROPERTYSET('21xUqhkR554fu6UzXChBtv',$,'MF_Quantities',$,(#4193,#4194,#4195,#4196,#4197));
#4193=IFCPROPERTYSINGLEVALUE('NominalWidth',$,IFCREAL(0.32766000000000001),$);
#4194=IFCPROPERTYSINGLEVALUE('NominalDepth',$,IFCREAL(0.31496000000000002),$);
#4195=IFCPROPERTYSINGLEVALUE('NominalHeight',$,IFCREAL(3.048),$);
#4196=IFCPROPERTYSINGLEVALUE('NominalFootprintArea',$,IFCREAL(0.1032),$);
#4197=IFCPROPERTYSINGLEVALUE('NominalVolume',$,IFCREAL(0.31455300000000003),$);
#4198=IFCMEMBERTYPE('1gkwhkIVT7geqedciLnamL',$,'WT Structural Tee - WT12X65.5',$,$,(#4215,#4219,#4230),(#4214),$,$,.NOTDEFINED.);
#4199=IFCCARTESIANPOINT((0.,0.));
#4200=IFCDIRECTION((1.,0.));
#4201=IFCAXIS2PLACEMENT2D(#4199,#4200);
#4202=IFCTSHAPEPROFILEDEF(.AREA.,'WT12X65.5',#4201,0.30987999999999999,0.32766000000000001,0.015367,0.024383999999999999,0.012699999999999999,$,$,$,$);
#4203=IFCCARTESIANPOINT((0.,0.,0.));
#4204=IFCDIRECTION((0.,0.,1.));
#4205=IFCDIRECTION((1.,0.,0.));
#4206=IFCAXIS2PLACEMENT3D(#4203,#4204,#4205);
#4207=IFCDIRECTION((0.,0.,1.));
#4208=IFCEXTRUDEDAREASOLID(#4202,#4206,#4207,3.048);
#4209=IFCSHAPEREPRESENTATION(#11,'Body','SweptSolid',(#4208));
#4210=IFCCARTESIANPOINT((0.,0.,0.));
#4211=IFCDIRECTION((1.,0.,0.));
#4212=IFCDIRECTION((0.,0.,1.));
#4213=IFCAXIS2PLACEMENT3D(#4210,#4212,#4211);
#4214=IFCREPRESENTATIONMAP(#4213,#4209);
#4215=IFCPROPERTYSET('0NbSusAtrCARjGocl$4MVw',$,'MF_Structural',$,(#4216,#4217,#4218));
#4216=IFCPROPERTYSINGLEVALUE('Section',$,IFCLABEL('WT12X65.5'),$);
#4217=IFCPROPERTYSINGLEVALUE('SectionFamily',$,IFCLABEL('WT'),$);
#4218=IFCPROPERTYSINGLEVALUE('SectionSource',$,IFCLABEL('AISC Shapes Database v15.0 (US)'),$);
#4219=IFCPROPERTYSET('14JBjuX7H8RvJdQJ9B3kHn',$,'MF_Library',$,(#4220,#4221,#4222,#4223,#4224,#4225,#4226,#4227,#4228,#4229));
#4220=IFCPROPERTYSINGLEVALUE('Key',$,IFCLABEL('steel_tee_wt'),$);
#4221=IFCPROPERTYSINGLEVALUE('Family',$,IFCLABEL('WT Structural Tee'),$);
#4222=IFCPROPERTYSINGLEVALUE('TypeName',$,IFCLABEL('WT12X65.5'),$);
#4223=IFCPROPERTYSINGLEVALUE('Version',$,IFCLABEL('0.1.0'),$);
#4224=IFCPROPERTYSINGLEVALUE('License',$,IFCLABEL('CC0-1.0'),$);
#4225=IFCPROPERTYSINGLEVALUE('Source',$,IFCLABEL('massing-families'),$);
#4226=IFCPROPERTYSINGLEVALUE('Tier',$,IFCLABEL('L300'),$);
#4227=IFCPROPERTYSINGLEVALUE('Builder',$,IFCLABEL('profile'),$);
#4228=IFCPROPERTYSINGLEVALUE('Discipline',$,IFCLABEL('structural'),$);
#4229=IFCPROPERTYSINGLEVALUE('GeometryStatus',$,IFCLABEL('parametric'),$);
#4230=IFCPROPERTYSET('21OAgzQ79EfxBnaWG1X50E',$,'MF_Quantities',$,(#4231,#4232,#4233,#4234,#4235));
#4231=IFCPROPERTYSINGLEVALUE('NominalWidth',$,IFCREAL(0.32766000000000001),$);
#4232=IFCPROPERTYSINGLEVALUE('NominalDepth',$,IFCREAL(0.30987999999999999),$);
#4233=IFCPROPERTYSINGLEVALUE('NominalHeight',$,IFCREAL(3.048),$);
#4234=IFCPROPERTYSINGLEVALUE('NominalFootprintArea',$,IFCREAL(0.101535),$);
#4235=IFCPROPERTYSINGLEVALUE('NominalVolume',$,IFCREAL(0.30947999999999998),$);
#4236=IFCMEMBERTYPE('3HCiGS7Vj5WA0bHxep4UA4',$,'WT Structural Tee - WT12X58.5',$,$,(#4253,#4257,#4268),(#4252),$,$,.NOTDEFINED.);
#4237=IFCCARTESIANPOINT((0.,0.));
#4238=IFCDIRECTION((1.,0.));
#4239=IFCAXIS2PLACEMENT2D(#4237,#4238);
#4240=IFCTSHAPEPROFILEDEF(.AREA.,'WT12X58.5',#4239,0.30734,0.32512000000000002,0.01397,0.021590000000000002,0.012699999999999999,$,$,$,$);
#4241=IFCCARTESIANPOINT((0.,0.,0.));
#4242=IFCDIRECTION((0.,0.,1.));
#4243=IFCDIRECTION((1.,0.,0.));
#4244=IFCAXIS2PLACEMENT3D(#4241,#4242,#4243);
#4245=IFCDIRECTION((0.,0.,1.));
#4246=IFCEXTRUDEDAREASOLID(#4240,#4244,#4245,3.048);
#4247=IFCSHAPEREPRESENTATION(#11,'Body','SweptSolid',(#4246));
#4248=IFCCARTESIANPOINT((0.,0.,0.));
#4249=IFCDIRECTION((1.,0.,0.));
#4250=IFCDIRECTION((0.,0.,1.));
#4251=IFCAXIS2PLACEMENT3D(#4248,#4250,#4249);
#4252=IFCREPRESENTATIONMAP(#4251,#4247);
#4253=IFCPROPERTYSET('0PqOQRWM92Rh1Ccdhd3Fse',$,'MF_Structural',$,(#4254,#4255,#4256));
#4254=IFCPROPERTYSINGLEVALUE('Section',$,IFCLABEL('WT12X58.5'),$);
#4255=IFCPROPERTYSINGLEVALUE('SectionFamily',$,IFCLABEL('WT'),$);
#4256=IFCPROPERTYSINGLEVALUE('SectionSource',$,IFCLABEL('AISC Shapes Database v15.0 (US)'),$);
#4257=IFCPROPERTYSET('3HIpdj96P2Nf8DCI2Rfj2X',$,'MF_Library',$,(#4258,#4259,#4260,#4261,#4262,#4263,#4264,#4265,#4266,#4267));
#4258=IFCPROPERTYSINGLEVALUE('Key',$,IFCLABEL('steel_tee_wt'),$);
#4259=IFCPROPERTYSINGLEVALUE('Family',$,IFCLABEL('WT Structural Tee'),$);
#4260=IFCPROPERTYSINGLEVALUE('TypeName',$,IFCLABEL('WT12X58.5'),$);
#4261=IFCPROPERTYSINGLEVALUE('Version',$,IFCLABEL('0.1.0'),$);
#4262=IFCPROPERTYSINGLEVALUE('License',$,IFCLABEL('CC0-1.0'),$);
#4263=IFCPROPERTYSINGLEVALUE('Source',$,IFCLABEL('massing-families'),$);
#4264=IFCPROPERTYSINGLEVALUE('Tier',$,IFCLABEL('L300'),$);
#4265=IFCPROPERTYSINGLEVALUE('Builder',$,IFCLABEL('profile'),$);
#4266=IFCPROPERTYSINGLEVALUE('Discipline',$,IFCLABEL('structural'),$);
#4267=IFCPROPERTYSINGLEVALUE('GeometryStatus',$,IFCLABEL('parametric'),$);
#4268=IFCPROPERTYSET('3lqWy9BEv8zeps9oALalBy',$,'MF_Quantities',$,(#4269,#4270,#4271,#4272,#4273));
#4269=IFCPROPERTYSINGLEVALUE('NominalWidth',$,IFCREAL(0.32512000000000002),$);
#4270=IFCPROPERTYSINGLEVALUE('NominalDepth',$,IFCREAL(0.30734),$);
#4271=IFCPROPERTYSINGLEVALUE('NominalHeight',$,IFCREAL(3.048),$);
#4272=IFCPROPERTYSINGLEVALUE('NominalFootprintArea',$,IFCREAL(0.099921999999999997),$);
#4273=IFCPROPERTYSINGLEVALUE('NominalVolume',$,IFCREAL(0.30456299999999997),$);
#4274=IFCMEMBERTYPE('1Kb6edlbfDtg2Nm22Urnh_',$,'WT Structural Tee - WT12X52',$,$,(#4291,#4295,#4306),(#4290),$,$,.NOTDEFINED.);
#4275=IFCCARTESIANPOINT((0.,0.));
#4276=IFCDIRECTION((1.,0.));
#4277=IFCAXIS2PLACEMENT2D(#4275,#4276);
#4278=IFCTSHAPEPROFILEDEF(.AREA.,'WT12X52',#4277,0.30480000000000002,0.32512000000000002,0.012699999999999999,0.019050000000000001,0.012699999999999999,$,$,$,$);
#4279=IFCCARTESIANPOINT((0.,0.,0.));
#4280=IFCDIRECTION((0.,0.,1.));
#4281=IFCDIRECTION((1.,0.,0.));
#4282=IFCAXIS2PLACEMENT3D(#4279,#4280,#4281);
#4283=IFCDIRECTION((0.,0.,1.));
#4284=IFCEXTRUDEDAREASOLID(#4278,#4282,#4283,3.048);
#4285=IFCSHAPEREPRESENTATION(#11,'Body','SweptSolid',(#4284));
#4286=IFCCARTESIANPOINT((0.,0.,0.));
#4287=IFCDIRECTION((1.,0.,0.));
#4288=IFCDIRECTION((0.,0.,1.));
#4289=IFCAXIS2PLACEMENT3D(#4286,#4288,#4287);
#4290=IFCREPRESENTATIONMAP(#4289,#4285);
#4291=IFCPROPERTYSET('2QcYufiezFmg70iEVih4MV',$,'MF_Structural',$,(#4292,#4293,#4294));
#4292=IFCPROPERTYSINGLEVALUE('Section',$,IFCLABEL('WT12X52'),$);
#4293=IFCPROPERTYSINGLEVALUE('SectionFamily',$,IFCLABEL('WT'),$);
#4294=IFCPROPERTYSINGLEVALUE('SectionSource',$,IFCLABEL('AISC Shapes Database v15.0 (US)'),$);
#4295=IFCPROPERTYSET('0RD4nitnDD5QHUDSY3u0Y4',$,'MF_Library',$,(#4296,#4297,#4298,#4299,#4300,#4301,#4302,#4303,#4304,#4305));
#4296=IFCPROPERTYSINGLEVALUE('Key',$,IFCLABEL('steel_tee_wt'),$);
#4297=IFCPROPERTYSINGLEVALUE('Family',$,IFCLABEL('WT Structural Tee'),$);
#4298=IFCPROPERTYSINGLEVALUE('TypeName',$,IFCLABEL('WT12X52'),$);
#4299=IFCPROPERTYSINGLEVALUE('Version',$,IFCLABEL('0.1.0'),$);
#4300=IFCPROPERTYSINGLEVALUE('License',$,IFCLABEL('CC0-1.0'),$);
#4301=IFCPROPERTYSINGLEVALUE('Source',$,IFCLABEL('massing-families'),$);
#4302=IFCPROPERTYSINGLEVALUE('Tier',$,IFCLABEL('L300'),$);
#4303=IFCPROPERTYSINGLEVALUE('Builder',$,IFCLABEL('profile'),$);
#4304=IFCPROPERTYSINGLEVALUE('Discipline',$,IFCLABEL('structural'),$);
#4305=IFCPROPERTYSINGLEVALUE('GeometryStatus',$,IFCLABEL('parametric'),$);
#4306=IFCPROPERTYSET('2eflWvZsjCOfPms7FF8nty',$,'MF_Quantities',$,(#4307,#4308,#4309,#4310,#4311));
#4307=IFCPROPERTYSINGLEVALUE('NominalWidth',$,IFCREAL(0.32512000000000002),$);
#4308=IFCPROPERTYSINGLEVALUE('NominalDepth',$,IFCREAL(0.30480000000000002),$);
#4309=IFCPROPERTYSINGLEVALUE('NominalHeight',$,IFCREAL(3.048),$);
#4310=IFCPROPERTYSINGLEVALUE('NominalFootprintArea',$,IFCREAL(0.099097000000000005),$);
#4311=IFCPROPERTYSINGLEVALUE('NominalVolume',$,IFCREAL(0.30204599999999998),$);
#4312=IFCMEMBERTYPE('2kA_PAG3P2UOF5Hv1hfWZU',$,'WT Structural Tee - WT12X51.5',$,$,(#4329,#4333,#4344),(#4328),$,$,.NOTDEFINED.);
#4313=IFCCARTESIANPOINT((0.,0.));
#4314=IFCDIRECTION((1.,0.));
#4315=IFCAXIS2PLACEMENT2D(#4313,#4314);
#4316=IFCTSHAPEPROFILEDEF(.AREA.,'WT12X51.5',#4315,0.31241999999999998,0.2286,0.01397,0.024892000000000001,0.012699999999999999,$,$,$,$);
#4317=IFCCARTESIANPOINT((0.,0.,0.));
#4318=IFCDIRECTION((0.,0.,1.));
#4319=IFCDIRECTION((1.,0.,0.));
#4320=IFCAXIS2PLACEMENT3D(#4317,#4318,#4319);
#4321=IFCDIRECTION((0.,0.,1.));
#4322=IFCEXTRUDEDAREASOLID(#4316,#4320,#4321,3.048);
#4323=IFCSHAPEREPRESENTATION(#11,'Body','SweptSolid',(#4322));
#4324=IFCCARTESIANPOINT((0.,0.,0.));
#4325=IFCDIRECTION((1.,0.,0.));
#4326=IFCDIRECTION((0.,0.,1.));
#4327=IFCAXIS2PLACEMENT3D(#4324,#4326,#4325);
#4328=IFCREPRESENTATIONMAP(#4327,#4323);
#4329=IFCPROPERTYSET('2RtUMchfPChAsSax0ZyGXx',$,'MF_Structural',$,(#4330,#4331,#4332));
#4330=IFCPROPERTYSINGLEVALUE('Section',$,IFCLABEL('WT12X51.5'),$);
#4331=IFCPROPERTYSINGLEVALUE('SectionFamily',$,IFCLABEL('WT'),$);
#4332=IFCPROPERTYSINGLEVALUE('SectionSource',$,IFCLABEL('AISC Shapes Database v15.0 (US)'),$);
#4333=IFCPROPERTYSET('1KoZ97jwb9nA8U7sPpgJpv',$,'MF_Library',$,(#4334,#4335,#4336,#4337,#4338,#4339,#4340,#4341,#4342,#4343));
#4334=IFCPROPERTYSINGLEVALUE('Key',$,IFCLABEL('steel_tee_wt'),$);
#4335=IFCPROPERTYSINGLEVALUE('Family',$,IFCLABEL('WT Structural Tee'),$);
#4336=IFCPROPERTYSINGLEVALUE('TypeName',$,IFCLABEL('WT12X51.5'),$);
#4337=IFCPROPERTYSINGLEVALUE('Version',$,IFCLABEL('0.1.0'),$);
#4338=IFCPROPERTYSINGLEVALUE('License',$,IFCLABEL('CC0-1.0'),$);
#4339=IFCPROPERTYSINGLEVALUE('Source',$,IFCLABEL('massing-families'),$);
#4340=IFCPROPERTYSINGLEVALUE('Tier',$,IFCLABEL('L300'),$);
#4341=IFCPROPERTYSINGLEVALUE('Builder',$,IFCLABEL('profile'),$);
#4342=IFCPROPERTYSINGLEVALUE('Discipline',$,IFCLABEL('structural'),$);
#4343=IFCPROPERTYSINGLEVALUE('GeometryStatus',$,IFCLABEL('parametric'),$);
#4344=IFCPROPERTYSET('2Tj5N9NZr9hxE6GLfZzS78',$,'MF_Quantities',$,(#4345,#4346,#4347,#4348,#4349));
#4345=IFCPROPERTYSINGLEVALUE('NominalWidth',$,IFCREAL(0.2286),$);
#4346=IFCPROPERTYSINGLEVALUE('NominalDepth',$,IFCREAL(0.31241999999999998),$);
#4347=IFCPROPERTYSINGLEVALUE('NominalHeight',$,IFCREAL(3.048),$);
#4348=IFCPROPERTYSINGLEVALUE('NominalFootprintArea',$,IFCREAL(0.071418999999999996),$);
#4349=IFCPROPERTYSINGLEVALUE('NominalVolume',$,IFCREAL(0.21768599999999999),$);
#4350=IFCMEMBERTYPE('2T62K_K$r34ABS$Mgg339f',$,'WT Structural Tee - WT12X47',$,$,(#4367,#4371,#4382),(#4366),$,$,.NOTDEFINED.);
#4351=IFCCARTESIANPOINT((0.,0.));
#4352=IFCDIRECTION((1.,0.));
#4353=IFCAXIS2PLACEMENT2D(#4351,#4352);
#4354=IFCTSHAPEPROFILEDEF(.AREA.,'WT12X47',#4353,0.30987999999999999,0.230378,0.013081000000000001,0.022225000000000002,0.012827,$,$,$,$);
#4355=IFCCARTESIANPOINT((0.,0.,0.));
#4356=IFCDIRECTION((0.,0.,1.));
#4357=IFCDIRECTION((1.,0.,0.));
#4358=IFCAXIS2PLACEMENT3D(#4355,#4356,#4357);
#4359=IFCDIRECTION((0.,0.,1.));
#4360=IFCEXTRUDEDAREASOLID(#4354,#4358,#4359,3.048);
#4361=IFCSHAPEREPRESENTATION(#11,'Body','SweptSolid',(#4360));
#4362=IFCCARTESIANPOINT((0.,0.,0.));
#4363=IFCDIRECTION((1.,0.,0.));
#4364=IFCDIRECTION((0.,0.,1.));
#4365=IFCAXIS2PLACEMENT3D(#4362,#4364,#4363);
#4366=IFCREPRESENTATIONMAP(#4365,#4361);
#4367=IFCPROPERTYSET('0ahK$uB5X73AjiJ4KyUHRz',$,'MF_Structural',$,(#4368,#4369,#4370));
#4368=IFCPROPERTYSINGLEVALUE('Section',$,IFCLABEL('WT12X47'),$);
#4369=IFCPROPERTYSINGLEVALUE('SectionFamily',$,IFCLABEL('WT'),$);
#4370=IFCPROPERTYSINGLEVALUE('SectionSource',$,IFCLABEL('AISC Shapes Database v15.0 (US)'),$);
#4371=IFCPROPERTYSET('3b77uWRsn7mB4ZZrZNScrk',$,'MF_Library',$,(#4372,#4373,#4374,#4375,#4376,#4377,#4378,#4379,#4380,#4381));
#4372=IFCPROPERTYSINGLEVALUE('Key',$,IFCLABEL('steel_tee_wt'),$);
#4373=IFCPROPERTYSINGLEVALUE('Family',$,IFCLABEL('WT Structural Tee'),$);
#4374=IFCPROPERTYSINGLEVALUE('TypeName',$,IFCLABEL('WT12X47'),$);
#4375=IFCPROPERTYSINGLEVALUE('Version',$,IFCLABEL('0.1.0'),$);
#4376=IFCPROPERTYSINGLEVALUE('License',$,IFCLABEL('CC0-1.0'),$);
#4377=IFCPROPERTYSINGLEVALUE('Source',$,IFCLABEL('massing-families'),$);
#4378=IFCPROPERTYSINGLEVALUE('Tier',$,IFCLABEL('L300'),$);
#4379=IFCPROPERTYSINGLEVALUE('Builder',$,IFCLABEL('profile'),$);
#4380=IFCPROPERTYSINGLEVALUE('Discipline',$,IFCLABEL('structural'),$);
#4381=IFCPROPERTYSINGLEVALUE('GeometryStatus',$,IFCLABEL('parametric'),$);
#4382=IFCPROPERTYSET('3J0AxmdpX5Beh8uxGVwu1s',$,'MF_Quantities',$,(#4383,#4384,#4385,#4386,#4387));
#4383=IFCPROPERTYSINGLEVALUE('NominalWidth',$,IFCREAL(0.230378),$);
#4384=IFCPROPERTYSINGLEVALUE('NominalDepth',$,IFCREAL(0.30987999999999999),$);
#4385=IFCPROPERTYSINGLEVALUE('NominalHeight',$,IFCREAL(3.048),$);
#4386=IFCPROPERTYSINGLEVALUE('NominalFootprintArea',$,IFCREAL(0.071389999999999995),$);
#4387=IFCPROPERTYSINGLEVALUE('NominalVolume',$,IFCREAL(0.21759500000000001),$);
#4388=IFCMEMBERTYPE('30mkfXXdz21uMP2Ta4jHGH',$,'WT Structural Tee - WT12X42',$,$,(#4405,#4409,#4420),(#4404),$,$,.NOTDEFINED.);
#4389=IFCCARTESIANPOINT((0.,0.));
#4390=IFCDIRECTION((1.,0.));
#4391=IFCAXIS2PLACEMENT2D(#4389,#4390);
#4392=IFCTSHAPEPROFILEDEF(.AREA.,'WT12X42',#4391,0.30734,0.22910800000000001,0.011938000000000001,0.019557999999999999,0.012699999999999999,$,$,$,$);
#4393=IFCCARTESIANPOINT((0.,0.,0.));
#4394=IFCDIRECTION((0.,0.,1.));
#4395=IFCDIRECTION((1.,0.,0.));
#4396=IFCAXIS2PLACEMENT3D(#4393,#4394,#4395);
#4397=IFCDIRECTION((0.,0.,1.));
#4398=IFCEXTRUDEDAREASOLID(#4392,#4396,#4397,3.048);
#4399=IFCSHAPEREPRESENTATION(#11,'Body','SweptSolid',(#4398));
#4400=IFCCARTESIANPOINT((0.,0.,0.));
#4401=IFCDIRECTION((1.,0.,0.));
#4402=IFCDIRECTION((0.,0.,1.));
#4403=IFCAXIS2PLACEMENT3D(#4400,#4402,#4401);
#4404=IFCREPRESENTATIONMAP(#4403,#4399);
#4405=IFCPROPERTYSET('0ifTsu_xLEsvZN6bafbSFK',$,'MF_Structural',$,(#4406,#4407,#4408));
#4406=IFCPROPERTYSINGLEVALUE('Section',$,IFCLABEL('WT12X42'),$);
#4407=IFCPROPERTYSINGLEVALUE('SectionFamily',$,IFCLABEL('WT'),$);
#4408=IFCPROPERTYSINGLEVALUE('SectionSource',$,IFCLABEL('AISC Shapes Database v15.0 (US)'),$);
#4409=IFCPROPERTYSET('2ElJWy7DnCsgr$K9sLL3JV',$,'MF_Library',$,(#4410,#4411,#4412,#4413,#4414,#4415,#4416,#4417,#4418,#4419));
#4410=IFCPROPERTYSINGLEVALUE('Key',$,IFCLABEL('steel_tee_wt'),$);
#4411=IFCPROPERTYSINGLEVALUE('Family',$,IFCLABEL('WT Structural Tee'),$);
#4412=IFCPROPERTYSINGLEVALUE('TypeName',$,IFCLABEL('WT12X42'),$);
#4413=IFCPROPERTYSINGLEVALUE('Version',$,IFCLABEL('0.1.0'),$);
#4414=IFCPROPERTYSINGLEVALUE('License',$,IFCLABEL('CC0-1.0'),$);
#4415=IFCPROPERTYSINGLEVALUE('Source',$,IFCLABEL('massing-families'),$);
#4416=IFCPROPERTYSINGLEVALUE('Tier',$,IFCLABEL('L300'),$);
#4417=IFCPROPERTYSINGLEVALUE('Builder',$,IFCLABEL('profile'),$);
#4418=IFCPROPERTYSINGLEVALUE('Discipline',$,IFCLABEL('structural'),$);
#4419=IFCPROPERTYSINGLEVALUE('GeometryStatus',$,IFCLABEL('parametric'),$);
#4420=IFCPROPERTYSET('0O0NIuVErBHv83T5yrC3H9',$,'MF_Quantities',$,(#4421,#4422,#4423,#4424,#4425));
#4421=IFCPROPERTYSINGLEVALUE('NominalWidth',$,IFCREAL(0.22910800000000001),$);
#4422=IFCPROPERTYSINGLEVALUE('NominalDepth',$,IFCREAL(0.30734),$);
#4423=IFCPROPERTYSINGLEVALUE('NominalHeight',$,IFCREAL(3.048),$);
#4424=IFCPROPERTYSINGLEVALUE('NominalFootprintArea',$,IFCREAL(0.070414000000000004),$);
#4425=IFCPROPERTYSINGLEVALUE('NominalVolume',$,IFCREAL(0.21462200000000001),$);
#4426=IFCMEMBERTYPE('2V8f9Quov5jR7PzWo7DHSP',$,'WT Structural Tee - WT12X38',$,$,(#4443,#4447,#4458),(#4442),$,$,.NOTDEFINED.);
#4427=IFCCARTESIANPOINT((0.,0.));
#4428=IFCDIRECTION((1.,0.));
#4429=IFCAXIS2PLACEMENT2D(#4427,#4428);
#4430=IFCTSHAPEPROFILEDEF(.AREA.,'WT12X38',#4429,0.30480000000000002,0.22834599999999999,0.011176,0.017271999999999999,0.012699999999999999,$,$,$,$);
#4431=IFCCARTESIANPOINT((0.,0.,0.));
#4432=IFCDIRECTION((0.,0.,1.));
#4433=IFCDIRECTION((1.,0.,0.));
#4434=IFCAXIS2PLACEMENT3D(#4431,#4432,#4433);
#4435=IFCDIRECTION((0.,0.,1.));
#4436=IFCEXTRUDEDAREASOLID(#4430,#4434,#4435,3.048);
#4437=IFCSHAPEREPRESENTATION(#11,'Body','SweptSolid',(#4436));
#4438=IFCCARTESIANPOINT((0.,0.,0.));
#4439=IFCDIRECTION((1.,0.,0.));
#4440=IFCDIRECTION((0.,0.,1.));
#4441=IFCAXIS2PLACEMENT3D(#4438,#4440,#4439);
#4442=IFCREPRESENTATIONMAP(#4441,#4437);
#4443=IFCPROPERTYSET('0kS9oyaXbFXuJ3ZaE67lDM',$,'MF_Structural',$,(#4444,#4445,#4446));
#4444=IFCPROPERTYSINGLEVALUE('Section',$,IFCLABEL('WT12X38'),$);
#4445=IFCPROPERTYSINGLEVALUE('SectionFamily',$,IFCLABEL('WT'),$);
#4446=IFCPROPERTYSINGLEVALUE('SectionSource',$,IFCLABEL('AISC Shapes Database v15.0 (US)'),$);
#4447=IFCPROPERTYSET('0TL6FHhWb2NvlUq0FwiZ3m',$,'MF_Library',$,(#4448,#4449,#4450,#4451,#4452,#4453,#4454,#4455,#4456,#4457));
#4448=IFCPROPERTYSINGLEVALUE('Key',$,IFCLABEL('steel_tee_wt'),$);
#4449=IFCPROPERTYSINGLEVALUE('Family',$,IFCLABEL('WT Structural Tee'),$);
#4450=IFCPROPERTYSINGLEVALUE('TypeName',$,IFCLABEL('WT12X38'),$);
#4451=IFCPROPERTYSINGLEVALUE('Version',$,IFCLABEL('0.1.0'),$);
#4452=IFCPROPERTYSINGLEVALUE('License',$,IFCLABEL('CC0-1.0'),$);
#4453=IFCPROPERTYSINGLEVALUE('Source',$,IFCLABEL('massing-families'),$);
#4454=IFCPROPERTYSINGLEVALUE('Tier',$,IFCLABEL('L300'),$);
#4455=IFCPROPERTYSINGLEVALUE('Builder',$,IFCLABEL('profile'),$);
#4456=IFCPROPERTYSINGLEVALUE('Discipline',$,IFCLABEL('structural'),$);
#4457=IFCPROPERTYSINGLEVALUE('GeometryStatus',$,IFCLABEL('parametric'),$);
#4458=IFCPROPERTYSET('1Eht3Bb71A_R6y7RzJ4xeh',$,'MF_Quantities',$,(#4459,#4460,#4461,#4462,#4463));
#4459=IFCPROPERTYSINGLEVALUE('NominalWidth',$,IFCREAL(0.22834599999999999),$);
#4460=IFCPROPERTYSINGLEVALUE('NominalDepth',$,IFCREAL(0.30480000000000002),$);
#4461=IFCPROPERTYSINGLEVALUE('NominalHeight',$,IFCREAL(3.048),$);
#4462=IFCPROPERTYSINGLEVALUE('NominalFootprintArea',$,IFCREAL(0.069599999999999995),$);
#4463=IFCPROPERTYSINGLEVALUE('NominalVolume',$,IFCREAL(0.21214),$);
#4464=IFCMEMBERTYPE('2lto1VTpv1jQckayCDILf4',$,'WT Structural Tee - WT12X34',$,$,(#4481,#4485,#4496),(#4480),$,$,.NOTDEFINED.);
#4465=IFCCARTESIANPOINT((0.,0.));
#4466=IFCDIRECTION((1.,0.));
#4467=IFCAXIS2PLACEMENT2D(#4465,#4466);
#4468=IFCTSHAPEPROFILEDEF(.AREA.,'WT12X34',#4467,0.30225999999999997,0.22783800000000001,0.010541,0.014859000000000001,0.012827,$,$,$,$);
#4469=IFCCARTESIANPOINT((0.,0.,0.));
#4470=IFCDIRECTION((0.,0.,1.));
#4471=IFCDIRECTION((1.,0.,0.));
#4472=IFCAXIS2PLACEMENT3D(#4469,#4470,#4471);
#4473=IFCDIRECTION((0.,0.,1.));
#4474=IFCEXTRUDEDAREASOLID(#4468,#4472,#4473,3.048);
#4475=IFCSHAPEREPRESENTATION(#11,'Body','SweptSolid',(#4474));
#4476=IFCCARTESIANPOINT((0.,0.,0.));
#4477=IFCDIRECTION((1.,0.,0.));
#4478=IFCDIRECTION((0.,0.,1.));
#4479=IFCAXIS2PLACEMENT3D(#4476,#4478,#4477);
#4480=IFCREPRESENTATIONMAP(#4479,#4475);
#4481=IFCPROPERTYSET('2$2OtGSpH1UhahgYZAP5vd',$,'MF_Structural',$,(#4482,#4483,#4484));
#4482=IFCPROPERTYSINGLEVALUE('Section',$,IFCLABEL('WT12X34'),$);
#4483=IFCPROPERTYSINGLEVALUE('SectionFamily',$,IFCLABEL('WT'),$);
#4484=IFCPROPERTYSINGLEVALUE('SectionSource',$,IFCLABEL('AISC Shapes Database v15.0 (US)'),$);
#4485=IFCPROPERTYSET('0gAGyebEDEfR0rEpmyFRzi',$,'MF_Library',$,(#4486,#4487,#4488,#4489,#4490,#4491,#4492,#4493,#4494,#4495));
#4486=IFCPROPERTYSINGLEVALUE('Key',$,IFCLABEL('steel_tee_wt'),$);
#4487=IFCPROPERTYSINGLEVALUE('Family',$,IFCLABEL('WT Structural Tee'),$);
#4488=IFCPROPERTYSINGLEVALUE('TypeName',$,IFCLABEL('WT12X34'),$);
#4489=IFCPROPERTYSINGLEVALUE('Version',$,IFCLABEL('0.1.0'),$);
#4490=IFCPROPERTYSINGLEVALUE('License',$,IFCLABEL('CC0-1.0'),$);
#4491=IFCPROPERTYSINGLEVALUE('Source',$,IFCLABEL('massing-families'),$);
#4492=IFCPROPERTYSINGLEVALUE('Tier',$,IFCLABEL('L300'),$);
#4493=IFCPROPERTYSINGLEVALUE('Builder',$,IFCLABEL('profile'),$);
#4494=IFCPROPERTYSINGLEVALUE('Discipline',$,IFCLABEL('structural'),$);
#4495=IFCPROPERTYSINGLEVALUE('GeometryStatus',$,IFCLABEL('parametric'),$);
#4496=IFCPROPERTYSET('3oSK9DxTL4r9QtNh0HkmKh',$,'MF_Quantities',$,(#4497,#4498,#4499,#4500,#4501));
#4497=IFCPROPERTYSINGLEVALUE('NominalWidth',$,IFCREAL(0.22783800000000001),$);
#4498=IFCPROPERTYSINGLEVALUE('NominalDepth',$,IFCREAL(0.30225999999999997),$);
#4499=IFCPROPERTYSINGLEVALUE('NominalHeight',$,IFCREAL(3.048),$);
#4500=IFCPROPERTYSINGLEVALUE('NominalFootprintArea',$,IFCREAL(0.068865999999999997),$);
#4501=IFCPROPERTYSINGLEVALUE('NominalVolume',$,IFCREAL(0.20990500000000001),$);
#4502=IFCMEMBERTYPE('1X2q3BZ9j9af$QC6M4lcq6',$,'WT Structural Tee - WT12X31',$,$,(#4519,#4523,#4534),(#4518),$,$,.NOTDEFINED.);
#4503=IFCCARTESIANPOINT((0.,0.));
#4504=IFCDIRECTION((1.,0.));
#4505=IFCAXIS2PLACEMENT2D(#4503,#4504);
#4506=IFCTSHAPEPROFILEDEF(.AREA.,'WT12X31',#4505,0.30225999999999997,0.178816,0.010921999999999999,0.014985999999999999,0.012699999999999999,$,$,$,$);
#4507=IFCCARTESIANPOINT((0.,0.,0.));
#4508=IFCDIRECTION((0.,0.,1.));
#4509=IFCDIRECTION((1.,0.,0.));
#4510=IFCAXIS2PLACEMENT3D(#4507,#4508,#4509);
#4511=IFCDIRECTION((0.,0.,1.));
#4512=IFCEXTRUDEDAREASOLID(#4506,#4510,#4511,3.048);
#4513=IFCSHAPEREPRESENTATION(#11,'Body','SweptSolid',(#4512));
#4514=IFCCARTESIANPOINT((0.,0.,0.));
#4515=IFCDIRECTION((1.,0.,0.));
#4516=IFCDIRECTION((0.,0.,1.));
#4517=IFCAXIS2PLACEMENT3D(#4514,#4516,#4515);
#4518=IFCREPRESENTATIONMAP(#4517,#4513);
#4519=IFCPROPERTYSET('2HWH_UsHnE7QjbeCkD1cOc',$,'MF_Structural',$,(#4520,#4521,#4522));
#4520=IFCPROPERTYSINGLEVALUE('Section',$,IFCLABEL('WT12X31'),$);
#4521=IFCPROPERTYSINGLEVALUE('SectionFamily',$,IFCLABEL('WT'),$);
#4522=IFCPROPERTYSINGLEVALUE('SectionSource',$,IFCLABEL('AISC Shapes Database v15.0 (US)'),$);
#4523=IFCPROPERTYSET('1mnb_VaV13DuL80e3IK1nx',$,'MF_Library',$,(#4524,#4525,#4526,#4527,#4528,#4529,#4530,#4531,#4532,#4533));
#4524=IFCPROPERTYSINGLEVALUE('Key',$,IFCLABEL('steel_tee_wt'),$);
#4525=IFCPROPERTYSINGLEVALUE('Family',$,IFCLABEL('WT Structural Tee'),$);
#4526=IFCPROPERTYSINGLEVALUE('TypeName',$,IFCLABEL('WT12X31'),$);
#4527=IFCPROPERTYSINGLEVALUE('Version',$,IFCLABEL('0.1.0'),$);
#4528=IFCPROPERTYSINGLEVALUE('License',$,IFCLABEL('CC0-1.0'),$);
#4529=IFCPROPERTYSINGLEVALUE('Source',$,IFCLABEL('massing-families'),$);
#4530=IFCPROPERTYSINGLEVALUE('Tier',$,IFCLABEL('L300'),$);
#4531=IFCPROPERTYSINGLEVALUE('Builder',$,IFCLABEL('profile'),$);
#4532=IFCPROPERTYSINGLEVALUE('Discipline',$,IFCLABEL('structural'),$);
#4533=IFCPROPERTYSINGLEVALUE('GeometryStatus',$,IFCLABEL('parametric'),$);
#4534=IFCPROPERTYSET('3bcGqKbM1FGOVvwa8l84jD',$,'MF_Quantities',$,(#4535,#4536,#4537,#4538,#4539));
#4535=IFCPROPERTYSINGLEVALUE('NominalWidth',$,IFCREAL(0.178816),$);
#4536=IFCPROPERTYSINGLEVALUE('NominalDepth',$,IFCREAL(0.30225999999999997),$);
#4537=IFCPROPERTYSINGLEVALUE('NominalHeight',$,IFCREAL(3.048),$);
#4538=IFCPROPERTYSINGLEVALUE('NominalFootprintArea',$,IFCREAL(0.054049),$);
#4539=IFCPROPERTYSINGLEVALUE('NominalVolume',$,IFCREAL(0.164741),$);
#4540=IFCMEMBERTYPE('1ywoAO92HFW8Yw8bgGjsa4',$,'WT Structural Tee - WT12X27.5',$,$,(#4557,#4561,#4572),(#4556),$,$,.NOTDEFINED.);
#4541=IFCCARTESIANPOINT((0.,0.));
#4542=IFCDIRECTION((1.,0.));
#4543=IFCAXIS2PLACEMENT2D(#4541,#4542);
#4544=IFCTSHAPEPROFILEDEF(.AREA.,'WT12X27.5',#4543,0.29971999999999999,0.17805399999999999,0.010033,0.012827,0.012827,$,$,$,$);
#4545=IFCCARTESIANPOINT((0.,0.,0.));
#4546=IFCDIRECTION((0.,0.,1.));
#4547=IFCDIRECTION((1.,0.,0.));
#4548=IFCAXIS2PLACEMENT3D(#4545,#4546,#4547);
#4549=IFCDIRECTION((0.,0.,1.));
#4550=IFCEXTRUDEDAREASOLID(#4544,#4548,#4549,3.048);
#4551=IFCSHAPEREPRESENTATION(#11,'Body','SweptSolid',(#4550));
#4552=IFCCARTESIANPOINT((0.,0.,0.));
#4553=IFCDIRECTION((1.,0.,0.));
#4554=IFCDIRECTION((0.,0.,1.));
#4555=IFCAXIS2PLACEMENT3D(#4552,#4554,#4553);
#4556=IFCREPRESENTATIONMAP(#4555,#4551);
#4557=IFCPROPERTYSET('305ciHozn9XxJFMOT27V3U',$,'MF_Structural',$,(#4558,#4559,#4560));
#4558=IFCPROPERTYSINGLEVALUE('Section',$,IFCLABEL('WT12X27.5'),$);
#4559=IFCPROPERTYSINGLEVALUE('SectionFamily',$,IFCLABEL('WT'),$);
#4560=IFCPROPERTYSINGLEVALUE('SectionSource',$,IFCLABEL('AISC Shapes Database v15.0 (US)'),$);
#4561=IFCPROPERTYSET('1HxwDRp7bEWPN6S2bNNHya',$,'MF_Library',$,(#4562,#4563,#4564,#4565,#4566,#4567,#4568,#4569,#4570,#4571));
#4562=IFCPROPERTYSINGLEVALUE('Key',$,IFCLABEL('steel_tee_wt'),$);
#4563=IFCPROPERTYSINGLEVALUE('Family',$,IFCLABEL('WT Structural Tee'),$);
#4564=IFCPROPERTYSINGLEVALUE('TypeName',$,IFCLABEL('WT12X27.5'),$);
#4565=IFCPROPERTYSINGLEVALUE('Version',$,IFCLABEL('0.1.0'),$);
#4566=IFCPROPERTYSINGLEVALUE('License',$,IFCLABEL('CC0-1.0'),$);
#4567=IFCPROPERTYSINGLEVALUE('Source',$,IFCLABEL('massing-families'),$);
#4568=IFCPROPERTYSINGLEVALUE('Tier',$,IFCLABEL('L300'),$);
#4569=IFCPROPERTYSINGLEVALUE('Builder',$,IFCLABEL('profile'),$);
#4570=IFCPROPERTYSINGLEVALUE('Discipline',$,IFCLABEL('structural'),$);
#4571=IFCPROPERTYSINGLEVALUE('GeometryStatus',$,IFCLABEL('parametric'),$);
#4572=IFCPROPERTYSET('3NTxgQtLj6Jud_HX2Xr$9u',$,'MF_Quantities',$,(#4573,#4574,#4575,#4576,#4577));
#4573=IFCPROPERTYSINGLEVALUE('NominalWidth',$,IFCREAL(0.17805399999999999),$);
#4574=IFCPROPERTYSINGLEVALUE('NominalDepth',$,IFCREAL(0.29971999999999999),$);
#4575=IFCPROPERTYSINGLEVALUE('NominalHeight',$,IFCREAL(3.048),$);
#4576=IFCPROPERTYSINGLEVALUE('NominalFootprintArea',$,IFCREAL(0.053365999999999997),$);
#4577=IFCPROPERTYSINGLEVALUE('NominalVolume',$,IFCREAL(0.162661),$);
#4578=IFCMEMBERTYPE('21gXR1b9rDABEKmJWMDwnw',$,'WT Structural Tee - WT10.5X137.5',$,$,(#4595,#4599,#4610),(#4594),$,$,.NOTDEFINED.);
#4579=IFCCARTESIANPOINT((0.,0.));
#4580=IFCDIRECTION((1.,0.));
#4581=IFCAXIS2PLACEMENT2D(#4579,#4580);
#4582=IFCTSHAPEPROFILEDEF(.AREA.,'WT10.5X137.5',#4581,0.30734,0.32766000000000001,0.030988000000000002,0.055626000000000002,0.029971999999999999,$,$,$,$);
#4583=IFCCARTESIANPOINT((0.,0.,0.));
#4584=IFCDIRECTION((0.,0.,1.));
#4585=IFCDIRECTION((1.,0.,0.));
#4586=IFCAXIS2PLACEMENT3D(#4583,#4584,#4585);
#4587=IFCDIRECTION((0.,0.,1.));
#4588=IFCEXTRUDEDAREASOLID(#4582,#4586,#4587,3.048);
#4589=IFCSHAPEREPRESENTATION(#11,'Body','SweptSolid',(#4588));
#4590=IFCCARTESIANPOINT((0.,0.,0.));
#4591=IFCDIRECTION((1.,0.,0.));
#4592=IFCDIRECTION((0.,0.,1.));
#4593=IFCAXIS2PLACEMENT3D(#4590,#4592,#4591);
#4594=IFCREPRESENTATIONMAP(#4593,#4589);
#4595=IFCPROPERTYSET('0HxY$rZETE2gpJSrWpBF_e',$,'MF_Structural',$,(#4596,#4597,#4598));
#4596=IFCPROPERTYSINGLEVALUE('Section',$,IFCLABEL('WT10.5X137.5'),$);
#4597=IFCPROPERTYSINGLEVALUE('SectionFamily',$,IFCLABEL('WT'),$);
#4598=IFCPROPERTYSINGLEVALUE('SectionSource',$,IFCLABEL('AISC Shapes Database v15.0 (US)'),$);
#4599=IFCPROPERTYSET('0gBK0PJUnFGw$bHnotrwAv',$,'MF_Library',$,(#4600,#4601,#4602,#4603,#4604,#4605,#4606,#4607,#4608,#4609));
#4600=IFCPROPERTYSINGLEVALUE('Key',$,IFCLABEL('steel_tee_wt'),$);
#4601=IFCPROPERTYSINGLEVALUE('Family',$,IFCLABEL('WT Structural Tee'),$);
#4602=IFCPROPERTYSINGLEVALUE('TypeName',$,IFCLABEL('WT10.5X137.5'),$);
#4603=IFCPROPERTYSINGLEVALUE('Version',$,IFCLABEL('0.1.0'),$);
#4604=IFCPROPERTYSINGLEVALUE('License',$,IFCLABEL('CC0-1.0'),$);
#4605=IFCPROPERTYSINGLEVALUE('Source',$,IFCLABEL('massing-families'),$);
#4606=IFCPROPERTYSINGLEVALUE('Tier',$,IFCLABEL('L300'),$);
#4607=IFCPROPERTYSINGLEVALUE('Builder',$,IFCLABEL('profile'),$);
#4608=IFCPROPERTYSINGLEVALUE('Discipline',$,IFCLABEL('structural'),$);
#4609=IFCPROPERTYSINGLEVALUE('GeometryStatus',$,IFCLABEL('parametric'),$);
#4610=IFCPROPERTYSET('2smXS8iDT43RAZmgrfBFBV',$,'MF_Quantities',$,(#4611,#4612,#4613,#4614,#4615));
#4611=IFCPROPERTYSINGLEVALUE('NominalWidth',$,IFCREAL(0.32766000000000001),$);
#4612=IFCPROPERTYSINGLEVALUE('NominalDepth',$,IFCREAL(0.30734),$);
#4613=IFCPROPERTYSINGLEVALUE('NominalHeight',$,IFCREAL(3.048),$);
#4614=IFCPROPERTYSINGLEVALUE('NominalFootprintArea',$,IFCREAL(0.100703),$);
#4615=IFCPROPERTYSINGLEVALUE('NominalVolume',$,IFCREAL(0.30694300000000002),$);
#4616=IFCMEMBERTYPE('3gHBkCOuDAL8SJ9GK4_CN0',$,'WT Structural Tee - WT10.5X124',$,$,(#4633,#4637,#4648),(#4632),$,$,.NOTDEFINED.);
#4617=IFCCARTESIANPOINT((0.,0.));
#4618=IFCDIRECTION((1.,0.));
#4619=IFCAXIS2PLACEMENT2D(#4617,#4618);
#4620=IFCTSHAPEPROFILEDEF(.AREA.,'WT10.5X124',#4619,0.30225999999999997,0.32512000000000002,0.02794,0.050546000000000001,0.029971999999999999,$,$,$,$);
#4621=IFCCARTESIANPOINT((0.,0.,0.));
#4622=IFCDIRECTION((0.,0.,1.));
#4623=IFCDIRECTION((1.,0.,0.));
#4624=IFCAXIS2PLACEMENT3D(#4621,#4622,#4623);
#4625=IFCDIRECTION((0.,0.,1.));
#4626=IFCEXTRUDEDAREASOLID(#4620,#4624,#4625,3.048);
#4627=IFCSHAPEREPRESENTATION(#11,'Body','SweptSolid',(#4626));
#4628=IFCCARTESIANPOINT((0.,0.,0.));
#4629=IFCDIRECTION((1.,0.,0.));
#4630=IFCDIRECTION((0.,0.,1.));
#4631=IFCAXIS2PLACEMENT3D(#4628,#4630,#4629);
#4632=IFCREPRESENTATIONMAP(#4631,#4627);
#4633=IFCPROPERTYSET('3fnY0SVr58sBwuEISNTS2Z',$,'MF_Structural',$,(#4634,#4635,#4636));
#4634=IFCPROPERTYSINGLEVALUE('Section',$,IFCLABEL('WT10.5X124'),$);
#4635=IFCPROPERTYSINGLEVALUE('SectionFamily',$,IFCLABEL('WT'),$);
#4636=IFCPROPERTYSINGLEVALUE('SectionSource',$,IFCLABEL('AISC Shapes Database v15.0 (US)'),$);
#4637=IFCPROPERTYSET('3j36VuApT2ZfE4_yvGPCZ8',$,'MF_Library',$,(#4638,#4639,#4640,#4641,#4642,#4643,#4644,#4645,#4646,#4647));
#4638=IFCPROPERTYSINGLEVALUE('Key',$,IFCLABEL('steel_tee_wt'),$);
#4639=IFCPROPERTYSINGLEVALUE('Family',$,IFCLABEL('WT Structural Tee'),$);
#4640=IFCPROPERTYSINGLEVALUE('TypeName',$,IFCLABEL('WT10.5X124'),$);
#4641=IFCPROPERTYSINGLEVALUE('Version',$,IFCLABEL('0.1.0'),$);
#4642=IFCPROPERTYSINGLEVALUE('License',$,IFCLABEL('CC0-1.0'),$);
#4643=IFCPROPERTYSINGLEVALUE('Source',$,IFCLABEL('massing-families'),$);
#4644=IFCPROPERTYSINGLEVALUE('Tier',$,IFCLABEL('L300'),$);
#4645=IFCPROPERTYSINGLEVALUE('Builder',$,IFCLABEL('profile'),$);
#4646=IFCPROPERTYSINGLEVALUE('Discipline',$,IFCLABEL('structural'),$);
#4647=IFCPROPERTYSINGLEVALUE('GeometryStatus',$,IFCLABEL('parametric'),$);
#4648=IFCPROPERTYSET('089qJqEzj7PO9alqP4upTO',$,'MF_Quantities',$,(#4649,#4650,#4651,#4652,#4653));
#4649=IFCPROPERTYSINGLEVALUE('NominalWidth',$,IFCREAL(0.32512000000000002),$);
#4650=IFCPROPERTYSINGLEVALUE('NominalDepth',$,IFCREAL(0.30225999999999997),$);
#4651=IFCPROPERTYSINGLEVALUE('NominalHeight',$,IFCREAL(3.048),$);
#4652=IFCPROPERTYSINGLEVALUE('NominalFootprintArea',$,IFCREAL(0.098270999999999997),$);
#4653=IFCPROPERTYSINGLEVALUE('NominalVolume',$,IFCREAL(0.29952899999999999),$);
#4654=IFCMEMBERTYPE('0$xDPMBu99f8dirhlIn3MK',$,'WT Structural Tee - WT10.5X111.5',$,$,(#4671,#4675,#4686),(#4670),$,$,.NOTDEFINED.);
#4655=IFCCARTESIANPOINT((0.,0.));
#4656=IFCDIRECTION((1.,0.));
#4657=IFCAXIS2PLACEMENT2D(#4655,#4656);
#4658=IFCTSHAPEPROFILEDEF(.AREA.,'WT10.5X111.5',#4657,0.29718,0.32257999999999998,0.025399999999999999,0.045465999999999999,0.029971999999999999,$,$,$,$);
#4659=IFCCARTESIANPOINT((0.,0.,0.));
#4660=IFCDIRECTION((0.,0.,1.));
#4661=IFCDIRECTION((1.,0.,0.));
#4662=IFCAXIS2PLACEMENT3D(#4659,#4660,#4661);
#4663=IFCDIRECTION((0.,0.,1.));
#4664=IFCEXTRUDEDAREASOLID(#4658,#4662,#4663,3.048);
#4665=IFCSHAPEREPRESENTATION(#11,'Body','SweptSolid',(#4664));
#4666=IFCCARTESIANPOINT((0.,0.,0.));
#4667=IFCDIRECTION((1.,0.,0.));
#4668=IFCDIRECTION((0.,0.,1.));
#4669=IFCAXIS2PLACEMENT3D(#4666,#4668,#4667);
#4670=IFCREPRESENTATIONMAP(#4669,#4665);
#4671=IFCPROPERTYSET('0W6PuwMkLFnfZ7Q28gYs8G',$,'MF_Structural',$,(#4672,#4673,#4674));
#4672=IFCPROPERTYSINGLEVALUE('Section',$,IFCLABEL('WT10.5X111.5'),$);
#4673=IFCPROPERTYSINGLEVALUE('SectionFamily',$,IFCLABEL('WT'),$);
#4674=IFCPROPERTYSINGLEVALUE('SectionSource',$,IFCLABEL('AISC Shapes Database v15.0 (US)'),$);
#4675=IFCPROPERTYSET('0tKhpuj2D8kAutVR3bIKFD',$,'MF_Library',$,(#4676,#4677,#4678,#4679,#4680,#4681,#4682,#4683,#4684,#4685));
#4676=IFCPROPERTYSINGLEVALUE('Key',$,IFCLABEL('steel_tee_wt'),$);
#4677=IFCPROPERTYSINGLEVALUE('Family',$,IFCLABEL('WT Structural Tee'),$);
#4678=IFCPROPERTYSINGLEVALUE('TypeName',$,IFCLABEL('WT10.5X111.5'),$);
#4679=IFCPROPERTYSINGLEVALUE('Version',$,IFCLABEL('0.1.0'),$);
#4680=IFCPROPERTYSINGLEVALUE('License',$,IFCLABEL('CC0-1.0'),$);
#4681=IFCPROPERTYSINGLEVALUE('Source',$,IFCLABEL('massing-families'),$);
#4682=IFCPROPERTYSINGLEVALUE('Tier',$,IFCLABEL('L300'),$);
#4683=IFCPROPERTYSINGLEVALUE('Builder',$,IFCLABEL('profile'),$);
#4684=IFCPROPERTYSINGLEVALUE('Discipline',$,IFCLABEL('structural'),$);
#4685=IFCPROPERTYSINGLEVALUE('GeometryStatus',$,IFCLABEL('parametric'),$);
#4686=IFCPROPERTYSET('0juwCN9qjBF937JJMNHLtm',$,'MF_Quantities',$,(#4687,#4688,#4689,#4690,#4691));
#4687=IFCPROPERTYSINGLEVALUE('NominalWidth',$,IFCREAL(0.32257999999999998),$);
#4688=IFCPROPERTYSINGLEVALUE('NominalDepth',$,IFCREAL(0.29718),$);
#4689=IFCPROPERTYSINGLEVALUE('NominalHeight',$,IFCREAL(3.048),$);
#4690=IFCPROPERTYSINGLEVALUE('NominalFootprintArea',$,IFCREAL(0.095864000000000005),$);
#4691=IFCPROPERTYSINGLEVALUE('NominalVolume',$,IFCREAL(0.29219400000000001),$);
#4692=IFCMEMBERTYPE('0LEDu$ofz4uPs9tp2$eROF',$,'WT Structural Tee - WT10.5X100.5',$,$,(#4709,#4713,#4724),(#4708),$,$,.NOTDEFINED.);
#4693=IFCCARTESIANPOINT((0.,0.));
#4694=IFCDIRECTION((1.,0.));
#4695=IFCAXIS2PLACEMENT2D(#4693,#4694);
#4696=IFCTSHAPEPROFILEDEF(.AREA.,'WT10.5X100.5',#4695,0.29210000000000003,0.32003999999999999,0.023113999999999999,0.041402000000000001,0.012699999999999999,$,$,$,$);
#4697=IFCCARTESIANPOINT((0.,0.,0.));
#4698=IFCDIRECTION((0.,0.,1.));
#4699=IFCDIRECTION((1.,0.,0.));
#4700=IFCAXIS2PLACEMENT3D(#4697,#4698,#4699);
#4701=IFCDIRECTION((0.,0.,1.));
#4702=IFCEXTRUDEDAREASOLID(#4696,#4700,#4701,3.048);
#4703=IFCSHAPEREPRESENTATION(#11,'Body','SweptSolid',(#4702));
#4704=IFCCARTESIANPOINT((0.,0.,0.));
#4705=IFCDIRECTION((1.,0.,0.));
#4706=IFCDIRECTION((0.,0.,1.));
#4707=IFCAXIS2PLACEMENT3D(#4704,#4706,#4705);
#4708=IFCREPRESENTATIONMAP(#4707,#4703);
#4709=IFCPROPERTYSET('2mJ9xoevv4iua$BZ5bOrSb',$,'MF_Structural',$,(#4710,#4711,#4712));
#4710=IFCPROPERTYSINGLEVALUE('Section',$,IFCLABEL('WT10.5X100.5'),$);
#4711=IFCPROPERTYSINGLEVALUE('SectionFamily',$,IFCLABEL('WT'),$);
#4712=IFCPROPERTYSINGLEVALUE('SectionSource',$,IFCLABEL('AISC Shapes Database v15.0 (US)'),$);
#4713=IFCPROPERTYSET('0TA5unJGP62OiDn9gmMlUd',$,'MF_Library',$,(#4714,#4715,#4716,#4717,#4718,#4719,#4720,#4721,#4722,#4723));
#4714=IFCPROPERTYSINGLEVALUE('Key',$,IFCLABEL('steel_tee_wt'),$);
#4715=IFCPROPERTYSINGLEVALUE('Family',$,IFCLABEL('WT Structural Tee'),$);
#4716=IFCPROPERTYSINGLEVALUE('TypeName',$,IFCLABEL('WT10.5X100.5'),$);
#4717=IFCPROPERTYSINGLEVALUE('Version',$,IFCLABEL('0.1.0'),$);
#4718=IFCPROPERTYSINGLEVALUE('License',$,IFCLABEL('CC0-1.0'),$);
#4719=IFCPROPERTYSINGLEVALUE('Source',$,IFCLABEL('massing-families'),$);
#4720=IFCPROPERTYSINGLEVALUE('Tier',$,IFCLABEL('L300'),$);
#4721=IFCPROPERTYSINGLEVALUE('Builder',$,IFCLABEL('profile'),$);
#4722=IFCPROPERTYSINGLEVALUE('Discipline',$,IFCLABEL('structural'),$);
#4723=IFCPROPERTYSINGLEVALUE('GeometryStatus',$,IFCLABEL('parametric'),$);
#4724=IFCPROPERTYSET('0VSkEt_0P3vRqXAgkqyCuv',$,'MF_Quantities',$,(#4725,#4726,#4727,#4728,#4729));
#4725=IFCPROPERTYSINGLEVALUE('NominalWidth',$,IFCREAL(0.32003999999999999),$);
#4726=IFCPROPERTYSINGLEVALUE('NominalDepth',$,IFCREAL(0.29210000000000003),$);
#4727=IFCPROPERTYSINGLEVALUE('NominalHeight',$,IFCREAL(3.048),$);
#4728=IFCPROPERTYSINGLEVALUE('NominalFootprintArea',$,IFCREAL(0.093483999999999998),$);
#4729=IFCPROPERTYSINGLEVALUE('NominalVolume',$,IFCREAL(0.28493800000000002),$);
#4730=IFCMEMBERTYPE('0vjtttyTH0BB6F1ujs3JTG',$,'WT Structural Tee - WT10.5X91',$,$,(#4747,#4751,#4762),(#4746),$,$,.NOTDEFINED.);
#4731=IFCCARTESIANPOINT((0.,0.));
#4732=IFCDIRECTION((1.,0.));
#4733=IFCAXIS2PLACEMENT2D(#4731,#4732);
#4734=IFCTSHAPEPROFILEDEF(.AREA.,'WT10.5X91',#4733,0.28955999999999998,0.3175,0.021082,0.037592,0.012699999999999999,$,$,$,$);
#4735=IFCCARTESIANPOINT((0.,0.,0.));
#4736=IFCDIRECTION((0.,0.,1.));
#4737=IFCDIRECTION((1.,0.,0.));
#4738=IFCAXIS2PLACEMENT3D(#4735,#4736,#4737);
#4739=IFCDIRECTION((0.,0.,1.));
#4740=IFCEXTRUDEDAREASOLID(#4734,#4738,#4739,3.048);
#4741=IFCSHAPEREPRESENTATION(#11,'Body','SweptSolid',(#4740));
#4742=IFCCARTESIANPOINT((0.,0.,0.));
#4743=IFCDIRECTION((1.,0.,0.));
#4744=IFCDIRECTION((0.,0.,1.));
#4745=IFCAXIS2PLACEMENT3D(#4742,#4744,#4743);
#4746=IFCREPRESENTATIONMAP(#4745,#4741);
#4747=IFCPROPERTYSET('2LsmEkXFzCqONTGObsrHNb',$,'MF_Structural',$,(#4748,#4749,#4750));
#4748=IFCPROPERTYSINGLEVALUE('Section',$,IFCLABEL('WT10.5X91'),$);
#4749=IFCPROPERTYSINGLEVALUE('SectionFamily',$,IFCLABEL('WT'),$);
#4750=IFCPROPERTYSINGLEVALUE('SectionSource',$,IFCLABEL('AISC Shapes Database v15.0 (US)'),$);
#4751=IFCPROPERTYSET('2BQlPnkujAfOAX3cabfAvY',$,'MF_Library',$,(#4752,#4753,#4754,#4755,#4756,#4757,#4758,#4759,#4760,#4761));
#4752=IFCPROPERTYSINGLEVALUE('Key',$,IFCLABEL('steel_tee_wt'),$);
#4753=IFCPROPERTYSINGLEVALUE('Family',$,IFCLABEL('WT Structural Tee'),$);
#4754=IFCPROPERTYSINGLEVALUE('TypeName',$,IFCLABEL('WT10.5X91'),$);
#4755=IFCPROPERTYSINGLEVALUE('Version',$,IFCLABEL('0.1.0'),$);
#4756=IFCPROPERTYSINGLEVALUE('License',$,IFCLABEL('CC0-1.0'),$);
#4757=IFCPROPERTYSINGLEVALUE('Source',$,IFCLABEL('massing-families'),$);
#4758=IFCPROPERTYSINGLEVALUE('Tier',$,IFCLABEL('L300'),$);
#4759=IFCPROPERTYSINGLEVALUE('Builder',$,IFCLABEL('profile'),$);
#4760=IFCPROPERTYSINGLEVALUE('Discipline',$,IFCLABEL('structural'),$);
#4761=IFCPROPERTYSINGLEVALUE('GeometryStatus',$,IFCLABEL('parametric'),$);
#4762=IFCPROPERTYSET('1jvraVqGr6JA$HuMnwKXPq',$,'MF_Quantities',$,(#4763,#4764,#4765,#4766,#4767));
#4763=IFCPROPERTYSINGLEVALUE('NominalWidth',$,IFCREAL(0.3175),$);
#4764=IFCPROPERTYSINGLEVALUE('NominalDepth',$,IFCREAL(0.28955999999999998),$);
#4765=IFCPROPERTYSINGLEVALUE('NominalHeight',$,IFCREAL(3.048),$);
#4766=IFCPROPERTYSINGLEVALUE('NominalFootprintArea',$,IFCREAL(0.091935000000000003),$);
#4767=IFCPROPERTYSINGLEVALUE('NominalVolume',$,IFCREAL(0.280219),$);
#4768=IFCMEMBERTYPE('3mhdenaND61eslu1R2pTgO',$,'WT Structural Tee - WT10.5X83',$,$,(#4785,#4789,#4800),(#4784),$,$,.NOTDEFINED.);
#4769=IFCCARTESIANPOINT((0.,0.));
#4770=IFCDIRECTION((1.,0.));
#4771=IFCAXIS2PLACEMENT2D(#4769,#4770);
#4772=IFCTSHAPEPROFILEDEF(.AREA.,'WT10.5X83',#4771,0.28448000000000001,0.31496000000000002,0.019050000000000001,0.034543999999999998,0.012699999999999999,$,$,$,$);
#4773=IFCCARTESIANPOINT((0.,0.,0.));
#4774=IFCDIRECTION((0.,0.,1.));
#4775=IFCDIRECTION((1.,0.,0.));
#4776=IFCAXIS2PLACEMENT3D(#4773,#4774,#4775);
#4777=IFCDIRECTION((0.,0.,1.));
#4778=IFCEXTRUDEDAREASOLID(#4772,#4776,#4777,3.048);
#4779=IFCSHAPEREPRESENTATION(#11,'Body','SweptSolid',(#4778));
#4780=IFCCARTESIANPOINT((0.,0.,0.));
#4781=IFCDIRECTION((1.,0.,0.));
#4782=IFCDIRECTION((0.,0.,1.));
#4783=IFCAXIS2PLACEMENT3D(#4780,#4782,#4781);
#4784=IFCREPRESENTATIONMAP(#4783,#4779);
#4785=IFCPROPERTYSET('1MdcayyhL5Fedv_2JMZeBJ',$,'MF_Structural',$,(#4786,#4787,#4788));
#4786=IFCPROPERTYSINGLEVALUE('Section',$,IFCLABEL('WT10.5X83'),$);
#4787=IFCPROPERTYSINGLEVALUE('SectionFamily',$,IFCLABEL('WT'),$);
#4788=IFCPROPERTYSINGLEVALUE('SectionSource',$,IFCLABEL('AISC Shapes Database v15.0 (US)'),$);
#4789=IFCPROPERTYSET('21kK62u0zCURA9kY8vaOlO',$,'MF_Library',$,(#4790,#4791,#4792,#4793,#4794,#4795,#4796,#4797,#4798,#4799));
#4790=IFCPROPERTYSINGLEVALUE('Key',$,IFCLABEL('steel_tee_wt'),$);
#4791=IFCPROPERTYSINGLEVALUE('Family',$,IFCLABEL('WT Structural Tee'),$);
#4792=IFCPROPERTYSINGLEVALUE('TypeName',$,IFCLABEL('WT10.5X83'),$);
#4793=IFCPROPERTYSINGLEVALUE('Version',$,IFCLABEL('0.1.0'),$);
#4794=IFCPROPERTYSINGLEVALUE('License',$,IFCLABEL('CC0-1.0'),$);
#4795=IFCPROPERTYSINGLEVALUE('Source',$,IFCLABEL('massing-families'),$);
#4796=IFCPROPERTYSINGLEVALUE('Tier',$,IFCLABEL('L300'),$);
#4797=IFCPROPERTYSINGLEVALUE('Builder',$,IFCLABEL('profile'),$);
#4798=IFCPROPERTYSINGLEVALUE('Discipline',$,IFCLABEL('structural'),$);
#4799=IFCPROPERTYSINGLEVALUE('GeometryStatus',$,IFCLABEL('parametric'),$);
#4800=IFCPROPERTYSET('2Xk8PDVp1Dq9keGe15tyt$',$,'MF_Quantities',$,(#4801,#4802,#4803,#4804,#4805));
#4801=IFCPROPERTYSINGLEVALUE('NominalWidth',$,IFCREAL(0.31496000000000002),$);
#4802=IFCPROPERTYSINGLEVALUE('NominalDepth',$,IFCREAL(0.28448000000000001),$);
#4803=IFCPROPERTYSINGLEVALUE('NominalHeight',$,IFCREAL(3.048),$);
#4804=IFCPROPERTYSINGLEVALUE('NominalFootprintArea',$,IFCREAL(0.089599999999999999),$);
#4805=IFCPROPERTYSINGLEVALUE('NominalVolume',$,IFCREAL(0.27310000000000001),$);
#4806=IFCMEMBERTYPE('219ERNuPXAOhEkk_TCGtXY',$,'WT Structural Tee - WT10.5X73.5',$,$,(#4823,#4827,#4838),(#4822),$,$,.NOTDEFINED.);
#4807=IFCCARTESIANPOINT((0.,0.));
#4808=IFCDIRECTION((1.,0.));
#4809=IFCAXIS2PLACEMENT2D(#4807,#4808);
#4810=IFCTSHAPEPROFILEDEF(.AREA.,'WT10.5X73.5',#4809,0.27939999999999998,0.3175,0.018287999999999999,0.02921,0.012699999999999999,$,$,$,$);
#4811=IFCCARTESIANPOINT((0.,0.,0.));
#4812=IFCDIRECTION((0.,0.,1.));
#4813=IFCDIRECTION((1.,0.,0.));
#4814=IFCAXIS2PLACEMENT3D(#4811,#4812,#4813);
#4815=IFCDIRECTION((0.,0.,1.));
#4816=IFCEXTRUDEDAREASOLID(#4810,#4814,#4815,3.048);
#4817=IFCSHAPEREPRESENTATION(#11,'Body','SweptSolid',(#4816));
#4818=IFCCARTESIANPOINT((0.,0.,0.));
#4819=IFCDIRECTION((1.,0.,0.));
#4820=IFCDIRECTION((0.,0.,1.));
#4821=IFCAXIS2PLACEMENT3D(#4818,#4820,#4819);
#4822=IFCREPRESENTATIONMAP(#4821,#4817);
#4823=IFCPROPERTYSET('1dj3lZLVn4Qx5eIIRmSAF9',$,'MF_Structural',$,(#4824,#4825,#4826));
#4824=IFCPROPERTYSINGLEVALUE('Section',$,IFCLABEL('WT10.5X73.5'),$);
#4825=IFCPROPERTYSINGLEVALUE('SectionFamily',$,IFCLABEL('WT'),$);
#4826=IFCPROPERTYSINGLEVALUE('SectionSource',$,IFCLABEL('AISC Shapes Database v15.0 (US)'),$);
#4827=IFCPROPERTYSET('3aCmTxApLCoR$AxiKdI0nG',$,'MF_Library',$,(#4828,#4829,#4830,#4831,#4832,#4833,#4834,#4835,#4836,#4837));
#4828=IFCPROPERTYSINGLEVALUE('Key',$,IFCLABEL('steel_tee_wt'),$);
#4829=IFCPROPERTYSINGLEVALUE('Family',$,IFCLABEL('WT Structural Tee'),$);
#4830=IFCPROPERTYSINGLEVALUE('TypeName',$,IFCLABEL('WT10.5X73.5'),$);
#4831=IFCPROPERTYSINGLEVALUE('Version',$,IFCLABEL('0.1.0'),$);
#4832=IFCPROPERTYSINGLEVALUE('License',$,IFCLABEL('CC0-1.0'),$);
#4833=IFCPROPERTYSINGLEVALUE('Source',$,IFCLABEL('massing-families'),$);
#4834=IFCPROPERTYSINGLEVALUE('Tier',$,IFCLABEL('L300'),$);
#4835=IFCPROPERTYSINGLEVALUE('Builder',$,IFCLABEL('profile'),$);
#4836=IFCPROPERTYSINGLEVALUE('Discipline',$,IFCLABEL('structural'),$);
#4837=IFCPROPERTYSINGLEVALUE('GeometryStatus',$,IFCLABEL('parametric'),$);
#4838=IFCPROPERTYSET('1XcLhK2CLBNhkuSkgecAez',$,'MF_Quantities',$,(#4839,#4840,#4841,#4842,#4843));
#4839=IFCPROPERTYSINGLEVALUE('NominalWidth',$,IFCREAL(0.3175),$);
#4840=IFCPROPERTYSINGLEVALUE('NominalDepth',$,IFCREAL(0.27939999999999998),$);
#4841=IFCPROPERTYSINGLEVALUE('NominalHeight',$,IFCREAL(3.048),$);
#4842=IFCPROPERTYSINGLEVALUE('NominalFootprintArea',$,IFCREAL(0.088708999999999996),$);
#4843=IFCPROPERTYSINGLEVALUE('NominalVolume',$,IFCREAL(0.27038699999999999),$);
#4844=IFCMEMBERTYPE('2s$L_oBr19BgD8Ih48GXbR',$,'WT Structural Tee - WT10.5X66',$,$,(#4861,#4865,#4876),(#4860),$,$,.NOTDEFINED.);
#4845=IFCCARTESIANPOINT((0.,0.));
#4846=IFCDIRECTION((1.,0.));
#4847=IFCAXIS2PLACEMENT2D(#4845,#4846);
#4848=IFCTSHAPEPROFILEDEF(.AREA.,'WT10.5X66',#4847,0.27685999999999999,0.31496000000000002,0.01651,0.026415999999999999,0.012699999999999999,$,$,$,$);
#4849=IFCCARTESIANPOINT((0.,0.,0.));
#4850=IFCDIRECTION((0.,0.,1.));
#4851=IFCDIRECTION((1.,0.,0.));
#4852=IFCAXIS2PLACEMENT3D(#4849,#4850,#4851);
#4853=IFCDIRECTION((0.,0.,1.));
#4854=IFCEXTRUDEDAREASOLID(#4848,#4852,#4853,3.048);
#4855=IFCSHAPEREPRESENTATION(#11,'Body','SweptSolid',(#4854));
#4856=IFCCARTESIANPOINT((0.,0.,0.));
#4857=IFCDIRECTION((1.,0.,0.));
#4858=IFCDIRECTION((0.,0.,1.));
#4859=IFCAXIS2PLACEMENT3D(#4856,#4858,#4857);
#4860=IFCREPRESENTATIONMAP(#4859,#4855);
#4861=IFCPROPERTYSET('23Qtj0eG92lhvnW2bqm5jc',$,'MF_Structural',$,(#4862,#4863,#4864));
#4862=IFCPROPERTYSINGLEVALUE('Section',$,IFCLABEL('WT10.5X66'),$);
#4863=IFCPROPERTYSINGLEVALUE('SectionFamily',$,IFCLABEL('WT'),$);
#4864=IFCPROPERTYSINGLEVALUE('SectionSource',$,IFCLABEL('AISC Shapes Database v15.0 (US)'),$);
#4865=IFCPROPERTYSET('1EKEhAaFb8ievcirPE09rK',$,'MF_Library',$,(#4866,#4867,#4868,#4869,#4870,#4871,#4872,#4873,#4874,#4875));
#4866=IFCPROPERTYSINGLEVALUE('Key',$,IFCLABEL('steel_tee_wt'),$);
#4867=IFCPROPERTYSINGLEVALUE('Family',$,IFCLABEL('WT Structural Tee'),$);
#4868=IFCPROPERTYSINGLEVALUE('TypeName',$,IFCLABEL('WT10.5X66'),$);
#4869=IFCPROPERTYSINGLEVALUE('Version',$,IFCLABEL('0.1.0'),$);
#4870=IFCPROPERTYSINGLEVALUE('License',$,IFCLABEL('CC0-1.0'),$);
#4871=IFCPROPERTYSINGLEVALUE('Source',$,IFCLABEL('massing-families'),$);
#4872=IFCPROPERTYSINGLEVALUE('Tier',$,IFCLABEL('L300'),$);
#4873=IFCPROPERTYSINGLEVALUE('Builder',$,IFCLABEL('profile'),$);
#4874=IFCPROPERTYSINGLEVALUE('Discipline',$,IFCLABEL('structural'),$);
#4875=IFCPROPERTYSINGLEVALUE('GeometryStatus',$,IFCLABEL('parametric'),$);
#4876=IFCPROPERTYSET('36POfLvDz7YO5IAYWbzjRz',$,'MF_Quantities',$,(#4877,#4878,#4879,#4880,#4881));
#4877=IFCPROPERTYSINGLEVALUE('NominalWidth',$,IFCREAL(0.31496000000000002),$);
#4878=IFCPROPERTYSINGLEVALUE('NominalDepth',$,IFCREAL(0.27685999999999999),$);
#4879=IFCPROPERTYSINGLEVALUE('NominalHeight',$,IFCREAL(3.048),$);
#4880=IFCPROPERTYSINGLEVALUE('NominalFootprintArea',$,IFCREAL(0.0872),$);
#4881=IFCPROPERTYSINGLEVALUE('NominalVolume',$,IFCREAL(0.26578499999999999),$);
#4882=IFCMEMBERTYPE('05IzsYsuf7hgxO9ADbga2Q',$,'WT Structural Tee - WT10.5X61',$,$,(#4899,#4903,#4914),(#4898),$,$,.NOTDEFINED.);
#4883=IFCCARTESIANPOINT((0.,0.));
#4884=IFCDIRECTION((1.,0.));
#4885=IFCAXIS2PLACEMENT2D(#4883,#4884);
#4886=IFCTSHAPEPROFILEDEF(.AREA.,'WT10.5X61',#4885,0.27432000000000001,0.31496000000000002,0.01524,0.024383999999999999,0.012699999999999999,$,$,$,$);
#4887=IFCCARTESIANPOINT((0.,0.,0.));
#4888=IFCDIRECTION((0.,0.,1.));
#4889=IFCDIRECTION((1.,0.,0.));
#4890=IFCAXIS2PLACEMENT3D(#4887,#4888,#4889);
#4891=IFCDIRECTION((0.,0.,1.));
#4892=IFCEXTRUDEDAREASOLID(#4886,#4890,#4891,3.048);
#4893=IFCSHAPEREPRESENTATION(#11,'Body','SweptSolid',(#4892));
#4894=IFCCARTESIANPOINT((0.,0.,0.));
#4895=IFCDIRECTION((1.,0.,0.));
#4896=IFCDIRECTION((0.,0.,1.));
#4897=IFCAXIS2PLACEMENT3D(#4894,#4896,#4895);
#4898=IFCREPRESENTATIONMAP(#4897,#4893);
#4899=IFCPROPERTYSET('3b78q8pG1F0xh2Fq10Bd0W',$,'MF_Structural',$,(#4900,#4901,#4902));
#4900=IFCPROPERTYSINGLEVALUE('Section',$,IFCLABEL('WT10.5X61'),$);
#4901=IFCPROPERTYSINGLEVALUE('SectionFamily',$,IFCLABEL('WT'),$);
#4902=IFCPROPERTYSINGLEVALUE('SectionSource',$,IFCLABEL('AISC Shapes Database v15.0 (US)'),$);
#4903=IFCPROPERTYSET('0xxc6Qc1n9LRVfg3hHionS',$,'MF_Library',$,(#4904,#4905,#4906,#4907,#4908,#4909,#4910,#4911,#4912,#4913));
#4904=IFCPROPERTYSINGLEVALUE('Key',$,IFCLABEL('steel_tee_wt'),$);
#4905=IFCPROPERTYSINGLEVALUE('Family',$,IFCLABEL('WT Structural Tee'),$);
#4906=IFCPROPERTYSINGLEVALUE('TypeName',$,IFCLABEL('WT10.5X61'),$);
#4907=IFCPROPERTYSINGLEVALUE('Version',$,IFCLABEL('0.1.0'),$);
#4908=IFCPROPERTYSINGLEVALUE('License',$,IFCLABEL('CC0-1.0'),$);
#4909=IFCPROPERTYSINGLEVALUE('Source',$,IFCLABEL('massing-families'),$);
#4910=IFCPROPERTYSINGLEVALUE('Tier',$,IFCLABEL('L300'),$);
#4911=IFCPROPERTYSINGLEVALUE('Builder',$,IFCLABEL('profile'),$);
#4912=IFCPROPERTYSINGLEVALUE('Discipline',$,IFCLABEL('structural'),$);
#4913=IFCPROPERTYSINGLEVALUE('GeometryStatus',$,IFCLABEL('parametric'),$);
#4914=IFCPROPERTYSET('3h0$LNy2T2SufeTA2dg5O6',$,'MF_Quantities',$,(#4915,#4916,#4917,#4918,#4919));
#4915=IFCPROPERTYSINGLEVALUE('NominalWidth',$,IFCREAL(0.31496000000000002),$);
#4916=IFCPROPERTYSINGLEVALUE('NominalDepth',$,IFCREAL(0.27432000000000001),$);
#4917=IFCPROPERTYSINGLEVALUE('NominalHeight',$,IFCREAL(3.048),$);
#4918=IFCPROPERTYSINGLEVALUE('NominalFootprintArea',$,IFCREAL(0.086400000000000005),$);
#4919=IFCPROPERTYSINGLEVALUE('NominalVolume',$,IFCREAL(0.263347),$);
#4920=IFCMEMBERTYPE('376H7GgvHBtfh_z6G_d0H3',$,'WT Structural Tee - WT10.5X55.5',$,$,(#4937,#4941,#4952),(#4936),$,$,.NOTDEFINED.);
#4921=IFCCARTESIANPOINT((0.,0.));
#4922=IFCDIRECTION((1.,0.));
#4923=IFCAXIS2PLACEMENT2D(#4921,#4922);
#4924=IFCTSHAPEPROFILEDEF(.AREA.,'WT10.5X55.5',#4923,0.27432000000000001,0.31241999999999998,0.01397,0.022225000000000002,0.012827,$,$,$,$);
#4925=IFCCARTESIANPOINT((0.,0.,0.));
#4926=IFCDIRECTION((0.,0.,1.));
#4927=IFCDIRECTION((1.,0.,0.));
#4928=IFCAXIS2PLACEMENT3D(#4925,#4926,#4927);
#4929=IFCDIRECTION((0.,0.,1.));
#4930=IFCEXTRUDEDAREASOLID(#4924,#4928,#4929,3.048);
#4931=IFCSHAPEREPRESENTATION(#11,'Body','SweptSolid',(#4930));
#4932=IFCCARTESIANPOINT((0.,0.,0.));
#4933=IFCDIRECTION((1.,0.,0.));
#4934=IFCDIRECTION((0.,0.,1.));
#4935=IFCAXIS2PLACEMENT3D(#4932,#4934,#4933);
#4936=IFCREPRESENTATIONMAP(#4935,#4931);
#4937=IFCPROPERTYSET('2QDBOc$Oz7ERWk5Wi7rrPG',$,'MF_Structural',$,(#4938,#4939,#4940));
#4938=IFCPROPERTYSINGLEVALUE('Section',$,IFCLABEL('WT10.5X55.5'),$);
#4939=IFCPROPERTYSINGLEVALUE('SectionFamily',$,IFCLABEL('WT'),$);
#4940=IFCPROPERTYSINGLEVALUE('SectionSource',$,IFCLABEL('AISC Shapes Database v15.0 (US)'),$);
#4941=IFCPROPERTYSET('0Pg6XxhK16vB04U$8p0zFC',$,'MF_Library',$,(#4942,#4943,#4944,#4945,#4946,#4947,#4948,#4949,#4950,#4951));
#4942=IFCPROPERTYSINGLEVALUE('Key',$,IFCLABEL('steel_tee_wt'),$);
#4943=IFCPROPERTYSINGLEVALUE('Family',$,IFCLABEL('WT Structural Tee'),$);
#4944=IFCPROPERTYSINGLEVALUE('TypeName',$,IFCLABEL('WT10.5X55.5'),$);
#4945=IFCPROPERTYSINGLEVALUE('Version',$,IFCLABEL('0.1.0'),$);
#4946=IFCPROPERTYSINGLEVALUE('License',$,IFCLABEL('CC0-1.0'),$);
#4947=IFCPROPERTYSINGLEVALUE('Source',$,IFCLABEL('massing-families'),$);
#4948=IFCPROPERTYSINGLEVALUE('Tier',$,IFCLABEL('L300'),$);
#4949=IFCPROPERTYSINGLEVALUE('Builder',$,IFCLABEL('profile'),$);
#4950=IFCPROPERTYSINGLEVALUE('Discipline',$,IFCLABEL('structural'),$);
#4951=IFCPROPERTYSINGLEVALUE('GeometryStatus',$,IFCLABEL('parametric'),$);
#4952=IFCPROPERTYSET('0UuZlJml92mOzxns_HoaW_',$,'MF_Quantities',$,(#4953,#4954,#4955,#4956,#4957));
#4953=IFCPROPERTYSINGLEVALUE('NominalWidth',$,IFCREAL(0.31241999999999998),$);
#4954=IFCPROPERTYSINGLEVALUE('NominalDepth',$,IFCREAL(0.27432000000000001),$);
#4955=IFCPROPERTYSINGLEVALUE('NominalHeight',$,IFCREAL(3.048),$);
#4956=IFCPROPERTYSINGLEVALUE('NominalFootprintArea',$,IFCREAL(0.085703000000000001),$);
#4957=IFCPROPERTYSINGLEVALUE('NominalVolume',$,IFCREAL(0.26122299999999998),$);
#4958=IFCMEMBERTYPE('3XFD9ZvqD7m9cDvTYwU88I',$,'WT Structural Tee - WT10.5X50.5',$,$,(#4975,#4979,#4990),(#4974),$,$,.NOTDEFINED.);
#4959=IFCCARTESIANPOINT((0.,0.));
#4960=IFCDIRECTION((1.,0.));
#4961=IFCAXIS2PLACEMENT2D(#4959,#4960);
#4962=IFCTSHAPEPROFILEDEF(.AREA.,'WT10.5X50.5',#4961,0.27178000000000002,0.31241999999999998,0.012699999999999999,0.020320000000000001,0.012699999999999999,$,$,$,$);
#4963=IFCCARTESIANPOINT((0.,0.,0.));
#4964=IFCDIRECTION((0.,0.,1.));
#4965=IFCDIRECTION((1.,0.,0.));
#4966=IFCAXIS2PLACEMENT3D(#4963,#4964,#4965);
#4967=IFCDIRECTION((0.,0.,1.));
#4968=IFCEXTRUDEDAREASOLID(#4962,#4966,#4967,3.048);
#4969=IFCSHAPEREPRESENTATION(#11,'Body','SweptSolid',(#4968));
#4970=IFCCARTESIANPOINT((0.,0.,0.));
#4971=IFCDIRECTION((1.,0.,0.));
#4972=IFCDIRECTION((0.,0.,1.));
#4973=IFCAXIS2PLACEMENT3D(#4970,#4972,#4971);
#4974=IFCREPRESENTATIONMAP(#4973,#4969);
#4975=IFCPROPERTYSET('3ZbGsQvcPEoB5DTtmqiP3M',$,'MF_Structural',$,(#4976,#4977,#4978));
#4976=IFCPROPERTYSINGLEVALUE('Section',$,IFCLABEL('WT10.5X50.5'),$);
#4977=IFCPROPERTYSINGLEVALUE('SectionFamily',$,IFCLABEL('WT'),$);
#4978=IFCPROPERTYSINGLEVALUE('SectionSource',$,IFCLABEL('AISC Shapes Database v15.0 (US)'),$);
#4979=IFCPROPERTYSET('0ItOqlPanFVe1nFLV$BF8i',$,'MF_Library',$,(#4980,#4981,#4982,#4983,#4984,#4985,#4986,#4987,#4988,#4989));
#4980=IFCPROPERTYSINGLEVALUE('Key',$,IFCLABEL('steel_tee_wt'),$);
#4981=IFCPROPERTYSINGLEVALUE('Family',$,IFCLABEL('WT Structural Tee'),$);
#4982=IFCPROPERTYSINGLEVALUE('TypeName',$,IFCLABEL('WT10.5X50.5'),$);
#4983=IFCPROPERTYSINGLEVALUE('Version',$,IFCLABEL('0.1.0'),$);
#4984=IFCPROPERTYSINGLEVALUE('License',$,IFCLABEL('CC0-1.0'),$);
#4985=IFCPROPERTYSINGLEVALUE('Source',$,IFCLABEL('massing-families'),$);
#4986=IFCPROPERTYSINGLEVALUE('Tier',$,IFCLABEL('L300'),$);
#4987=IFCPROPERTYSINGLEVALUE('Builder',$,IFCLABEL('profile'),$);
#4988=IFCPROPERTYSINGLEVALUE('Discipline',$,IFCLABEL('structural'),$);
#4989=IFCPROPERTYSINGLEVALUE('GeometryStatus',$,IFCLABEL('parametric'),$);
#4990=IFCPROPERTYSET('1bcPf5NNL7r9ziQvJ_Xz55',$,'MF_Quantities',$,(#4991,#4992,#4993,#4994,#4995));
#4991=IFCPROPERTYSINGLEVALUE('NominalWidth',$,IFCREAL(0.31241999999999998),$);
#4992=IFCPROPERTYSINGLEVALUE('NominalDepth',$,IFCREAL(0.27178000000000002),$);
#4993=IFCPROPERTYSINGLEVALUE('NominalHeight',$,IFCREAL(3.048),$);
#4994=IFCPROPERTYSINGLEVALUE('NominalFootprintArea',$,IFCREAL(0.084909999999999999),$);
#4995=IFCPROPERTYSINGLEVALUE('NominalVolume',$,IFCREAL(0.25880399999999998),$);
#4996=IFCMEMBERTYPE('35hQ9rI$DBAecaH29fKNGm',$,'WT Structural Tee - WT10.5X46.5',$,$,(#5013,#5017,#5028),(#5012),$,$,.NOTDEFINED.);
#4997=IFCCARTESIANPOINT((0.,0.));
#4998=IFCDIRECTION((1.,0.));
#4999=IFCAXIS2PLACEMENT2D(#4997,#4998);
#5000=IFCTSHAPEPROFILEDEF(.AREA.,'WT10.5X46.5',#4999,0.27432000000000001,0.213868,0.014732,0.023622000000000001,0.012699999999999999,$,$,$,$);
#5001=IFCCARTESIANPOINT((0.,0.,0.));
#5002=IFCDIRECTION((0.,0.,1.));
#5003=IFCDIRECTION((1.,0.,0.));
#5004=IFCAXIS2PLACEMENT3D(#5001,#5002,#5003);
#5005=IFCDIRECTION((0.,0.,1.));
#5006=IFCEXTRUDEDAREASOLID(#5000,#5004,#5005,3.048);
#5007=IFCSHAPEREPRESENTATION(#11,'Body','SweptSolid',(#5006));
#5008=IFCCARTESIANPOINT((0.,0.,0.));
#5009=IFCDIRECTION((1.,0.,0.));
#5010=IFCDIRECTION((0.,0.,1.));
#5011=IFCAXIS2PLACEMENT3D(#5008,#5010,#5009);
#5012=IFCREPRESENTATIONMAP(#5011,#5007);
#5013=IFCPROPERTYSET('2rVcGHLgf1PfPpByuDfb73',$,'MF_Structural',$,(#5014,#5015,#5016));
#5014=IFCPROPERTYSINGLEVALUE('Section',$,IFCLABEL('WT10.5X46.5'),$);
#5015=IFCPROPERTYSINGLEVALUE('SectionFamily',$,IFCLABEL('WT'),$);
#5016=IFCPROPERTYSINGLEVALUE('SectionSource',$,IFCLABEL('AISC Shapes Database v15.0 (US)'),$);
#5017=IFCPROPERTYSET('2zOxrrFZ9EjP2LsikiXBsQ',$,'MF_Library',$,(#5018,#5019,#5020,#5021,#5022,#5023,#5024,#5025,#5026,#5027));
#5018=IFCPROPERTYSINGLEVALUE('Key',$,IFCLABEL('steel_tee_wt'),$);
#5019=IFCPROPERTYSINGLEVALUE('Family',$,IFCLABEL('WT Structural Tee'),$);
#5020=IFCPROPERTYSINGLEVALUE('TypeName',$,IFCLABEL('WT10.5X46.5'),$);
#5021=IFCPROPERTYSINGLEVALUE('Version',$,IFCLABEL('0.1.0'),$);
#5022=IFCPROPERTYSINGLEVALUE('License',$,IFCLABEL('CC0-1.0'),$);
#5023=IFCPROPERTYSINGLEVALUE('Source',$,IFCLABEL('massing-families'),$);
#5024=IFCPROPERTYSINGLEVALUE('Tier',$,IFCLABEL('L300'),$);
#5025=IFCPROPERTYSINGLEVALUE('Builder',$,IFCLABEL('profile'),$);
#5026=IFCPROPERTYSINGLEVALUE('Discipline',$,IFCLABEL('structural'),$);
#5027=IFCPROPERTYSINGLEVALUE('GeometryStatus',$,IFCLABEL('parametric'),$);
#5028=IFCPROPERTYSET('1dO9uEC$TFheo8CQh6Hc9j',$,'MF_Quantities',$,(#5029,#5030,#5031,#5032,#5033));
#5029=IFCPROPERTYSINGLEVALUE('NominalWidth',$,IFCREAL(0.213868),$);
#5030=IFCPROPERTYSINGLEVALUE('NominalDepth',$,IFCREAL(0.27432000000000001),$);
#5031=IFCPROPERTYSINGLEVALUE('NominalHeight',$,IFCREAL(3.048),$);
#5032=IFCPROPERTYSINGLEVALUE('NominalFootprintArea',$,IFCREAL(0.058667999999999998),$);
#5033=IFCPROPERTYSINGLEVALUE('NominalVolume',$,IFCREAL(0.17882100000000001),$);
#5034=IFCMEMBERTYPE('3jjvlvJRrFswWQt8uG8hci',$,'WT Structural Tee - WT10.5X41.5',$,$,(#5051,#5055,#5066),(#5050),$,$,.NOTDEFINED.);
#5035=IFCCARTESIANPOINT((0.,0.));
#5036=IFCDIRECTION((1.,0.));
#5037=IFCAXIS2PLACEMENT2D(#5035,#5036);
#5038=IFCTSHAPEPROFILEDEF(.AREA.,'WT10.5X41.5',#5037,0.27178000000000002,0.212344,0.013081000000000001,0.021208999999999999,0.012827,$,$,$,$);
#5039=IFCCARTESIANPOINT((0.,0.,0.));
#5040=IFCDIRECTION((0.,0.,1.));
#5041=IFCDIRECTION((1.,0.,0.));
#5042=IFCAXIS2PLACEMENT3D(#5039,#5040,#5041);
#5043=IFCDIRECTION((0.,0.,1.));
#5044=IFCEXTRUDEDAREASOLID(#5038,#5042,#5043,3.048);
#5045=IFCSHAPEREPRESENTATION(#11,'Body','SweptSolid',(#5044));
#5046=IFCCARTESIANPOINT((0.,0.,0.));
#5047=IFCDIRECTION((1.,0.,0.));
#5048=IFCDIRECTION((0.,0.,1.));
#5049=IFCAXIS2PLACEMENT3D(#5046,#5048,#5047);
#5050=IFCREPRESENTATIONMAP(#5049,#5045);
#5051=IFCPROPERTYSET('2WuH_wnG5FMgiM_EOjBc4_',$,'MF_Structural',$,(#5052,#5053,#5054));
#5052=IFCPROPERTYSINGLEVALUE('Section',$,IFCLABEL('WT10.5X41.5'),$);
#5053=IFCPROPERTYSINGLEVALUE('SectionFamily',$,IFCLABEL('WT'),$);
#5054=IFCPROPERTYSINGLEVALUE('SectionSource',$,IFCLABEL('AISC Shapes Database v15.0 (US)'),$);
#5055=IFCPROPERTYSET('2mEbOwbgT5PP7HWTAuIwCk',$,'MF_Library',$,(#5056,#5057,#5058,#5059,#5060,#5061,#5062,#5063,#5064,#5065));
#5056=IFCPROPERTYSINGLEVALUE('Key',$,IFCLABEL('steel_tee_wt'),$);
#5057=IFCPROPERTYSINGLEVALUE('Family',$,IFCLABEL('WT Structural Tee'),$);
#5058=IFCPROPERTYSINGLEVALUE('TypeName',$,IFCLABEL('WT10.5X41.5'),$);
#5059=IFCPROPERTYSINGLEVALUE('Version',$,IFCLABEL('0.1.0'),$);
#5060=IFCPROPERTYSINGLEVALUE('License',$,IFCLABEL('CC0-1.0'),$);
#5061=IFCPROPERTYSINGLEVALUE('Source',$,IFCLABEL('massing-families'),$);
#5062=IFCPROPERTYSINGLEVALUE('Tier',$,IFCLABEL('L300'),$);
#5063=IFCPROPERTYSINGLEVALUE('Builder',$,IFCLABEL('profile'),$);
#5064=IFCPROPERTYSINGLEVALUE('Discipline',$,IFCLABEL('structural'),$);
#5065=IFCPROPERTYSINGLEVALUE('GeometryStatus',$,IFCLABEL('parametric'),$);
#5066=IFCPROPERTYSET('3cHLY6SQrA9gNYL0Q9h5Dq',$,'MF_Quantities',$,(#5067,#5068,#5069,#5070,#5071));
#5067=IFCPROPERTYSINGLEVALUE('NominalWidth',$,IFCREAL(0.212344),$);
#5068=IFCPROPERTYSINGLEVALUE('NominalDepth',$,IFCREAL(0.27178000000000002),$);
#5069=IFCPROPERTYSINGLEVALUE('NominalHeight',$,IFCREAL(3.048),$);
#5070=IFCPROPERTYSINGLEVALUE('NominalFootprintArea',$,IFCREAL(0.057710999999999998),$);
#5071=IFCPROPERTYSINGLEVALUE('NominalVolume',$,IFCREAL(0.175903),$);
#5072=IFCMEMBERTYPE('2Ol_Vng9f4xQ7N_SJsvcVo',$,'WT Structural Tee - WT10.5X36.5',$,$,(#5089,#5093,#5104),(#5088),$,$,.NOTDEFINED.);
#5073=IFCCARTESIANPOINT((0.,0.));
#5074=IFCDIRECTION((1.,0.));
#5075=IFCAXIS2PLACEMENT2D(#5073,#5074);
#5076=IFCTSHAPEPROFILEDEF(.AREA.,'WT10.5X36.5',#5075,0.26923999999999998,0.21082000000000001,0.011557,0.018796,0.012699999999999999,$,$,$,$);
#5077=IFCCARTESIANPOINT((0.,0.,0.));
#5078=IFCDIRECTION((0.,0.,1.));
#5079=IFCDIRECTION((1.,0.,0.));
#5080=IFCAXIS2PLACEMENT3D(#5077,#5078,#5079);
#5081=IFCDIRECTION((0.,0.,1.));
#5082=IFCEXTRUDEDAREASOLID(#5076,#5080,#5081,3.048);
#5083=IFCSHAPEREPRESENTATION(#11,'Body','SweptSolid',(#5082));
#5084=IFCCARTESIANPOINT((0.,0.,0.));
#5085=IFCDIRECTION((1.,0.,0.));
#5086=IFCDIRECTION((0.,0.,1.));
#5087=IFCAXIS2PLACEMENT3D(#5084,#5086,#5085);
#5088=IFCREPRESENTATIONMAP(#5087,#5083);
#5089=IFCPROPERTYSET('3$qmS2Vbn0A8sVSuGwBCk4',$,'MF_Structural',$,(#5090,#5091,#5092));
#5090=IFCPROPERTYSINGLEVALUE('Section',$,IFCLABEL('WT10.5X36.5'),$);
#5091=IFCPROPERTYSINGLEVALUE('SectionFamily',$,IFCLABEL('WT'),$);
#5092=IFCPROPERTYSINGLEVALUE('SectionSource',$,IFCLABEL('AISC Shapes Database v15.0 (US)'),$);
#5093=IFCPROPERTYSET('1rx$HIku19thqncw0JEOaf',$,'MF_Library',$,(#5094,#5095,#5096,#5097,#5098,#5099,#5100,#5101,#5102,#5103));
#5094=IFCPROPERTYSINGLEVALUE('Key',$,IFCLABEL('steel_tee_wt'),$);
#5095=IFCPROPERTYSINGLEVALUE('Family',$,IFCLABEL('WT Structural Tee'),$);
#5096=IFCPROPERTYSINGLEVALUE('TypeName',$,IFCLABEL('WT10.5X36.5'),$);
#5097=IFCPROPERTYSINGLEVALUE('Version',$,IFCLABEL('0.1.0'),$);
#5098=IFCPROPERTYSINGLEVALUE('License',$,IFCLABEL('CC0-1.0'),$);
#5099=IFCPROPERTYSINGLEVALUE('Source',$,IFCLABEL('massing-families'),$);
#5100=IFCPROPERTYSINGLEVALUE('Tier',$,IFCLABEL('L300'),$);
#5101=IFCPROPERTYSINGLEVALUE('Builder',$,IFCLABEL('profile'),$);
#5102=IFCPROPERTYSINGLEVALUE('Discipline',$,IFCLABEL('structural'),$);
#5103=IFCPROPERTYSINGLEVALUE('GeometryStatus',$,IFCLABEL('parametric'),$);
#5104=IFCPROPERTYSET('1MVSuOlJjBwQc1Y564JMNs',$,'MF_Quantities',$,(#5105,#5106,#5107,#5108,#5109));
#5105=IFCPROPERTYSINGLEVALUE('NominalWidth',$,IFCREAL(0.21082000000000001),$);
#5106=IFCPROPERTYSINGLEVALUE('NominalDepth',$,IFCREAL(0.26923999999999998),$);
#5107=IFCPROPERTYSINGLEVALUE('NominalHeight',$,IFCREAL(3.048),$);
#5108=IFCPROPERTYSINGLEVALUE('NominalFootprintArea',$,IFCREAL(0.056760999999999999),$);
#5109=IFCPROPERTYSINGLEVALUE('NominalVolume',$,IFCREAL(0.173008),$);
#5110=IFCMEMBERTYPE('0dFHfclXn3VhF6QSZvL$t9',$,'WT Structural Tee - WT10.5X34',$,$,(#5127,#5131,#5142),(#5126),$,$,.NOTDEFINED.);
#5111=IFCCARTESIANPOINT((0.,0.));
#5112=IFCDIRECTION((1.,0.));
#5113=IFCAXIS2PLACEMENT2D(#5111,#5112);
#5114=IFCTSHAPEPROFILEDEF(.AREA.,'WT10.5X34',#5113,0.26923999999999998,0.21005799999999999,0.010921999999999999,0.017399000000000001,0.012827,$,$,$,$);
#5115=IFCCARTESIANPOINT((0.,0.,0.));
#5116=IFCDIRECTION((0.,0.,1.));
#5117=IFCDIRECTION((1.,0.,0.));
#5118=IFCAXIS2PLACEMENT3D(#5115,#5116,#5117);
#5119=IFCDIRECTION((0.,0.,1.));
#5120=IFCEXTRUDEDAREASOLID(#5114,#5118,#5119,3.048);
#5121=IFCSHAPEREPRESENTATION(#11,'Body','SweptSolid',(#5120));
#5122=IFCCARTESIANPOINT((0.,0.,0.));
#5123=IFCDIRECTION((1.,0.,0.));
#5124=IFCDIRECTION((0.,0.,1.));
#5125=IFCAXIS2PLACEMENT3D(#5122,#5124,#5123);
#5126=IFCREPRESENTATIONMAP(#5125,#5121);
#5127=IFCPROPERTYSET('3e6sjsQbr3Zfy4b_ORKffX',$,'MF_Structural',$,(#5128,#5129,#5130));
#5128=IFCPROPERTYSINGLEVALUE('Section',$,IFCLABEL('WT10.5X34'),$);
#5129=IFCPROPERTYSINGLEVALUE('SectionFamily',$,IFCLABEL('WT'),$);
#5130=IFCPROPERTYSINGLEVALUE('SectionSource',$,IFCLABEL('AISC Shapes Database v15.0 (US)'),$);
#5131=IFCPROPERTYSET('2BxZN4srj9WOTHI0CNwXTJ',$,'MF_Library',$,(#5132,#5133,#5134,#5135,#5136,#5137,#5138,#5139,#5140,#5141));
#5132=IFCPROPERTYSINGLEVALUE('Key',$,IFCLABEL('steel_tee_wt'),$);
#5133=IFCPROPERTYSINGLEVALUE('Family',$,IFCLABEL('WT Structural Tee'),$);
#5134=IFCPROPERTYSINGLEVALUE('TypeName',$,IFCLABEL('WT10.5X34'),$);
#5135=IFCPROPERTYSINGLEVALUE('Version',$,IFCLABEL('0.1.0'),$);
#5136=IFCPROPERTYSINGLEVALUE('License',$,IFCLABEL('CC0-1.0'),$);
#5137=IFCPROPERTYSINGLEVALUE('Source',$,IFCLABEL('massing-families'),$);
#5138=IFCPROPERTYSINGLEVALUE('Tier',$,IFCLABEL('L300'),$);
#5139=IFCPROPERTYSINGLEVALUE('Builder',$,IFCLABEL('profile'),$);
#5140=IFCPROPERTYSINGLEVALUE('Discipline',$,IFCLABEL('structural'),$);
#5141=IFCPROPERTYSINGLEVALUE('GeometryStatus',$,IFCLABEL('parametric'),$);
#5142=IFCPROPERTYSET('17oDtEd05AwQ1rhn6PA4np',$,'MF_Quantities',$,(#5143,#5144,#5145,#5146,#5147));
#5143=IFCPROPERTYSINGLEVALUE('NominalWidth',$,IFCREAL(0.21005799999999999),$);
#5144=IFCPROPERTYSINGLEVALUE('NominalDepth',$,IFCREAL(0.26923999999999998),$);
#5145=IFCPROPERTYSINGLEVALUE('NominalHeight',$,IFCREAL(3.048),$);
#5146=IFCPROPERTYSINGLEVALUE('NominalFootprintArea',$,IFCREAL(0.056556000000000002),$);
#5147=IFCPROPERTYSINGLEVALUE('NominalVolume',$,IFCREAL(0.17238300000000001),$);
#5148=IFCMEMBERTYPE('2RX8E0thn27Rie9gPk5naV',$,'WT Structural Tee - WT10.5X31',$,$,(#5165,#5169,#5180),(#5164),$,$,.NOTDEFINED.);
#5149=IFCCARTESIANPOINT((0.,0.));
#5150=IFCDIRECTION((1.,0.));
#5151=IFCAXIS2PLACEMENT2D(#5149,#5150);
#5152=IFCTSHAPEPROFILEDEF(.AREA.,'WT10.5X31',#5151,0.26669999999999999,0.20929600000000001,0.010160000000000001,0.015620999999999999,0.012827,$,$,$,$);
#5153=IFCCARTESIANPOINT((0.,0.,0.));
#5154=IFCDIRECTION((0.,0.,1.));
#5155=IFCDIRECTION((1.,0.,0.));
#5156=IFCAXIS2PLACEMENT3D(#5153,#5154,#5155);
#5157=IFCDIRECTION((0.,0.,1.));
#5158=IFCEXTRUDEDAREASOLID(#5152,#5156,#5157,3.048);
#5159=IFCSHAPEREPRESENTATION(#11,'Body','SweptSolid',(#5158));
#5160=IFCCARTESIANPOINT((0.,0.,0.));
#5161=IFCDIRECTION((1.,0.,0.));
#5162=IFCDIRECTION((0.,0.,1.));
#5163=IFCAXIS2PLACEMENT3D(#5160,#5162,#5161);
#5164=IFCREPRESENTATIONMAP(#5163,#5159);
#5165=IFCPROPERTYSET('0agsOSTFDDbwGOB$n7w$i8',$,'MF_Structural',$,(#5166,#5167,#5168));
#5166=IFCPROPERTYSINGLEVALUE('Section',$,IFCLABEL('WT10.5X31'),$);
#5167=IFCPROPERTYSINGLEVALUE('SectionFamily',$,IFCLABEL('WT'),$);
#5168=IFCPROPERTYSINGLEVALUE('SectionSource',$,IFCLABEL('AISC Shapes Database v15.0 (US)'),$);
#5169=IFCPROPERTYSET('1v7w0cU9f6EhakcSnn27Gw',$,'MF_Library',$,(#5170,#5171,#5172,#5173,#5174,#5175,#5176,#5177,#5178,#5179));
#5170=IFCPROPERTYSINGLEVALUE('Key',$,IFCLABEL('steel_tee_wt'),$);
#5171=IFCPROPERTYSINGLEVALUE('Family',$,IFCLABEL('WT Structural Tee'),$);
#5172=IFCPROPERTYSINGLEVALUE('TypeName',$,IFCLABEL('WT10.5X31'),$);
#5173=IFCPROPERTYSINGLEVALUE('Version',$,IFCLABEL('0.1.0'),$);
#5174=IFCPROPERTYSINGLEVALUE('License',$,IFCLABEL('CC0-1.0'),$);
#5175=IFCPROPERTYSINGLEVALUE('Source',$,IFCLABEL('massing-families'),$);
#5176=IFCPROPERTYSINGLEVALUE('Tier',$,IFCLABEL('L300'),$);
#5177=IFCPROPERTYSINGLEVALUE('Builder',$,IFCLABEL('profile'),$);
#5178=IFCPROPERTYSINGLEVALUE('Discipline',$,IFCLABEL('structural'),$);
#5179=IFCPROPERTYSINGLEVALUE('GeometryStatus',$,IFCLABEL('parametric'),$);
#5180=IFCPROPERTYSET('0szehYBmDE_x7fTZuXvo_4',$,'MF_Quantities',$,(#5181,#5182,#5183,#5184,#5185));
#5181=IFCPROPERTYSINGLEVALUE('NominalWidth',$,IFCREAL(0.20929600000000001),$);
#5182=IFCPROPERTYSINGLEVALUE('NominalDepth',$,IFCREAL(0.26669999999999999),$);
#5183=IFCPROPERTYSINGLEVALUE('NominalHeight',$,IFCREAL(3.048),$);
#5184=IFCPROPERTYSINGLEVALUE('NominalFootprintArea',$,IFCREAL(0.055819000000000001),$);
#5185=IFCPROPERTYSINGLEVALUE('NominalVolume',$,IFCREAL(0.17013700000000001),$);
#5186=IFCMEMBERTYPE('1OCB1obpb3NeyNS$Pb2UDc',$,'WT Structural Tee - WT10.5X27.5',$,$,(#5203,#5207,#5218),(#5202),$,$,.NOTDEFINED.);
#5187=IFCCARTESIANPOINT((0.,0.));
#5188=IFCDIRECTION((1.,0.));
#5189=IFCAXIS2PLACEMENT2D(#5187,#5188);
#5190=IFCTSHAPEPROFILEDEF(.AREA.,'WT10.5X27.5',#5189,0.26416000000000001,0.208788,0.0095250000000000005,0.013258799999999999,0.012649199999999999,$,$,$,$);
#5191=IFCCARTESIANPOINT((0.,0.,0.));
#5192=IFCDIRECTION((0.,0.,1.));
#5193=IFCDIRECTION((1.,0.,0.));
#5194=IFCAXIS2PLACEMENT3D(#5191,#5192,#5193);
#5195=IFCDIRECTION((0.,0.,1.));
#5196=IFCEXTRUDEDAREASOLID(#5190,#5194,#5195,3.048);
#5197=IFCSHAPEREPRESENTATION(#11,'Body','SweptSolid',(#5196));
#5198=IFCCARTESIANPOINT((0.,0.,0.));
#5199=IFCDIRECTION((1.,0.,0.));
#5200=IFCDIRECTION((0.,0.,1.));
#5201=IFCAXIS2PLACEMENT3D(#5198,#5200,#5199);
#5202=IFCREPRESENTATIONMAP(#5201,#5197);
#5203=IFCPROPERTYSET('3LKziSkInCUeDKPVGS2FYh',$,'MF_Structural',$,(#5204,#5205,#5206));
#5204=IFCPROPERTYSINGLEVALUE('Section',$,IFCLABEL('WT10.5X27.5'),$);
#5205=IFCPROPERTYSINGLEVALUE('SectionFamily',$,IFCLABEL('WT'),$);
#5206=IFCPROPERTYSINGLEVALUE('SectionSource',$,IFCLABEL('AISC Shapes Database v15.0 (US)'),$);
#5207=IFCPROPERTYSET('3lrVOP3If5CgfjaCk3cIA8',$,'MF_Library',$,(#5208,#5209,#5210,#5211,#5212,#5213,#5214,#5215,#5216,#5217));
#5208=IFCPROPERTYSINGLEVALUE('Key',$,IFCLABEL('steel_tee_wt'),$);
#5209=IFCPROPERTYSINGLEVALUE('Family',$,IFCLABEL('WT Structural Tee'),$);
#5210=IFCPROPERTYSINGLEVALUE('TypeName',$,IFCLABEL('WT10.5X27.5'),$);
#5211=IFCPROPERTYSINGLEVALUE('Version',$,IFCLABEL('0.1.0'),$);
#5212=IFCPROPERTYSINGLEVALUE('License',$,IFCLABEL('CC0-1.0'),$);
#5213=IFCPROPERTYSINGLEVALUE('Source',$,IFCLABEL('massing-families'),$);
#5214=IFCPROPERTYSINGLEVALUE('Tier',$,IFCLABEL('L300'),$);
#5215=IFCPROPERTYSINGLEVALUE('Builder',$,IFCLABEL('profile'),$);
#5216=IFCPROPERTYSINGLEVALUE('Discipline',$,IFCLABEL('structural'),$);
#5217=IFCPROPERTYSINGLEVALUE('GeometryStatus',$,IFCLABEL('parametric'),$);
#5218=IFCPROPERTYSET('1PQQz8Uub67RsDYdj4b4oe',$,'MF_Quantities',$,(#5219,#5220,#5221,#5222,#5223));
#5219=IFCPROPERTYSINGLEVALUE('NominalWidth',$,IFCREAL(0.208788),$);
#5220=IFCPROPERTYSINGLEVALUE('NominalDepth',$,IFCREAL(0.26416000000000001),$);
#5221=IFCPROPERTYSINGLEVALUE('NominalHeight',$,IFCREAL(3.048),$);
#5222=IFCPROPERTYSINGLEVALUE('NominalFootprintArea',$,IFCREAL(0.055153000000000001),$);
#5223=IFCPROPERTYSINGLEVALUE('NominalVolume',$,IFCREAL(0.16810800000000001),$);
#5224=IFCMEMBERTYPE('2dUt_Cu3PBqxcQw5vMzi2w',$,'WT Structural Tee - WT10.5X24',$,$,(#5241,#5245,#5256),(#5240),$,$,.NOTDEFINED.);
#5225=IFCCARTESIANPOINT((0.,0.));
#5226=IFCDIRECTION((1.,0.));
#5227=IFCAXIS2PLACEMENT2D(#5225,#5226);
#5228=IFCTSHAPEPROFILEDEF(.AREA.,'WT10.5X24',#5227,0.26162000000000002,0.206756,0.0088900000000000003,0.010921999999999999,0.012699999999999999,$,$,$,$);
#5229=IFCCARTESIANPOINT((0.,0.,0.));
#5230=IFCDIRECTION((0.,0.,1.));
#5231=IFCDIRECTION((1.,0.,0.));
#5232=IFCAXIS2PLACEMENT3D(#5229,#5230,#5231);
#5233=IFCDIRECTION((0.,0.,1.));
#5234=IFCEXTRUDEDAREASOLID(#5228,#5232,#5233,3.048);
#5235=IFCSHAPEREPRESENTATION(#11,'Body','SweptSolid',(#5234));
#5236=IFCCARTESIANPOINT((0.,0.,0.));
#5237=IFCDIRECTION((1.,0.,0.));
#5238=IFCDIRECTION((0.,0.,1.));
#5239=IFCAXIS2PLACEMENT3D(#5236,#5238,#5237);
#5240=IFCREPRESENTATIONMAP(#5239,#5235);
#5241=IFCPROPERTYSET('041W_L5TH3Iu45$aoHciT2',$,'MF_Structural',$,(#5242,#5243,#5244));
#5242=IFCPROPERTYSINGLEVALUE('Section',$,IFCLABEL('WT10.5X24'),$);
#5243=IFCPROPERTYSINGLEVALUE('SectionFamily',$,IFCLABEL('WT'),$);
#5244=IFCPROPERTYSINGLEVALUE('SectionSource',$,IFCLABEL('AISC Shapes Database v15.0 (US)'),$);
#5245=IFCPROPERTYSET('122jldNJb1fu2Sg94qtBel',$,'MF_Library',$,(#5246,#5247,#5248,#5249,#5250,#5251,#5252,#5253,#5254,#5255));
#5246=IFCPROPERTYSINGLEVALUE('Key',$,IFCLABEL('steel_tee_wt'),$);
#5247=IFCPROPERTYSINGLEVALUE('Family',$,IFCLABEL('WT Structural Tee'),$);
#5248=IFCPROPERTYSINGLEVALUE('TypeName',$,IFCLABEL('WT10.5X24'),$);
#5249=IFCPROPERTYSINGLEVALUE('Version',$,IFCLABEL('0.1.0'),$);
#5250=IFCPROPERTYSINGLEVALUE('License',$,IFCLABEL('CC0-1.0'),$);
#5251=IFCPROPERTYSINGLEVALUE('Source',$,IFCLABEL('massing-families'),$);
#5252=IFCPROPERTYSINGLEVALUE('Tier',$,IFCLABEL('L300'),$);
#5253=IFCPROPERTYSINGLEVALUE('Builder',$,IFCLABEL('profile'),$);
#5254=IFCPROPERTYSINGLEVALUE('Discipline',$,IFCLABEL('structural'),$);
#5255=IFCPROPERTYSINGLEVALUE('GeometryStatus',$,IFCLABEL('parametric'),$);
#5256=IFCPROPERTYSET('2chk$R4a12EhwjyVqD6aRO',$,'MF_Quantities',$,(#5257,#5258,#5259,#5260,#5261));
#5257=IFCPROPERTYSINGLEVALUE('NominalWidth',$,IFCREAL(0.206756),$);
#5258=IFCPROPERTYSINGLEVALUE('NominalDepth',$,IFCREAL(0.26162000000000002),$);
#5259=IFCPROPERTYSINGLEVALUE('NominalHeight',$,IFCREAL(3.048),$);
#5260=IFCPROPERTYSINGLEVALUE('NominalFootprintArea',$,IFCREAL(0.054092000000000001),$);
#5261=IFCPROPERTYSINGLEVALUE('NominalVolume',$,IFCREAL(0.16487099999999999),$);
#5262=IFCMEMBERTYPE('0C98l45t15G8ETN3XOQu5l',$,'WT Structural Tee - WT10.5X28.5',$,$,(#5279,#5283,#5294),(#5278),$,$,.NOTDEFINED.);
#5263=IFCCARTESIANPOINT((0.,0.));
#5264=IFCDIRECTION((1.,0.));
#5265=IFCAXIS2PLACEMENT2D(#5263,#5264);
#5266=IFCTSHAPEPROFILEDEF(.AREA.,'WT10.5X28.5',#5265,0.26669999999999999,0.16662399999999999,0.010286999999999999,0.01651,0.012699999999999999,$,$,$,$);
#5267=IFCCARTESIANPOINT((0.,0.,0.));
#5268=IFCDIRECTION((0.,0.,1.));
#5269=IFCDIRECTION((1.,0.,0.));
#5270=IFCAXIS2PLACEMENT3D(#5267,#5268,#5269);
#5271=IFCDIRECTION((0.,0.,1.));
#5272=IFCEXTRUDEDAREASOLID(#5266,#5270,#5271,3.048);
#5273=IFCSHAPEREPRESENTATION(#11,'Body','SweptSolid',(#5272));
#5274=IFCCARTESIANPOINT((0.,0.,0.));
#5275=IFCDIRECTION((1.,0.,0.));
#5276=IFCDIRECTION((0.,0.,1.));
#5277=IFCAXIS2PLACEMENT3D(#5274,#5276,#5275);
#5278=IFCREPRESENTATIONMAP(#5277,#5273);
#5279=IFCPROPERTYSET('1eg_3NO2j62QC8RLc5PdYT',$,'MF_Structural',$,(#5280,#5281,#5282));
#5280=IFCPROPERTYSINGLEVALUE('Section',$,IFCLABEL('WT10.5X28.5'),$);
#5281=IFCPROPERTYSINGLEVALUE('SectionFamily',$,IFCLABEL('WT'),$);
#5282=IFCPROPERTYSINGLEVALUE('SectionSource',$,IFCLABEL('AISC Shapes Database v15.0 (US)'),$);
#5283=IFCPROPERTYSET('2TqDTdaf9ANQigipcRm45I',$,'MF_Library',$,(#5284,#5285,#5286,#5287,#5288,#5289,#5290,#5291,#5292,#5293));
#5284=IFCPROPERTYSINGLEVALUE('Key',$,IFCLABEL('steel_tee_wt'),$);
#5285=IFCPROPERTYSINGLEVALUE('Family',$,IFCLABEL('WT Structural Tee'),$);
#5286=IFCPROPERTYSINGLEVALUE('TypeName',$,IFCLABEL('WT10.5X28.5'),$);
#5287=IFCPROPERTYSINGLEVALUE('Version',$,IFCLABEL('0.1.0'),$);
#5288=IFCPROPERTYSINGLEVALUE('License',$,IFCLABEL('CC0-1.0'),$);
#5289=IFCPROPERTYSINGLEVALUE('Source',$,IFCLABEL('massing-families'),$);
#5290=IFCPROPERTYSINGLEVALUE('Tier',$,IFCLABEL('L300'),$);
#5291=IFCPROPERTYSINGLEVALUE('Builder',$,IFCLABEL('profile'),$);
#5292=IFCPROPERTYSINGLEVALUE('Discipline',$,IFCLABEL('structural'),$);
#5293=IFCPROPERTYSINGLEVALUE('GeometryStatus',$,IFCLABEL('parametric'),$);
#5294=IFCPROPERTYSET('3Tjx$8jwzEuQOPioXoM5nv',$,'MF_Quantities',$,(#5295,#5296,#5297,#5298,#5299));
#5295=IFCPROPERTYSINGLEVALUE('NominalWidth',$,IFCREAL(0.16662399999999999),$);
#5296=IFCPROPERTYSINGLEVALUE('NominalDepth',$,IFCREAL(0.26669999999999999),$);
#5297=IFCPROPERTYSINGLEVALUE('NominalHeight',$,IFCREAL(3.048),$);
#5298=IFCPROPERTYSINGLEVALUE('NominalFootprintArea',$,IFCREAL(0.044438999999999999),$);
#5299=IFCPROPERTYSINGLEVALUE('NominalVolume',$,IFCREAL(0.13544900000000001),$);
#5300=IFCMEMBERTYPE('1ORKoPRr19LuvRPWmXWSao',$,'WT Structural Tee - WT10.5X25',$,$,(#5317,#5321,#5332),(#5316),$,$,.NOTDEFINED.);
#5301=IFCCARTESIANPOINT((0.,0.));
#5302=IFCDIRECTION((1.,0.));
#5303=IFCAXIS2PLACEMENT2D(#5301,#5302);
#5304=IFCTSHAPEPROFILEDEF(.AREA.,'WT10.5X25',#5303,0.26416000000000001,0.16586200000000001,0.0096520000000000009,0.013589,0.012827,$,$,$,$);
#5305=IFCCARTESIANPOINT((0.,0.,0.));
#5306=IFCDIRECTION((0.,0.,1.));
#5307=IFCDIRECTION((1.,0.,0.));
#5308=IFCAXIS2PLACEMENT3D(#5305,#5306,#5307);
#5309=IFCDIRECTION((0.,0.,1.));
#5310=IFCEXTRUDEDAREASOLID(#5304,#5308,#5309,3.048);
#5311=IFCSHAPEREPRESENTATION(#11,'Body','SweptSolid',(#5310));
#5312=IFCCARTESIANPOINT((0.,0.,0.));
#5313=IFCDIRECTION((1.,0.,0.));
#5314=IFCDIRECTION((0.,0.,1.));
#5315=IFCAXIS2PLACEMENT3D(#5312,#5314,#5313);
#5316=IFCREPRESENTATIONMAP(#5315,#5311);
#5317=IFCPROPERTYSET('3LUcwRp$96N8oxLNfzs9vD',$,'MF_Structural',$,(#5318,#5319,#5320));
#5318=IFCPROPERTYSINGLEVALUE('Section',$,IFCLABEL('WT10.5X25'),$);
#5319=IFCPROPERTYSINGLEVALUE('SectionFamily',$,IFCLABEL('WT'),$);
#5320=IFCPROPERTYSINGLEVALUE('SectionSource',$,IFCLABEL('AISC Shapes Database v15.0 (US)'),$);
#5321=IFCPROPERTYSET('0UYnxb5UP2yPMuCiqOLlnr',$,'MF_Library',$,(#5322,#5323,#5324,#5325,#5326,#5327,#5328,#5329,#5330,#5331));
#5322=IFCPROPERTYSINGLEVALUE('Key',$,IFCLABEL('steel_tee_wt'),$);
#5323=IFCPROPERTYSINGLEVALUE('Family',$,IFCLABEL('WT Structural Tee'),$);
#5324=IFCPROPERTYSINGLEVALUE('TypeName',$,IFCLABEL('WT10.5X25'),$);
#5325=IFCPROPERTYSINGLEVALUE('Version',$,IFCLABEL('0.1.0'),$);
#5326=IFCPROPERTYSINGLEVALUE('License',$,IFCLABEL('CC0-1.0'),$);
#5327=IFCPROPERTYSINGLEVALUE('Source',$,IFCLABEL('massing-families'),$);
#5328=IFCPROPERTYSINGLEVALUE('Tier',$,IFCLABEL('L300'),$);
#5329=IFCPROPERTYSINGLEVALUE('Builder',$,IFCLABEL('profile'),$);
#5330=IFCPROPERTYSINGLEVALUE('Discipline',$,IFCLABEL('structural'),$);
#5331=IFCPROPERTYSINGLEVALUE('GeometryStatus',$,IFCLABEL('parametric'),$);
#5332=IFCPROPERTYSET('1iKQYSXOv5XhwJNeH4rIU6',$,'MF_Quantities',$,(#5333,#5334,#5335,#5336,#5337));
#5333=IFCPROPERTYSINGLEVALUE('NominalWidth',$,IFCREAL(0.16586200000000001),$);
#5334=IFCPROPERTYSINGLEVALUE('NominalDepth',$,IFCREAL(0.26416000000000001),$);
#5335=IFCPROPERTYSINGLEVALUE('NominalHeight',$,IFCREAL(3.048),$);
#5336=IFCPROPERTYSINGLEVALUE('NominalFootprintArea',$,IFCREAL(0.043813999999999999),$);
#5337=IFCPROPERTYSINGLEVALUE('NominalVolume',$,IFCREAL(0.133545),$);
#5338=IFCMEMBERTYPE('2$yrNrdar8ZATMUm8VIdgw',$,'WT Structural Tee - WT10.5X22',$,$,(#5355,#5359,#5370),(#5354),$,$,.NOTDEFINED.);
#5339=IFCCARTESIANPOINT((0.,0.));
#5340=IFCDIRECTION((1.,0.));
#5341=IFCAXIS2PLACEMENT2D(#5339,#5340);
#5342=IFCTSHAPEPROFILEDEF(.AREA.,'WT10.5X22',#5341,0.26162000000000002,0.1651,0.0088900000000000003,0.011429999999999999,0.012699999999999999,$,$,$,$);
#5343=IFCCARTESIANPOINT((0.,0.,0.));
#5344=IFCDIRECTION((0.,0.,1.));
#5345=IFCDIRECTION((1.,0.,0.));
#5346=IFCAXIS2PLACEMENT3D(#5343,#5344,#5345);
#5347=IFCDIRECTION((0.,0.,1.));
#5348=IFCEXTRUDEDAREASOLID(#5342,#5346,#5347,3.048);
#5349=IFCSHAPEREPRESENTATION(#11,'Body','SweptSolid',(#5348));
#5350=IFCCARTESIANPOINT((0.,0.,0.));
#5351=IFCDIRECTION((1.,0.,0.));
#5352=IFCDIRECTION((0.,0.,1.));
#5353=IFCAXIS2PLACEMENT3D(#5350,#5352,#5351);
#5354=IFCREPRESENTATIONMAP(#5353,#5349);
#5355=IFCPROPERTYSET('1$g0rk94zDCw1mt5lnvfdh',$,'MF_Structural',$,(#5356,#5357,#5358));
#5356=IFCPROPERTYSINGLEVALUE('Section',$,IFCLABEL('WT10.5X22'),$);
#5357=IFCPROPERTYSINGLEVALUE('SectionFamily',$,IFCLABEL('WT'),$);
#5358=IFCPROPERTYSINGLEVALUE('SectionSource',$,IFCLABEL('AISC Shapes Database v15.0 (US)'),$);
#5359=IFCPROPERTYSET('1LGzsLp$j49g$bHwtV15Fx',$,'MF_Library',$,(#5360,#5361,#5362,#5363,#5364,#5365,#5366,#5367,#5368,#5369));
#5360=IFCPROPERTYSINGLEVALUE('Key',$,IFCLABEL('steel_tee_wt'),$);
#5361=IFCPROPERTYSINGLEVALUE('Family',$,IFCLABEL('WT Structural Tee'),$);
#5362=IFCPROPERTYSINGLEVALUE('TypeName',$,IFCLABEL('WT10.5X22'),$);
#5363=IFCPROPERTYSINGLEVALUE('Version',$,IFCLABEL('0.1.0'),$);
#5364=IFCPROPERTYSINGLEVALUE('License',$,IFCLABEL('CC0-1.0'),$);
#5365=IFCPROPERTYSINGLEVALUE('Source',$,IFCLABEL('massing-families'),$);
#5366=IFCPROPERTYSINGLEVALUE('Tier',$,IFCLABEL('L300'),$);
#5367=IFCPROPERTYSINGLEVALUE('Builder',$,IFCLABEL('profile'),$);
#5368=IFCPROPERTYSINGLEVALUE('Discipline',$,IFCLABEL('structural'),$);
#5369=IFCPROPERTYSINGLEVALUE('GeometryStatus',$,IFCLABEL('parametric'),$);
#5370=IFCPROPERTYSET('2GRcdkPTj26Azeqr$Cy8eB',$,'MF_Quantities',$,(#5371,#5372,#5373,#5374,#5375));
#5371=IFCPROPERTYSINGLEVALUE('NominalWidth',$,IFCREAL(0.1651),$);
#5372=IFCPROPERTYSINGLEVALUE('NominalDepth',$,IFCREAL(0.26162000000000002),$);
#5373=IFCPROPERTYSINGLEVALUE('NominalHeight',$,IFCREAL(3.048),$);
#5374=IFCPROPERTYSINGLEVALUE('NominalFootprintArea',$,IFCREAL(0.043193000000000002),$);
#5375=IFCPROPERTYSINGLEVALUE('NominalVolume',$,IFCREAL(0.13165399999999999),$);
#5376=IFCMEMBERTYPE('0aNWFcXCT9DOuzuSrEpZct',$,'WT Structural Tee - WT9X155.5',$,$,(#5393,#5397,#5408),(#5392),$,$,.NOTDEFINED.);
#5377=IFCCARTESIANPOINT((0.,0.));
#5378=IFCDIRECTION((1.,0.));
#5379=IFCAXIS2PLACEMENT2D(#5377,#5378);
#5380=IFCTSHAPEPROFILEDEF(.AREA.,'WT9X155.5',#5379,0.28448000000000001,0.30480000000000002,0.038608000000000003,0.069596000000000005,0.012699999999999999,$,$,$,$);
#5381=IFCCARTESIANPOINT((0.,0.,0.));
#5382=IFCDIRECTION((0.,0.,1.));
#5383=IFCDIRECTION((1.,0.,0.));
#5384=IFCAXIS2PLACEMENT3D(#5381,#5382,#5383);
#5385=IFCDIRECTION((0.,0.,1.));
#5386=IFCEXTRUDEDAREASOLID(#5380,#5384,#5385,3.048);
#5387=IFCSHAPEREPRESENTATION(#11,'Body','SweptSolid',(#5386));
#5388=IFCCARTESIANPOINT((0.,0.,0.));
#5389=IFCDIRECTION((1.,0.,0.));
#5390=IFCDIRECTION((0.,0.,1.));
#5391=IFCAXIS2PLACEMENT3D(#5388,#5390,#5389);
#5392=IFCREPRESENTATIONMAP(#5391,#5387);
#5393=IFCPROPERTYSET('2b0rluanHAA8pdlBLu3_ap',$,'MF_Structural',$,(#5394,#5395,#5396));
#5394=IFCPROPERTYSINGLEVALUE('Section',$,IFCLABEL('WT9X155.5'),$);
#5395=IFCPROPERTYSINGLEVALUE('SectionFamily',$,IFCLABEL('WT'),$);
#5396=IFCPROPERTYSINGLEVALUE('SectionSource',$,IFCLABEL('AISC Shapes Database v15.0 (US)'),$);
#5397=IFCPROPERTYSET('306lPp41rDHvhpuZfqBoJp',$,'MF_Library',$,(#5398,#5399,#5400,#5401,#5402,#5403,#5404,#5405,#5406,#5407));
#5398=IFCPROPERTYSINGLEVALUE('Key',$,IFCLABEL('steel_tee_wt'),$);
#5399=IFCPROPERTYSINGLEVALUE('Family',$,IFCLABEL('WT Structural Tee'),$);
#5400=IFCPROPERTYSINGLEVALUE('TypeName',$,IFCLABEL('WT9X155.5'),$);
#5401=IFCPROPERTYSINGLEVALUE('Version',$,IFCLABEL('0.1.0'),$);
#5402=IFCPROPERTYSINGLEVALUE('License',$,IFCLABEL('CC0-1.0'),$);
#5403=IFCPROPERTYSINGLEVALUE('Source',$,IFCLABEL('massing-families'),$);
#5404=IFCPROPERTYSINGLEVALUE('Tier',$,IFCLABEL('L300'),$);
#5405=IFCPROPERTYSINGLEVALUE('Builder',$,IFCLABEL('profile'),$);
#5406=IFCPROPERTYSINGLEVALUE('Discipline',$,IFCLABEL('structural'),$);
#5407=IFCPROPERTYSINGLEVALUE('GeometryStatus',$,IFCLABEL('parametric'),$);
#5408=IFCPROPERTYSET('0WenpjTnfEXOne7x3DwWSm',$,'MF_Quantities',$,(#5409,#5410,#5411,#5412,#5413));
#5409=IFCPROPERTYSINGLEVALUE('NominalWidth',$,IFCREAL(0.30480000000000002),$);
#5410=IFCPROPERTYSINGLEVALUE('NominalDepth',$,IFCREAL(0.28448000000000001),$);
#5411=IFCPROPERTYSINGLEVALUE('NominalHeight',$,IFCREAL(3.048),$);
#5412=IFCPROPERTYSINGLEVALUE('NominalFootprintArea',$,IFCREAL(0.086709999999999995),$);
#5413=IFCPROPERTYSINGLEVALUE('NominalVolume',$,IFCREAL(0.264291),$);
#5414=IFCMEMBERTYPE('3CWqem79r90wtA9tF21ljZ',$,'WT Structural Tee - WT9X141.5',$,$,(#5431,#5435,#5446),(#5430),$,$,.NOTDEFINED.);
#5415=IFCCARTESIANPOINT((0.,0.));
#5416=IFCDIRECTION((1.,0.));
#5417=IFCAXIS2PLACEMENT2D(#5415,#5416);
#5418=IFCTSHAPEPROFILEDEF(.AREA.,'WT9X141.5',#5417,0.27685999999999999,0.30225999999999997,0.035560000000000001,0.063500000000000001,0.012699999999999999,$,$,$,$);
#5419=IFCCARTESIANPOINT((0.,0.,0.));
#5420=IFCDIRECTION((0.,0.,1.));
#5421=IFCDIRECTION((1.,0.,0.));
#5422=IFCAXIS2PLACEMENT3D(#5419,#5420,#5421);
#5423=IFCDIRECTION((0.,0.,1.));
#5424=IFCEXTRUDEDAREASOLID(#5418,#5422,#5423,3.048);
#5425=IFCSHAPEREPRESENTATION(#11,'Body','SweptSolid',(#5424));
#5426=IFCCARTESIANPOINT((0.,0.,0.));
#5427=IFCDIRECTION((1.,0.,0.));
#5428=IFCDIRECTION((0.,0.,1.));
#5429=IFCAXIS2PLACEMENT3D(#5426,#5428,#5427);
#5430=IFCREPRESENTATIONMAP(#5429,#5425);
#5431=IFCPROPERTYSET('2Aa7N3YkHEfgbYJ8_MosZT',$,'MF_Structural',$,(#5432,#5433,#5434));
#5432=IFCPROPERTYSINGLEVALUE('Section',$,IFCLABEL('WT9X141.5'),$);
#5433=IFCPROPERTYSINGLEVALUE('SectionFamily',$,IFCLABEL('WT'),$);
#5434=IFCPROPERTYSINGLEVALUE('SectionSource',$,IFCLABEL('AISC Shapes Database v15.0 (US)'),$);
#5435=IFCPROPERTYSET('19pULrS45FPO5dC8Gqp0Q4',$,'MF_Library',$,(#5436,#5437,#5438,#5439,#5440,#5441,#5442,#5443,#5444,#5445));
#5436=IFCPROPERTYSINGLEVALUE('Key',$,IFCLABEL('steel_tee_wt'),$);
#5437=IFCPROPERTYSINGLEVALUE('Family',$,IFCLABEL('WT Structural Tee'),$);
#5438=IFCPROPERTYSINGLEVALUE('TypeName',$,IFCLABEL('WT9X141.5'),$);
#5439=IFCPROPERTYSINGLEVALUE('Version',$,IFCLABEL('0.1.0'),$);
#5440=IFCPROPERTYSINGLEVALUE('License',$,IFCLABEL('CC0-1.0'),$);
#5441=IFCPROPERTYSINGLEVALUE('Source',$,IFCLABEL('massing-families'),$);
#5442=IFCPROPERTYSINGLEVALUE('Tier',$,IFCLABEL('L300'),$);
#5443=IFCPROPERTYSINGLEVALUE('Builder',$,IFCLABEL('profile'),$);
#5444=IFCPROPERTYSINGLEVALUE('Discipline',$,IFCLABEL('structural'),$);
#5445=IFCPROPERTYSINGLEVALUE('GeometryStatus',$,IFCLABEL('parametric'),$);
#5446=IFCPROPERTYSET('3eAHQJBVvEPOyGa9uoT6xd',$,'MF_Quantities',$,(#5447,#5448,#5449,#5450,#5451));
#5447=IFCPROPERTYSINGLEVALUE('NominalWidth',$,IFCREAL(0.30225999999999997),$);
#5448=IFCPROPERTYSINGLEVALUE('NominalDepth',$,IFCREAL(0.27685999999999999),$);
#5449=IFCPROPERTYSINGLEVALUE('NominalHeight',$,IFCREAL(3.048),$);
#5450=IFCPROPERTYSINGLEVALUE('NominalFootprintArea',$,IFCREAL(0.083683999999999995),$);
#5451=IFCPROPERTYSINGLEVALUE('NominalVolume',$,IFCREAL(0.25506800000000002),$);
#5452=IFCMEMBERTYPE('3gPeVFDz18$PlmXU3omnMc',$,'WT Structural Tee - WT9X129',$,$,(#5469,#5473,#5484),(#5468),$,$,.NOTDEFINED.);
#5453=IFCCARTESIANPOINT((0.,0.));
#5454=IFCDIRECTION((1.,0.));
#5455=IFCAXIS2PLACEMENT2D(#5453,#5454);
#5456=IFCTSHAPEPROFILEDEF(.AREA.,'WT9X129',#5455,0.27178000000000002,0.29971999999999999,0.032511999999999999,0.05842,0.010160000000000001,$,$,$,$);
#5457=IFCCARTESIANPOINT((0.,0.,0.));
#5458=IFCDIRECTION((0.,0.,1.));
#5459=IFCDIRECTION((1.,0.,0.));
#5460=IFCAXIS2PLACEMENT3D(#5457,#5458,#5459);
#5461=IFCDIRECTION((0.,0.,1.));
#5462=IFCEXTRUDEDAREASOLID(#5456,#5460,#5461,3.048);
#5463=IFCSHAPEREPRESENTATION(#11,'Body','SweptSolid',(#5462));
#5464=IFCCARTESIANPOINT((0.,0.,0.));
#5465=IFCDIRECTION((1.,0.,0.));
#5466=IFCDIRECTION((0.,0.,1.));
#5467=IFCAXIS2PLACEMENT3D(#5464,#5466,#5465);
#5468=IFCREPRESENTATIONMAP(#5467,#5463);
#5469=IFCPROPERTYSET('3nNseSax90Vu1oj1Qc24OY',$,'MF_Structural',$,(#5470,#5471,#5472));
#5470=IFCPROPERTYSINGLEVALUE('Section',$,IFCLABEL('WT9X129'),$);
#5471=IFCPROPERTYSINGLEVALUE('SectionFamily',$,IFCLABEL('WT'),$);
#5472=IFCPROPERTYSINGLEVALUE('SectionSource',$,IFCLABEL('AISC Shapes Database v15.0 (US)'),$);
#5473=IFCPROPERTYSET('2C7isjf5b7zQ14JwJatvjS',$,'MF_Library',$,(#5474,#5475,#5476,#5477,#5478,#5479,#5480,#5481,#5482,#5483));
#5474=IFCPROPERTYSINGLEVALUE('Key',$,IFCLABEL('steel_tee_wt'),$);
#5475=IFCPROPERTYSINGLEVALUE('Family',$,IFCLABEL('WT Structural Tee'),$);
#5476=IFCPROPERTYSINGLEVALUE('TypeName',$,IFCLABEL('WT9X129'),$);
#5477=IFCPROPERTYSINGLEVALUE('Version',$,IFCLABEL('0.1.0'),$);
#5478=IFCPROPERTYSINGLEVALUE('License',$,IFCLABEL('CC0-1.0'),$);
#5479=IFCPROPERTYSINGLEVALUE('Source',$,IFCLABEL('massing-families'),$);
#5480=IFCPROPERTYSINGLEVALUE('Tier',$,IFCLABEL('L300'),$);
#5481=IFCPROPERTYSINGLEVALUE('Builder',$,IFCLABEL('profile'),$);
#5482=IFCPROPERTYSINGLEVALUE('Discipline',$,IFCLABEL('structural'),$);
#5483=IFCPROPERTYSINGLEVALUE('GeometryStatus',$,IFCLABEL('parametric'),$);
#5484=IFCPROPERTYSET('0pDXFruCPDXv9oZ_JHZW25',$,'MF_Quantities',$,(#5485,#5486,#5487,#5488,#5489));
#5485=IFCPROPERTYSINGLEVALUE('NominalWidth',$,IFCREAL(0.29971999999999999),$);
#5486=IFCPROPERTYSINGLEVALUE('NominalDepth',$,IFCREAL(0.27178000000000002),$);
#5487=IFCPROPERTYSINGLEVALUE('NominalHeight',$,IFCREAL(3.048),$);
#5488=IFCPROPERTYSINGLEVALUE('NominalFootprintArea',$,IFCREAL(0.081458000000000003),$);
#5489=IFCPROPERTYSINGLEVALUE('NominalVolume',$,IFCREAL(0.248284),$);
#5490=IFCMEMBERTYPE('3HIRJEDPrD6AFamXOZTaA5',$,'WT Structural Tee - WT9X117',$,$,(#5507,#5511,#5522),(#5506),$,$,.NOTDEFINED.);
#5491=IFCCARTESIANPOINT((0.,0.));
#5492=IFCDIRECTION((1.,0.));
#5493=IFCAXIS2PLACEMENT2D(#5491,#5492);
#5494=IFCTSHAPEPROFILEDEF(.AREA.,'WT9X117',#5493,0.26669999999999999,0.29718,0.029464000000000001,0.053594000000000003,0.010160000000000001,$,$,$,$);
#5495=IFCCARTESIANPOINT((0.,0.,0.));
#5496=IFCDIRECTION((0.,0.,1.));
#5497=IFCDIRECTION((1.,0.,0.));
#5498=IFCAXIS2PLACEMENT3D(#5495,#5496,#5497);
#5499=IFCDIRECTION((0.,0.,1.));
#5500=IFCEXTRUDEDAREASOLID(#5494,#5498,#5499,3.048);
#5501=IFCSHAPEREPRESENTATION(#11,'Body','SweptSolid',(#5500));
#5502=IFCCARTESIANPOINT((0.,0.,0.));
#5503=IFCDIRECTION((1.,0.,0.));
#5504=IFCDIRECTION((0.,0.,1.));
#5505=IFCAXIS2PLACEMENT3D(#5502,#5504,#5503);
#5506=IFCREPRESENTATIONMAP(#5505,#5501);
#5507=IFCPROPERTYSET('1fo7Iv57j1Ovk1nJu2QhFQ',$,'MF_Structural',$,(#5508,#5509,#5510));
#5508=IFCPROPERTYSINGLEVALUE('Section',$,IFCLABEL('WT9X117'),$);
#5509=IFCPROPERTYSINGLEVALUE('SectionFamily',$,IFCLABEL('WT'),$);
#5510=IFCPROPERTYSINGLEVALUE('SectionSource',$,IFCLABEL('AISC Shapes Database v15.0 (US)'),$);
#5511=IFCPROPERTYSET('0ihtFQvSj87g$HIqwtAaF7',$,'MF_Library',$,(#5512,#5513,#5514,#5515,#5516,#5517,#5518,#5519,#5520,#5521));
#5512=IFCPROPERTYSINGLEVALUE('Key',$,IFCLABEL('steel_tee_wt'),$);
#5513=IFCPROPERTYSINGLEVALUE('Family',$,IFCLABEL('WT Structural Tee'),$);
#5514=IFCPROPERTYSINGLEVALUE('TypeName',$,IFCLABEL('WT9X117'),$);
#5515=IFCPROPERTYSINGLEVALUE('Version',$,IFCLABEL('0.1.0'),$);
#5516=IFCPROPERTYSINGLEVALUE('License',$,IFCLABEL('CC0-1.0'),$);
#5517=IFCPROPERTYSINGLEVALUE('Source',$,IFCLABEL('massing-families'),$);
#5518=IFCPROPERTYSINGLEVALUE('Tier',$,IFCLABEL('L300'),$);
#5519=IFCPROPERTYSINGLEVALUE('Builder',$,IFCLABEL('profile'),$);
#5520=IFCPROPERTYSINGLEVALUE('Discipline',$,IFCLABEL('structural'),$);
#5521=IFCPROPERTYSINGLEVALUE('GeometryStatus',$,IFCLABEL('parametric'),$);
#5522=IFCPROPERTYSET('310SAGQmvAIRAyVWJ4ePEf',$,'MF_Quantities',$,(#5523,#5524,#5525,#5526,#5527));
#5523=IFCPROPERTYSINGLEVALUE('NominalWidth',$,IFCREAL(0.29718),$);
#5524=IFCPROPERTYSINGLEVALUE('NominalDepth',$,IFCREAL(0.26669999999999999),$);
#5525=IFCPROPERTYSINGLEVALUE('NominalHeight',$,IFCREAL(3.048),$);
#5526=IFCPROPERTYSINGLEVALUE('NominalFootprintArea',$,IFCREAL(0.079257999999999995),$);
#5527=IFCPROPERTYSINGLEVALUE('NominalVolume',$,IFCREAL(0.24157799999999999),$);
#5528=IFCMEMBERTYPE('348ZLMM1r3OQNUxhgVBrAu',$,'WT Structural Tee - WT9X105.5',$,$,(#5545,#5549,#5560),(#5544),$,$,.NOTDEFINED.);
#5529=IFCCARTESIANPOINT((0.,0.));
#5530=IFCDIRECTION((1.,0.));
#5531=IFCAXIS2PLACEMENT2D(#5529,#5530);
#5532=IFCTSHAPEPROFILEDEF(.AREA.,'WT9X105.5',#5531,0.26162000000000002,0.29464000000000001,0.026924,0.048514000000000002,0.010160000000000001,$,$,$,$);
#5533=IFCCARTESIANPOINT((0.,0.,0.));
#5534=IFCDIRECTION((0.,0.,1.));
#5535=IFCDIRECTION((1.,0.,0.));
#5536=IFCAXIS2PLACEMENT3D(#5533,#5534,#5535);
#5537=IFCDIRECTION((0.,0.,1.));
#5538=IFCEXTRUDEDAREASOLID(#5532,#5536,#5537,3.048);
#5539=IFCSHAPEREPRESENTATION(#11,'Body','SweptSolid',(#5538));
#5540=IFCCARTESIANPOINT((0.,0.,0.));
#5541=IFCDIRECTION((1.,0.,0.));
#5542=IFCDIRECTION((0.,0.,1.));
#5543=IFCAXIS2PLACEMENT3D(#5540,#5542,#5541);
#5544=IFCREPRESENTATIONMAP(#5543,#5539);
#5545=IFCPROPERTYSET('2kMg8LA8n8$xoxd5$nNJpf',$,'MF_Structural',$,(#5546,#5547,#5548));
#5546=IFCPROPERTYSINGLEVALUE('Section',$,IFCLABEL('WT9X105.5'),$);
#5547=IFCPROPERTYSINGLEVALUE('SectionFamily',$,IFCLABEL('WT'),$);
#5548=IFCPROPERTYSINGLEVALUE('SectionSource',$,IFCLABEL('AISC Shapes Database v15.0 (US)'),$);
#5549=IFCPROPERTYSET('0ey$qLEnf71eJLDXa7zpUB',$,'MF_Library',$,(#5550,#5551,#5552,#5553,#5554,#5555,#5556,#5557,#5558,#5559));
#5550=IFCPROPERTYSINGLEVALUE('Key',$,IFCLABEL('steel_tee_wt'),$);
#5551=IFCPROPERTYSINGLEVALUE('Family',$,IFCLABEL('WT Structural Tee'),$);
#5552=IFCPROPERTYSINGLEVALUE('TypeName',$,IFCLABEL('WT9X105.5'),$);
#5553=IFCPROPERTYSINGLEVALUE('Version',$,IFCLABEL('0.1.0'),$);
#5554=IFCPROPERTYSINGLEVALUE('License',$,IFCLABEL('CC0-1.0'),$);
#5555=IFCPROPERTYSINGLEVALUE('Source',$,IFCLABEL('massing-families'),$);
#5556=IFCPROPERTYSINGLEVALUE('Tier',$,IFCLABEL('L300'),$);
#5557=IFCPROPERTYSINGLEVALUE('Builder',$,IFCLABEL('profile'),$);
#5558=IFCPROPERTYSINGLEVALUE('Discipline',$,IFCLABEL('structural'),$);
#5559=IFCPROPERTYSINGLEVALUE('GeometryStatus',$,IFCLABEL('parametric'),$);
#5560=IFCPROPERTYSET('32wa2e_G55QAbD6LEY3zgA',$,'MF_Quantities',$,(#5561,#5562,#5563,#5564,#5565));
#5561=IFCPROPERTYSINGLEVALUE('NominalWidth',$,IFCREAL(0.29464000000000001),$);
#5562=IFCPROPERTYSINGLEVALUE('NominalDepth',$,IFCREAL(0.26162000000000002),$);
#5563=IFCPROPERTYSINGLEVALUE('NominalHeight',$,IFCREAL(3.048),$);
#5564=IFCPROPERTYSINGLEVALUE('NominalFootprintArea',$,IFCREAL(0.077084),$);
#5565=IFCPROPERTYSINGLEVALUE('NominalVolume',$,IFCREAL(0.23495099999999999),$);
#5566=IFCMEMBERTYPE('2dfdeB9J1EXevoWocPCXll',$,'WT Structural Tee - WT9X96',$,$,(#5583,#5587,#5598),(#5582),$,$,.NOTDEFINED.);
#5567=IFCCARTESIANPOINT((0.,0.));
#5568=IFCDIRECTION((1.,0.));
#5569=IFCAXIS2PLACEMENT2D(#5567,#5568);
#5570=IFCTSHAPEPROFILEDEF(.AREA.,'WT9X96',#5569,0.25907999999999998,0.29210000000000003,0.024383999999999999,0.044450000000000003,0.010160000000000001,$,$,$,$);
#5571=IFCCARTESIANPOINT((0.,0.,0.));
#5572=IFCDIRECTION((0.,0.,1.));
#5573=IFCDIRECTION((1.,0.,0.));
#5574=IFCAXIS2PLACEMENT3D(#5571,#5572,#5573);
#5575=IFCDIRECTION((0.,0.,1.));
#5576=IFCEXTRUDEDAREASOLID(#5570,#5574,#5575,3.048);
#5577=IFCSHAPEREPRESENTATION(#11,'Body','SweptSolid',(#5576));
#5578=IFCCARTESIANPOINT((0.,0.,0.));
#5579=IFCDIRECTION((1.,0.,0.));
#5580=IFCDIRECTION((0.,0.,1.));
#5581=IFCAXIS2PLACEMENT3D(#5578,#5580,#5579);
#5582=IFCREPRESENTATIONMAP(#5581,#5577);
#5583=IFCPROPERTYSET('3sWriHhMX2GOv7DgKKLhGP',$,'MF_Structural',$,(#5584,#5585,#5586));
#5584=IFCPROPERTYSINGLEVALUE('Section',$,IFCLABEL('WT9X96'),$);
#5585=IFCPROPERTYSINGLEVALUE('SectionFamily',$,IFCLABEL('WT'),$);
#5586=IFCPROPERTYSINGLEVALUE('SectionSource',$,IFCLABEL('AISC Shapes Database v15.0 (US)'),$);
#5587=IFCPROPERTYSET('0mr1F44F5CiPRUe7_ihueF',$,'MF_Library',$,(#5588,#5589,#5590,#5591,#5592,#5593,#5594,#5595,#5596,#5597));
#5588=IFCPROPERTYSINGLEVALUE('Key',$,IFCLABEL('steel_tee_wt'),$);
#5589=IFCPROPERTYSINGLEVALUE('Family',$,IFCLABEL('WT Structural Tee'),$);
#5590=IFCPROPERTYSINGLEVALUE('TypeName',$,IFCLABEL('WT9X96'),$);
#5591=IFCPROPERTYSINGLEVALUE('Version',$,IFCLABEL('0.1.0'),$);
#5592=IFCPROPERTYSINGLEVALUE('License',$,IFCLABEL('CC0-1.0'),$);
#5593=IFCPROPERTYSINGLEVALUE('Source',$,IFCLABEL('massing-families'),$);
#5594=IFCPROPERTYSINGLEVALUE('Tier',$,IFCLABEL('L300'),$);
#5595=IFCPROPERTYSINGLEVALUE('Builder',$,IFCLABEL('profile'),$);
#5596=IFCPROPERTYSINGLEVALUE('Discipline',$,IFCLABEL('structural'),$);
#5597=IFCPROPERTYSINGLEVALUE('GeometryStatus',$,IFCLABEL('parametric'),$);
#5598=IFCPROPERTYSET('1KUCQfNF1AbBhF90Rvt4I1',$,'MF_Quantities',$,(#5599,#5600,#5601,#5602,#5603));
#5599=IFCPROPERTYSINGLEVALUE('NominalWidth',$,IFCREAL(0.29210000000000003),$);
#5600=IFCPROPERTYSINGLEVALUE('NominalDepth',$,IFCREAL(0.25907999999999998),$);
#5601=IFCPROPERTYSINGLEVALUE('NominalHeight',$,IFCREAL(3.048),$);
#5602=IFCPROPERTYSINGLEVALUE('NominalFootprintArea',$,IFCREAL(0.075676999999999994),$);
#5603=IFCPROPERTYSINGLEVALUE('NominalVolume',$,IFCREAL(0.23066400000000001),$);
#5604=IFCMEMBERTYPE('1B7Bb8okHCvu_sfMPRDOgu',$,'WT Structural Tee - WT9X87.5',$,$,(#5621,#5625,#5636),(#5620),$,$,.NOTDEFINED.);
#5605=IFCCARTESIANPOINT((0.,0.));
#5606=IFCDIRECTION((1.,0.));
#5607=IFCAXIS2PLACEMENT2D(#5605,#5606);
#5608=IFCTSHAPEPROFILEDEF(.AREA.,'WT9X87.5',#5607,0.254,0.28955999999999998,0.022606000000000001,0.040385999999999998,0.010160000000000001,$,$,$,$);
#5609=IFCCARTESIANPOINT((0.,0.,0.));
#5610=IFCDIRECTION((0.,0.,1.));
#5611=IFCDIRECTION((1.,0.,0.));
#5612=IFCAXIS2PLACEMENT3D(#5609,#5610,#5611);
#5613=IFCDIRECTION((0.,0.,1.));
#5614=IFCEXTRUDEDAREASOLID(#5608,#5612,#5613,3.048);
#5615=IFCSHAPEREPRESENTATION(#11,'Body','SweptSolid',(#5614));
#5616=IFCCARTESIANPOINT((0.,0.,0.));
#5617=IFCDIRECTION((1.,0.,0.));
#5618=IFCDIRECTION((0.,0.,1.));
#5619=IFCAXIS2PLACEMENT3D(#5616,#5618,#5617);
#5620=IFCREPRESENTATIONMAP(#5619,#5615);
#5621=IFCPROPERTYSET('1QkGn3MC5DF8KP4LGSANmU',$,'MF_Structural',$,(#5622,#5623,#5624));
#5622=IFCPROPERTYSINGLEVALUE('Section',$,IFCLABEL('WT9X87.5'),$);
#5623=IFCPROPERTYSINGLEVALUE('SectionFamily',$,IFCLABEL('WT'),$);
#5624=IFCPROPERTYSINGLEVALUE('SectionSource',$,IFCLABEL('AISC Shapes Database v15.0 (US)'),$);
#5625=IFCPROPERTYSET('2eINRaMF5DUvRBsF4DCZxT',$,'MF_Library',$,(#5626,#5627,#5628,#5629,#5630,#5631,#5632,#5633,#5634,#5635));
#5626=IFCPROPERTYSINGLEVALUE('Key',$,IFCLABEL('steel_tee_wt'),$);
#5627=IFCPROPERTYSINGLEVALUE('Family',$,IFCLABEL('WT Structural Tee'),$);
#5628=IFCPROPERTYSINGLEVALUE('TypeName',$,IFCLABEL('WT9X87.5'),$);
#5629=IFCPROPERTYSINGLEVALUE('Version',$,IFCLABEL('0.1.0'),$);
#5630=IFCPROPERTYSINGLEVALUE('License',$,IFCLABEL('CC0-1.0'),$);
#5631=IFCPROPERTYSINGLEVALUE('Source',$,IFCLABEL('massing-families'),$);
#5632=IFCPROPERTYSINGLEVALUE('Tier',$,IFCLABEL('L300'),$);
#5633=IFCPROPERTYSINGLEVALUE('Builder',$,IFCLABEL('profile'),$);
#5634=IFCPROPERTYSINGLEVALUE('Discipline',$,IFCLABEL('structural'),$);
#5635=IFCPROPERTYSINGLEVALUE('GeometryStatus',$,IFCLABEL('parametric'),$);
#5636=IFCPROPERTYSET('1IkcqL7pj9kuneVp4A0nE6',$,'MF_Quantities',$,(#5637,#5638,#5639,#5640,#5641));
#5637=IFCPROPERTYSINGLEVALUE('NominalWidth',$,IFCREAL(0.28955999999999998),$);
#5638=IFCPROPERTYSINGLEVALUE('NominalDepth',$,IFCREAL(0.254),$);
#5639=IFCPROPERTYSINGLEVALUE('NominalHeight',$,IFCREAL(3.048),$);
#5640=IFCPROPERTYSINGLEVALUE('NominalFootprintArea',$,IFCREAL(0.073548000000000002),$);
#5641=IFCPROPERTYSINGLEVALUE('NominalVolume',$,IFCREAL(0.22417500000000001),$);
#5642=IFCMEMBERTYPE('1LgWvwp3T0qwEXavWvcDi9',$,'WT Structural Tee - WT9X79',$,$,(#5659,#5663,#5674),(#5658),$,$,.NOTDEFINED.);
#5643=IFCCARTESIANPOINT((0.,0.));
#5644=IFCDIRECTION((1.,0.));
#5645=IFCAXIS2PLACEMENT2D(#5643,#5644);
#5646=IFCTSHAPEPROFILEDEF(.AREA.,'WT9X79',#5645,0.250444,0.28702,0.020573999999999999,0.036575999999999997,0.010160000000000001,$,$,$,$);
#5647=IFCCARTESIANPOINT((0.,0.,0.));
#5648=IFCDIRECTION((0.,0.,1.));
#5649=IFCDIRECTION((1.,0.,0.));
#5650=IFCAXIS2PLACEMENT3D(#5647,#5648,#5649);
#5651=IFCDIRECTION((0.,0.,1.));
#5652=IFCEXTRUDEDAREASOLID(#5646,#5650,#5651,3.048);
#5653=IFCSHAPEREPRESENTATION(#11,'Body','SweptSolid',(#5652));
#5654=IFCCARTESIANPOINT((0.,0.,0.));
#5655=IFCDIRECTION((1.,0.,0.));
#5656=IFCDIRECTION((0.,0.,1.));
#5657=IFCAXIS2PLACEMENT3D(#5654,#5656,#5655);
#5658=IFCREPRESENTATIONMAP(#5657,#5653);
#5659=IFCPROPERTYSET('3Fec47Vh142vwkltJlL4an',$,'MF_Structural',$,(#5660,#5661,#5662));
#5660=IFCPROPERTYSINGLEVALUE('Section',$,IFCLABEL('WT9X79'),$);
#5661=IFCPROPERTYSINGLEVALUE('SectionFamily',$,IFCLABEL('WT'),$);
#5662=IFCPROPERTYSINGLEVALUE('SectionSource',$,IFCLABEL('AISC Shapes Database v15.0 (US)'),$);
#5663=IFCPROPERTYSET('1VD6iJdJTCoga58hKX$GAc',$,'MF_Library',$,(#5664,#5665,#5666,#5667,#5668,#5669,#5670,#5671,#5672,#5673));
#5664=IFCPROPERTYSINGLEVALUE('Key',$,IFCLABEL('steel_tee_wt'),$);
#5665=IFCPROPERTYSINGLEVALUE('Family',$,IFCLABEL('WT Structural Tee'),$);
#5666=IFCPROPERTYSINGLEVALUE('TypeName',$,IFCLABEL('WT9X79'),$);
#5667=IFCPROPERTYSINGLEVALUE('Version',$,IFCLABEL('0.1.0'),$);
#5668=IFCPROPERTYSINGLEVALUE('License',$,IFCLABEL('CC0-1.0'),$);
#5669=IFCPROPERTYSINGLEVALUE('Source',$,IFCLABEL('massing-families'),$);
#5670=IFCPROPERTYSINGLEVALUE('Tier',$,IFCLABEL('L300'),$);
#5671=IFCPROPERTYSINGLEVALUE('Builder',$,IFCLABEL('profile'),$);
#5672=IFCPROPERTYSINGLEVALUE('Discipline',$,IFCLABEL('structural'),$);
#5673=IFCPROPERTYSINGLEVALUE('GeometryStatus',$,IFCLABEL('parametric'),$);
#5674=IFCPROPERTYSET('0xp7vGzxj6eAUcF$QOII9O',$,'MF_Quantities',$,(#5675,#5676,#5677,#5678,#5679));
#5675=IFCPROPERTYSINGLEVALUE('NominalWidth',$,IFCREAL(0.28702),$);
#5676=IFCPROPERTYSINGLEVALUE('NominalDepth',$,IFCREAL(0.250444),$);
#5677=IFCPROPERTYSINGLEVALUE('NominalHeight',$,IFCREAL(3.048),$);
#5678=IFCPROPERTYSINGLEVALUE('NominalFootprintArea',$,IFCREAL(0.071882000000000001),$);
#5679=IFCPROPERTYSINGLEVALUE('NominalVolume',$,IFCREAL(0.21909799999999999),$);
#5680=IFCMEMBERTYPE('02_eGDXFHBxOa4SsygSc11',$,'WT Structural Tee - WT9X71.5',$,$,(#5697,#5701,#5712),(#5696),$,$,.NOTDEFINED.);
#5681=IFCCARTESIANPOINT((0.,0.));
#5682=IFCDIRECTION((1.,0.));
#5683=IFCAXIS2PLACEMENT2D(#5681,#5682);
#5684=IFCTSHAPEPROFILEDEF(.AREA.,'WT9X71.5',#5683,0.24765000000000001,0.28448000000000001,0.018541999999999999,0.033528000000000002,0.010160000000000001,$,$,$,$);
#5685=IFCCARTESIANPOINT((0.,0.,0.));
#5686=IFCDIRECTION((0.,0.,1.));
#5687=IFCDIRECTION((1.,0.,0.));
#5688=IFCAXIS2PLACEMENT3D(#5685,#5686,#5687);
#5689=IFCDIRECTION((0.,0.,1.));
#5690=IFCEXTRUDEDAREASOLID(#5684,#5688,#5689,3.048);
#5691=IFCSHAPEREPRESENTATION(#11,'Body','SweptSolid',(#5690));
#5692=IFCCARTESIANPOINT((0.,0.,0.));
#5693=IFCDIRECTION((1.,0.,0.));
#5694=IFCDIRECTION((0.,0.,1.));
#5695=IFCAXIS2PLACEMENT3D(#5692,#5694,#5693);
#5696=IFCREPRESENTATIONMAP(#5695,#5691);
#5697=IFCPROPERTYSET('1G1VDnat1EIf_pIqNY7ipV',$,'MF_Structural',$,(#5698,#5699,#5700));
#5698=IFCPROPERTYSINGLEVALUE('Section',$,IFCLABEL('WT9X71.5'),$);
#5699=IFCPROPERTYSINGLEVALUE('SectionFamily',$,IFCLABEL('WT'),$);
#5700=IFCPROPERTYSINGLEVALUE('SectionSource',$,IFCLABEL('AISC Shapes Database v15.0 (US)'),$);
#5701=IFCPROPERTYSET('0HjgoyoojChRSSoIJYVz4s',$,'MF_Library',$,(#5702,#5703,#5704,#5705,#5706,#5707,#5708,#5709,#5710,#5711));
#5702=IFCPROPERTYSINGLEVALUE('Key',$,IFCLABEL('steel_tee_wt'),$);
#5703=IFCPROPERTYSINGLEVALUE('Family',$,IFCLABEL('WT Structural Tee'),$);
#5704=IFCPROPERTYSINGLEVALUE('TypeName',$,IFCLABEL('WT9X71.5'),$);
#5705=IFCPROPERTYSINGLEVALUE('Version',$,IFCLABEL('0.1.0'),$);
#5706=IFCPROPERTYSINGLEVALUE('License',$,IFCLABEL('CC0-1.0'),$);
#5707=IFCPROPERTYSINGLEVALUE('Source',$,IFCLABEL('massing-families'),$);
#5708=IFCPROPERTYSINGLEVALUE('Tier',$,IFCLABEL('L300'),$);
#5709=IFCPROPERTYSINGLEVALUE('Builder',$,IFCLABEL('profile'),$);
#5710=IFCPROPERTYSINGLEVALUE('Discipline',$,IFCLABEL('structural'),$);
#5711=IFCPROPERTYSINGLEVALUE('GeometryStatus',$,IFCLABEL('parametric'),$);
#5712=IFCPROPERTYSET('1bxH5Fm4n9sRP6x_F45RMo',$,'MF_Quantities',$,(#5713,#5714,#5715,#5716,#5717));
#5713=IFCPROPERTYSINGLEVALUE('NominalWidth',$,IFCREAL(0.28448000000000001),$);
#5714=IFCPROPERTYSINGLEVALUE('NominalDepth',$,IFCREAL(0.24765000000000001),$);
#5715=IFCPROPERTYSINGLEVALUE('NominalHeight',$,IFCREAL(3.048),$);
#5716=IFCPROPERTYSINGLEVALUE('NominalFootprintArea',$,IFCREAL(0.070451),$);
#5717=IFCPROPERTYSINGLEVALUE('NominalVolume',$,IFCREAL(0.21473600000000001),$);
#5718=IFCMEMBERTYPE('3j5cO_FTPA4OiNT6zC8i5m',$,'WT Structural Tee - WT9X65',$,$,(#5735,#5739,#5750),(#5734),$,$,.NOTDEFINED.);
#5719=IFCCARTESIANPOINT((0.,0.));
#5720=IFCDIRECTION((1.,0.));
#5721=IFCAXIS2PLACEMENT2D(#5719,#5720);
#5722=IFCTSHAPEPROFILEDEF(.AREA.,'WT9X65',#5721,0.24460200000000001,0.28448000000000001,0.017017999999999998,0.03048,0.010160000000000001,$,$,$,$);
#5723=IFCCARTESIANPOINT((0.,0.,0.));
#5724=IFCDIRECTION((0.,0.,1.));
#5725=IFCDIRECTION((1.,0.,0.));
#5726=IFCAXIS2PLACEMENT3D(#5723,#5724,#5725);
#5727=IFCDIRECTION((0.,0.,1.));
#5728=IFCEXTRUDEDAREASOLID(#5722,#5726,#5727,3.048);
#5729=IFCSHAPEREPRESENTATION(#11,'Body','SweptSolid',(#5728));
#5730=IFCCARTESIANPOINT((0.,0.,0.));
#5731=IFCDIRECTION((1.,0.,0.));
#5732=IFCDIRECTION((0.,0.,1.));
#5733=IFCAXIS2PLACEMENT3D(#5730,#5732,#5731);
#5734=IFCREPRESENTATIONMAP(#5733,#5729);
#5735=IFCPROPERTYSET('3bhMv2FiL9p9HmMwTfNHn7',$,'MF_Structural',$,(#5736,#5737,#5738));
#5736=IFCPROPERTYSINGLEVALUE('Section',$,IFCLABEL('WT9X65'),$);
#5737=IFCPROPERTYSINGLEVALUE('SectionFamily',$,IFCLABEL('WT'),$);
#5738=IFCPROPERTYSINGLEVALUE('SectionSource',$,IFCLABEL('AISC Shapes Database v15.0 (US)'),$);
#5739=IFCPROPERTYSET('30CBiOXdzBY8ivuF7Bi9eG',$,'MF_Library',$,(#5740,#5741,#5742,#5743,#5744,#5745,#5746,#5747,#5748,#5749));
#5740=IFCPROPERTYSINGLEVALUE('Key',$,IFCLABEL('steel_tee_wt'),$);
#5741=IFCPROPERTYSINGLEVALUE('Family',$,IFCLABEL('WT Structural Tee'),$);
#5742=IFCPROPERTYSINGLEVALUE('TypeName',$,IFCLABEL('WT9X65'),$);
#5743=IFCPROPERTYSINGLEVALUE('Version',$,IFCLABEL('0.1.0'),$);
#5744=IFCPROPERTYSINGLEVALUE('License',$,IFCLABEL('CC0-1.0'),$);
#5745=IFCPROPERTYSINGLEVALUE('Source',$,IFCLABEL('massing-families'),$);
#5746=IFCPROPERTYSINGLEVALUE('Tier',$,IFCLABEL('L300'),$);
#5747=IFCPROPERTYSINGLEVALUE('Builder',$,IFCLABEL('profile'),$);
#5748=IFCPROPERTYSINGLEVALUE('Discipline',$,IFCLABEL('structural'),$);
#5749=IFCPROPERTYSINGLEVALUE('GeometryStatus',$,IFCLABEL('parametric'),$);
#5750=IFCPROPERTYSET('2pC66fmz94_Pc93qj2pYDX',$,'MF_Quantities',$,(#5751,#5752,#5753,#5754,#5755));
#5751=IFCPROPERTYSINGLEVALUE('NominalWidth',$,IFCREAL(0.28448000000000001),$);
#5752=IFCPROPERTYSINGLEVALUE('NominalDepth',$,IFCREAL(0.24460200000000001),$);
#5753=IFCPROPERTYSINGLEVALUE('NominalHeight',$,IFCREAL(3.048),$);
#5754=IFCPROPERTYSINGLEVALUE('NominalFootprintArea',$,IFCREAL(0.069583999999999993),$);
#5755=IFCPROPERTYSINGLEVALUE('NominalVolume',$,IFCREAL(0.212093),$);
#5756=IFCMEMBERTYPE('2_upNLndvBwwrRoYfZTCE8',$,'WT Structural Tee - WT9X59.5',$,$,(#5773,#5777,#5788),(#5772),$,$,.NOTDEFINED.);
#5757=IFCCARTESIANPOINT((0.,0.));
#5758=IFCDIRECTION((1.,0.));
#5759=IFCAXIS2PLACEMENT2D(#5757,#5758);
#5760=IFCTSHAPEPROFILEDEF(.AREA.,'WT9X59.5',#5759,0.24104600000000001,0.28702,0.016636999999999999,0.026924,0.010160000000000001,$,$,$,$);
#5761=IFCCARTESIANPOINT((0.,0.,0.));
#5762=IFCDIRECTION((0.,0.,1.));
#5763=IFCDIRECTION((1.,0.,0.));
#5764=IFCAXIS2PLACEMENT3D(#5761,#5762,#5763);
#5765=IFCDIRECTION((0.,0.,1.));
#5766=IFCEXTRUDEDAREASOLID(#5760,#5764,#5765,3.048);
#5767=IFCSHAPEREPRESENTATION(#11,'Body','SweptSolid',(#5766));
#5768=IFCCARTESIANPOINT((0.,0.,0.));
#5769=IFCDIRECTION((1.,0.,0.));
#5770=IFCDIRECTION((0.,0.,1.));
#5771=IFCAXIS2PLACEMENT3D(#5768,#5770,#5769);
#5772=IFCREPRESENTATIONMAP(#5771,#5767);
#5773=IFCPROPERTYSET('3hdSIfD054buD9F_EwDmnn',$,'MF_Structural',$,(#5774,#5775,#5776));
#5774=IFCPROPERTYSINGLEVALUE('Section',$,IFCLABEL('WT9X59.5'),$);
#5775=IFCPROPERTYSINGLEVALUE('SectionFamily',$,IFCLABEL('WT'),$);
#5776=IFCPROPERTYSINGLEVALUE('SectionSource',$,IFCLABEL('AISC Shapes Database v15.0 (US)'),$);
#5777=IFCPROPERTYSET('0QZoj7z$v3_8UDbPe6r2ic',$,'MF_Library',$,(#5778,#5779,#5780,#5781,#5782,#5783,#5784,#5785,#5786,#5787));
#5778=IFCPROPERTYSINGLEVALUE('Key',$,IFCLABEL('steel_tee_wt'),$);
#5779=IFCPROPERTYSINGLEVALUE('Family',$,IFCLABEL('WT Structural Tee'),$);
#5780=IFCPROPERTYSINGLEVALUE('TypeName',$,IFCLABEL('WT9X59.5'),$);
#5781=IFCPROPERTYSINGLEVALUE('Version',$,IFCLABEL('0.1.0'),$);
#5782=IFCPROPERTYSINGLEVALUE('License',$,IFCLABEL('CC0-1.0'),$);
#5783=IFCPROPERTYSINGLEVALUE('Source',$,IFCLABEL('massing-families'),$);
#5784=IFCPROPERTYSINGLEVALUE('Tier',$,IFCLABEL('L300'),$);
#5785=IFCPROPERTYSINGLEVALUE('Builder',$,IFCLABEL('profile'),$);
#5786=IFCPROPERTYSINGLEVALUE('Discipline',$,IFCLABEL('structural'),$);
#5787=IFCPROPERTYSINGLEVALUE('GeometryStatus',$,IFCLABEL('parametric'),$);
#5788=IFCPROPERTYSET('2wy9$iEdjADQCeJQ$2Ag83',$,'MF_Quantities',$,(#5789,#5790,#5791,#5792,#5793));
#5789=IFCPROPERTYSINGLEVALUE('NominalWidth',$,IFCREAL(0.28702),$);
#5790=IFCPROPERTYSINGLEVALUE('NominalDepth',$,IFCREAL(0.24104600000000001),$);
#5791=IFCPROPERTYSINGLEVALUE('NominalHeight',$,IFCREAL(3.048),$);
#5792=IFCPROPERTYSINGLEVALUE('NominalFootprintArea',$,IFCREAL(0.069184999999999997),$);
#5793=IFCPROPERTYSINGLEVALUE('NominalVolume',$,IFCREAL(0.21087600000000001),$);
#5794=IFCMEMBERTYPE('1rSVJ0Gn5FduUrkV3ns1xv',$,'WT Structural Tee - WT9X53',$,$,(#5811,#5815,#5826),(#5810),$,$,.NOTDEFINED.);
#5795=IFCCARTESIANPOINT((0.,0.));
#5796=IFCDIRECTION((1.,0.));
#5797=IFCAXIS2PLACEMENT2D(#5795,#5796);
#5798=IFCTSHAPEPROFILEDEF(.AREA.,'WT9X53',#5797,0.23799799999999999,0.28448000000000001,0.014985999999999999,0.023876000000000001,0.010160000000000001,$,$,$,$);
#5799=IFCCARTESIANPOINT((0.,0.,0.));
#5800=IFCDIRECTION((0.,0.,1.));
#5801=IFCDIRECTION((1.,0.,0.));
#5802=IFCAXIS2PLACEMENT3D(#5799,#5800,#5801);
#5803=IFCDIRECTION((0.,0.,1.));
#5804=IFCEXTRUDEDAREASOLID(#5798,#5802,#5803,3.048);
#5805=IFCSHAPEREPRESENTATION(#11,'Body','SweptSolid',(#5804));
#5806=IFCCARTESIANPOINT((0.,0.,0.));
#5807=IFCDIRECTION((1.,0.,0.));
#5808=IFCDIRECTION((0.,0.,1.));
#5809=IFCAXIS2PLACEMENT3D(#5806,#5808,#5807);
#5810=IFCREPRESENTATIONMAP(#5809,#5805);
#5811=IFCPROPERTYSET('3AfzIxLhzFQu5PxwYQaagt',$,'MF_Structural',$,(#5812,#5813,#5814));
#5812=IFCPROPERTYSINGLEVALUE('Section',$,IFCLABEL('WT9X53'),$);
#5813=IFCPROPERTYSINGLEVALUE('SectionFamily',$,IFCLABEL('WT'),$);
#5814=IFCPROPERTYSINGLEVALUE('SectionSource',$,IFCLABEL('AISC Shapes Database v15.0 (US)'),$);
#5815=IFCPROPERTYSET('02haQ3c6HAWutK5$UaiwI6',$,'MF_Library',$,(#5816,#5817,#5818,#5819,#5820,#5821,#5822,#5823,#5824,#5825));
#5816=IFCPROPERTYSINGLEVALUE('Key',$,IFCLABEL('steel_tee_wt'),$);
#5817=IFCPROPERTYSINGLEVALUE('Family',$,IFCLABEL('WT Structural Tee'),$);
#5818=IFCPROPERTYSINGLEVALUE('TypeName',$,IFCLABEL('WT9X53'),$);
#5819=IFCPROPERTYSINGLEVALUE('Version',$,IFCLABEL('0.1.0'),$);
#5820=IFCPROPERTYSINGLEVALUE('License',$,IFCLABEL('CC0-1.0'),$);
#5821=IFCPROPERTYSINGLEVALUE('Source',$,IFCLABEL('massing-families'),$);
#5822=IFCPROPERTYSINGLEVALUE('Tier',$,IFCLABEL('L300'),$);
#5823=IFCPROPERTYSINGLEVALUE('Builder',$,IFCLABEL('profile'),$);
#5824=IFCPROPERTYSINGLEVALUE('Discipline',$,IFCLABEL('structural'),$);
#5825=IFCPROPERTYSINGLEVALUE('GeometryStatus',$,IFCLABEL('parametric'),$);
#5826=IFCPROPERTYSET('3Upkio0qD8gu3RKNiNwBAN',$,'MF_Quantities',$,(#5827,#5828,#5829,#5830,#5831));
#5827=IFCPROPERTYSINGLEVALUE('NominalWidth',$,IFCREAL(0.28448000000000001),$);
#5828=IFCPROPERTYSINGLEVALUE('NominalDepth',$,IFCREAL(0.23799799999999999),$);
#5829=IFCPROPERTYSINGLEVALUE('NominalHeight',$,IFCREAL(3.048),$);
#5830=IFCPROPERTYSINGLEVALUE('NominalFootprintArea',$,IFCREAL(0.067706000000000002),$);
#5831=IFCPROPERTYSINGLEVALUE('NominalVolume',$,IFCREAL(0.20636699999999999),$);
#5832=IFCMEMBERTYPE('2kO4adLs17bBPLiZKzlpYr',$,'WT Structural Tee - WT9X48.5',$,$,(#5849,#5853,#5864),(#5848),$,$,.NOTDEFINED.);
#5833=IFCCARTESIANPOINT((0.,0.));
#5834=IFCDIRECTION((1.,0.));
#5835=IFCAXIS2PLACEMENT2D(#5833,#5834);
#5836=IFCTSHAPEPROFILEDEF(.AREA.,'WT9X48.5',#5835,0.23622000000000001,0.28194000000000002,0.013589,0.022098,0.010160000000000001,$,$,$,$);
#5837=IFCCARTESIANPOINT((0.,0.,0.));
#5838=IFCDIRECTION((0.,0.,1.));
#5839=IFCDIRECTION((1.,0.,0.));
#5840=IFCAXIS2PLACEMENT3D(#5837,#5838,#5839);
#5841=IFCDIRECTION((0.,0.,1.));
#5842=IFCEXTRUDEDAREASOLID(#5836,#5840,#5841,3.048);
#5843=IFCSHAPEREPRESENTATION(#11,'Body','SweptSolid',(#5842));
#5844=IFCCARTESIANPOINT((0.,0.,0.));
#5845=IFCDIRECTION((1.,0.,0.));
#5846=IFCDIRECTION((0.,0.,1.));
#5847=IFCAXIS2PLACEMENT3D(#5844,#5846,#5845);
#5848=IFCREPRESENTATIONMAP(#5847,#5843);
#5849=IFCPROPERTYSET('23lW5XebXFIuknvzGVDTSm',$,'MF_Structural',$,(#5850,#5851,#5852));
#5850=IFCPROPERTYSINGLEVALUE('Section',$,IFCLABEL('WT9X48.5'),$);
#5851=IFCPROPERTYSINGLEVALUE('SectionFamily',$,IFCLABEL('WT'),$);
#5852=IFCPROPERTYSINGLEVALUE('SectionSource',$,IFCLABEL('AISC Shapes Database v15.0 (US)'),$);
#5853=IFCPROPERTYSET('3Py$IFLp59cwnhjolLnb2S',$,'MF_Library',$,(#5854,#5855,#5856,#5857,#5858,#5859,#5860,#5861,#5862,#5863));
#5854=IFCPROPERTYSINGLEVALUE('Key',$,IFCLABEL('steel_tee_wt'),$);
#5855=IFCPROPERTYSINGLEVALUE('Family',$,IFCLABEL('WT Structural Tee'),$);
#5856=IFCPROPERTYSINGLEVALUE('TypeName',$,IFCLABEL('WT9X48.5'),$);
#5857=IFCPROPERTYSINGLEVALUE('Version',$,IFCLABEL('0.1.0'),$);
#5858=IFCPROPERTYSINGLEVALUE('License',$,IFCLABEL('CC0-1.0'),$);
#5859=IFCPROPERTYSINGLEVALUE('Source',$,IFCLABEL('massing-families'),$);
#5860=IFCPROPERTYSINGLEVALUE('Tier',$,IFCLABEL('L300'),$);
#5861=IFCPROPERTYSINGLEVALUE('Builder',$,IFCLABEL('profile'),$);
#5862=IFCPROPERTYSINGLEVALUE('Discipline',$,IFCLABEL('structural'),$);
#5863=IFCPROPERTYSINGLEVALUE('GeometryStatus',$,IFCLABEL('parametric'),$);
#5864=IFCPROPERTYSET('3TvhuEe9b8OAjNOgk$s7UW',$,'MF_Quantities',$,(#5865,#5866,#5867,#5868,#5869));
#5865=IFCPROPERTYSINGLEVALUE('NominalWidth',$,IFCREAL(0.28194000000000002),$);
#5866=IFCPROPERTYSINGLEVALUE('NominalDepth',$,IFCREAL(0.23622000000000001),$);
#5867=IFCPROPERTYSINGLEVALUE('NominalHeight',$,IFCREAL(3.048),$);
#5868=IFCPROPERTYSINGLEVALUE('NominalFootprintArea',$,IFCREAL(0.066600000000000006),$);
#5869=IFCPROPERTYSINGLEVALUE('NominalVolume',$,IFCREAL(0.20299600000000001),$);
#5870=IFCMEMBERTYPE('3MD$RB8HHCXRBM1mXCSGiP',$,'WT Structural Tee - WT9X43',$,$,(#5887,#5891,#5902),(#5886),$,$,.NOTDEFINED.);
#5871=IFCCARTESIANPOINT((0.,0.));
#5872=IFCDIRECTION((1.,0.));
#5873=IFCAXIS2PLACEMENT2D(#5871,#5872);
#5874=IFCTSHAPEPROFILEDEF(.AREA.,'WT9X43',#5873,0.23368,0.28194000000000002,0.012192,0.019557999999999999,0.010160000000000001,$,$,$,$);
#5875=IFCCARTESIANPOINT((0.,0.,0.));
#5876=IFCDIRECTION((0.,0.,1.));
#5877=IFCDIRECTION((1.,0.,0.));
#5878=IFCAXIS2PLACEMENT3D(#5875,#5876,#5877);
#5879=IFCDIRECTION((0.,0.,1.));
#5880=IFCEXTRUDEDAREASOLID(#5874,#5878,#5879,3.048);
#5881=IFCSHAPEREPRESENTATION(#11,'Body','SweptSolid',(#5880));
#5882=IFCCARTESIANPOINT((0.,0.,0.));
#5883=IFCDIRECTION((1.,0.,0.));
#5884=IFCDIRECTION((0.,0.,1.));
#5885=IFCAXIS2PLACEMENT3D(#5882,#5884,#5883);
#5886=IFCREPRESENTATIONMAP(#5885,#5881);
#5887=IFCPROPERTYSET('2SMLS2M2P8BhpUzCeIdr6O',$,'MF_Structural',$,(#5888,#5889,#5890));
#5888=IFCPROPERTYSINGLEVALUE('Section',$,IFCLABEL('WT9X43'),$);
#5889=IFCPROPERTYSINGLEVALUE('SectionFamily',$,IFCLABEL('WT'),$);
#5890=IFCPROPERTYSINGLEVALUE('SectionSource',$,IFCLABEL('AISC Shapes Database v15.0 (US)'),$);
#5891=IFCPROPERTYSET('1_iParpAr94eJkTqtKxT81',$,'MF_Library',$,(#5892,#5893,#5894,#5895,#5896,#5897,#5898,#5899,#5900,#5901));
#5892=IFCPROPERTYSINGLEVALUE('Key',$,IFCLABEL('steel_tee_wt'),$);
#5893=IFCPROPERTYSINGLEVALUE('Family',$,IFCLABEL('WT Structural Tee'),$);
#5894=IFCPROPERTYSINGLEVALUE('TypeName',$,IFCLABEL('WT9X43'),$);
#5895=IFCPROPERTYSINGLEVALUE('Version',$,IFCLABEL('0.1.0'),$);
#5896=IFCPROPERTYSINGLEVALUE('License',$,IFCLABEL('CC0-1.0'),$);
#5897=IFCPROPERTYSINGLEVALUE('Source',$,IFCLABEL('massing-families'),$);
#5898=IFCPROPERTYSINGLEVALUE('Tier',$,IFCLABEL('L300'),$);
#5899=IFCPROPERTYSINGLEVALUE('Builder',$,IFCLABEL('profile'),$);
#5900=IFCPROPERTYSINGLEVALUE('Discipline',$,IFCLABEL('structural'),$);
#5901=IFCPROPERTYSINGLEVALUE('GeometryStatus',$,IFCLABEL('parametric'),$);
#5902=IFCPROPERTYSET('1HGSSK2tjAaeuji7wWAlms',$,'MF_Quantities',$,(#5903,#5904,#5905,#5906,#5907));
#5903=IFCPROPERTYSINGLEVALUE('NominalWidth',$,IFCREAL(0.28194000000000002),$);
#5904=IFCPROPERTYSINGLEVALUE('NominalDepth',$,IFCREAL(0.23368),$);
#5905=IFCPROPERTYSINGLEVALUE('NominalHeight',$,IFCREAL(3.048),$);
#5906=IFCPROPERTYSINGLEVALUE('NominalFootprintArea',$,IFCREAL(0.065883999999999998),$);
#5907=IFCPROPERTYSINGLEVALUE('NominalVolume',$,IFCREAL(0.20081399999999999),$);
#5908=IFCMEMBERTYPE('19pk$2fpz17epegCJly9qB',$,'WT Structural Tee - WT9X38',$,$,(#5925,#5929,#5940),(#5924),$,$,.NOTDEFINED.);
#5909=IFCCARTESIANPOINT((0.,0.));
#5910=IFCDIRECTION((1.,0.));
#5911=IFCAXIS2PLACEMENT2D(#5909,#5910);
#5912=IFCTSHAPEPROFILEDEF(.AREA.,'WT9X38',#5911,0.23139399999999999,0.27939999999999998,0.010795000000000001,0.017271999999999999,0.010160000000000001,$,$,$,$);
#5913=IFCCARTESIANPOINT((0.,0.,0.));
#5914=IFCDIRECTION((0.,0.,1.));
#5915=IFCDIRECTION((1.,0.,0.));
#5916=IFCAXIS2PLACEMENT3D(#5913,#5914,#5915);
#5917=IFCDIRECTION((0.,0.,1.));
#5918=IFCEXTRUDEDAREASOLID(#5912,#5916,#5917,3.048);
#5919=IFCSHAPEREPRESENTATION(#11,'Body','SweptSolid',(#5918));
#5920=IFCCARTESIANPOINT((0.,0.,0.));
#5921=IFCDIRECTION((1.,0.,0.));
#5922=IFCDIRECTION((0.,0.,1.));
#5923=IFCAXIS2PLACEMENT3D(#5920,#5922,#5921);
#5924=IFCREPRESENTATIONMAP(#5923,#5919);
#5925=IFCPROPERTYSET('169qHzdKf0mA7desv8cBGc',$,'MF_Structural',$,(#5926,#5927,#5928));
#5926=IFCPROPERTYSINGLEVALUE('Section',$,IFCLABEL('WT9X38'),$);
#5927=IFCPROPERTYSINGLEVALUE('SectionFamily',$,IFCLABEL('WT'),$);
#5928=IFCPROPERTYSINGLEVALUE('SectionSource',$,IFCLABEL('AISC Shapes Database v15.0 (US)'),$);
#5929=IFCPROPERTYSET('3Ug1NUKhzC2uoKsgI5EJ_a',$,'MF_Library',$,(#5930,#5931,#5932,#5933,#5934,#5935,#5936,#5937,#5938,#5939));
#5930=IFCPROPERTYSINGLEVALUE('Key',$,IFCLABEL('steel_tee_wt'),$);
#5931=IFCPROPERTYSINGLEVALUE('Family',$,IFCLABEL('WT Structural Tee'),$);
#5932=IFCPROPERTYSINGLEVALUE('TypeName',$,IFCLABEL('WT9X38'),$);
#5933=IFCPROPERTYSINGLEVALUE('Version',$,IFCLABEL('0.1.0'),$);
#5934=IFCPROPERTYSINGLEVALUE('License',$,IFCLABEL('CC0-1.0'),$);
#5935=IFCPROPERTYSINGLEVALUE('Source',$,IFCLABEL('massing-families'),$);
#5936=IFCPROPERTYSINGLEVALUE('Tier',$,IFCLABEL('L300'),$);
#5937=IFCPROPERTYSINGLEVALUE('Builder',$,IFCLABEL('profile'),$);
#5938=IFCPROPERTYSINGLEVALUE('Discipline',$,IFCLABEL('structural'),$);
#5939=IFCPROPERTYSINGLEVALUE('GeometryStatus',$,IFCLABEL('parametric'),$);
#5940=IFCPROPERTYSET('2VnmBsJfj5kgJ408RM7wIs',$,'MF_Quantities',$,(#5941,#5942,#5943,#5944,#5945));
#5941=IFCPROPERTYSINGLEVALUE('NominalWidth',$,IFCREAL(0.27939999999999998),$);
#5942=IFCPROPERTYSINGLEVALUE('NominalDepth',$,IFCREAL(0.23139399999999999),$);
#5943=IFCPROPERTYSINGLEVALUE('NominalHeight',$,IFCREAL(3.048),$);
#5944=IFCPROPERTYSINGLEVALUE('NominalFootprintArea',$,IFCREAL(0.064651),$);
#5945=IFCPROPERTYSINGLEVALUE('NominalVolume',$,IFCREAL(0.19705800000000001),$);
#5946=IFCMEMBERTYPE('2qqW0k5KfAyv5s85pIRNHy',$,'WT Structural Tee - WT9X35.5',$,$,(#5963,#5967,#5978),(#5962),$,$,.NOTDEFINED.);
#5947=IFCCARTESIANPOINT((0.,0.));
#5948=IFCDIRECTION((1.,0.));
#5949=IFCAXIS2PLACEMENT2D(#5947,#5948);
#5950=IFCTSHAPEPROFILEDEF(.AREA.,'WT9X35.5',#5949,0.23469599999999999,0.19405600000000001,0.012573000000000001,0.020573999999999999,0.010160000000000001,$,$,$,$);
#5951=IFCCARTESIANPOINT((0.,0.,0.));
#5952=IFCDIRECTION((0.,0.,1.));
#5953=IFCDIRECTION((1.,0.,0.));
#5954=IFCAXIS2PLACEMENT3D(#5951,#5952,#5953);
#5955=IFCDIRECTION((0.,0.,1.));
#5956=IFCEXTRUDEDAREASOLID(#5950,#5954,#5955,3.048);
#5957=IFCSHAPEREPRESENTATION(#11,'Body','SweptSolid',(#5956));
#5958=IFCCARTESIANPOINT((0.,0.,0.));
#5959=IFCDIRECTION((1.,0.,0.));
#5960=IFCDIRECTION((0.,0.,1.));
#5961=IFCAXIS2PLACEMENT3D(#5958,#5960,#5959);
#5962=IFCREPRESENTATIONMAP(#5961,#5957);
#5963=IFCPROPERTYSET('1haGrOzzH0GBTRg3b81Ilo',$,'MF_Structural',$,(#5964,#5965,#5966));
#5964=IFCPROPERTYSINGLEVALUE('Section',$,IFCLABEL('WT9X35.5'),$);
#5965=IFCPROPERTYSINGLEVALUE('SectionFamily',$,IFCLABEL('WT'),$);
#5966=IFCPROPERTYSINGLEVALUE('SectionSource',$,IFCLABEL('AISC Shapes Database v15.0 (US)'),$);
#5967=IFCPROPERTYSET('0A0thOzsr2SRl53atb$qJi',$,'MF_Library',$,(#5968,#5969,#5970,#5971,#5972,#5973,#5974,#5975,#5976,#5977));
#5968=IFCPROPERTYSINGLEVALUE('Key',$,IFCLABEL('steel_tee_wt'),$);
#5969=IFCPROPERTYSINGLEVALUE('Family',$,IFCLABEL('WT Structural Tee'),$);
#5970=IFCPROPERTYSINGLEVALUE('TypeName',$,IFCLABEL('WT9X35.5'),$);
#5971=IFCPROPERTYSINGLEVALUE('Version',$,IFCLABEL('0.1.0'),$);
#5972=IFCPROPERTYSINGLEVALUE('License',$,IFCLABEL('CC0-1.0'),$);
#5973=IFCPROPERTYSINGLEVALUE('Source',$,IFCLABEL('massing-families'),$);
#5974=IFCPROPERTYSINGLEVALUE('Tier',$,IFCLABEL('L300'),$);
#5975=IFCPROPERTYSINGLEVALUE('Builder',$,IFCLABEL('profile'),$);
#5976=IFCPROPERTYSINGLEVALUE('Discipline',$,IFCLABEL('structural'),$);
#5977=IFCPROPERTYSINGLEVALUE('GeometryStatus',$,IFCLABEL('parametric'),$);
#5978=IFCPROPERTYSET('0PW9EX4tP3hOpD2XyrLYfN',$,'MF_Quantities',$,(#5979,#5980,#5981,#5982,#5983));
#5979=IFCPROPERTYSINGLEVALUE('NominalWidth',$,IFCREAL(0.19405600000000001),$);
#5980=IFCPROPERTYSINGLEVALUE('NominalDepth',$,IFCREAL(0.23469599999999999),$);
#5981=IFCPROPERTYSINGLEVALUE('NominalHeight',$,IFCREAL(3.048),$);
#5982=IFCPROPERTYSINGLEVALUE('NominalFootprintArea',$,IFCREAL(0.045544000000000001),$);
#5983=IFCPROPERTYSINGLEVALUE('NominalVolume',$,IFCREAL(0.138819),$);
#5984=IFCMEMBERTYPE('1Dw7Yw4n9EkxiP_H0EpHE3',$,'WT Structural Tee - WT9X32.5',$,$,(#6001,#6005,#6016),(#6000),$,$,.NOTDEFINED.);
#5985=IFCCARTESIANPOINT((0.,0.));
#5986=IFCDIRECTION((1.,0.));
#5987=IFCAXIS2PLACEMENT2D(#5985,#5986);
#5988=IFCTSHAPEPROFILEDEF(.AREA.,'WT9X32.5',#5987,0.23317199999999999,0.19278600000000001,0.011429999999999999,0.019050000000000001,0.010160000000000001,$,$,$,$);
#5989=IFCCARTESIANPOINT((0.,0.,0.));
#5990=IFCDIRECTION((0.,0.,1.));
#5991=IFCDIRECTION((1.,0.,0.));
#5992=IFCAXIS2PLACEMENT3D(#5989,#5990,#5991);
#5993=IFCDIRECTION((0.,0.,1.));
#5994=IFCEXTRUDEDAREASOLID(#5988,#5992,#5993,3.048);
#5995=IFCSHAPEREPRESENTATION(#11,'Body','SweptSolid',(#5994));
#5996=IFCCARTESIANPOINT((0.,0.,0.));
#5997=IFCDIRECTION((1.,0.,0.));
#5998=IFCDIRECTION((0.,0.,1.));
#5999=IFCAXIS2PLACEMENT3D(#5996,#5998,#5997);
#6000=IFCREPRESENTATIONMAP(#5999,#5995);
#6001=IFCPROPERTYSET('0Yt2oYk3nB1BPOIXPusa9A',$,'MF_Structural',$,(#6002,#6003,#6004));
#6002=IFCPROPERTYSINGLEVALUE('Section',$,IFCLABEL('WT9X32.5'),$);
#6003=IFCPROPERTYSINGLEVALUE('SectionFamily',$,IFCLABEL('WT'),$);
#6004=IFCPROPERTYSINGLEVALUE('SectionSource',$,IFCLABEL('AISC Shapes Database v15.0 (US)'),$);
#6005=IFCPROPERTYSET('2Fhjso1E98J9IrXdJyDqSI',$,'MF_Library',$,(#6006,#6007,#6008,#6009,#6010,#6011,#6012,#6013,#6014,#6015));
#6006=IFCPROPERTYSINGLEVALUE('Key',$,IFCLABEL('steel_tee_wt'),$);
#6007=IFCPROPERTYSINGLEVALUE('Family',$,IFCLABEL('WT Structural Tee'),$);
#6008=IFCPROPERTYSINGLEVALUE('TypeName',$,IFCLABEL('WT9X32.5'),$);
#6009=IFCPROPERTYSINGLEVALUE('Version',$,IFCLABEL('0.1.0'),$);
#6010=IFCPROPERTYSINGLEVALUE('License',$,IFCLABEL('CC0-1.0'),$);
#6011=IFCPROPERTYSINGLEVALUE('Source',$,IFCLABEL('massing-families'),$);
#6012=IFCPROPERTYSINGLEVALUE('Tier',$,IFCLABEL('L300'),$);
#6013=IFCPROPERTYSINGLEVALUE('Builder',$,IFCLABEL('profile'),$);
#6014=IFCPROPERTYSINGLEVALUE('Discipline',$,IFCLABEL('structural'),$);
#6015=IFCPROPERTYSINGLEVALUE('GeometryStatus',$,IFCLABEL('parametric'),$);
#6016=IFCPROPERTYSET('0ZK$vHwI55_xT659USFi4z',$,'MF_Quantities',$,(#6017,#6018,#6019,#6020,#6021));
#6017=IFCPROPERTYSINGLEVALUE('NominalWidth',$,IFCREAL(0.19278600000000001),$);
#6018=IFCPROPERTYSINGLEVALUE('NominalDepth',$,IFCREAL(0.23317199999999999),$);
#6019=IFCPROPERTYSINGLEVALUE('NominalHeight',$,IFCREAL(3.048),$);
#6020=IFCPROPERTYSINGLEVALUE('NominalFootprintArea',$,IFCREAL(0.044951999999999999),$);
#6021=IFCPROPERTYSINGLEVALUE('NominalVolume',$,IFCREAL(0.137015),$);
#6022=IFCMEMBERTYPE('3uq_d1wx94VPtZvLqNWqPO',$,'WT Structural Tee - WT9X30',$,$,(#6039,#6043,#6054),(#6038),$,$,.NOTDEFINED.);
#6023=IFCCARTESIANPOINT((0.,0.));
#6024=IFCDIRECTION((1.,0.));
#6025=IFCAXIS2PLACEMENT2D(#6023,#6024);
#6026=IFCTSHAPEPROFILEDEF(.AREA.,'WT9X30',#6025,0.23164799999999999,0.192024,0.010541,0.017652999999999999,0.010286999999999999,$,$,$,$);
#6027=IFCCARTESIANPOINT((0.,0.,0.));
#6028=IFCDIRECTION((0.,0.,1.));
#6029=IFCDIRECTION((1.,0.,0.));
#6030=IFCAXIS2PLACEMENT3D(#6027,#6028,#6029);
#6031=IFCDIRECTION((0.,0.,1.));
#6032=IFCEXTRUDEDAREASOLID(#6026,#6030,#6031,3.048);
#6033=IFCSHAPEREPRESENTATION(#11,'Body','SweptSolid',(#6032));
#6034=IFCCARTESIANPOINT((0.,0.,0.));
#6035=IFCDIRECTION((1.,0.,0.));
#6036=IFCDIRECTION((0.,0.,1.));
#6037=IFCAXIS2PLACEMENT3D(#6034,#6036,#6035);
#6038=IFCREPRESENTATIONMAP(#6037,#6033);
#6039=IFCPROPERTYSET('1okae0ktL26x$1DqWXpph6',$,'MF_Structural',$,(#6040,#6041,#6042));
#6040=IFCPROPERTYSINGLEVALUE('Section',$,IFCLABEL('WT9X30'),$);
#6041=IFCPROPERTYSINGLEVALUE('SectionFamily',$,IFCLABEL('WT'),$);
#6042=IFCPROPERTYSINGLEVALUE('SectionSource',$,IFCLABEL('AISC Shapes Database v15.0 (US)'),$);
#6043=IFCPROPERTYSET('1iToemaFT2swpUCpwUsNMy',$,'MF_Library',$,(#6044,#6045,#6046,#6047,#6048,#6049,#6050,#6051,#6052,#6053));
#6044=IFCPROPERTYSINGLEVALUE('Key',$,IFCLABEL('steel_tee_wt'),$);
#6045=IFCPROPERTYSINGLEVALUE('Family',$,IFCLABEL('WT Structural Tee'),$);
#6046=IFCPROPERTYSINGLEVALUE('TypeName',$,IFCLABEL('WT9X30'),$);
#6047=IFCPROPERTYSINGLEVALUE('Version',$,IFCLABEL('0.1.0'),$);
#6048=IFCPROPERTYSINGLEVALUE('License',$,IFCLABEL('CC0-1.0'),$);
#6049=IFCPROPERTYSINGLEVALUE('Source',$,IFCLABEL('massing-families'),$);
#6050=IFCPROPERTYSINGLEVALUE('Tier',$,IFCLABEL('L300'),$);
#6051=IFCPROPERTYSINGLEVALUE('Builder',$,IFCLABEL('profile'),$);
#6052=IFCPROPERTYSINGLEVALUE('Discipline',$,IFCLABEL('structural'),$);
#6053=IFCPROPERTYSINGLEVALUE('GeometryStatus',$,IFCLABEL('parametric'),$);
#6054=IFCPROPERTYSET('15mA3QZpXDSOGoKt3Qnb8g',$,'MF_Quantities',$,(#6055,#6056,#6057,#6058,#6059));
#6055=IFCPROPERTYSINGLEVALUE('NominalWidth',$,IFCREAL(0.192024),$);
#6056=IFCPROPERTYSINGLEVALUE('NominalDepth',$,IFCREAL(0.23164799999999999),$);
#6057=IFCPROPERTYSINGLEVALUE('NominalHeight',$,IFCREAL(3.048),$);
#6058=IFCPROPERTYSINGLEVALUE('NominalFootprintArea',$,IFCREAL(0.044482000000000001),$);
#6059=IFCPROPERTYSINGLEVALUE('NominalVolume',$,IFCREAL(0.13558100000000001),$);
#6060=IFCMEMBERTYPE('1TCdWz3gH3ePNPa2nhxT1S',$,'WT Structural Tee - WT9X27.5',$,$,(#6077,#6081,#6092),(#6076),$,$,.NOTDEFINED.);
#6061=IFCCARTESIANPOINT((0.,0.));
#6062=IFCDIRECTION((1.,0.));
#6063=IFCAXIS2PLACEMENT2D(#6061,#6062);
#6064=IFCTSHAPEPROFILEDEF(.AREA.,'WT9X27.5',#6063,0.230124,0.19126199999999999,0.0099059999999999999,0.016001999999999999,0.010160000000000001,$,$,$,$);
#6065=IFCCARTESIANPOINT((0.,0.,0.));
#6066=IFCDIRECTION((0.,0.,1.));
#6067=IFCDIRECTION((1.,0.,0.));
#6068=IFCAXIS2PLACEMENT3D(#6065,#6066,#6067);
#6069=IFCDIRECTION((0.,0.,1.));
#6070=IFCEXTRUDEDAREASOLID(#6064,#6068,#6069,3.048);
#6071=IFCSHAPEREPRESENTATION(#11,'Body','SweptSolid',(#6070));
#6072=IFCCARTESIANPOINT((0.,0.,0.));
#6073=IFCDIRECTION((1.,0.,0.));
#6074=IFCDIRECTION((0.,0.,1.));
#6075=IFCAXIS2PLACEMENT3D(#6072,#6074,#6073);
#6076=IFCREPRESENTATIONMAP(#6075,#6071);
#6077=IFCPROPERTYSET('0$aT1_oRfCWQnvistKkFlX',$,'MF_Structural',$,(#6078,#6079,#6080));
#6078=IFCPROPERTYSINGLEVALUE('Section',$,IFCLABEL('WT9X27.5'),$);
#6079=IFCPROPERTYSINGLEVALUE('SectionFamily',$,IFCLABEL('WT'),$);
#6080=IFCPROPERTYSINGLEVALUE('SectionSource',$,IFCLABEL('AISC Shapes Database v15.0 (US)'),$);
#6081=IFCPROPERTYSET('1SJm3oHKX75xV8fEoNxo9$',$,'MF_Library',$,(#6082,#6083,#6084,#6085,#6086,#6087,#6088,#6089,#6090,#6091));
#6082=IFCPROPERTYSINGLEVALUE('Key',$,IFCLABEL('steel_tee_wt'),$);
#6083=IFCPROPERTYSINGLEVALUE('Family',$,IFCLABEL('WT Structural Tee'),$);
#6084=IFCPROPERTYSINGLEVALUE('TypeName',$,IFCLABEL('WT9X27.5'),$);
#6085=IFCPROPERTYSINGLEVALUE('Version',$,IFCLABEL('0.1.0'),$);
#6086=IFCPROPERTYSINGLEVALUE('License',$,IFCLABEL('CC0-1.0'),$);
#6087=IFCPROPERTYSINGLEVALUE('Source',$,IFCLABEL('massing-families'),$);
#6088=IFCPROPERTYSINGLEVALUE('Tier',$,IFCLABEL('L300'),$);
#6089=IFCPROPERTYSINGLEVALUE('Builder',$,IFCLABEL('profile'),$);
#6090=IFCPROPERTYSINGLEVALUE('Discipline',$,IFCLABEL('structural'),$);
#6091=IFCPROPERTYSINGLEVALUE('GeometryStatus',$,IFCLABEL('parametric'),$);
#6092=IFCPROPERTYSET('09hvqaCnrDa90flxvv1jNq',$,'MF_Quantities',$,(#6093,#6094,#6095,#6096,#6097));
#6093=IFCPROPERTYSINGLEVALUE('NominalWidth',$,IFCREAL(0.19126199999999999),$);
#6094=IFCPROPERTYSINGLEVALUE('NominalDepth',$,IFCREAL(0.230124),$);
#6095=IFCPROPERTYSINGLEVALUE('NominalHeight',$,IFCREAL(3.048),$);
#6096=IFCPROPERTYSINGLEVALUE('NominalFootprintArea',$,IFCREAL(0.044013999999999998),$);
#6097=IFCPROPERTYSINGLEVALUE('NominalVolume',$,IFCREAL(0.134155),$);
#6098=IFCMEMBERTYPE('2jGDNlEfLB0ONEKtQFgVzf',$,'WT Structural Tee - WT9X25',$,$,(#6115,#6119,#6130),(#6114),$,$,.NOTDEFINED.);
#6099=IFCCARTESIANPOINT((0.,0.));
#6100=IFCDIRECTION((1.,0.));
#6101=IFCAXIS2PLACEMENT2D(#6099,#6100);
#6102=IFCTSHAPEPROFILEDEF(.AREA.,'WT9X25',#6101,0.2286,0.1905,0.0090170000000000007,0.014478,0.010210800000000001,$,$,$,$);
#6103=IFCCARTESIANPOINT((0.,0.,0.));
#6104=IFCDIRECTION((0.,0.,1.));
#6105=IFCDIRECTION((1.,0.,0.));
#6106=IFCAXIS2PLACEMENT3D(#6103,#6104,#6105);
#6107=IFCDIRECTION((0.,0.,1.));
#6108=IFCEXTRUDEDAREASOLID(#6102,#6106,#6107,3.048);
#6109=IFCSHAPEREPRESENTATION(#11,'Body','SweptSolid',(#6108));
#6110=IFCCARTESIANPOINT((0.,0.,0.));
#6111=IFCDIRECTION((1.,0.,0.));
#6112=IFCDIRECTION((0.,0.,1.));
#6113=IFCAXIS2PLACEMENT3D(#6110,#6112,#6111);
#6114=IFCREPRESENTATIONMAP(#6113,#6109);
#6115=IFCPROPERTYSET('2W4yZDSEX08xzReLaNfAbX',$,'MF_Structural',$,(#6116,#6117,#6118));
#6116=IFCPROPERTYSINGLEVALUE('Section',$,IFCLABEL('WT9X25'),$);
#6117=IFCPROPERTYSINGLEVALUE('SectionFamily',$,IFCLABEL('WT'),$);
#6118=IFCPROPERTYSINGLEVALUE('SectionSource',$,IFCLABEL('AISC Shapes Database v15.0 (US)'),$);
#6119=IFCPROPERTYSET('1cSNT1QoX9c8z91podD_A_',$,'MF_Library',$,(#6120,#6121,#6122,#6123,#6124,#6125,#6126,#6127,#6128,#6129));
#6120=IFCPROPERTYSINGLEVALUE('Key',$,IFCLABEL('steel_tee_wt'),$);
#6121=IFCPROPERTYSINGLEVALUE('Family',$,IFCLABEL('WT Structural Tee'),$);
#6122=IFCPROPERTYSINGLEVALUE('TypeName',$,IFCLABEL('WT9X25'),$);
#6123=IFCPROPERTYSINGLEVALUE('Version',$,IFCLABEL('0.1.0'),$);
#6124=IFCPROPERTYSINGLEVALUE('License',$,IFCLABEL('CC0-1.0'),$);
#6125=IFCPROPERTYSINGLEVALUE('Source',$,IFCLABEL('massing-families'),$);
#6126=IFCPROPERTYSINGLEVALUE('Tier',$,IFCLABEL('L300'),$);
#6127=IFCPROPERTYSINGLEVALUE('Builder',$,IFCLABEL('profile'),$);
#6128=IFCPROPERTYSINGLEVALUE('Discipline',$,IFCLABEL('structural'),$);
#6129=IFCPROPERTYSINGLEVALUE('GeometryStatus',$,IFCLABEL('parametric'),$);
#6130=IFCPROPERTYSET('3SZMvMpgX05OZQlNzFuWCp',$,'MF_Quantities',$,(#6131,#6132,#6133,#6134,#6135));
#6131=IFCPROPERTYSINGLEVALUE('NominalWidth',$,IFCREAL(0.1905),$);
#6132=IFCPROPERTYSINGLEVALUE('NominalDepth',$,IFCREAL(0.2286),$);
#6133=IFCPROPERTYSINGLEVALUE('NominalHeight',$,IFCREAL(3.048),$);
#6134=IFCPROPERTYSINGLEVALUE('NominalFootprintArea',$,IFCREAL(0.043548000000000003),$);
#6135=IFCPROPERTYSINGLEVALUE('NominalVolume',$,IFCREAL(0.13273499999999999),$);
#6136=IFCMEMBERTYPE('0Piz0zJvTBPRaaiLicTibT',$,'WT Structural Tee - WT9X23',$,$,(#6153,#6157,#6168),(#6152),$,$,.NOTDEFINED.);
#6137=IFCCARTESIANPOINT((0.,0.));
#6138=IFCDIRECTION((1.,0.));
#6139=IFCAXIS2PLACEMENT2D(#6137,#6138);
#6140=IFCTSHAPEPROFILEDEF(.AREA.,'WT9X23',#6139,0.22936200000000001,0.15392400000000001,0.0091439999999999994,0.015367,0.010286999999999999,$,$,$,$);
#6141=IFCCARTESIANPOINT((0.,0.,0.));
#6142=IFCDIRECTION((0.,0.,1.));
#6143=IFCDIRECTION((1.,0.,0.));
#6144=IFCAXIS2PLACEMENT3D(#6141,#6142,#6143);
#6145=IFCDIRECTION((0.,0.,1.));
#6146=IFCEXTRUDEDAREASOLID(#6140,#6144,#6145,3.048);
#6147=IFCSHAPEREPRESENTATION(#11,'Body','SweptSolid',(#6146));
#6148=IFCCARTESIANPOINT((0.,0.,0.));
#6149=IFCDIRECTION((1.,0.,0.));
#6150=IFCDIRECTION((0.,0.,1.));
#6151=IFCAXIS2PLACEMENT3D(#6148,#6150,#6149);
#6152=IFCREPRESENTATIONMAP(#6151,#6147);
#6153=IFCPROPERTYSET('0YovfrY1j0cOHDvghvrdi3',$,'MF_Structural',$,(#6154,#6155,#6156));
#6154=IFCPROPERTYSINGLEVALUE('Section',$,IFCLABEL('WT9X23'),$);
#6155=IFCPROPERTYSINGLEVALUE('SectionFamily',$,IFCLABEL('WT'),$);
#6156=IFCPROPERTYSINGLEVALUE('SectionSource',$,IFCLABEL('AISC Shapes Database v15.0 (US)'),$);
#6157=IFCPROPERTYSET('1YzDfGezT8pBsJo3nrvPvd',$,'MF_Library',$,(#6158,#6159,#6160,#6161,#6162,#6163,#6164,#6165,#6166,#6167));
#6158=IFCPROPERTYSINGLEVALUE('Key',$,IFCLABEL('steel_tee_wt'),$);
#6159=IFCPROPERTYSINGLEVALUE('Family',$,IFCLABEL('WT Structural Tee'),$);
#6160=IFCPROPERTYSINGLEVALUE('TypeName',$,IFCLABEL('WT9X23'),$);
#6161=IFCPROPERTYSINGLEVALUE('Version',$,IFCLABEL('0.1.0'),$);
#6162=IFCPROPERTYSINGLEVALUE('License',$,IFCLABEL('CC0-1.0'),$);
#6163=IFCPROPERTYSINGLEVALUE('Source',$,IFCLABEL('massing-families'),$);
#6164=IFCPROPERTYSINGLEVALUE('Tier',$,IFCLABEL('L300'),$);
#6165=IFCPROPERTYSINGLEVALUE('Builder',$,IFCLABEL('profile'),$);
#6166=IFCPROPERTYSINGLEVALUE('Discipline',$,IFCLABEL('structural'),$);
#6167=IFCPROPERTYSINGLEVALUE('GeometryStatus',$,IFCLABEL('parametric'),$);
#6168=IFCPROPERTYSET('2lwnukZnL878UKRnBT3OkP',$,'MF_Quantities',$,(#6169,#6170,#6171,#6172,#6173));
#6169=IFCPROPERTYSINGLEVALUE('NominalWidth',$,IFCREAL(0.15392400000000001),$);
#6170=IFCPROPERTYSINGLEVALUE('NominalDepth',$,IFCREAL(0.22936200000000001),$);
#6171=IFCPROPERTYSINGLEVALUE('NominalHeight',$,IFCREAL(3.048),$);
#6172=IFCPROPERTYSINGLEVALUE('NominalFootprintArea',$,IFCREAL(0.035304000000000002),$);
#6173=IFCPROPERTYSINGLEVALUE('NominalVolume',$,IFCREAL(0.107608),$);
#6174=IFCMEMBERTYPE('24SkehJmn4zxSCnk1Ghjvp',$,'WT Structural Tee - WT9X20',$,$,(#6191,#6195,#6206),(#6190),$,$,.NOTDEFINED.);
#6175=IFCCARTESIANPOINT((0.,0.));
#6176=IFCDIRECTION((1.,0.));
#6177=IFCAXIS2PLACEMENT2D(#6175,#6176);
#6178=IFCTSHAPEPROFILEDEF(.AREA.,'WT9X20',#6177,0.22733,0.15290799999999999,0.0080009999999999994,0.013335,0.010210800000000001,$,$,$,$);
#6179=IFCCARTESIANPOINT((0.,0.,0.));
#6180=IFCDIRECTION((0.,0.,1.));
#6181=IFCDIRECTION((1.,0.,0.));
#6182=IFCAXIS2PLACEMENT3D(#6179,#6180,#6181);
#6183=IFCDIRECTION((0.,0.,1.));
#6184=IFCEXTRUDEDAREASOLID(#6178,#6182,#6183,3.048);
#6185=IFCSHAPEREPRESENTATION(#11,'Body','SweptSolid',(#6184));
#6186=IFCCARTESIANPOINT((0.,0.,0.));
#6187=IFCDIRECTION((1.,0.,0.));
#6188=IFCDIRECTION((0.,0.,1.));
#6189=IFCAXIS2PLACEMENT3D(#6186,#6188,#6187);
#6190=IFCREPRESENTATIONMAP(#6189,#6185);
#6191=IFCPROPERTYSET('0xUOZ029r8huMr3qIuocil',$,'MF_Structural',$,(#6192,#6193,#6194));
#6192=IFCPROPERTYSINGLEVALUE('Section',$,IFCLABEL('WT9X20'),$);
#6193=IFCPROPERTYSINGLEVALUE('SectionFamily',$,IFCLABEL('WT'),$);
#6194=IFCPROPERTYSINGLEVALUE('SectionSource',$,IFCLABEL('AISC Shapes Database v15.0 (US)'),$);
#6195=IFCPROPERTYSET('2HTB5GCkb0y9qWXRaQDzpX',$,'MF_Library',$,(#6196,#6197,#6198,#6199,#6200,#6201,#6202,#6203,#6204,#6205));
#6196=IFCPROPERTYSINGLEVALUE('Key',$,IFCLABEL('steel_tee_wt'),$);
#6197=IFCPROPERTYSINGLEVALUE('Family',$,IFCLABEL('WT Structural Tee'),$);
#6198=IFCPROPERTYSINGLEVALUE('TypeName',$,IFCLABEL('WT9X20'),$);
#6199=IFCPROPERTYSINGLEVALUE('Version',$,IFCLABEL('0.1.0'),$);
#6200=IFCPROPERTYSINGLEVALUE('License',$,IFCLABEL('CC0-1.0'),$);
#6201=IFCPROPERTYSINGLEVALUE('Source',$,IFCLABEL('massing-families'),$);
#6202=IFCPROPERTYSINGLEVALUE('Tier',$,IFCLABEL('L300'),$);
#6203=IFCPROPERTYSINGLEVALUE('Builder',$,IFCLABEL('profile'),$);
#6204=IFCPROPERTYSINGLEVALUE('Discipline',$,IFCLABEL('structural'),$);
#6205=IFCPROPERTYSINGLEVALUE('GeometryStatus',$,IFCLABEL('parametric'),$);
#6206=IFCPROPERTYSET('0itTyQ1IX6nw6Jo9cxlmh4',$,'MF_Quantities',$,(#6207,#6208,#6209,#6210,#6211));
#6207=IFCPROPERTYSINGLEVALUE('NominalWidth',$,IFCREAL(0.15290799999999999),$);
#6208=IFCPROPERTYSINGLEVALUE('NominalDepth',$,IFCREAL(0.22733),$);
#6209=IFCPROPERTYSINGLEVALUE('NominalHeight',$,IFCREAL(3.048),$);
#6210=IFCPROPERTYSINGLEVALUE('NominalFootprintArea',$,IFCREAL(0.034761),$);
#6211=IFCPROPERTYSINGLEVALUE('NominalVolume',$,IFCREAL(0.10595),$);
#6212=IFCMEMBERTYPE('1BYQdi7m9EUvxcldOwHNSa',$,'WT Structural Tee - WT9X17.5',$,$,(#6229,#6233,#6244),(#6228),$,$,.NOTDEFINED.);
#6213=IFCCARTESIANPOINT((0.,0.));
#6214=IFCDIRECTION((1.,0.));
#6215=IFCAXIS2PLACEMENT2D(#6213,#6214);
#6216=IFCTSHAPEPROFILEDEF(.AREA.,'WT9X17.5',#6215,0.22478999999999999,0.15240000000000001,0.00762,0.010795000000000001,0.010210800000000001,$,$,$,$);
#6217=IFCCARTESIANPOINT((0.,0.,0.));
#6218=IFCDIRECTION((0.,0.,1.));
#6219=IFCDIRECTION((1.,0.,0.));
#6220=IFCAXIS2PLACEMENT3D(#6217,#6218,#6219);
#6221=IFCDIRECTION((0.,0.,1.));
#6222=IFCEXTRUDEDAREASOLID(#6216,#6220,#6221,3.048);
#6223=IFCSHAPEREPRESENTATION(#11,'Body','SweptSolid',(#6222));
#6224=IFCCARTESIANPOINT((0.,0.,0.));
#6225=IFCDIRECTION((1.,0.,0.));
#6226=IFCDIRECTION((0.,0.,1.));
#6227=IFCAXIS2PLACEMENT3D(#6224,#6226,#6225);
#6228=IFCREPRESENTATIONMAP(#6227,#6223);
#6229=IFCPROPERTYSET('14y_VG7fL0WRWkN6Yr09Lb',$,'MF_Structural',$,(#6230,#6231,#6232));
#6230=IFCPROPERTYSINGLEVALUE('Section',$,IFCLABEL('WT9X17.5'),$);
#6231=IFCPROPERTYSINGLEVALUE('SectionFamily',$,IFCLABEL('WT'),$);
#6232=IFCPROPERTYSINGLEVALUE('SectionSource',$,IFCLABEL('AISC Shapes Database v15.0 (US)'),$);
#6233=IFCPROPERTYSET('3LGdL2yCr06Q160xa4jqeD',$,'MF_Library',$,(#6234,#6235,#6236,#6237,#6238,#6239,#6240,#6241,#6242,#6243));
#6234=IFCPROPERTYSINGLEVALUE('Key',$,IFCLABEL('steel_tee_wt'),$);
#6235=IFCPROPERTYSINGLEVALUE('Family',$,IFCLABEL('WT Structural Tee'),$);
#6236=IFCPROPERTYSINGLEVALUE('TypeName',$,IFCLABEL('WT9X17.5'),$);
#6237=IFCPROPERTYSINGLEVALUE('Version',$,IFCLABEL('0.1.0'),$);
#6238=IFCPROPERTYSINGLEVALUE('License',$,IFCLABEL('CC0-1.0'),$);
#6239=IFCPROPERTYSINGLEVALUE('Source',$,IFCLABEL('massing-families'),$);
#6240=IFCPROPERTYSINGLEVALUE('Tier',$,IFCLABEL('L300'),$);
#6241=IFCPROPERTYSINGLEVALUE('Builder',$,IFCLABEL('profile'),$);
#6242=IFCPROPERTYSINGLEVALUE('Discipline',$,IFCLABEL('structural'),$);
#6243=IFCPROPERTYSINGLEVALUE('GeometryStatus',$,IFCLABEL('parametric'),$);
#6244=IFCPROPERTYSET('2ENNdcW6rDCB$AW$ZTFyjq',$,'MF_Quantities',$,(#6245,#6246,#6247,#6248,#6249));
#6245=IFCPROPERTYSINGLEVALUE('NominalWidth',$,IFCREAL(0.15240000000000001),$);
#6246=IFCPROPERTYSINGLEVALUE('NominalDepth',$,IFCREAL(0.22478999999999999),$);
#6247=IFCPROPERTYSINGLEVALUE('NominalHeight',$,IFCREAL(3.048),$);
#6248=IFCPROPERTYSINGLEVALUE('NominalFootprintArea',$,IFCREAL(0.034257999999999997),$);
#6249=IFCPROPERTYSINGLEVALUE('NominalVolume',$,IFCREAL(0.104418),$);
#6250=IFCMEMBERTYPE('1VdTMbwrr4bx6IIghoThHh',$,'WT Structural Tee - WT8X50',$,$,(#6267,#6271,#6282),(#6266),$,$,.NOTDEFINED.);
#6251=IFCCARTESIANPOINT((0.,0.));
#6252=IFCDIRECTION((1.,0.));
#6253=IFCAXIS2PLACEMENT2D(#6251,#6252);
#6254=IFCTSHAPEPROFILEDEF(.AREA.,'WT8X50',#6253,0.215646,0.26416000000000001,0.014859000000000001,0.025019,0.010286999999999999,$,$,$,$);
#6255=IFCCARTESIANPOINT((0.,0.,0.));
#6256=IFCDIRECTION((0.,0.,1.));
#6257=IFCDIRECTION((1.,0.,0.));
#6258=IFCAXIS2PLACEMENT3D(#6255,#6256,#6257);
#6259=IFCDIRECTION((0.,0.,1.));
#6260=IFCEXTRUDEDAREASOLID(#6254,#6258,#6259,3.048);
#6261=IFCSHAPEREPRESENTATION(#11,'Body','SweptSolid',(#6260));
#6262=IFCCARTESIANPOINT((0.,0.,0.));
#6263=IFCDIRECTION((1.,0.,0.));
#6264=IFCDIRECTION((0.,0.,1.));
#6265=IFCAXIS2PLACEMENT3D(#6262,#6264,#6263);
#6266=IFCREPRESENTATIONMAP(#6265,#6261);
#6267=IFCPROPERTYSET('3IxdpWi8HFxhj47UH$QANj',$,'MF_Structural',$,(#6268,#6269,#6270));
#6268=IFCPROPERTYSINGLEVALUE('Section',$,IFCLABEL('WT8X50'),$);
#6269=IFCPROPERTYSINGLEVALUE('SectionFamily',$,IFCLABEL('WT'),$);
#6270=IFCPROPERTYSINGLEVALUE('SectionSource',$,IFCLABEL('AISC Shapes Database v15.0 (US)'),$);
#6271=IFCPROPERTYSET('1gkuzCeh9DGwtoJSWVSA_W',$,'MF_Library',$,(#6272,#6273,#6274,#6275,#6276,#6277,#6278,#6279,#6280,#6281));
#6272=IFCPROPERTYSINGLEVALUE('Key',$,IFCLABEL('steel_tee_wt'),$);
#6273=IFCPROPERTYSINGLEVALUE('Family',$,IFCLABEL('WT Structural Tee'),$);
#6274=IFCPROPERTYSINGLEVALUE('TypeName',$,IFCLABEL('WT8X50'),$);
#6275=IFCPROPERTYSINGLEVALUE('Version',$,IFCLABEL('0.1.0'),$);
#6276=IFCPROPERTYSINGLEVALUE('License',$,IFCLABEL('CC0-1.0'),$);
#6277=IFCPROPERTYSINGLEVALUE('Source',$,IFCLABEL('massing-families'),$);
#6278=IFCPROPERTYSINGLEVALUE('Tier',$,IFCLABEL('L300'),$);
#6279=IFCPROPERTYSINGLEVALUE('Builder',$,IFCLABEL('profile'),$);
#6280=IFCPROPERTYSINGLEVALUE('Discipline',$,IFCLABEL('structural'),$);
#6281=IFCPROPERTYSINGLEVALUE('GeometryStatus',$,IFCLABEL('parametric'),$);
#6282=IFCPROPERTYSET('0bn8vHkh95hhbgRPa8BRxU',$,'MF_Quantities',$,(#6283,#6284,#6285,#6286,#6287));
#6283=IFCPROPERTYSINGLEVALUE('NominalWidth',$,IFCREAL(0.26416000000000001),$);
#6284=IFCPROPERTYSINGLEVALUE('NominalDepth',$,IFCREAL(0.215646),$);
#6285=IFCPROPERTYSINGLEVALUE('NominalHeight',$,IFCREAL(3.048),$);
#6286=IFCPROPERTYSINGLEVALUE('NominalFootprintArea',$,IFCREAL(0.056965000000000002),$);
#6287=IFCPROPERTYSINGLEVALUE('NominalVolume',$,IFCREAL(0.17362900000000001),$);
#6288=IFCMEMBERTYPE('2ex22WdMzDJenvZZqvJAJr',$,'WT Structural Tee - WT8X44.5',$,$,(#6305,#6309,#6320),(#6304),$,$,.NOTDEFINED.);
#6289=IFCCARTESIANPOINT((0.,0.));
#6290=IFCDIRECTION((1.,0.));
#6291=IFCAXIS2PLACEMENT2D(#6289,#6290);
#6292=IFCTSHAPEPROFILEDEF(.AREA.,'WT8X44.5',#6291,0.21285200000000001,0.26416000000000001,0.013335,0.022225000000000002,0.010286999999999999,$,$,$,$);
#6293=IFCCARTESIANPOINT((0.,0.,0.));
#6294=IFCDIRECTION((0.,0.,1.));
#6295=IFCDIRECTION((1.,0.,0.));
#6296=IFCAXIS2PLACEMENT3D(#6293,#6294,#6295);
#6297=IFCDIRECTION((0.,0.,1.));
#6298=IFCEXTRUDEDAREASOLID(#6292,#6296,#6297,3.048);
#6299=IFCSHAPEREPRESENTATION(#11,'Body','SweptSolid',(#6298));
#6300=IFCCARTESIANPOINT((0.,0.,0.));
#6301=IFCDIRECTION((1.,0.,0.));
#6302=IFCDIRECTION((0.,0.,1.));
#6303=IFCAXIS2PLACEMENT3D(#6300,#6302,#6301);
#6304=IFCREPRESENTATIONMAP(#6303,#6299);
#6305=IFCPROPERTYSET('1_bvGQ60n6MxCdS5YrXnZX',$,'MF_Structural',$,(#6306,#6307,#6308));
#6306=IFCPROPERTYSINGLEVALUE('Section',$,IFCLABEL('WT8X44.5'),$);
#6307=IFCPROPERTYSINGLEVALUE('SectionFamily',$,IFCLABEL('WT'),$);
#6308=IFCPROPERTYSINGLEVALUE('SectionSource',$,IFCLABEL('AISC Shapes Database v15.0 (US)'),$);
#6309=IFCPROPERTYSET('1e$SUoJHDAyRXrrOXFCQFP',$,'MF_Library',$,(#6310,#6311,#6312,#6313,#6314,#6315,#6316,#6317,#6318,#6319));
#6310=IFCPROPERTYSINGLEVALUE('Key',$,IFCLABEL('steel_tee_wt'),$);
#6311=IFCPROPERTYSINGLEVALUE('Family',$,IFCLABEL('WT Structural Tee'),$);
#6312=IFCPROPERTYSINGLEVALUE('TypeName',$,IFCLABEL('WT8X44.5'),$);
#6313=IFCPROPERTYSINGLEVALUE('Version',$,IFCLABEL('0.1.0'),$);
#6314=IFCPROPERTYSINGLEVALUE('License',$,IFCLABEL('CC0-1.0'),$);
#6315=IFCPROPERTYSINGLEVALUE('Source',$,IFCLABEL('massing-families'),$);
#6316=IFCPROPERTYSINGLEVALUE('Tier',$,IFCLABEL('L300'),$);
#6317=IFCPROPERTYSINGLEVALUE('Builder',$,IFCLABEL('profile'),$);
#6318=IFCPROPERTYSINGLEVALUE('Discipline',$,IFCLABEL('structural'),$);
#6319=IFCPROPERTYSINGLEVALUE('GeometryStatus',$,IFCLABEL('parametric'),$);
#6320=IFCPROPERTYSET('3OhoOAzT9AiesfLBbJKuTy',$,'MF_Quantities',$,(#6321,#6322,#6323,#6324,#6325));
#6321=IFCPROPERTYSINGLEVALUE('NominalWidth',$,IFCREAL(0.26416000000000001),$);
#6322=IFCPROPERTYSINGLEVALUE('NominalDepth',$,IFCREAL(0.21285200000000001),$);
#6323=IFCPROPERTYSINGLEVALUE('NominalHeight',$,IFCREAL(3.048),$);
#6324=IFCPROPERTYSINGLEVALUE('NominalFootprintArea',$,IFCREAL(0.056226999999999999),$);
#6325=IFCPROPERTYSINGLEVALUE('NominalVolume',$,IFCREAL(0.17138),$);
#6326=IFCMEMBERTYPE('0$biIh5d18iQfeArAJVxbT',$,'WT Structural Tee - WT8X38.5',$,$,(#6343,#6347,#6358),(#6342),$,$,.NOTDEFINED.);
#6327=IFCCARTESIANPOINT((0.,0.));
#6328=IFCDIRECTION((1.,0.));
#6329=IFCAXIS2PLACEMENT2D(#6327,#6328);
#6330=IFCTSHAPEPROFILEDEF(.AREA.,'WT8X38.5',#6329,0.20980399999999999,0.26162000000000002,0.011557,0.019304000000000002,0.010160000000000001,$,$,$,$);
#6331=IFCCARTESIANPOINT((0.,0.,0.));
#6332=IFCDIRECTION((0.,0.,1.));
#6333=IFCDIRECTION((1.,0.,0.));
#6334=IFCAXIS2PLACEMENT3D(#6331,#6332,#6333);
#6335=IFCDIRECTION((0.,0.,1.));
#6336=IFCEXTRUDEDAREASOLID(#6330,#6334,#6335,3.048);
#6337=IFCSHAPEREPRESENTATION(#11,'Body','SweptSolid',(#6336));
#6338=IFCCARTESIANPOINT((0.,0.,0.));
#6339=IFCDIRECTION((1.,0.,0.));
#6340=IFCDIRECTION((0.,0.,1.));
#6341=IFCAXIS2PLACEMENT3D(#6338,#6340,#6339);
#6342=IFCREPRESENTATIONMAP(#6341,#6337);
#6343=IFCPROPERTYSET('3cOWYHw39DxfMMpgc9K78q',$,'MF_Structural',$,(#6344,#6345,#6346));
#6344=IFCPROPERTYSINGLEVALUE('Section',$,IFCLABEL('WT8X38.5'),$);
#6345=IFCPROPERTYSINGLEVALUE('SectionFamily',$,IFCLABEL('WT'),$);
#6346=IFCPROPERTYSINGLEVALUE('SectionSource',$,IFCLABEL('AISC Shapes Database v15.0 (US)'),$);
#6347=IFCPROPERTYSET('1l0TtT9JT5m9mYcf7xJvCk',$,'MF_Library',$,(#6348,#6349,#6350,#6351,#6352,#6353,#6354,#6355,#6356,#6357));
#6348=IFCPROPERTYSINGLEVALUE('Key',$,IFCLABEL('steel_tee_wt'),$);
#6349=IFCPROPERTYSINGLEVALUE('Family',$,IFCLABEL('WT Structural Tee'),$);
#6350=IFCPROPERTYSINGLEVALUE('TypeName',$,IFCLABEL('WT8X38.5'),$);
#6351=IFCPROPERTYSINGLEVALUE('Version',$,IFCLABEL('0.1.0'),$);
#6352=IFCPROPERTYSINGLEVALUE('License',$,IFCLABEL('CC0-1.0'),$);
#6353=IFCPROPERTYSINGLEVALUE('Source',$,IFCLABEL('massing-families'),$);
#6354=IFCPROPERTYSINGLEVALUE('Tier',$,IFCLABEL('L300'),$);
#6355=IFCPROPERTYSINGLEVALUE('Builder',$,IFCLABEL('profile'),$);
#6356=IFCPROPERTYSINGLEVALUE('Discipline',$,IFCLABEL('structural'),$);
#6357=IFCPROPERTYSINGLEVALUE('GeometryStatus',$,IFCLABEL('parametric'),$);
#6358=IFCPROPERTYSET('3rPsmqYGL3VQWGGEJCP8tX',$,'MF_Quantities',$,(#6359,#6360,#6361,#6362,#6363));
#6359=IFCPROPERTYSINGLEVALUE('NominalWidth',$,IFCREAL(0.26162000000000002),$);
#6360=IFCPROPERTYSINGLEVALUE('NominalDepth',$,IFCREAL(0.20980399999999999),$);
#6361=IFCPROPERTYSINGLEVALUE('NominalHeight',$,IFCREAL(3.048),$);
#6362=IFCPROPERTYSINGLEVALUE('NominalFootprintArea',$,IFCREAL(0.054889),$);
#6363=IFCPROPERTYSINGLEVALUE('NominalVolume',$,IFCREAL(0.16730100000000001),$);
#6364=IFCMEMBERTYPE('0RErzcTJT6FvDZvpTzyprc',$,'WT Structural Tee - WT8X33.5',$,$,(#6381,#6385,#6396),(#6380),$,$,.NOTDEFINED.);
#6365=IFCCARTESIANPOINT((0.,0.));
#6366=IFCDIRECTION((1.,0.));
#6367=IFCAXIS2PLACEMENT2D(#6365,#6366);
#6368=IFCTSHAPEPROFILEDEF(.AREA.,'WT8X33.5',#6367,0.20751800000000001,0.25907999999999998,0.010033,0.016891,0.010286999999999999,$,$,$,$);
#6369=IFCCARTESIANPOINT((0.,0.,0.));
#6370=IFCDIRECTION((0.,0.,1.));
#6371=IFCDIRECTION((1.,0.,0.));
#6372=IFCAXIS2PLACEMENT3D(#6369,#6370,#6371);
#6373=IFCDIRECTION((0.,0.,1.));
#6374=IFCEXTRUDEDAREASOLID(#6368,#6372,#6373,3.048);
#6375=IFCSHAPEREPRESENTATION(#11,'Body','SweptSolid',(#6374));
#6376=IFCCARTESIANPOINT((0.,0.,0.));
#6377=IFCDIRECTION((1.,0.,0.));
#6378=IFCDIRECTION((0.,0.,1.));
#6379=IFCAXIS2PLACEMENT3D(#6376,#6378,#6377);
#6380=IFCREPRESENTATIONMAP(#6379,#6375);
#6381=IFCPROPERTYSET('0lqr4rR516R8TRXA7Vas40',$,'MF_Structural',$,(#6382,#6383,#6384));
#6382=IFCPROPERTYSINGLEVALUE('Section',$,IFCLABEL('WT8X33.5'),$);
#6383=IFCPROPERTYSINGLEVALUE('SectionFamily',$,IFCLABEL('WT'),$);
#6384=IFCPROPERTYSINGLEVALUE('SectionSource',$,IFCLABEL('AISC Shapes Database v15.0 (US)'),$);
#6385=IFCPROPERTYSET('3wbu28tBD9j9NrLX6D$P8o',$,'MF_Library',$,(#6386,#6387,#6388,#6389,#6390,#6391,#6392,#6393,#6394,#6395));
#6386=IFCPROPERTYSINGLEVALUE('Key',$,IFCLABEL('steel_tee_wt'),$);
#6387=IFCPROPERTYSINGLEVALUE('Family',$,IFCLABEL('WT Structural Tee'),$);
#6388=IFCPROPERTYSINGLEVALUE('TypeName',$,IFCLABEL('WT8X33.5'),$);
#6389=IFCPROPERTYSINGLEVALUE('Version',$,IFCLABEL('0.1.0'),$);
#6390=IFCPROPERTYSINGLEVALUE('License',$,IFCLABEL('CC0-1.0'),$);
#6391=IFCPROPERTYSINGLEVALUE('Source',$,IFCLABEL('massing-families'),$);
#6392=IFCPROPERTYSINGLEVALUE('Tier',$,IFCLABEL('L300'),$);
#6393=IFCPROPERTYSINGLEVALUE('Builder',$,IFCLABEL('profile'),$);
#6394=IFCPROPERTYSINGLEVALUE('Discipline',$,IFCLABEL('structural'),$);
#6395=IFCPROPERTYSINGLEVALUE('GeometryStatus',$,IFCLABEL('parametric'),$);
#6396=IFCPROPERTYSET('3J2kca6Q9CKvE$UV764NRF',$,'MF_Quantities',$,(#6397,#6398,#6399,#6400,#6401));
#6397=IFCPROPERTYSINGLEVALUE('NominalWidth',$,IFCREAL(0.25907999999999998),$);
#6398=IFCPROPERTYSINGLEVALUE('NominalDepth',$,IFCREAL(0.20751800000000001),$);
#6399=IFCPROPERTYSINGLEVALUE('NominalHeight',$,IFCREAL(3.048),$);
#6400=IFCPROPERTYSINGLEVALUE('NominalFootprintArea',$,IFCREAL(0.053763999999999999),$);
#6401=IFCPROPERTYSINGLEVALUE('NominalVolume',$,IFCREAL(0.16387199999999999),$);
#6402=IFCMEMBERTYPE('1gXqH5wRbCrAYAZYL0Bywg',$,'WT Structural Tee - WT8X28.5',$,$,(#6419,#6423,#6434),(#6418),$,$,.NOTDEFINED.);
#6403=IFCCARTESIANPOINT((0.,0.));
#6404=IFCDIRECTION((1.,0.));
#6405=IFCAXIS2PLACEMENT2D(#6403,#6404);
#6406=IFCTSHAPEPROFILEDEF(.AREA.,'WT8X28.5',#6405,0.208788,0.18084800000000001,0.010921999999999999,0.018161,0.010286999999999999,$,$,$,$);
#6407=IFCCARTESIANPOINT((0.,0.,0.));
#6408=IFCDIRECTION((0.,0.,1.));
#6409=IFCDIRECTION((1.,0.,0.));
#6410=IFCAXIS2PLACEMENT3D(#6407,#6408,#6409);
#6411=IFCDIRECTION((0.,0.,1.));
#6412=IFCEXTRUDEDAREASOLID(#6406,#6410,#6411,3.048);
#6413=IFCSHAPEREPRESENTATION(#11,'Body','SweptSolid',(#6412));
#6414=IFCCARTESIANPOINT((0.,0.,0.));
#6415=IFCDIRECTION((1.,0.,0.));
#6416=IFCDIRECTION((0.,0.,1.));
#6417=IFCAXIS2PLACEMENT3D(#6414,#6416,#6415);
#6418=IFCREPRESENTATIONMAP(#6417,#6413);
#6419=IFCPROPERTYSET('2dNHG57JTChRTGYugLl2D_',$,'MF_Structural',$,(#6420,#6421,#6422));
#6420=IFCPROPERTYSINGLEVALUE('Section',$,IFCLABEL('WT8X28.5'),$);
#6421=IFCPROPERTYSINGLEVALUE('SectionFamily',$,IFCLABEL('WT'),$);
#6422=IFCPROPERTYSINGLEVALUE('SectionSource',$,IFCLABEL('AISC Shapes Database v15.0 (US)'),$);
#6423=IFCPROPERTYSET('1ChD9IXwH2Lf21o1MLhnOJ',$,'MF_Library',$,(#6424,#6425,#6426,#6427,#6428,#6429,#6430,#6431,#6432,#6433));
#6424=IFCPROPERTYSINGLEVALUE('Key',$,IFCLABEL('steel_tee_wt'),$);
#6425=IFCPROPERTYSINGLEVALUE('Family',$,IFCLABEL('WT Structural Tee'),$);
#6426=IFCPROPERTYSINGLEVALUE('TypeName',$,IFCLABEL('WT8X28.5'),$);
#6427=IFCPROPERTYSINGLEVALUE('Version',$,IFCLABEL('0.1.0'),$);
#6428=IFCPROPERTYSINGLEVALUE('License',$,IFCLABEL('CC0-1.0'),$);
#6429=IFCPROPERTYSINGLEVALUE('Source',$,IFCLABEL('massing-families'),$);
#6430=IFCPROPERTYSINGLEVALUE('Tier',$,IFCLABEL('L300'),$);
#6431=IFCPROPERTYSINGLEVALUE('Builder',$,IFCLABEL('profile'),$);
#6432=IFCPROPERTYSINGLEVALUE('Discipline',$,IFCLABEL('structural'),$);
#6433=IFCPROPERTYSINGLEVALUE('GeometryStatus',$,IFCLABEL('parametric'),$);
#6434=IFCPROPERTYSET('2yTO9QL8v1TxjrJh0DI3Yx',$,'MF_Quantities',$,(#6435,#6436,#6437,#6438,#6439));
#6435=IFCPROPERTYSINGLEVALUE('NominalWidth',$,IFCREAL(0.18084800000000001),$);
#6436=IFCPROPERTYSINGLEVALUE('NominalDepth',$,IFCREAL(0.208788),$);
#6437=IFCPROPERTYSINGLEVALUE('NominalHeight',$,IFCREAL(3.048),$);
#6438=IFCPROPERTYSINGLEVALUE('NominalFootprintArea',$,IFCREAL(0.037759000000000001),$);
#6439=IFCPROPERTYSINGLEVALUE('NominalVolume',$,IFCREAL(0.115089),$);
#6440=IFCMEMBERTYPE('04YCABbsLEJOaWIEo$Yh_2',$,'WT Structural Tee - WT8X25',$,$,(#6457,#6461,#6472),(#6456),$,$,.NOTDEFINED.);
#6441=IFCCARTESIANPOINT((0.,0.));
#6442=IFCDIRECTION((1.,0.));
#6443=IFCAXIS2PLACEMENT2D(#6441,#6442);
#6444=IFCTSHAPEPROFILEDEF(.AREA.,'WT8X25',#6443,0.20650199999999999,0.17957799999999999,0.0096520000000000009,0.016001999999999999,0.010160000000000001,$,$,$,$);
#6445=IFCCARTESIANPOINT((0.,0.,0.));
#6446=IFCDIRECTION((0.,0.,1.));
#6447=IFCDIRECTION((1.,0.,0.));
#6448=IFCAXIS2PLACEMENT3D(#6445,#6446,#6447);
#6449=IFCDIRECTION((0.,0.,1.));
#6450=IFCEXTRUDEDAREASOLID(#6444,#6448,#6449,3.048);
#6451=IFCSHAPEREPRESENTATION(#11,'Body','SweptSolid',(#6450));
#6452=IFCCARTESIANPOINT((0.,0.,0.));
#6453=IFCDIRECTION((1.,0.,0.));
#6454=IFCDIRECTION((0.,0.,1.));
#6455=IFCAXIS2PLACEMENT3D(#6452,#6454,#6453);
#6456=IFCREPRESENTATIONMAP(#6455,#6451);
#6457=IFCPROPERTYSET('2nBhhd0oP1PhmmUJeHLZT5',$,'MF_Structural',$,(#6458,#6459,#6460));
#6458=IFCPROPERTYSINGLEVALUE('Section',$,IFCLABEL('WT8X25'),$);
#6459=IFCPROPERTYSINGLEVALUE('SectionFamily',$,IFCLABEL('WT'),$);
#6460=IFCPROPERTYSINGLEVALUE('SectionSource',$,IFCLABEL('AISC Shapes Database v15.0 (US)'),$);
#6461=IFCPROPERTYSET('04exJ83DXFE9ingPzqlYyq',$,'MF_Library',$,(#6462,#6463,#6464,#6465,#6466,#6467,#6468,#6469,#6470,#6471));
#6462=IFCPROPERTYSINGLEVALUE('Key',$,IFCLABEL('steel_tee_wt'),$);
#6463=IFCPROPERTYSINGLEVALUE('Family',$,IFCLABEL('WT Structural Tee'),$);
#6464=IFCPROPERTYSINGLEVALUE('TypeName',$,IFCLABEL('WT8X25'),$);
#6465=IFCPROPERTYSINGLEVALUE('Version',$,IFCLABEL('0.1.0'),$);
#6466=IFCPROPERTYSINGLEVALUE('License',$,IFCLABEL('CC0-1.0'),$);
#6467=IFCPROPERTYSINGLEVALUE('Source',$,IFCLABEL('massing-families'),$);
#6468=IFCPROPERTYSINGLEVALUE('Tier',$,IFCLABEL('L300'),$);
#6469=IFCPROPERTYSINGLEVALUE('Builder',$,IFCLABEL('profile'),$);
#6470=IFCPROPERTYSINGLEVALUE('Discipline',$,IFCLABEL('structural'),$);
#6471=IFCPROPERTYSINGLEVALUE('GeometryStatus',$,IFCLABEL('parametric'),$);
#6472=IFCPROPERTYSET('0LVeXkkcn3NR3JbUcNac7r',$,'MF_Quantities',$,(#6473,#6474,#6475,#6476,#6477));
#6473=IFCPROPERTYSINGLEVALUE('NominalWidth',$,IFCREAL(0.17957799999999999),$);
#6474=IFCPROPERTYSINGLEVALUE('NominalDepth',$,IFCREAL(0.20650199999999999),$);
#6475=IFCPROPERTYSINGLEVALUE('NominalHeight',$,IFCREAL(3.048),$);
#6476=IFCPROPERTYSINGLEVALUE('NominalFootprintArea',$,IFCREAL(0.037082999999999998),$);
#6477=IFCPROPERTYSINGLEVALUE('NominalVolume',$,IFCREAL(0.11303000000000001),$);
#6478=IFCMEMBERTYPE('2JRoexlJnAHONGxSoBjFw2',$,'WT Structural Tee - WT8X22.5',$,$,(#6495,#6499,#6510),(#6494),$,$,.NOTDEFINED.);
#6479=IFCCARTESIANPOINT((0.,0.));
#6480=IFCDIRECTION((1.,0.));
#6481=IFCAXIS2PLACEMENT2D(#6479,#6480);
#6482=IFCTSHAPEPROFILEDEF(.AREA.,'WT8X22.5',#6481,0.20497799999999999,0.178816,0.008763,0.014350999999999999,0.010210800000000001,$,$,$,$);
#6483=IFCCARTESIANPOINT((0.,0.,0.));
#6484=IFCDIRECTION((0.,0.,1.));
#6485=IFCDIRECTION((1.,0.,0.));
#6486=IFCAXIS2PLACEMENT3D(#6483,#6484,#6485);
#6487=IFCDIRECTION((0.,0.,1.));
#6488=IFCEXTRUDEDAREASOLID(#6482,#6486,#6487,3.048);
#6489=IFCSHAPEREPRESENTATION(#11,'Body','SweptSolid',(#6488));
#6490=IFCCARTESIANPOINT((0.,0.,0.));
#6491=IFCDIRECTION((1.,0.,0.));
#6492=IFCDIRECTION((0.,0.,1.));
#6493=IFCAXIS2PLACEMENT3D(#6490,#6492,#6491);
#6494=IFCREPRESENTATIONMAP(#6493,#6489);
#6495=IFCPROPERTYSET('15wmmLZbj4GhdD1egE_N5P',$,'MF_Structural',$,(#6496,#6497,#6498));
#6496=IFCPROPERTYSINGLEVALUE('Section',$,IFCLABEL('WT8X22.5'),$);
#6497=IFCPROPERTYSINGLEVALUE('SectionFamily',$,IFCLABEL('WT'),$);
#6498=IFCPROPERTYSINGLEVALUE('SectionSource',$,IFCLABEL('AISC Shapes Database v15.0 (US)'),$);
#6499=IFCPROPERTYSET('36g1bUemn6Fun0pRQPlI6o',$,'MF_Library',$,(#6500,#6501,#6502,#6503,#6504,#6505,#6506,#6507,#6508,#6509));
#6500=IFCPROPERTYSINGLEVALUE('Key',$,IFCLABEL('steel_tee_wt'),$);
#6501=IFCPROPERTYSINGLEVALUE('Family',$,IFCLABEL('WT Structural Tee'),$);
#6502=IFCPROPERTYSINGLEVALUE('TypeName',$,IFCLABEL('WT8X22.5'),$);
#6503=IFCPROPERTYSINGLEVALUE('Version',$,IFCLABEL('0.1.0'),$);
#6504=IFCPROPERTYSINGLEVALUE('License',$,IFCLABEL('CC0-1.0'),$);
#6505=IFCPROPERTYSINGLEVALUE('Source',$,IFCLABEL('massing-families'),$);
#6506=IFCPROPERTYSINGLEVALUE('Tier',$,IFCLABEL('L300'),$);
#6507=IFCPROPERTYSINGLEVALUE('Builder',$,IFCLABEL('profile'),$);
#6508=IFCPROPERTYSINGLEVALUE('Discipline',$,IFCLABEL('structural'),$);
#6509=IFCPROPERTYSINGLEVALUE('GeometryStatus',$,IFCLABEL('parametric'),$);
#6510=IFCPROPERTYSET('3augwGAen9GfYqx_jzorWU',$,'MF_Quantities',$,(#6511,#6512,#6513,#6514,#6515));
#6511=IFCPROPERTYSINGLEVALUE('NominalWidth',$,IFCREAL(0.178816),$);
#6512=IFCPROPERTYSINGLEVALUE('NominalDepth',$,IFCREAL(0.20497799999999999),$);
#6513=IFCPROPERTYSINGLEVALUE('NominalHeight',$,IFCREAL(3.048),$);
#6514=IFCPROPERTYSINGLEVALUE('NominalFootprintArea',$,IFCREAL(0.036652999999999998),$);
#6515=IFCPROPERTYSINGLEVALUE('NominalVolume',$,IFCREAL(0.111719),$);
#6516=IFCMEMBERTYPE('1DC3QvuN52TRlGj5S7aVxH',$,'WT Structural Tee - WT8X20',$,$,(#6533,#6537,#6548),(#6532),$,$,.NOTDEFINED.);
#6517=IFCCARTESIANPOINT((0.,0.));
#6518=IFCDIRECTION((1.,0.));
#6519=IFCAXIS2PLACEMENT2D(#6517,#6518);
#6520=IFCTSHAPEPROFILEDEF(.AREA.,'WT8X20',#6519,0.203454,0.17780000000000001,0.0077470000000000004,0.012827,0.010210800000000001,$,$,$,$);
#6521=IFCCARTESIANPOINT((0.,0.,0.));
#6522=IFCDIRECTION((0.,0.,1.));
#6523=IFCDIRECTION((1.,0.,0.));
#6524=IFCAXIS2PLACEMENT3D(#6521,#6522,#6523);
#6525=IFCDIRECTION((0.,0.,1.));
#6526=IFCEXTRUDEDAREASOLID(#6520,#6524,#6525,3.048);
#6527=IFCSHAPEREPRESENTATION(#11,'Body','SweptSolid',(#6526));
#6528=IFCCARTESIANPOINT((0.,0.,0.));
#6529=IFCDIRECTION((1.,0.,0.));
#6530=IFCDIRECTION((0.,0.,1.));
#6531=IFCAXIS2PLACEMENT3D(#6528,#6530,#6529);
#6532=IFCREPRESENTATIONMAP(#6531,#6527);
#6533=IFCPROPERTYSET('01DU4CR853jQvYC7VYTruL',$,'MF_Structural',$,(#6534,#6535,#6536));
#6534=IFCPROPERTYSINGLEVALUE('Section',$,IFCLABEL('WT8X20'),$);
#6535=IFCPROPERTYSINGLEVALUE('SectionFamily',$,IFCLABEL('WT'),$);
#6536=IFCPROPERTYSINGLEVALUE('SectionSource',$,IFCLABEL('AISC Shapes Database v15.0 (US)'),$);
#6537=IFCPROPERTYSET('1i2xmw25X3_B4FAyRLE3o0',$,'MF_Library',$,(#6538,#6539,#6540,#6541,#6542,#6543,#6544,#6545,#6546,#6547));
#6538=IFCPROPERTYSINGLEVALUE('Key',$,IFCLABEL('steel_tee_wt'),$);
#6539=IFCPROPERTYSINGLEVALUE('Family',$,IFCLABEL('WT Structural Tee'),$);
#6540=IFCPROPERTYSINGLEVALUE('TypeName',$,IFCLABEL('WT8X20'),$);
#6541=IFCPROPERTYSINGLEVALUE('Version',$,IFCLABEL('0.1.0'),$);
#6542=IFCPROPERTYSINGLEVALUE('License',$,IFCLABEL('CC0-1.0'),$);
#6543=IFCPROPERTYSINGLEVALUE('Source',$,IFCLABEL('massing-families'),$);
#6544=IFCPROPERTYSINGLEVALUE('Tier',$,IFCLABEL('L300'),$);
#6545=IFCPROPERTYSINGLEVALUE('Builder',$,IFCLABEL('profile'),$);
#6546=IFCPROPERTYSINGLEVALUE('Discipline',$,IFCLABEL('structural'),$);
#6547=IFCPROPERTYSINGLEVALUE('GeometryStatus',$,IFCLABEL('parametric'),$);
#6548=IFCPROPERTYSET('2X1fHZiG9ECfVmGnJ5pTV0',$,'MF_Quantities',$,(#6549,#6550,#6551,#6552,#6553));
#6549=IFCPROPERTYSINGLEVALUE('NominalWidth',$,IFCREAL(0.17780000000000001),$);
#6550=IFCPROPERTYSINGLEVALUE('NominalDepth',$,IFCREAL(0.203454),$);
#6551=IFCPROPERTYSINGLEVALUE('NominalHeight',$,IFCREAL(3.048),$);
#6552=IFCPROPERTYSINGLEVALUE('NominalFootprintArea',$,IFCREAL(0.036173999999999998),$);
#6553=IFCPROPERTYSINGLEVALUE('NominalVolume',$,IFCREAL(0.110259),$);
#6554=IFCMEMBERTYPE('0UR1i8Ck59hR1hqn8tEr9$',$,'WT Structural Tee - WT8X18',$,$,(#6571,#6575,#6586),(#6570),$,$,.NOTDEFINED.);
#6555=IFCCARTESIANPOINT((0.,0.));
#6556=IFCDIRECTION((1.,0.));
#6557=IFCAXIS2PLACEMENT2D(#6555,#6556);
#6558=IFCTSHAPEPROFILEDEF(.AREA.,'WT8X18',#6557,0.20142199999999999,0.17754600000000001,0.0074929999999999997,0.010921999999999999,0.010210800000000001,$,$,$,$);
#6559=IFCCARTESIANPOINT((0.,0.,0.));
#6560=IFCDIRECTION((0.,0.,1.));
#6561=IFCDIRECTION((1.,0.,0.));
#6562=IFCAXIS2PLACEMENT3D(#6559,#6560,#6561);
#6563=IFCDIRECTION((0.,0.,1.));
#6564=IFCEXTRUDEDAREASOLID(#6558,#6562,#6563,3.048);
#6565=IFCSHAPEREPRESENTATION(#11,'Body','SweptSolid',(#6564));
#6566=IFCCARTESIANPOINT((0.,0.,0.));
#6567=IFCDIRECTION((1.,0.,0.));
#6568=IFCDIRECTION((0.,0.,1.));
#6569=IFCAXIS2PLACEMENT3D(#6566,#6568,#6567);
#6570=IFCREPRESENTATIONMAP(#6569,#6565);
#6571=IFCPROPERTYSET('0etd1XXuf7qgCKlTQYn7Qu',$,'MF_Structural',$,(#6572,#6573,#6574));
#6572=IFCPROPERTYSINGLEVALUE('Section',$,IFCLABEL('WT8X18'),$);
#6573=IFCPROPERTYSINGLEVALUE('SectionFamily',$,IFCLABEL('WT'),$);
#6574=IFCPROPERTYSINGLEVALUE('SectionSource',$,IFCLABEL('AISC Shapes Database v15.0 (US)'),$);
#6575=IFCPROPERTYSET('3zKR7grlHCsx3HQgbPCr2O',$,'MF_Library',$,(#6576,#6577,#6578,#6579,#6580,#6581,#6582,#6583,#6584,#6585));
#6576=IFCPROPERTYSINGLEVALUE('Key',$,IFCLABEL('steel_tee_wt'),$);
#6577=IFCPROPERTYSINGLEVALUE('Family',$,IFCLABEL('WT Structural Tee'),$);
#6578=IFCPROPERTYSINGLEVALUE('TypeName',$,IFCLABEL('WT8X18'),$);
#6579=IFCPROPERTYSINGLEVALUE('Version',$,IFCLABEL('0.1.0'),$);
#6580=IFCPROPERTYSINGLEVALUE('License',$,IFCLABEL('CC0-1.0'),$);
#6581=IFCPROPERTYSINGLEVALUE('Source',$,IFCLABEL('massing-families'),$);
#6582=IFCPROPERTYSINGLEVALUE('Tier',$,IFCLABEL('L300'),$);
#6583=IFCPROPERTYSINGLEVALUE('Builder',$,IFCLABEL('profile'),$);
#6584=IFCPROPERTYSINGLEVALUE('Discipline',$,IFCLABEL('structural'),$);
#6585=IFCPROPERTYSINGLEVALUE('GeometryStatus',$,IFCLABEL('parametric'),$);
#6586=IFCPROPERTYSET('3aNZLOV3H5rvjoU2K1whLP',$,'MF_Quantities',$,(#6587,#6588,#6589,#6590,#6591));
#6587=IFCPROPERTYSINGLEVALUE('NominalWidth',$,IFCREAL(0.17754600000000001),$);
#6588=IFCPROPERTYSINGLEVALUE('NominalDepth',$,IFCREAL(0.20142199999999999),$);
#6589=IFCPROPERTYSINGLEVALUE('NominalHeight',$,IFCREAL(3.048),$);
#6590=IFCPROPERTYSINGLEVALUE('NominalFootprintArea',$,IFCREAL(0.035762000000000002),$);
#6591=IFCPROPERTYSINGLEVALUE('NominalVolume',$,IFCREAL(0.109002),$);
#6592=IFCMEMBERTYPE('3alXsInMn8fxiOl757HrSw',$,'WT Structural Tee - WT8X15.5',$,$,(#6609,#6613,#6624),(#6608),$,$,.NOTDEFINED.);
#6593=IFCCARTESIANPOINT((0.,0.));
#6594=IFCDIRECTION((1.,0.));
#6595=IFCAXIS2PLACEMENT2D(#6593,#6594);
#6596=IFCTSHAPEPROFILEDEF(.AREA.,'WT8X15.5',#6595,0.20167599999999999,0.140462,0.0069849999999999999,0.011176,0.010210800000000001,$,$,$,$);
#6597=IFCCARTESIANPOINT((0.,0.,0.));
#6598=IFCDIRECTION((0.,0.,1.));
#6599=IFCDIRECTION((1.,0.,0.));
#6600=IFCAXIS2PLACEMENT3D(#6597,#6598,#6599);
#6601=IFCDIRECTION((0.,0.,1.));
#6602=IFCEXTRUDEDAREASOLID(#6596,#6600,#6601,3.048);
#6603=IFCSHAPEREPRESENTATION(#11,'Body','SweptSolid',(#6602));
#6604=IFCCARTESIANPOINT((0.,0.,0.));
#6605=IFCDIRECTION((1.,0.,0.));
#6606=IFCDIRECTION((0.,0.,1.));
#6607=IFCAXIS2PLACEMENT3D(#6604,#6606,#6605);
#6608=IFCREPRESENTATIONMAP(#6607,#6603);
#6609=IFCPROPERTYSET('1oFZ8CSd15oe2ZKgiT6773',$,'MF_Structural',$,(#6610,#6611,#6612));
#6610=IFCPROPERTYSINGLEVALUE('Section',$,IFCLABEL('WT8X15.5'),$);
#6611=IFCPROPERTYSINGLEVALUE('SectionFamily',$,IFCLABEL('WT'),$);
#6612=IFCPROPERTYSINGLEVALUE('SectionSource',$,IFCLABEL('AISC Shapes Database v15.0 (US)'),$);
#6613=IFCPROPERTYSET('3xzZdpNQv6iPkHeHLDD9C8',$,'MF_Library',$,(#6614,#6615,#6616,#6617,#6618,#6619,#6620,#6621,#6622,#6623));
#6614=IFCPROPERTYSINGLEVALUE('Key',$,IFCLABEL('steel_tee_wt'),$);
#6615=IFCPROPERTYSINGLEVALUE('Family',$,IFCLABEL('WT Structural Tee'),$);
#6616=IFCPROPERTYSINGLEVALUE('TypeName',$,IFCLABEL('WT8X15.5'),$);
#6617=IFCPROPERTYSINGLEVALUE('Version',$,IFCLABEL('0.1.0'),$);
#6618=IFCPROPERTYSINGLEVALUE('License',$,IFCLABEL('CC0-1.0'),$);
#6619=IFCPROPERTYSINGLEVALUE('Source',$,IFCLABEL('massing-families'),$);
#6620=IFCPROPERTYSINGLEVALUE('Tier',$,IFCLABEL('L300'),$);
#6621=IFCPROPERTYSINGLEVALUE('Builder',$,IFCLABEL('profile'),$);
#6622=IFCPROPERTYSINGLEVALUE('Discipline',$,IFCLABEL('structural'),$);
#6623=IFCPROPERTYSINGLEVALUE('GeometryStatus',$,IFCLABEL('parametric'),$);
#6624=IFCPROPERTYSET('04GNDuTwbFsvgoGz74pZTV',$,'MF_Quantities',$,(#6625,#6626,#6627,#6628,#6629));
#6625=IFCPROPERTYSINGLEVALUE('NominalWidth',$,IFCREAL(0.140462),$);
#6626=IFCPROPERTYSINGLEVALUE('NominalDepth',$,IFCREAL(0.20167599999999999),$);
#6627=IFCPROPERTYSINGLEVALUE('NominalHeight',$,IFCREAL(3.048),$);
#6628=IFCPROPERTYSINGLEVALUE('NominalFootprintArea',$,IFCREAL(0.028327999999999999),$);
#6629=IFCPROPERTYSINGLEVALUE('NominalVolume',$,IFCREAL(0.086343000000000003),$);
#6630=IFCMEMBERTYPE('1OHDg0Scb5Sg1CM3b8xoSy',$,'WT Structural Tee - WT8X13',$,$,(#6647,#6651,#6662),(#6646),$,$,.NOTDEFINED.);
#6631=IFCCARTESIANPOINT((0.,0.));
#6632=IFCDIRECTION((1.,0.));
#6633=IFCAXIS2PLACEMENT2D(#6631,#6632);
#6634=IFCTSHAPEPROFILEDEF(.AREA.,'WT8X13',#6633,0.19939000000000001,0.13969999999999999,0.0063499999999999997,0.008763,0.010210800000000001,$,$,$,$);
#6635=IFCCARTESIANPOINT((0.,0.,0.));
#6636=IFCDIRECTION((0.,0.,1.));
#6637=IFCDIRECTION((1.,0.,0.));
#6638=IFCAXIS2PLACEMENT3D(#6635,#6636,#6637);
#6639=IFCDIRECTION((0.,0.,1.));
#6640=IFCEXTRUDEDAREASOLID(#6634,#6638,#6639,3.048);
#6641=IFCSHAPEREPRESENTATION(#11,'Body','SweptSolid',(#6640));
#6642=IFCCARTESIANPOINT((0.,0.,0.));
#6643=IFCDIRECTION((1.,0.,0.));
#6644=IFCDIRECTION((0.,0.,1.));
#6645=IFCAXIS2PLACEMENT3D(#6642,#6644,#6643);
#6646=IFCREPRESENTATIONMAP(#6645,#6641);
#6647=IFCPROPERTYSET('0JGzCwOOzBKBf202Wy8AnP',$,'MF_Structural',$,(#6648,#6649,#6650));
#6648=IFCPROPERTYSINGLEVALUE('Section',$,IFCLABEL('WT8X13'),$);
#6649=IFCPROPERTYSINGLEVALUE('SectionFamily',$,IFCLABEL('WT'),$);
#6650=IFCPROPERTYSINGLEVALUE('SectionSource',$,IFCLABEL('AISC Shapes Database v15.0 (US)'),$);
#6651=IFCPROPERTYSET('3TqMqW_tn9Veug$oAQRggf',$,'MF_Library',$,(#6652,#6653,#6654,#6655,#6656,#6657,#6658,#6659,#6660,#6661));
#6652=IFCPROPERTYSINGLEVALUE('Key',$,IFCLABEL('steel_tee_wt'),$);
#6653=IFCPROPERTYSINGLEVALUE('Family',$,IFCLABEL('WT Structural Tee'),$);
#6654=IFCPROPERTYSINGLEVALUE('TypeName',$,IFCLABEL('WT8X13'),$);
#6655=IFCPROPERTYSINGLEVALUE('Version',$,IFCLABEL('0.1.0'),$);
#6656=IFCPROPERTYSINGLEVALUE('License',$,IFCLABEL('CC0-1.0'),$);
#6657=IFCPROPERTYSINGLEVALUE('Source',$,IFCLABEL('massing-families'),$);
#6658=IFCPROPERTYSINGLEVALUE('Tier',$,IFCLABEL('L300'),$);
#6659=IFCPROPERTYSINGLEVALUE('Builder',$,IFCLABEL('profile'),$);
#6660=IFCPROPERTYSINGLEVALUE('Discipline',$,IFCLABEL('structural'),$);
#6661=IFCPROPERTYSINGLEVALUE('GeometryStatus',$,IFCLABEL('parametric'),$);
#6662=IFCPROPERTYSET('1Rb73V0RPF_8u8uVAyUGXr',$,'MF_Quantities',$,(#6663,#6664,#6665,#6666,#6667));
#6663=IFCPROPERTYSINGLEVALUE('NominalWidth',$,IFCREAL(0.13969999999999999),$);
#6664=IFCPROPERTYSINGLEVALUE('NominalDepth',$,IFCREAL(0.19939000000000001),$);
#6665=IFCPROPERTYSINGLEVALUE('NominalHeight',$,IFCREAL(3.048),$);
#6666=IFCPROPERTYSINGLEVALUE('NominalFootprintArea',$,IFCREAL(0.027855000000000001),$);
#6667=IFCPROPERTYSINGLEVALUE('NominalVolume',$,IFCREAL(0.084901000000000004),$);
#6668=IFCMEMBERTYPE('0dA3vGQ35Bkx6IR64eCr4f',$,'WT Structural Tee - WT7X436.5',$,$,(#6685,#6689,#6700),(#6684),$,$,.NOTDEFINED.);
#6669=IFCCARTESIANPOINT((0.,0.));
#6670=IFCDIRECTION((1.,0.));
#6671=IFCAXIS2PLACEMENT2D(#6669,#6670);
#6672=IFCTSHAPEPROFILEDEF(.AREA.,'WT7X436.5',#6671,0.29971999999999999,0.47752,0.100076,0.139954,0.014985999999999999,$,$,$,$);
#6673=IFCCARTESIANPOINT((0.,0.,0.));
#6674=IFCDIRECTION((0.,0.,1.));
#6675=IFCDIRECTION((1.,0.,0.));
#6676=IFCAXIS2PLACEMENT3D(#6673,#6674,#6675);
#6677=IFCDIRECTION((0.,0.,1.));
#6678=IFCEXTRUDEDAREASOLID(#6672,#6676,#6677,3.048);
#6679=IFCSHAPEREPRESENTATION(#11,'Body','SweptSolid',(#6678));
#6680=IFCCARTESIANPOINT((0.,0.,0.));
#6681=IFCDIRECTION((1.,0.,0.));
#6682=IFCDIRECTION((0.,0.,1.));
#6683=IFCAXIS2PLACEMENT3D(#6680,#6682,#6681);
#6684=IFCREPRESENTATIONMAP(#6683,#6679);
#6685=IFCPROPERTYSET('09c7oIYO55sAEGngD0DONW',$,'MF_Structural',$,(#6686,#6687,#6688));
#6686=IFCPROPERTYSINGLEVALUE('Section',$,IFCLABEL('WT7X436.5'),$);
#6687=IFCPROPERTYSINGLEVALUE('SectionFamily',$,IFCLABEL('WT'),$);
#6688=IFCPROPERTYSINGLEVALUE('SectionSource',$,IFCLABEL('AISC Shapes Database v15.0 (US)'),$);
#6689=IFCPROPERTYSET('08h20l2XH9ZuMCjvDRW_dY',$,'MF_Library',$,(#6690,#6691,#6692,#6693,#6694,#6695,#6696,#6697,#6698,#6699));
#6690=IFCPROPERTYSINGLEVALUE('Key',$,IFCLABEL('steel_tee_wt'),$);
#6691=IFCPROPERTYSINGLEVALUE('Family',$,IFCLABEL('WT Structural Tee'),$);
#6692=IFCPROPERTYSINGLEVALUE('TypeName',$,IFCLABEL('WT7X436.5'),$);
#6693=IFCPROPERTYSINGLEVALUE('Version',$,IFCLABEL('0.1.0'),$);
#6694=IFCPROPERTYSINGLEVALUE('License',$,IFCLABEL('CC0-1.0'),$);
#6695=IFCPROPERTYSINGLEVALUE('Source',$,IFCLABEL('massing-families'),$);
#6696=IFCPROPERTYSINGLEVALUE('Tier',$,IFCLABEL('L300'),$);
#6697=IFCPROPERTYSINGLEVALUE('Builder',$,IFCLABEL('profile'),$);
#6698=IFCPROPERTYSINGLEVALUE('Discipline',$,IFCLABEL('structural'),$);
#6699=IFCPROPERTYSINGLEVALUE('GeometryStatus',$,IFCLABEL('parametric'),$);
#6700=IFCPROPERTYSET('3TEgZ9h$HBfuonLhGNr1kJ',$,'MF_Quantities',$,(#6701,#6702,#6703,#6704,#6705));
#6701=IFCPROPERTYSINGLEVALUE('NominalWidth',$,IFCREAL(0.47752),$);
#6702=IFCPROPERTYSINGLEVALUE('NominalDepth',$,IFCREAL(0.29971999999999999),$);
#6703=IFCPROPERTYSINGLEVALUE('NominalHeight',$,IFCREAL(3.048),$);
#6704=IFCPROPERTYSINGLEVALUE('NominalFootprintArea',$,IFCREAL(0.143122),$);
#6705=IFCPROPERTYSINGLEVALUE('NominalVolume',$,IFCREAL(0.43623699999999999),$);
#6706=IFCMEMBERTYPE('2nKfoFwX15huSyUwwvILr6',$,'WT Structural Tee - WT7X404',$,$,(#6723,#6727,#6738),(#6722),$,$,.NOTDEFINED.);
#6707=IFCCARTESIANPOINT((0.,0.));
#6708=IFCDIRECTION((1.,0.));
#6709=IFCAXIS2PLACEMENT2D(#6707,#6708);
#6710=IFCTSHAPEPROFILEDEF(.AREA.,'WT7X404',#6709,0.28955999999999998,0.47244000000000003,0.094995999999999997,0.130048,0.014985999999999999,$,$,$,$);
#6711=IFCCARTESIANPOINT((0.,0.,0.));
#6712=IFCDIRECTION((0.,0.,1.));
#6713=IFCDIRECTION((1.,0.,0.));
#6714=IFCAXIS2PLACEMENT3D(#6711,#6712,#6713);
#6715=IFCDIRECTION((0.,0.,1.));
#6716=IFCEXTRUDEDAREASOLID(#6710,#6714,#6715,3.048);
#6717=IFCSHAPEREPRESENTATION(#11,'Body','SweptSolid',(#6716));
#6718=IFCCARTESIANPOINT((0.,0.,0.));
#6719=IFCDIRECTION((1.,0.,0.));
#6720=IFCDIRECTION((0.,0.,1.));
#6721=IFCAXIS2PLACEMENT3D(#6718,#6720,#6719);
#6722=IFCREPRESENTATIONMAP(#6721,#6717);
#6723=IFCPROPERTYSET('10RWvqTuzCG8KyPGMqWk2Y',$,'MF_Structural',$,(#6724,#6725,#6726));
#6724=IFCPROPERTYSINGLEVALUE('Section',$,IFCLABEL('WT7X404'),$);
#6725=IFCPROPERTYSINGLEVALUE('SectionFamily',$,IFCLABEL('WT'),$);
#6726=IFCPROPERTYSINGLEVALUE('SectionSource',$,IFCLABEL('AISC Shapes Database v15.0 (US)'),$);
#6727=IFCPROPERTYSET('0rLaVod$P8zvukYMc8Lh4A',$,'MF_Library',$,(#6728,#6729,#6730,#6731,#6732,#6733,#6734,#6735,#6736,#6737));
#6728=IFCPROPERTYSINGLEVALUE('Key',$,IFCLABEL('steel_tee_wt'),$);
#6729=IFCPROPERTYSINGLEVALUE('Family',$,IFCLABEL('WT Structural Tee'),$);
#6730=IFCPROPERTYSINGLEVALUE('TypeName',$,IFCLABEL('WT7X404'),$);
#6731=IFCPROPERTYSINGLEVALUE('Version',$,IFCLABEL('0.1.0'),$);
#6732=IFCPROPERTYSINGLEVALUE('License',$,IFCLABEL('CC0-1.0'),$);
#6733=IFCPROPERTYSINGLEVALUE('Source',$,IFCLABEL('massing-families'),$);
#6734=IFCPROPERTYSINGLEVALUE('Tier',$,IFCLABEL('L300'),$);
#6735=IFCPROPERTYSINGLEVALUE('Builder',$,IFCLABEL('profile'),$);
#6736=IFCPROPERTYSINGLEVALUE('Discipline',$,IFCLABEL('structural'),$);
#6737=IFCPROPERTYSINGLEVALUE('GeometryStatus',$,IFCLABEL('parametric'),$);
#6738=IFCPROPERTYSET('2WO2McptfDrhT9GnGShHcy',$,'MF_Quantities',$,(#6739,#6740,#6741,#6742,#6743));
#6739=IFCPROPERTYSINGLEVALUE('NominalWidth',$,IFCREAL(0.47244000000000003),$);
#6740=IFCPROPERTYSINGLEVALUE('NominalDepth',$,IFCREAL(0.28955999999999998),$);
#6741=IFCPROPERTYSINGLEVALUE('NominalHeight',$,IFCREAL(3.048),$);
#6742=IFCPROPERTYSINGLEVALUE('NominalFootprintArea',$,IFCREAL(0.1368),$);
#6743=IFCPROPERTYSINGLEVALUE('NominalVolume',$,IFCREAL(0.416966),$);
#6744=IFCMEMBERTYPE('0m1RNws3r5DvVia7JQh4Q$',$,'WT Structural Tee - WT7X365',$,$,(#6761,#6765,#6776),(#6760),$,$,.NOTDEFINED.);
#6745=IFCCARTESIANPOINT((0.,0.));
#6746=IFCDIRECTION((1.,0.));
#6747=IFCAXIS2PLACEMENT2D(#6745,#6746);
#6748=IFCTSHAPEPROFILEDEF(.AREA.,'WT7X365',#6747,0.28448000000000001,0.45466000000000001,0.077978000000000006,0.12471400000000001,0.01524,$,$,$,$);
#6749=IFCCARTESIANPOINT((0.,0.,0.));
#6750=IFCDIRECTION((0.,0.,1.));
#6751=IFCDIRECTION((1.,0.,0.));
#6752=IFCAXIS2PLACEMENT3D(#6749,#6750,#6751);
#6753=IFCDIRECTION((0.,0.,1.));
#6754=IFCEXTRUDEDAREASOLID(#6748,#6752,#6753,3.048);
#6755=IFCSHAPEREPRESENTATION(#11,'Body','SweptSolid',(#6754));
#6756=IFCCARTESIANPOINT((0.,0.,0.));
#6757=IFCDIRECTION((1.,0.,0.));
#6758=IFCDIRECTION((0.,0.,1.));
#6759=IFCAXIS2PLACEMENT3D(#6756,#6758,#6757);
#6760=IFCREPRESENTATIONMAP(#6759,#6755);
#6761=IFCPROPERTYSET('3tbgm9s0z1fgtfaN$4LAqv',$,'MF_Structural',$,(#6762,#6763,#6764));
#6762=IFCPROPERTYSINGLEVALUE('Section',$,IFCLABEL('WT7X365'),$);
#6763=IFCPROPERTYSINGLEVALUE('SectionFamily',$,IFCLABEL('WT'),$);
#6764=IFCPROPERTYSINGLEVALUE('SectionSource',$,IFCLABEL('AISC Shapes Database v15.0 (US)'),$);
#6765=IFCPROPERTYSET('2LZAcg8kD7aepqii_mi4CX',$,'MF_Library',$,(#6766,#6767,#6768,#6769,#6770,#6771,#6772,#6773,#6774,#6775));
#6766=IFCPROPERTYSINGLEVALUE('Key',$,IFCLABEL('steel_tee_wt'),$);
#6767=IFCPROPERTYSINGLEVALUE('Family',$,IFCLABEL('WT Structural Tee'),$);
#6768=IFCPROPERTYSINGLEVALUE('TypeName',$,IFCLABEL('WT7X365'),$);
#6769=IFCPROPERTYSINGLEVALUE('Version',$,IFCLABEL('0.1.0'),$);
#6770=IFCPROPERTYSINGLEVALUE('License',$,IFCLABEL('CC0-1.0'),$);
#6771=IFCPROPERTYSINGLEVALUE('Source',$,IFCLABEL('massing-families'),$);
#6772=IFCPROPERTYSINGLEVALUE('Tier',$,IFCLABEL('L300'),$);
#6773=IFCPROPERTYSINGLEVALUE('Builder',$,IFCLABEL('profile'),$);
#6774=IFCPROPERTYSINGLEVALUE('Discipline',$,IFCLABEL('structural'),$);
#6775=IFCPROPERTYSINGLEVALUE('GeometryStatus',$,IFCLABEL('parametric'),$);
#6776=IFCPROPERTYSET('0rK0pzVCvDhP9tO6YKGyru',$,'MF_Quantities',$,(#6777,#6778,#6779,#6780,#6781));
#6777=IFCPROPERTYSINGLEVALUE('NominalWidth',$,IFCREAL(0.45466000000000001),$);
#6778=IFCPROPERTYSINGLEVALUE('NominalDepth',$,IFCREAL(0.28448000000000001),$);
#6779=IFCPROPERTYSINGLEVALUE('NominalHeight',$,IFCREAL(3.048),$);
#6780=IFCPROPERTYSINGLEVALUE('NominalFootprintArea',$,IFCREAL(0.12934200000000001),$);
#6781=IFCPROPERTYSINGLEVALUE('NominalVolume',$,IFCREAL(0.394233),$);
#6782=IFCMEMBERTYPE('3CYpUHwsH6RebP6qH4BdPj',$,'WT Structural Tee - WT7X332.5',$,$,(#6799,#6803,#6814),(#6798),$,$,.NOTDEFINED.);
#6783=IFCCARTESIANPOINT((0.,0.));
#6784=IFCDIRECTION((1.,0.));
#6785=IFCAXIS2PLACEMENT2D(#6783,#6784);
#6786=IFCTSHAPEPROFILEDEF(.AREA.,'WT7X332.5',#6785,0.27432000000000001,0.44957999999999998,0.071882000000000001,0.11480799999999999,0.01524,$,$,$,$);
#6787=IFCCARTESIANPOINT((0.,0.,0.));
#6788=IFCDIRECTION((0.,0.,1.));
#6789=IFCDIRECTION((1.,0.,0.));
#6790=IFCAXIS2PLACEMENT3D(#6787,#6788,#6789);
#6791=IFCDIRECTION((0.,0.,1.));
#6792=IFCEXTRUDEDAREASOLID(#6786,#6790,#6791,3.048);
#6793=IFCSHAPEREPRESENTATION(#11,'Body','SweptSolid',(#6792));
#6794=IFCCARTESIANPOINT((0.,0.,0.));
#6795=IFCDIRECTION((1.,0.,0.));
#6796=IFCDIRECTION((0.,0.,1.));
#6797=IFCAXIS2PLACEMENT3D(#6794,#6796,#6795);
#6798=IFCREPRESENTATIONMAP(#6797,#6793);
#6799=IFCPROPERTYSET('1HJCz8jcL4feDusCfcnSVY',$,'MF_Structural',$,(#6800,#6801,#6802));
#6800=IFCPROPERTYSINGLEVALUE('Section',$,IFCLABEL('WT7X332.5'),$);
#6801=IFCPROPERTYSINGLEVALUE('SectionFamily',$,IFCLABEL('WT'),$);
#6802=IFCPROPERTYSINGLEVALUE('SectionSource',$,IFCLABEL('AISC Shapes Database v15.0 (US)'),$);
#6803=IFCPROPERTYSET('1kH7zcYCH8aQz4_c3CgG3g',$,'MF_Library',$,(#6804,#6805,#6806,#6807,#6808,#6809,#6810,#6811,#6812,#6813));
#6804=IFCPROPERTYSINGLEVALUE('Key',$,IFCLABEL('steel_tee_wt'),$);
#6805=IFCPROPERTYSINGLEVALUE('Family',$,IFCLABEL('WT Structural Tee'),$);
#6806=IFCPROPERTYSINGLEVALUE('TypeName',$,IFCLABEL('WT7X332.5'),$);
#6807=IFCPROPERTYSINGLEVALUE('Version',$,IFCLABEL('0.1.0'),$);
#6808=IFCPROPERTYSINGLEVALUE('License',$,IFCLABEL('CC0-1.0'),$);
#6809=IFCPROPERTYSINGLEVALUE('Source',$,IFCLABEL('massing-families'),$);
#6810=IFCPROPERTYSINGLEVALUE('Tier',$,IFCLABEL('L300'),$);
#6811=IFCPROPERTYSINGLEVALUE('Builder',$,IFCLABEL('profile'),$);
#6812=IFCPROPERTYSINGLEVALUE('Discipline',$,IFCLABEL('structural'),$);
#6813=IFCPROPERTYSINGLEVALUE('GeometryStatus',$,IFCLABEL('parametric'),$);
#6814=IFCPROPERTYSET('08e3jfGVTAG9LLNkoMZeWb',$,'MF_Quantities',$,(#6815,#6816,#6817,#6818,#6819));
#6815=IFCPROPERTYSINGLEVALUE('NominalWidth',$,IFCREAL(0.44957999999999998),$);
#6816=IFCPROPERTYSINGLEVALUE('NominalDepth',$,IFCREAL(0.27432000000000001),$);
#6817=IFCPROPERTYSINGLEVALUE('NominalHeight',$,IFCREAL(3.048),$);
#6818=IFCPROPERTYSINGLEVALUE('NominalFootprintArea',$,IFCREAL(0.12332899999999999),$);
#6819=IFCPROPERTYSINGLEVALUE('NominalVolume',$,IFCREAL(0.37590600000000002),$);
#6820=IFCMEMBERTYPE('2ps67wWVn5LB12PuCqCUKD',$,'WT Structural Tee - WT7X302.5',$,$,(#6837,#6841,#6852),(#6836),$,$,.NOTDEFINED.);
#6821=IFCCARTESIANPOINT((0.,0.));
#6822=IFCDIRECTION((1.,0.));
#6823=IFCAXIS2PLACEMENT2D(#6821,#6822);
#6824=IFCTSHAPEPROFILEDEF(.AREA.,'WT7X302.5',#6823,0.26669999999999999,0.44196000000000002,0.066040000000000001,0.10566399999999999,0.01524,$,$,$,$);
#6825=IFCCARTESIANPOINT((0.,0.,0.));
#6826=IFCDIRECTION((0.,0.,1.));
#6827=IFCDIRECTION((1.,0.,0.));
#6828=IFCAXIS2PLACEMENT3D(#6825,#6826,#6827);
#6829=IFCDIRECTION((0.,0.,1.));
#6830=IFCEXTRUDEDAREASOLID(#6824,#6828,#6829,3.048);
#6831=IFCSHAPEREPRESENTATION(#11,'Body','SweptSolid',(#6830));
#6832=IFCCARTESIANPOINT((0.,0.,0.));
#6833=IFCDIRECTION((1.,0.,0.));
#6834=IFCDIRECTION((0.,0.,1.));
#6835=IFCAXIS2PLACEMENT3D(#6832,#6834,#6833);
#6836=IFCREPRESENTATIONMAP(#6835,#6831);
#6837=IFCPROPERTYSET('00pcrk6CDBOh_OCHQ_EsPg',$,'MF_Structural',$,(#6838,#6839,#6840));
#6838=IFCPROPERTYSINGLEVALUE('Section',$,IFCLABEL('WT7X302.5'),$);
#6839=IFCPROPERTYSINGLEVALUE('SectionFamily',$,IFCLABEL('WT'),$);
#6840=IFCPROPERTYSINGLEVALUE('SectionSource',$,IFCLABEL('AISC Shapes Database v15.0 (US)'),$);
#6841=IFCPROPERTYSET('2hs3CdY019NP9IH7$j1lfk',$,'MF_Library',$,(#6842,#6843,#6844,#6845,#6846,#6847,#6848,#6849,#6850,#6851));
#6842=IFCPROPERTYSINGLEVALUE('Key',$,IFCLABEL('steel_tee_wt'),$);
#6843=IFCPROPERTYSINGLEVALUE('Family',$,IFCLABEL('WT Structural Tee'),$);
#6844=IFCPROPERTYSINGLEVALUE('TypeName',$,IFCLABEL('WT7X302.5'),$);
#6845=IFCPROPERTYSINGLEVALUE('Version',$,IFCLABEL('0.1.0'),$);
#6846=IFCPROPERTYSINGLEVALUE('License',$,IFCLABEL('CC0-1.0'),$);
#6847=IFCPROPERTYSINGLEVALUE('Source',$,IFCLABEL('massing-families'),$);
#6848=IFCPROPERTYSINGLEVALUE('Tier',$,IFCLABEL('L300'),$);
#6849=IFCPROPERTYSINGLEVALUE('Builder',$,IFCLABEL('profile'),$);
#6850=IFCPROPERTYSINGLEVALUE('Discipline',$,IFCLABEL('structural'),$);
#6851=IFCPROPERTYSINGLEVALUE('GeometryStatus',$,IFCLABEL('parametric'),$);
#6852=IFCPROPERTYSET('2zG_ZHp9j7Mv$8UPofoYBz',$,'MF_Quantities',$,(#6853,#6854,#6855,#6856,#6857));
#6853=IFCPROPERTYSINGLEVALUE('NominalWidth',$,IFCREAL(0.44196000000000002),$);
#6854=IFCPROPERTYSINGLEVALUE('NominalDepth',$,IFCREAL(0.26669999999999999),$);
#6855=IFCPROPERTYSINGLEVALUE('NominalHeight',$,IFCREAL(3.048),$);
#6856=IFCPROPERTYSINGLEVALUE('NominalFootprintArea',$,IFCREAL(0.117871),$);
#6857=IFCPROPERTYSINGLEVALUE('NominalVolume',$,IFCREAL(0.35926999999999998),$);
#6858=IFCMEMBERTYPE('2aTaZo8Gb42Al6LBN_gtbK',$,'WT Structural Tee - WT7X275',$,$,(#6875,#6879,#6890),(#6874),$,$,.NOTDEFINED.);
#6859=IFCCARTESIANPOINT((0.,0.));
#6860=IFCDIRECTION((1.,0.));
#6861=IFCAXIS2PLACEMENT2D(#6859,#6860);
#6862=IFCTSHAPEPROFILEDEF(.AREA.,'WT7X275',#6861,0.25653999999999999,0.43687999999999999,0.060451999999999999,0.097028000000000003,0.01524,$,$,$,$);
#6863=IFCCARTESIANPOINT((0.,0.,0.));
#6864=IFCDIRECTION((0.,0.,1.));
#6865=IFCDIRECTION((1.,0.,0.));
#6866=IFCAXIS2PLACEMENT3D(#6863,#6864,#6865);
#6867=IFCDIRECTION((0.,0.,1.));
#6868=IFCEXTRUDEDAREASOLID(#6862,#6866,#6867,3.048);
#6869=IFCSHAPEREPRESENTATION(#11,'Body','SweptSolid',(#6868));
#6870=IFCCARTESIANPOINT((0.,0.,0.));
#6871=IFCDIRECTION((1.,0.,0.));
#6872=IFCDIRECTION((0.,0.,1.));
#6873=IFCAXIS2PLACEMENT3D(#6870,#6872,#6871);
#6874=IFCREPRESENTATIONMAP(#6873,#6869);
#6875=IFCPROPERTYSET('3MMmfIcnn65g3CcPoDc0KS',$,'MF_Structural',$,(#6876,#6877,#6878));
#6876=IFCPROPERTYSINGLEVALUE('Section',$,IFCLABEL('WT7X275'),$);
#6877=IFCPROPERTYSINGLEVALUE('SectionFamily',$,IFCLABEL('WT'),$);
#6878=IFCPROPERTYSINGLEVALUE('SectionSource',$,IFCLABEL('AISC Shapes Database v15.0 (US)'),$);
#6879=IFCPROPERTYSET('2KExCmirr75e5_M1mA1jWW',$,'MF_Library',$,(#6880,#6881,#6882,#6883,#6884,#6885,#6886,#6887,#6888,#6889));
#6880=IFCPROPERTYSINGLEVALUE('Key',$,IFCLABEL('steel_tee_wt'),$);
#6881=IFCPROPERTYSINGLEVALUE('Family',$,IFCLABEL('WT Structural Tee'),$);
#6882=IFCPROPERTYSINGLEVALUE('TypeName',$,IFCLABEL('WT7X275'),$);
#6883=IFCPROPERTYSINGLEVALUE('Version',$,IFCLABEL('0.1.0'),$);
#6884=IFCPROPERTYSINGLEVALUE('License',$,IFCLABEL('CC0-1.0'),$);
#6885=IFCPROPERTYSINGLEVALUE('Source',$,IFCLABEL('massing-families'),$);
#6886=IFCPROPERTYSINGLEVALUE('Tier',$,IFCLABEL('L300'),$);
#6887=IFCPROPERTYSINGLEVALUE('Builder',$,IFCLABEL('profile'),$);
#6888=IFCPROPERTYSINGLEVALUE('Discipline',$,IFCLABEL('structural'),$);
#6889=IFCPROPERTYSINGLEVALUE('GeometryStatus',$,IFCLABEL('parametric'),$);
#6890=IFCPROPERTYSET('0bQb$FA7L0xeaj7tvj01iL',$,'MF_Quantities',$,(#6891,#6892,#6893,#6894,#6895));
#6891=IFCPROPERTYSINGLEVALUE('NominalWidth',$,IFCREAL(0.43687999999999999),$);
#6892=IFCPROPERTYSINGLEVALUE('NominalDepth',$,IFCREAL(0.25653999999999999),$);
#6893=IFCPROPERTYSINGLEVALUE('NominalHeight',$,IFCREAL(3.048),$);
#6894=IFCPROPERTYSINGLEVALUE('NominalFootprintArea',$,IFCREAL(0.112077),$);
#6895=IFCPROPERTYSINGLEVALUE('NominalVolume',$,IFCREAL(0.341611),$);
#6896=IFCMEMBERTYPE('1qjBS4PgDDbhpyUqqAwsN3',$,'WT Structural Tee - WT7X250',$,$,(#6913,#6917,#6928),(#6912),$,$,.NOTDEFINED.);
#6897=IFCCARTESIANPOINT((0.,0.));
#6898=IFCDIRECTION((1.,0.));
#6899=IFCAXIS2PLACEMENT2D(#6897,#6898);
#6900=IFCTSHAPEPROFILEDEF(.AREA.,'WT7X250',#6899,0.24892,0.43180000000000002,0.055626000000000002,0.088900000000000007,0.01524,$,$,$,$);
#6901=IFCCARTESIANPOINT((0.,0.,0.));
#6902=IFCDIRECTION((0.,0.,1.));
#6903=IFCDIRECTION((1.,0.,0.));
#6904=IFCAXIS2PLACEMENT3D(#6901,#6902,#6903);
#6905=IFCDIRECTION((0.,0.,1.));
#6906=IFCEXTRUDEDAREASOLID(#6900,#6904,#6905,3.048);
#6907=IFCSHAPEREPRESENTATION(#11,'Body','SweptSolid',(#6906));
#6908=IFCCARTESIANPOINT((0.,0.,0.));
#6909=IFCDIRECTION((1.,0.,0.));
#6910=IFCDIRECTION((0.,0.,1.));
#6911=IFCAXIS2PLACEMENT3D(#6908,#6910,#6909);
#6912=IFCREPRESENTATIONMAP(#6911,#6907);
#6913=IFCPROPERTYSET('0vaxNydMn8BO3vhO1oxANc',$,'MF_Structural',$,(#6914,#6915,#6916));
#6914=IFCPROPERTYSINGLEVALUE('Section',$,IFCLABEL('WT7X250'),$);
#6915=IFCPROPERTYSINGLEVALUE('SectionFamily',$,IFCLABEL('WT'),$);
#6916=IFCPROPERTYSINGLEVALUE('SectionSource',$,IFCLABEL('AISC Shapes Database v15.0 (US)'),$);
#6917=IFCPROPERTYSET('2R3vrpfUH5mf2$$v6wVyam',$,'MF_Library',$,(#6918,#6919,#6920,#6921,#6922,#6923,#6924,#6925,#6926,#6927));
#6918=IFCPROPERTYSINGLEVALUE('Key',$,IFCLABEL('steel_tee_wt'),$);
#6919=IFCPROPERTYSINGLEVALUE('Family',$,IFCLABEL('WT Structural Tee'),$);
#6920=IFCPROPERTYSINGLEVALUE('TypeName',$,IFCLABEL('WT7X250'),$);
#6921=IFCPROPERTYSINGLEVALUE('Version',$,IFCLABEL('0.1.0'),$);
#6922=IFCPROPERTYSINGLEVALUE('License',$,IFCLABEL('CC0-1.0'),$);
#6923=IFCPROPERTYSINGLEVALUE('Source',$,IFCLABEL('massing-families'),$);
#6924=IFCPROPERTYSINGLEVALUE('Tier',$,IFCLABEL('L300'),$);
#6925=IFCPROPERTYSINGLEVALUE('Builder',$,IFCLABEL('profile'),$);
#6926=IFCPROPERTYSINGLEVALUE('Discipline',$,IFCLABEL('structural'),$);
#6927=IFCPROPERTYSINGLEVALUE('GeometryStatus',$,IFCLABEL('parametric'),$);
#6928=IFCPROPERTYSET('2H00uRN8HEXBRsk6nv3tc9',$,'MF_Quantities',$,(#6929,#6930,#6931,#6932,#6933));
#6929=IFCPROPERTYSINGLEVALUE('NominalWidth',$,IFCREAL(0.43180000000000002),$);
#6930=IFCPROPERTYSINGLEVALUE('NominalDepth',$,IFCREAL(0.24892),$);
#6931=IFCPROPERTYSINGLEVALUE('NominalHeight',$,IFCREAL(3.048),$);
#6932=IFCPROPERTYSINGLEVALUE('NominalFootprintArea',$,IFCREAL(0.107484),$);
#6933=IFCPROPERTYSINGLEVALUE('NominalVolume',$,IFCREAL(0.32761000000000001),$);
#6934=IFCMEMBERTYPE('1hU5Rq9i1C$An0ccDMm3U$',$,'WT Structural Tee - WT7X227.5',$,$,(#6951,#6955,#6966),(#6950),$,$,.NOTDEFINED.);
#6935=IFCCARTESIANPOINT((0.,0.));
#6936=IFCDIRECTION((1.,0.));
#6937=IFCAXIS2PLACEMENT2D(#6935,#6936);
#6938=IFCTSHAPEPROFILEDEF(.AREA.,'WT7X227.5',#6937,0.24155399999999999,0.42671999999999999,0.051307999999999999,0.081533999999999995,0.01524,$,$,$,$);
#6939=IFCCARTESIANPOINT((0.,0.,0.));
#6940=IFCDIRECTION((0.,0.,1.));
#6941=IFCDIRECTION((1.,0.,0.));
#6942=IFCAXIS2PLACEMENT3D(#6939,#6940,#6941);
#6943=IFCDIRECTION((0.,0.,1.));
#6944=IFCEXTRUDEDAREASOLID(#6938,#6942,#6943,3.048);
#6945=IFCSHAPEREPRESENTATION(#11,'Body','SweptSolid',(#6944));
#6946=IFCCARTESIANPOINT((0.,0.,0.));
#6947=IFCDIRECTION((1.,0.,0.));
#6948=IFCDIRECTION((0.,0.,1.));
#6949=IFCAXIS2PLACEMENT3D(#6946,#6948,#6947);
#6950=IFCREPRESENTATIONMAP(#6949,#6945);
#6951=IFCPROPERTYSET('0dMlHYL691BB2Rb_o4$9yx',$,'MF_Structural',$,(#6952,#6953,#6954));
#6952=IFCPROPERTYSINGLEVALUE('Section',$,IFCLABEL('WT7X227.5'),$);
#6953=IFCPROPERTYSINGLEVALUE('SectionFamily',$,IFCLABEL('WT'),$);
#6954=IFCPROPERTYSINGLEVALUE('SectionSource',$,IFCLABEL('AISC Shapes Database v15.0 (US)'),$);
#6955=IFCPROPERTYSET('2z4HSZMPjA7xkPD0jkauOC',$,'MF_Library',$,(#6956,#6957,#6958,#6959,#6960,#6961,#6962,#6963,#6964,#6965));
#6956=IFCPROPERTYSINGLEVALUE('Key',$,IFCLABEL('steel_tee_wt'),$);
#6957=IFCPROPERTYSINGLEVALUE('Family',$,IFCLABEL('WT Structural Tee'),$);
#6958=IFCPROPERTYSINGLEVALUE('TypeName',$,IFCLABEL('WT7X227.5'),$);
#6959=IFCPROPERTYSINGLEVALUE('Version',$,IFCLABEL('0.1.0'),$);
#6960=IFCPROPERTYSINGLEVALUE('License',$,IFCLABEL('CC0-1.0'),$);
#6961=IFCPROPERTYSINGLEVALUE('Source',$,IFCLABEL('massing-families'),$);
#6962=IFCPROPERTYSINGLEVALUE('Tier',$,IFCLABEL('L300'),$);
#6963=IFCPROPERTYSINGLEVALUE('Builder',$,IFCLABEL('profile'),$);
#6964=IFCPROPERTYSINGLEVALUE('Discipline',$,IFCLABEL('structural'),$);
#6965=IFCPROPERTYSINGLEVALUE('GeometryStatus',$,IFCLABEL('parametric'),$);
#6966=IFCPROPERTYSET('39x5PNFO5EFgP9dBI2fx4Q',$,'MF_Quantities',$,(#6967,#6968,#6969,#6970,#6971));
#6967=IFCPROPERTYSINGLEVALUE('NominalWidth',$,IFCREAL(0.42671999999999999),$);
#6968=IFCPROPERTYSINGLEVALUE('NominalDepth',$,IFCREAL(0.24155399999999999),$);
#6969=IFCPROPERTYSINGLEVALUE('NominalHeight',$,IFCREAL(3.048),$);
#6970=IFCPROPERTYSINGLEVALUE('NominalFootprintArea',$,IFCREAL(0.103076),$);
#6971=IFCPROPERTYSINGLEVALUE('NominalVolume',$,IFCREAL(0.31417499999999998),$);
#6972=IFCMEMBERTYPE('1z8YfMA099th8MUKMF9FNU',$,'WT Structural Tee - WT7X213',$,$,(#6989,#6993,#7004),(#6988),$,$,.NOTDEFINED.);
#6973=IFCCARTESIANPOINT((0.,0.));
#6974=IFCDIRECTION((1.,0.));
#6975=IFCAXIS2PLACEMENT2D(#6973,#6974);
#6976=IFCTSHAPEPROFILEDEF(.AREA.,'WT7X213',#6975,0.237236,0.42418,0.047752000000000003,0.077216000000000007,0.014985999999999999,$,$,$,$);
#6977=IFCCARTESIANPOINT((0.,0.,0.));
#6978=IFCDIRECTION((0.,0.,1.));
#6979=IFCDIRECTION((1.,0.,0.));
#6980=IFCAXIS2PLACEMENT3D(#6977,#6978,#6979);
#6981=IFCDIRECTION((0.,0.,1.));
#6982=IFCEXTRUDEDAREASOLID(#6976,#6980,#6981,3.048);
#6983=IFCSHAPEREPRESENTATION(#11,'Body','SweptSolid',(#6982));
#6984=IFCCARTESIANPOINT((0.,0.,0.));
#6985=IFCDIRECTION((1.,0.,0.));
#6986=IFCDIRECTION((0.,0.,1.));
#6987=IFCAXIS2PLACEMENT3D(#6984,#6986,#6985);
#6988=IFCREPRESENTATIONMAP(#6987,#6983);
#6989=IFCPROPERTYSET('1OkiEAH_n5NhLUdHaYsna2',$,'MF_Structural',$,(#6990,#6991,#6992));
#6990=IFCPROPERTYSINGLEVALUE('Section',$,IFCLABEL('WT7X213'),$);
#6991=IFCPROPERTYSINGLEVALUE('SectionFamily',$,IFCLABEL('WT'),$);
#6992=IFCPROPERTYSINGLEVALUE('SectionSource',$,IFCLABEL('AISC Shapes Database v15.0 (US)'),$);
#6993=IFCPROPERTYSET('14ri0wDDrESus6PCBRcDiE',$,'MF_Library',$,(#6994,#6995,#6996,#6997,#6998,#6999,#7000,#7001,#7002,#7003));
#6994=IFCPROPERTYSINGLEVALUE('Key',$,IFCLABEL('steel_tee_wt'),$);
#6995=IFCPROPERTYSINGLEVALUE('Family',$,IFCLABEL('WT Structural Tee'),$);
#6996=IFCPROPERTYSINGLEVALUE('TypeName',$,IFCLABEL('WT7X213'),$);
#6997=IFCPROPERTYSINGLEVALUE('Version',$,IFCLABEL('0.1.0'),$);
#6998=IFCPROPERTYSINGLEVALUE('License',$,IFCLABEL('CC0-1.0'),$);
#6999=IFCPROPERTYSINGLEVALUE('Source',$,IFCLABEL('massing-families'),$);
#7000=IFCPROPERTYSINGLEVALUE('Tier',$,IFCLABEL('L300'),$);
#7001=IFCPROPERTYSINGLEVALUE('Builder',$,IFCLABEL('profile'),$);
#7002=IFCPROPERTYSINGLEVALUE('Discipline',$,IFCLABEL('structural'),$);
#7003=IFCPROPERTYSINGLEVALUE('GeometryStatus',$,IFCLABEL('parametric'),$);
#7004=IFCPROPERTYSET('2pQV2FilzEDRGSNksLYIJ9',$,'MF_Quantities',$,(#7005,#7006,#7007,#7008,#7009));
#7005=IFCPROPERTYSINGLEVALUE('NominalWidth',$,IFCREAL(0.42418),$);
#7006=IFCPROPERTYSINGLEVALUE('NominalDepth',$,IFCREAL(0.237236),$);
#7007=IFCPROPERTYSINGLEVALUE('NominalHeight',$,IFCREAL(3.048),$);
#7008=IFCPROPERTYSINGLEVALUE('NominalFootprintArea',$,IFCREAL(0.100631),$);
#7009=IFCPROPERTYSINGLEVALUE('NominalVolume',$,IFCREAL(0.30672300000000002),$);
#7010=IFCMEMBERTYPE('1bPf3ScrDFIBpYaKmeEBjj',$,'WT Structural Tee - WT7X199',$,$,(#7027,#7031,#7042),(#7026),$,$,.NOTDEFINED.);
#7011=IFCCARTESIANPOINT((0.,0.));
#7012=IFCDIRECTION((1.,0.));
#7013=IFCAXIS2PLACEMENT2D(#7011,#7012);
#7014=IFCTSHAPEPROFILEDEF(.AREA.,'WT7X199',#7013,0.23241000000000001,0.42164000000000001,0.044957999999999998,0.072389999999999996,0.014985999999999999,$,$,$,$);
#7015=IFCCARTESIANPOINT((0.,0.,0.));
#7016=IFCDIRECTION((0.,0.,1.));
#7017=IFCDIRECTION((1.,0.,0.));
#7018=IFCAXIS2PLACEMENT3D(#7015,#7016,#7017);
#7019=IFCDIRECTION((0.,0.,1.));
#7020=IFCEXTRUDEDAREASOLID(#7014,#7018,#7019,3.048);
#7021=IFCSHAPEREPRESENTATION(#11,'Body','SweptSolid',(#7020));
#7022=IFCCARTESIANPOINT((0.,0.,0.));
#7023=IFCDIRECTION((1.,0.,0.));
#7024=IFCDIRECTION((0.,0.,1.));
#7025=IFCAXIS2PLACEMENT3D(#7022,#7024,#7023);
#7026=IFCREPRESENTATIONMAP(#7025,#7021);
#7027=IFCPROPERTYSET('1Ln4W6cl1BVP4h2LcZUfcI',$,'MF_Structural',$,(#7028,#7029,#7030));
#7028=IFCPROPERTYSINGLEVALUE('Section',$,IFCLABEL('WT7X199'),$);
#7029=IFCPROPERTYSINGLEVALUE('SectionFamily',$,IFCLABEL('WT'),$);
#7030=IFCPROPERTYSINGLEVALUE('SectionSource',$,IFCLABEL('AISC Shapes Database v15.0 (US)'),$);
#7031=IFCPROPERTYSET('27k04t5lv4ceg1UTW8nlo$',$,'MF_Library',$,(#7032,#7033,#7034,#7035,#7036,#7037,#7038,#7039,#7040,#7041));
#7032=IFCPROPERTYSINGLEVALUE('Key',$,IFCLABEL('steel_tee_wt'),$);
#7033=IFCPROPERTYSINGLEVALUE('Family',$,IFCLABEL('WT Structural Tee'),$);
#7034=IFCPROPERTYSINGLEVALUE('TypeName',$,IFCLABEL('WT7X199'),$);
#7035=IFCPROPERTYSINGLEVALUE('Version',$,IFCLABEL('0.1.0'),$);
#7036=IFCPROPERTYSINGLEVALUE('License',$,IFCLABEL('CC0-1.0'),$);
#7037=IFCPROPERTYSINGLEVALUE('Source',$,IFCLABEL('massing-families'),$);
#7038=IFCPROPERTYSINGLEVALUE('Tier',$,IFCLABEL('L300'),$);
#7039=IFCPROPERTYSINGLEVALUE('Builder',$,IFCLABEL('profile'),$);
#7040=IFCPROPERTYSINGLEVALUE('Discipline',$,IFCLABEL('structural'),$);
#7041=IFCPROPERTYSINGLEVALUE('GeometryStatus',$,IFCLABEL('parametric'),$);
#7042=IFCPROPERTYSET('0cVtqU34P8t96aLsrklxwa',$,'MF_Quantities',$,(#7043,#7044,#7045,#7046,#7047));
#7043=IFCPROPERTYSINGLEVALUE('NominalWidth',$,IFCREAL(0.42164000000000001),$);
#7044=IFCPROPERTYSINGLEVALUE('NominalDepth',$,IFCREAL(0.23241000000000001),$);
#7045=IFCPROPERTYSINGLEVALUE('NominalHeight',$,IFCREAL(3.048),$);
#7046=IFCPROPERTYSINGLEVALUE('NominalFootprintArea',$,IFCREAL(0.097992999999999997),$);
#7047=IFCPROPERTYSINGLEVALUE('NominalVolume',$,IFCREAL(0.29868400000000001),$);
#7048=IFCMEMBERTYPE('3EFHh3SXz7IQaz4mRFyFJ5',$,'WT Structural Tee - WT7X185',$,$,(#7065,#7069,#7080),(#7064),$,$,.NOTDEFINED.);
#7049=IFCCARTESIANPOINT((0.,0.));
#7050=IFCDIRECTION((1.,0.));
#7051=IFCAXIS2PLACEMENT2D(#7049,#7050);
#7052=IFCTSHAPEPROFILEDEF(.AREA.,'WT7X185',#7051,0.22758400000000001,0.41909999999999997,0.042164,0.067563999999999999,0.01524,$,$,$,$);
#7053=IFCCARTESIANPOINT((0.,0.,0.));
#7054=IFCDIRECTION((0.,0.,1.));
#7055=IFCDIRECTION((1.,0.,0.));
#7056=IFCAXIS2PLACEMENT3D(#7053,#7054,#7055);
#7057=IFCDIRECTION((0.,0.,1.));
#7058=IFCEXTRUDEDAREASOLID(#7052,#7056,#7057,3.048);
#7059=IFCSHAPEREPRESENTATION(#11,'Body','SweptSolid',(#7058));
#7060=IFCCARTESIANPOINT((0.,0.,0.));
#7061=IFCDIRECTION((1.,0.,0.));
#7062=IFCDIRECTION((0.,0.,1.));
#7063=IFCAXIS2PLACEMENT3D(#7060,#7062,#7061);
#7064=IFCREPRESENTATIONMAP(#7063,#7059);
#7065=IFCPROPERTYSET('2Lwsfzh6vCyfjftKjiFp8z',$,'MF_Structural',$,(#7066,#7067,#7068));
#7066=IFCPROPERTYSINGLEVALUE('Section',$,IFCLABEL('WT7X185'),$);
#7067=IFCPROPERTYSINGLEVALUE('SectionFamily',$,IFCLABEL('WT'),$);
#7068=IFCPROPERTYSINGLEVALUE('SectionSource',$,IFCLABEL('AISC Shapes Database v15.0 (US)'),$);
#7069=IFCPROPERTYSET('3W$TSDawHEph69GfeEMs7C',$,'MF_Library',$,(#7070,#7071,#7072,#7073,#7074,#7075,#7076,#7077,#7078,#7079));
#7070=IFCPROPERTYSINGLEVALUE('Key',$,IFCLABEL('steel_tee_wt'),$);
#7071=IFCPROPERTYSINGLEVALUE('Family',$,IFCLABEL('WT Structural Tee'),$);
#7072=IFCPROPERTYSINGLEVALUE('TypeName',$,IFCLABEL('WT7X185'),$);
#7073=IFCPROPERTYSINGLEVALUE('Version',$,IFCLABEL('0.1.0'),$);
#7074=IFCPROPERTYSINGLEVALUE('License',$,IFCLABEL('CC0-1.0'),$);
#7075=IFCPROPERTYSINGLEVALUE('Source',$,IFCLABEL('massing-families'),$);
#7076=IFCPROPERTYSINGLEVALUE('Tier',$,IFCLABEL('L300'),$);
#7077=IFCPROPERTYSINGLEVALUE('Builder',$,IFCLABEL('profile'),$);
#7078=IFCPROPERTYSINGLEVALUE('Discipline',$,IFCLABEL('structural'),$);
#7079=IFCPROPERTYSINGLEVALUE('GeometryStatus',$,IFCLABEL('parametric'),$);
#7080=IFCPROPERTYSET('0LNBnIRZ92wPTq4mif2wMl',$,'MF_Quantities',$,(#7081,#7082,#7083,#7084,#7085));
#7081=IFCPROPERTYSINGLEVALUE('NominalWidth',$,IFCREAL(0.41909999999999997),$);
#7082=IFCPROPERTYSINGLEVALUE('NominalDepth',$,IFCREAL(0.22758400000000001),$);
#7083=IFCPROPERTYSINGLEVALUE('NominalHeight',$,IFCREAL(3.048),$);
#7084=IFCPROPERTYSINGLEVALUE('NominalFootprintArea',$,IFCREAL(0.095380000000000006),$);
#7085=IFCPROPERTYSINGLEVALUE('NominalVolume',$,IFCREAL(0.29071999999999998),$);
#7086=IFCMEMBERTYPE('0JWAXfAYjESe62leEmNRsC',$,'WT Structural Tee - WT7X171',$,$,(#7103,#7107,#7118),(#7102),$,$,.NOTDEFINED.);
#7087=IFCCARTESIANPOINT((0.,0.));
#7088=IFCDIRECTION((1.,0.));
#7089=IFCAXIS2PLACEMENT2D(#7087,#7088);
#7090=IFCTSHAPEPROFILEDEF(.AREA.,'WT7X171',#7089,0.22275800000000001,0.41655999999999999,0.039115999999999998,0.062738000000000002,0.01524,$,$,$,$);
#7091=IFCCARTESIANPOINT((0.,0.,0.));
#7092=IFCDIRECTION((0.,0.,1.));
#7093=IFCDIRECTION((1.,0.,0.));
#7094=IFCAXIS2PLACEMENT3D(#7091,#7092,#7093);
#7095=IFCDIRECTION((0.,0.,1.));
#7096=IFCEXTRUDEDAREASOLID(#7090,#7094,#7095,3.048);
#7097=IFCSHAPEREPRESENTATION(#11,'Body','SweptSolid',(#7096));
#7098=IFCCARTESIANPOINT((0.,0.,0.));
#7099=IFCDIRECTION((1.,0.,0.));
#7100=IFCDIRECTION((0.,0.,1.));
#7101=IFCAXIS2PLACEMENT3D(#7098,#7100,#7099);
#7102=IFCREPRESENTATIONMAP(#7101,#7097);
#7103=IFCPROPERTYSET('0vlSxfwoP5hBVElvx8bKFi',$,'MF_Structural',$,(#7104,#7105,#7106));
#7104=IFCPROPERTYSINGLEVALUE('Section',$,IFCLABEL('WT7X171'),$);
#7105=IFCPROPERTYSINGLEVALUE('SectionFamily',$,IFCLABEL('WT'),$);
#7106=IFCPROPERTYSINGLEVALUE('SectionSource',$,IFCLABEL('AISC Shapes Database v15.0 (US)'),$);
#7107=IFCPROPERTYSET('0usnEUXQH1muc4OCF5VXcc',$,'MF_Library',$,(#7108,#7109,#7110,#7111,#7112,#7113,#7114,#7115,#7116,#7117));
#7108=IFCPROPERTYSINGLEVALUE('Key',$,IFCLABEL('steel_tee_wt'),$);
#7109=IFCPROPERTYSINGLEVALUE('Family',$,IFCLABEL('WT Structural Tee'),$);
#7110=IFCPROPERTYSINGLEVALUE('TypeName',$,IFCLABEL('WT7X171'),$);
#7111=IFCPROPERTYSINGLEVALUE('Version',$,IFCLABEL('0.1.0'),$);
#7112=IFCPROPERTYSINGLEVALUE('License',$,IFCLABEL('CC0-1.0'),$);
#7113=IFCPROPERTYSINGLEVALUE('Source',$,IFCLABEL('massing-families'),$);
#7114=IFCPROPERTYSINGLEVALUE('Tier',$,IFCLABEL('L300'),$);
#7115=IFCPROPERTYSINGLEVALUE('Builder',$,IFCLABEL('profile'),$);
#7116=IFCPROPERTYSINGLEVALUE('Discipline',$,IFCLABEL('structural'),$);
#7117=IFCPROPERTYSINGLEVALUE('GeometryStatus',$,IFCLABEL('parametric'),$);
#7118=IFCPROPERTYSET('2gN9vmO8DDI9k84a4_yjB1',$,'MF_Quantities',$,(#7119,#7120,#7121,#7122,#7123));
#7119=IFCPROPERTYSINGLEVALUE('NominalWidth',$,IFCREAL(0.41655999999999999),$);
#7120=IFCPROPERTYSINGLEVALUE('NominalDepth',$,IFCREAL(0.22275800000000001),$);
#7121=IFCPROPERTYSINGLEVALUE('NominalHeight',$,IFCREAL(3.048),$);
#7122=IFCPROPERTYSINGLEVALUE('NominalFootprintArea',$,IFCREAL(0.092791999999999999),$);
#7123=IFCPROPERTYSINGLEVALUE('NominalVolume',$,IFCREAL(0.28283000000000003),$);
#7124=IFCMEMBERTYPE('3c0TmFRObCy9UrInN6SFbl',$,'WT Structural Tee - WT7X155.5',$,$,(#7141,#7145,#7156),(#7140),$,$,.NOTDEFINED.);
#7125=IFCCARTESIANPOINT((0.,0.));
#7126=IFCDIRECTION((1.,0.));
#7127=IFCAXIS2PLACEMENT2D(#7125,#7126);
#7128=IFCTSHAPEPROFILEDEF(.AREA.,'WT7X155.5',#7127,0.21742400000000001,0.41148000000000001,0.035813999999999999,0.057403999999999997,0.01524,$,$,$,$);
#7129=IFCCARTESIANPOINT((0.,0.,0.));
#7130=IFCDIRECTION((0.,0.,1.));
#7131=IFCDIRECTION((1.,0.,0.));
#7132=IFCAXIS2PLACEMENT3D(#7129,#7130,#7131);
#7133=IFCDIRECTION((0.,0.,1.));
#7134=IFCEXTRUDEDAREASOLID(#7128,#7132,#7133,3.048);
#7135=IFCSHAPEREPRESENTATION(#11,'Body','SweptSolid',(#7134));
#7136=IFCCARTESIANPOINT((0.,0.,0.));
#7137=IFCDIRECTION((1.,0.,0.));
#7138=IFCDIRECTION((0.,0.,1.));
#7139=IFCAXIS2PLACEMENT3D(#7136,#7138,#7137);
#7140=IFCREPRESENTATIONMAP(#7139,#7135);
#7141=IFCPROPERTYSET('2vdhMiLHLC1xRTM2hDcXFI',$,'MF_Structural',$,(#7142,#7143,#7144));
#7142=IFCPROPERTYSINGLEVALUE('Section',$,IFCLABEL('WT7X155.5'),$);
#7143=IFCPROPERTYSINGLEVALUE('SectionFamily',$,IFCLABEL('WT'),$);
#7144=IFCPROPERTYSINGLEVALUE('SectionSource',$,IFCLABEL('AISC Shapes Database v15.0 (US)'),$);
#7145=IFCPROPERTYSET('1781mvwijAbvWzU516oVWv',$,'MF_Library',$,(#7146,#7147,#7148,#7149,#7150,#7151,#7152,#7153,#7154,#7155));
#7146=IFCPROPERTYSINGLEVALUE('Key',$,IFCLABEL('steel_tee_wt'),$);
#7147=IFCPROPERTYSINGLEVALUE('Family',$,IFCLABEL('WT Structural Tee'),$);
#7148=IFCPROPERTYSINGLEVALUE('TypeName',$,IFCLABEL('WT7X155.5'),$);
#7149=IFCPROPERTYSINGLEVALUE('Version',$,IFCLABEL('0.1.0'),$);
#7150=IFCPROPERTYSINGLEVALUE('License',$,IFCLABEL('CC0-1.0'),$);
#7151=IFCPROPERTYSINGLEVALUE('Source',$,IFCLABEL('massing-families'),$);
#7152=IFCPROPERTYSINGLEVALUE('Tier',$,IFCLABEL('L300'),$);
#7153=IFCPROPERTYSINGLEVALUE('Builder',$,IFCLABEL('profile'),$);
#7154=IFCPROPERTYSINGLEVALUE('Discipline',$,IFCLABEL('structural'),$);
#7155=IFCPROPERTYSINGLEVALUE('GeometryStatus',$,IFCLABEL('parametric'),$);
#7156=IFCPROPERTYSET('1P25DuIuv0Ag73ipNHJNHQ',$,'MF_Quantities',$,(#7157,#7158,#7159,#7160,#7161));
#7157=IFCPROPERTYSINGLEVALUE('NominalWidth',$,IFCREAL(0.41148000000000001),$);
#7158=IFCPROPERTYSINGLEVALUE('NominalDepth',$,IFCREAL(0.21742400000000001),$);
#7159=IFCPROPERTYSINGLEVALUE('NominalHeight',$,IFCREAL(3.048),$);
#7160=IFCPROPERTYSINGLEVALUE('NominalFootprintArea',$,IFCREAL(0.089466000000000004),$);
#7161=IFCPROPERTYSINGLEVALUE('NominalVolume',$,IFCREAL(0.27269100000000002),$);
#7162=IFCMEMBERTYPE('34b2hEkxXEtAKp6kUI3M_S',$,'WT Structural Tee - WT7X141.5',$,$,(#7179,#7183,#7194),(#7178),$,$,.NOTDEFINED.);
#7163=IFCCARTESIANPOINT((0.,0.));
#7164=IFCDIRECTION((1.,0.));
#7165=IFCAXIS2PLACEMENT2D(#7163,#7164);
#7166=IFCTSHAPEPROFILEDEF(.AREA.,'WT7X141.5',#7165,0.21259800000000001,0.40894000000000003,0.032766000000000003,0.052578,0.01524,$,$,$,$);
#7167=IFCCARTESIANPOINT((0.,0.,0.));
#7168=IFCDIRECTION((0.,0.,1.));
#7169=IFCDIRECTION((1.,0.,0.));
#7170=IFCAXIS2PLACEMENT3D(#7167,#7168,#7169);
#7171=IFCDIRECTION((0.,0.,1.));
#7172=IFCEXTRUDEDAREASOLID(#7166,#7170,#7171,3.048);
#7173=IFCSHAPEREPRESENTATION(#11,'Body','SweptSolid',(#7172));
#7174=IFCCARTESIANPOINT((0.,0.,0.));
#7175=IFCDIRECTION((1.,0.,0.));
#7176=IFCDIRECTION((0.,0.,1.));
#7177=IFCAXIS2PLACEMENT3D(#7174,#7176,#7175);
#7178=IFCREPRESENTATIONMAP(#7177,#7173);
#7179=IFCPROPERTYSET('37jemyQ5r6SQUarM7coZfZ',$,'MF_Structural',$,(#7180,#7181,#7182));
#7180=IFCPROPERTYSINGLEVALUE('Section',$,IFCLABEL('WT7X141.5'),$);
#7181=IFCPROPERTYSINGLEVALUE('SectionFamily',$,IFCLABEL('WT'),$);
#7182=IFCPROPERTYSINGLEVALUE('SectionSource',$,IFCLABEL('AISC Shapes Database v15.0 (US)'),$);
#7183=IFCPROPERTYSET('2GG2ZcZn1CTwa5Tgq0mLNM',$,'MF_Library',$,(#7184,#7185,#7186,#7187,#7188,#7189,#7190,#7191,#7192,#7193));
#7184=IFCPROPERTYSINGLEVALUE('Key',$,IFCLABEL('steel_tee_wt'),$);
#7185=IFCPROPERTYSINGLEVALUE('Family',$,IFCLABEL('WT Structural Tee'),$);
#7186=IFCPROPERTYSINGLEVALUE('TypeName',$,IFCLABEL('WT7X141.5'),$);
#7187=IFCPROPERTYSINGLEVALUE('Version',$,IFCLABEL('0.1.0'),$);
#7188=IFCPROPERTYSINGLEVALUE('License',$,IFCLABEL('CC0-1.0'),$);
#7189=IFCPROPERTYSINGLEVALUE('Source',$,IFCLABEL('massing-families'),$);
#7190=IFCPROPERTYSINGLEVALUE('Tier',$,IFCLABEL('L300'),$);
#7191=IFCPROPERTYSINGLEVALUE('Builder',$,IFCLABEL('profile'),$);
#7192=IFCPROPERTYSINGLEVALUE('Discipline',$,IFCLABEL('structural'),$);
#7193=IFCPROPERTYSINGLEVALUE('GeometryStatus',$,IFCLABEL('parametric'),$);
#7194=IFCPROPERTYSET('2nYUUUmIX0NABE0Ntjua$p',$,'MF_Quantities',$,(#7195,#7196,#7197,#7198,#7199));
#7195=IFCPROPERTYSINGLEVALUE('NominalWidth',$,IFCREAL(0.40894000000000003),$);
#7196=IFCPROPERTYSINGLEVALUE('NominalDepth',$,IFCREAL(0.21259800000000001),$);
#7197=IFCPROPERTYSINGLEVALUE('NominalHeight',$,IFCREAL(3.048),$);
#7198=IFCPROPERTYSINGLEVALUE('NominalFootprintArea',$,IFCREAL(0.086940000000000003),$);
#7199=IFCPROPERTYSINGLEVALUE('NominalVolume',$,IFCREAL(0.26499299999999998),$);
#7200=IFCMEMBERTYPE('1plBi_8_TAkvS5xwTIhBNv',$,'WT Structural Tee - WT7X128.5',$,$,(#7217,#7221,#7232),(#7216),$,$,.NOTDEFINED.);
#7201=IFCCARTESIANPOINT((0.,0.));
#7202=IFCDIRECTION((1.,0.));
#7203=IFCAXIS2PLACEMENT2D(#7201,#7202);
#7204=IFCTSHAPEPROFILEDEF(.AREA.,'WT7X128.5',#7203,0.20802599999999999,0.40639999999999998,0.029971999999999999,0.048006,0.01524,$,$,$,$);
#7205=IFCCARTESIANPOINT((0.,0.,0.));
#7206=IFCDIRECTION((0.,0.,1.));
#7207=IFCDIRECTION((1.,0.,0.));
#7208=IFCAXIS2PLACEMENT3D(#7205,#7206,#7207);
#7209=IFCDIRECTION((0.,0.,1.));
#7210=IFCEXTRUDEDAREASOLID(#7204,#7208,#7209,3.048);
#7211=IFCSHAPEREPRESENTATION(#11,'Body','SweptSolid',(#7210));
#7212=IFCCARTESIANPOINT((0.,0.,0.));
#7213=IFCDIRECTION((1.,0.,0.));
#7214=IFCDIRECTION((0.,0.,1.));
#7215=IFCAXIS2PLACEMENT3D(#7212,#7214,#7213);
#7216=IFCREPRESENTATIONMAP(#7215,#7211);
#7217=IFCPROPERTYSET('1RlYUdVCb4Ju2275SVLmyB',$,'MF_Structural',$,(#7218,#7219,#7220));
#7218=IFCPROPERTYSINGLEVALUE('Section',$,IFCLABEL('WT7X128.5'),$);
#7219=IFCPROPERTYSINGLEVALUE('SectionFamily',$,IFCLABEL('WT'),$);
#7220=IFCPROPERTYSINGLEVALUE('SectionSource',$,IFCLABEL('AISC Shapes Database v15.0 (US)'),$);
#7221=IFCPROPERTYSET('1CC35Q_6jFdwsjJWNHFg8V',$,'MF_Library',$,(#7222,#7223,#7224,#7225,#7226,#7227,#7228,#7229,#7230,#7231));
#7222=IFCPROPERTYSINGLEVALUE('Key',$,IFCLABEL('steel_tee_wt'),$);
#7223=IFCPROPERTYSINGLEVALUE('Family',$,IFCLABEL('WT Structural Tee'),$);
#7224=IFCPROPERTYSINGLEVALUE('TypeName',$,IFCLABEL('WT7X128.5'),$);
#7225=IFCPROPERTYSINGLEVALUE('Version',$,IFCLABEL('0.1.0'),$);
#7226=IFCPROPERTYSINGLEVALUE('License',$,IFCLABEL('CC0-1.0'),$);
#7227=IFCPROPERTYSINGLEVALUE('Source',$,IFCLABEL('massing-families'),$);
#7228=IFCPROPERTYSINGLEVALUE('Tier',$,IFCLABEL('L300'),$);
#7229=IFCPROPERTYSINGLEVALUE('Builder',$,IFCLABEL('profile'),$);
#7230=IFCPROPERTYSINGLEVALUE('Discipline',$,IFCLABEL('structural'),$);
#7231=IFCPROPERTYSINGLEVALUE('GeometryStatus',$,IFCLABEL('parametric'),$);
#7232=IFCPROPERTYSET('0T9v9FOQv7SfIxxz1DsFhL',$,'MF_Quantities',$,(#7233,#7234,#7235,#7236,#7237));
#7233=IFCPROPERTYSINGLEVALUE('NominalWidth',$,IFCREAL(0.40639999999999998),$);
#7234=IFCPROPERTYSINGLEVALUE('NominalDepth',$,IFCREAL(0.20802599999999999),$);
#7235=IFCPROPERTYSINGLEVALUE('NominalHeight',$,IFCREAL(3.048),$);
#7236=IFCPROPERTYSINGLEVALUE('NominalFootprintArea',$,IFCREAL(0.084542000000000006),$);
#7237=IFCPROPERTYSINGLEVALUE('NominalVolume',$,IFCREAL(0.257683),$);
#7238=IFCMEMBERTYPE('1yYnEGLIPAKBvoqLlDCPA1',$,'WT Structural Tee - WT7X116.5',$,$,(#7255,#7259,#7270),(#7254),$,$,.NOTDEFINED.);
#7239=IFCCARTESIANPOINT((0.,0.));
#7240=IFCDIRECTION((1.,0.));
#7241=IFCAXIS2PLACEMENT2D(#7239,#7240);
#7242=IFCTSHAPEPROFILEDEF(.AREA.,'WT7X116.5',#7241,0.203708,0.40386,0.027178000000000001,0.043687999999999998,0.01524,$,$,$,$);
#7243=IFCCARTESIANPOINT((0.,0.,0.));
#7244=IFCDIRECTION((0.,0.,1.));
#7245=IFCDIRECTION((1.,0.,0.));
#7246=IFCAXIS2PLACEMENT3D(#7243,#7244,#7245);
#7247=IFCDIRECTION((0.,0.,1.));
#7248=IFCEXTRUDEDAREASOLID(#7242,#7246,#7247,3.048);
#7249=IFCSHAPEREPRESENTATION(#11,'Body','SweptSolid',(#7248));
#7250=IFCCARTESIANPOINT((0.,0.,0.));
#7251=IFCDIRECTION((1.,0.,0.));
#7252=IFCDIRECTION((0.,0.,1.));
#7253=IFCAXIS2PLACEMENT3D(#7250,#7252,#7251);
#7254=IFCREPRESENTATIONMAP(#7253,#7249);
#7255=IFCPROPERTYSET('0xYhB4Wjr3twOuJ7UOS8LB',$,'MF_Structural',$,(#7256,#7257,#7258));
#7256=IFCPROPERTYSINGLEVALUE('Section',$,IFCLABEL('WT7X116.5'),$);
#7257=IFCPROPERTYSINGLEVALUE('SectionFamily',$,IFCLABEL('WT'),$);
#7258=IFCPROPERTYSINGLEVALUE('SectionSource',$,IFCLABEL('AISC Shapes Database v15.0 (US)'),$);
#7259=IFCPROPERTYSET('0JtpnbnxP9u9XQ4QZTq7i3',$,'MF_Library',$,(#7260,#7261,#7262,#7263,#7264,#7265,#7266,#7267,#7268,#7269));
#7260=IFCPROPERTYSINGLEVALUE('Key',$,IFCLABEL('steel_tee_wt'),$);
#7261=IFCPROPERTYSINGLEVALUE('Family',$,IFCLABEL('WT Structural Tee'),$);
#7262=IFCPROPERTYSINGLEVALUE('TypeName',$,IFCLABEL('WT7X116.5'),$);
#7263=IFCPROPERTYSINGLEVALUE('Version',$,IFCLABEL('0.1.0'),$);
#7264=IFCPROPERTYSINGLEVALUE('License',$,IFCLABEL('CC0-1.0'),$);
#7265=IFCPROPERTYSINGLEVALUE('Source',$,IFCLABEL('massing-families'),$);
#7266=IFCPROPERTYSINGLEVALUE('Tier',$,IFCLABEL('L300'),$);
#7267=IFCPROPERTYSINGLEVALUE('Builder',$,IFCLABEL('profile'),$);
#7268=IFCPROPERTYSINGLEVALUE('Discipline',$,IFCLABEL('structural'),$);
#7269=IFCPROPERTYSINGLEVALUE('GeometryStatus',$,IFCLABEL('parametric'),$);
#7270=IFCPROPERTYSET('3cqGFbsWn8K8ALn3lI$Gvk',$,'MF_Quantities',$,(#7271,#7272,#7273,#7274,#7275));
#7271=IFCPROPERTYSINGLEVALUE('NominalWidth',$,IFCREAL(0.40386),$);
#7272=IFCPROPERTYSINGLEVALUE('NominalDepth',$,IFCREAL(0.203708),$);
#7273=IFCPROPERTYSINGLEVALUE('NominalHeight',$,IFCREAL(3.048),$);
#7274=IFCPROPERTYSINGLEVALUE('NominalFootprintArea',$,IFCREAL(0.082269999999999996),$);
#7275=IFCPROPERTYSINGLEVALUE('NominalVolume',$,IFCREAL(0.25075700000000001),$);
#7276=IFCMEMBERTYPE('0kRBaWzPLFew6LvNb2Xlhg',$,'WT Structural Tee - WT7X105.5',$,$,(#7293,#7297,#7308),(#7292),$,$,.NOTDEFINED.);
#7277=IFCCARTESIANPOINT((0.,0.));
#7278=IFCDIRECTION((1.,0.));
#7279=IFCAXIS2PLACEMENT2D(#7277,#7278);
#7280=IFCTSHAPEPROFILEDEF(.AREA.,'WT7X105.5',#7279,0.19964399999999999,0.40132000000000001,0.024892000000000001,0.039623999999999999,0.01524,$,$,$,$);
#7281=IFCCARTESIANPOINT((0.,0.,0.));
#7282=IFCDIRECTION((0.,0.,1.));
#7283=IFCDIRECTION((1.,0.,0.));
#7284=IFCAXIS2PLACEMENT3D(#7281,#7282,#7283);
#7285=IFCDIRECTION((0.,0.,1.));
#7286=IFCEXTRUDEDAREASOLID(#7280,#7284,#7285,3.048);
#7287=IFCSHAPEREPRESENTATION(#11,'Body','SweptSolid',(#7286));
#7288=IFCCARTESIANPOINT((0.,0.,0.));
#7289=IFCDIRECTION((1.,0.,0.));
#7290=IFCDIRECTION((0.,0.,1.));
#7291=IFCAXIS2PLACEMENT3D(#7288,#7290,#7289);
#7292=IFCREPRESENTATIONMAP(#7291,#7287);
#7293=IFCPROPERTYSET('1PZsBtr9P5YfC3ym_6AbaR',$,'MF_Structural',$,(#7294,#7295,#7296));
#7294=IFCPROPERTYSINGLEVALUE('Section',$,IFCLABEL('WT7X105.5'),$);
#7295=IFCPROPERTYSINGLEVALUE('SectionFamily',$,IFCLABEL('WT'),$);
#7296=IFCPROPERTYSINGLEVALUE('SectionSource',$,IFCLABEL('AISC Shapes Database v15.0 (US)'),$);
#7297=IFCPROPERTYSET('3s0eq9$2T5SgMGotKEwjqB',$,'MF_Library',$,(#7298,#7299,#7300,#7301,#7302,#7303,#7304,#7305,#7306,#7307));
#7298=IFCPROPERTYSINGLEVALUE('Key',$,IFCLABEL('steel_tee_wt'),$);
#7299=IFCPROPERTYSINGLEVALUE('Family',$,IFCLABEL('WT Structural Tee'),$);
#7300=IFCPROPERTYSINGLEVALUE('TypeName',$,IFCLABEL('WT7X105.5'),$);
#7301=IFCPROPERTYSINGLEVALUE('Version',$,IFCLABEL('0.1.0'),$);
#7302=IFCPROPERTYSINGLEVALUE('License',$,IFCLABEL('CC0-1.0'),$);
#7303=IFCPROPERTYSINGLEVALUE('Source',$,IFCLABEL('massing-families'),$);
#7304=IFCPROPERTYSINGLEVALUE('Tier',$,IFCLABEL('L300'),$);
#7305=IFCPROPERTYSINGLEVALUE('Builder',$,IFCLABEL('profile'),$);
#7306=IFCPROPERTYSINGLEVALUE('Discipline',$,IFCLABEL('structural'),$);
#7307=IFCPROPERTYSINGLEVALUE('GeometryStatus',$,IFCLABEL('parametric'),$);
#7308=IFCPROPERTYSET('1qM7Vk1$z5OPWrvwKO9n8t',$,'MF_Quantities',$,(#7309,#7310,#7311,#7312,#7313));
#7309=IFCPROPERTYSINGLEVALUE('NominalWidth',$,IFCREAL(0.40132000000000001),$);
#7310=IFCPROPERTYSINGLEVALUE('NominalDepth',$,IFCREAL(0.19964399999999999),$);
#7311=IFCPROPERTYSINGLEVALUE('NominalHeight',$,IFCREAL(3.048),$);
#7312=IFCPROPERTYSINGLEVALUE('NominalFootprintArea',$,IFCREAL(0.080120999999999998),$);
#7313=IFCPROPERTYSINGLEVALUE('NominalVolume',$,IFCREAL(0.24420900000000001),$);
#7314=IFCMEMBERTYPE('20IzuR5rP33gtyTaaIDfJ8',$,'WT Structural Tee - WT7X96.5',$,$,(#7331,#7335,#7346),(#7330),$,$,.NOTDEFINED.);
#7315=IFCCARTESIANPOINT((0.,0.));
#7316=IFCDIRECTION((1.,0.));
#7317=IFCAXIS2PLACEMENT2D(#7315,#7316);
#7318=IFCTSHAPEPROFILEDEF(.AREA.,'WT7X96.5',#7317,0.19659599999999999,0.39878000000000002,0.022606000000000001,0.036575999999999997,0.01524,$,$,$,$);
#7319=IFCCARTESIANPOINT((0.,0.,0.));
#7320=IFCDIRECTION((0.,0.,1.));
#7321=IFCDIRECTION((1.,0.,0.));
#7322=IFCAXIS2PLACEMENT3D(#7319,#7320,#7321);
#7323=IFCDIRECTION((0.,0.,1.));
#7324=IFCEXTRUDEDAREASOLID(#7318,#7322,#7323,3.048);
#7325=IFCSHAPEREPRESENTATION(#11,'Body','SweptSolid',(#7324));
#7326=IFCCARTESIANPOINT((0.,0.,0.));
#7327=IFCDIRECTION((1.,0.,0.));
#7328=IFCDIRECTION((0.,0.,1.));
#7329=IFCAXIS2PLACEMENT3D(#7326,#7328,#7327);
#7330=IFCREPRESENTATIONMAP(#7329,#7325);
#7331=IFCPROPERTYSET('3_SN_N_8D4meo3t0cr7GaO',$,'MF_Structural',$,(#7332,#7333,#7334));
#7332=IFCPROPERTYSINGLEVALUE('Section',$,IFCLABEL('WT7X96.5'),$);
#7333=IFCPROPERTYSINGLEVALUE('SectionFamily',$,IFCLABEL('WT'),$);
#7334=IFCPROPERTYSINGLEVALUE('SectionSource',$,IFCLABEL('AISC Shapes Database v15.0 (US)'),$);
#7335=IFCPROPERTYSET('3t6514Od94yxtbCuoNhW2s',$,'MF_Library',$,(#7336,#7337,#7338,#7339,#7340,#7341,#7342,#7343,#7344,#7345));
#7336=IFCPROPERTYSINGLEVALUE('Key',$,IFCLABEL('steel_tee_wt'),$);
#7337=IFCPROPERTYSINGLEVALUE('Family',$,IFCLABEL('WT Structural Tee'),$);
#7338=IFCPROPERTYSINGLEVALUE('TypeName',$,IFCLABEL('WT7X96.5'),$);
#7339=IFCPROPERTYSINGLEVALUE('Version',$,IFCLABEL('0.1.0'),$);
#7340=IFCPROPERTYSINGLEVALUE('License',$,IFCLABEL('CC0-1.0'),$);
#7341=IFCPROPERTYSINGLEVALUE('Source',$,IFCLABEL('massing-families'),$);
#7342=IFCPROPERTYSINGLEVALUE('Tier',$,IFCLABEL('L300'),$);
#7343=IFCPROPERTYSINGLEVALUE('Builder',$,IFCLABEL('profile'),$);
#7344=IFCPROPERTYSINGLEVALUE('Discipline',$,IFCLABEL('structural'),$);
#7345=IFCPROPERTYSINGLEVALUE('GeometryStatus',$,IFCLABEL('parametric'),$);
#7346=IFCPROPERTYSET('1WPGZOINrBSO3Vw1t3BFKy',$,'MF_Quantities',$,(#7347,#7348,#7349,#7350,#7351));
#7347=IFCPROPERTYSINGLEVALUE('NominalWidth',$,IFCREAL(0.39878000000000002),$);
#7348=IFCPROPERTYSINGLEVALUE('NominalDepth',$,IFCREAL(0.19659599999999999),$);
#7349=IFCPROPERTYSINGLEVALUE('NominalHeight',$,IFCREAL(3.048),$);
#7350=IFCPROPERTYSINGLEVALUE('NominalFootprintArea',$,IFCREAL(0.078398999999999996),$);
#7351=IFCPROPERTYSINGLEVALUE('NominalVolume',$,IFCREAL(0.238959),$);
#7352=IFCMEMBERTYPE('1nGcqm0EjC5ASThRoylWXc',$,'WT Structural Tee - WT7X88',$,$,(#7369,#7373,#7384),(#7368),$,$,.NOTDEFINED.);
#7353=IFCCARTESIANPOINT((0.,0.));
#7354=IFCDIRECTION((1.,0.));
#7355=IFCAXIS2PLACEMENT2D(#7353,#7354);
#7356=IFCTSHAPEPROFILEDEF(.AREA.,'WT7X88',#7355,0.19329399999999999,0.39878000000000002,0.021082,0.033273999999999998,0.01524,$,$,$,$);
#7357=IFCCARTESIANPOINT((0.,0.,0.));
#7358=IFCDIRECTION((0.,0.,1.));
#7359=IFCDIRECTION((1.,0.,0.));
#7360=IFCAXIS2PLACEMENT3D(#7357,#7358,#7359);
#7361=IFCDIRECTION((0.,0.,1.));
#7362=IFCEXTRUDEDAREASOLID(#7356,#7360,#7361,3.048);
#7363=IFCSHAPEREPRESENTATION(#11,'Body','SweptSolid',(#7362));
#7364=IFCCARTESIANPOINT((0.,0.,0.));
#7365=IFCDIRECTION((1.,0.,0.));
#7366=IFCDIRECTION((0.,0.,1.));
#7367=IFCAXIS2PLACEMENT3D(#7364,#7366,#7365);
#7368=IFCREPRESENTATIONMAP(#7367,#7363);
#7369=IFCPROPERTYSET('06ZS7QbdT7awwuys5Ykh0H',$,'MF_Structural',$,(#7370,#7371,#7372));
#7370=IFCPROPERTYSINGLEVALUE('Section',$,IFCLABEL('WT7X88'),$);
#7371=IFCPROPERTYSINGLEVALUE('SectionFamily',$,IFCLABEL('WT'),$);
#7372=IFCPROPERTYSINGLEVALUE('SectionSource',$,IFCLABEL('AISC Shapes Database v15.0 (US)'),$);
#7373=IFCPROPERTYSET('1cooqgs_j8AABIIGYoKDuJ',$,'MF_Library',$,(#7374,#7375,#7376,#7377,#7378,#7379,#7380,#7381,#7382,#7383));
#7374=IFCPROPERTYSINGLEVALUE('Key',$,IFCLABEL('steel_tee_wt'),$);
#7375=IFCPROPERTYSINGLEVALUE('Family',$,IFCLABEL('WT Structural Tee'),$);
#7376=IFCPROPERTYSINGLEVALUE('TypeName',$,IFCLABEL('WT7X88'),$);
#7377=IFCPROPERTYSINGLEVALUE('Version',$,IFCLABEL('0.1.0'),$);
#7378=IFCPROPERTYSINGLEVALUE('License',$,IFCLABEL('CC0-1.0'),$);
#7379=IFCPROPERTYSINGLEVALUE('Source',$,IFCLABEL('massing-families'),$);
#7380=IFCPROPERTYSINGLEVALUE('Tier',$,IFCLABEL('L300'),$);
#7381=IFCPROPERTYSINGLEVALUE('Builder',$,IFCLABEL('profile'),$);
#7382=IFCPROPERTYSINGLEVALUE('Discipline',$,IFCLABEL('structural'),$);
#7383=IFCPROPERTYSINGLEVALUE('GeometryStatus',$,IFCLABEL('parametric'),$);
#7384=IFCPROPERTYSET('3GjNThh6T8qx$alPdLfc$z',$,'MF_Quantities',$,(#7385,#7386,#7387,#7388,#7389));
#7385=IFCPROPERTYSINGLEVALUE('NominalWidth',$,IFCREAL(0.39878000000000002),$);
#7386=IFCPROPERTYSINGLEVALUE('NominalDepth',$,IFCREAL(0.19329399999999999),$);
#7387=IFCPROPERTYSINGLEVALUE('NominalHeight',$,IFCREAL(3.048),$);
#7388=IFCPROPERTYSINGLEVALUE('NominalFootprintArea',$,IFCREAL(0.077081999999999998),$);
#7389=IFCPROPERTYSINGLEVALUE('NominalVolume',$,IFCREAL(0.23494499999999999),$);
#7390=IFCMEMBERTYPE('2TfP3MFBL95gE4c9tyxrvj',$,'WT Structural Tee - WT7X79.5',$,$,(#7407,#7411,#7422),(#7406),$,$,.NOTDEFINED.);
#7391=IFCCARTESIANPOINT((0.,0.));
#7392=IFCDIRECTION((1.,0.));
#7393=IFCAXIS2PLACEMENT2D(#7391,#7392);
#7394=IFCTSHAPEPROFILEDEF(.AREA.,'WT7X79.5',#7393,0.190246,0.39623999999999998,0.018922999999999999,0.030225999999999999,0.01524,$,$,$,$);
#7395=IFCCARTESIANPOINT((0.,0.,0.));
#7396=IFCDIRECTION((0.,0.,1.));
#7397=IFCDIRECTION((1.,0.,0.));
#7398=IFCAXIS2PLACEMENT3D(#7395,#7396,#7397);
#7399=IFCDIRECTION((0.,0.,1.));
#7400=IFCEXTRUDEDAREASOLID(#7394,#7398,#7399,3.048);
#7401=IFCSHAPEREPRESENTATION(#11,'Body','SweptSolid',(#7400));
#7402=IFCCARTESIANPOINT((0.,0.,0.));
#7403=IFCDIRECTION((1.,0.,0.));
#7404=IFCDIRECTION((0.,0.,1.));
#7405=IFCAXIS2PLACEMENT3D(#7402,#7404,#7403);
#7406=IFCREPRESENTATIONMAP(#7405,#7401);
#7407=IFCPROPERTYSET('3_CqCNjWP9tQjyQ$xtyzTX',$,'MF_Structural',$,(#7408,#7409,#7410));
#7408=IFCPROPERTYSINGLEVALUE('Section',$,IFCLABEL('WT7X79.5'),$);
#7409=IFCPROPERTYSINGLEVALUE('SectionFamily',$,IFCLABEL('WT'),$);
#7410=IFCPROPERTYSINGLEVALUE('SectionSource',$,IFCLABEL('AISC Shapes Database v15.0 (US)'),$);
#7411=IFCPROPERTYSET('1OGhdhBrT2PgOG2KFJTjvU',$,'MF_Library',$,(#7412,#7413,#7414,#7415,#7416,#7417,#7418,#7419,#7420,#7421));
#7412=IFCPROPERTYSINGLEVALUE('Key',$,IFCLABEL('steel_tee_wt'),$);
#7413=IFCPROPERTYSINGLEVALUE('Family',$,IFCLABEL('WT Structural Tee'),$);
#7414=IFCPROPERTYSINGLEVALUE('TypeName',$,IFCLABEL('WT7X79.5'),$);
#7415=IFCPROPERTYSINGLEVALUE('Version',$,IFCLABEL('0.1.0'),$);
#7416=IFCPROPERTYSINGLEVALUE('License',$,IFCLABEL('CC0-1.0'),$);
#7417=IFCPROPERTYSINGLEVALUE('Source',$,IFCLABEL('massing-families'),$);
#7418=IFCPROPERTYSINGLEVALUE('Tier',$,IFCLABEL('L300'),$);
#7419=IFCPROPERTYSINGLEVALUE('Builder',$,IFCLABEL('profile'),$);
#7420=IFCPROPERTYSINGLEVALUE('Discipline',$,IFCLABEL('structural'),$);
#7421=IFCPROPERTYSINGLEVALUE('GeometryStatus',$,IFCLABEL('parametric'),$);
#7422=IFCPROPERTYSET('1JddkgaB122e_LW3ilnVJg',$,'MF_Quantities',$,(#7423,#7424,#7425,#7426,#7427));
#7423=IFCPROPERTYSINGLEVALUE('NominalWidth',$,IFCREAL(0.39623999999999998),$);
#7424=IFCPROPERTYSINGLEVALUE('NominalDepth',$,IFCREAL(0.190246),$);
#7425=IFCPROPERTYSINGLEVALUE('NominalHeight',$,IFCREAL(3.048),$);
#7426=IFCPROPERTYSINGLEVALUE('NominalFootprintArea',$,IFCREAL(0.075383000000000006),$);
#7427=IFCPROPERTYSINGLEVALUE('NominalVolume',$,IFCREAL(0.229768),$);
#7428=IFCMEMBERTYPE('0LhKcOx9L6tBVXgbwSM_Ii',$,'WT Structural Tee - WT7X72.5',$,$,(#7445,#7449,#7460),(#7444),$,$,.NOTDEFINED.);
#7429=IFCCARTESIANPOINT((0.,0.));
#7430=IFCDIRECTION((1.,0.));
#7431=IFCAXIS2PLACEMENT2D(#7429,#7430);
#7432=IFCTSHAPEPROFILEDEF(.AREA.,'WT7X72.5',#7431,0.18770600000000001,0.39369999999999999,0.017271999999999999,0.027685999999999999,0.01524,$,$,$,$);
#7433=IFCCARTESIANPOINT((0.,0.,0.));
#7434=IFCDIRECTION((0.,0.,1.));
#7435=IFCDIRECTION((1.,0.,0.));
#7436=IFCAXIS2PLACEMENT3D(#7433,#7434,#7435);
#7437=IFCDIRECTION((0.,0.,1.));
#7438=IFCEXTRUDEDAREASOLID(#7432,#7436,#7437,3.048);
#7439=IFCSHAPEREPRESENTATION(#11,'Body','SweptSolid',(#7438));
#7440=IFCCARTESIANPOINT((0.,0.,0.));
#7441=IFCDIRECTION((1.,0.,0.));
#7442=IFCDIRECTION((0.,0.,1.));
#7443=IFCAXIS2PLACEMENT3D(#7440,#7442,#7441);
#7444=IFCREPRESENTATIONMAP(#7443,#7439);
#7445=IFCPROPERTYSET('0YIBmzYCT9pQnAgKzSSo8h',$,'MF_Structural',$,(#7446,#7447,#7448));
#7446=IFCPROPERTYSINGLEVALUE('Section',$,IFCLABEL('WT7X72.5'),$);
#7447=IFCPROPERTYSINGLEVALUE('SectionFamily',$,IFCLABEL('WT'),$);
#7448=IFCPROPERTYSINGLEVALUE('SectionSource',$,IFCLABEL('AISC Shapes Database v15.0 (US)'),$);
#7449=IFCPROPERTYSET('0bYNX6Bpz7pQtdcjtobaP8',$,'MF_Library',$,(#7450,#7451,#7452,#7453,#7454,#7455,#7456,#7457,#7458,#7459));
#7450=IFCPROPERTYSINGLEVALUE('Key',$,IFCLABEL('steel_tee_wt'),$);
#7451=IFCPROPERTYSINGLEVALUE('Family',$,IFCLABEL('WT Structural Tee'),$);
#7452=IFCPROPERTYSINGLEVALUE('TypeName',$,IFCLABEL('WT7X72.5'),$);
#7453=IFCPROPERTYSINGLEVALUE('Version',$,IFCLABEL('0.1.0'),$);
#7454=IFCPROPERTYSINGLEVALUE('License',$,IFCLABEL('CC0-1.0'),$);
#7455=IFCPROPERTYSINGLEVALUE('Source',$,IFCLABEL('massing-families'),$);
#7456=IFCPROPERTYSINGLEVALUE('Tier',$,IFCLABEL('L300'),$);
#7457=IFCPROPERTYSINGLEVALUE('Builder',$,IFCLABEL('profile'),$);
#7458=IFCPROPERTYSINGLEVALUE('Discipline',$,IFCLABEL('structural'),$);
#7459=IFCPROPERTYSINGLEVALUE('GeometryStatus',$,IFCLABEL('parametric'),$);
#7460=IFCPROPERTYSET('0gnT2GS0TAgu3I_ONKk5Is',$,'MF_Quantities',$,(#7461,#7462,#7463,#7464,#7465));
#7461=IFCPROPERTYSINGLEVALUE('NominalWidth',$,IFCREAL(0.39369999999999999),$);
#7462=IFCPROPERTYSINGLEVALUE('NominalDepth',$,IFCREAL(0.18770600000000001),$);
#7463=IFCPROPERTYSINGLEVALUE('NominalHeight',$,IFCREAL(3.048),$);
#7464=IFCPROPERTYSINGLEVALUE('NominalFootprintArea',$,IFCREAL(0.073899999999999993),$);
#7465=IFCPROPERTYSINGLEVALUE('NominalVolume',$,IFCREAL(0.225247),$);
#7466=IFCMEMBERTYPE('3zoTCJ8VjFVx_Jto6EoYmL',$,'WT Structural Tee - WT7X66',$,$,(#7483,#7487,#7498),(#7482),$,$,.NOTDEFINED.);
#7467=IFCCARTESIANPOINT((0.,0.));
#7468=IFCDIRECTION((1.,0.));
#7469=IFCAXIS2PLACEMENT2D(#7467,#7468);
#7470=IFCTSHAPEPROFILEDEF(.AREA.,'WT7X66',#7469,0.18618199999999999,0.37337999999999999,0.016383000000000002,0.026162000000000001,0.01524,$,$,$,$);
#7471=IFCCARTESIANPOINT((0.,0.,0.));
#7472=IFCDIRECTION((0.,0.,1.));
#7473=IFCDIRECTION((1.,0.,0.));
#7474=IFCAXIS2PLACEMENT3D(#7471,#7472,#7473);
#7475=IFCDIRECTION((0.,0.,1.));
#7476=IFCEXTRUDEDAREASOLID(#7470,#7474,#7475,3.048);
#7477=IFCSHAPEREPRESENTATION(#11,'Body','SweptSolid',(#7476));
#7478=IFCCARTESIANPOINT((0.,0.,0.));
#7479=IFCDIRECTION((1.,0.,0.));
#7480=IFCDIRECTION((0.,0.,1.));
#7481=IFCAXIS2PLACEMENT3D(#7478,#7480,#7479);
#7482=IFCREPRESENTATIONMAP(#7481,#7477);
#7483=IFCPROPERTYSET('36XKOfB7XFywU90nooWYEH',$,'MF_Structural',$,(#7484,#7485,#7486));
#7484=IFCPROPERTYSINGLEVALUE('Section',$,IFCLABEL('WT7X66'),$);
#7485=IFCPROPERTYSINGLEVALUE('SectionFamily',$,IFCLABEL('WT'),$);
#7486=IFCPROPERTYSINGLEVALUE('SectionSource',$,IFCLABEL('AISC Shapes Database v15.0 (US)'),$);
#7487=IFCPROPERTYSET('04YID5hBP0iv9F$OhVrj$p',$,'MF_Library',$,(#7488,#7489,#7490,#7491,#7492,#7493,#7494,#7495,#7496,#7497));
#7488=IFCPROPERTYSINGLEVALUE('Key',$,IFCLABEL('steel_tee_wt'),$);
#7489=IFCPROPERTYSINGLEVALUE('Family',$,IFCLABEL('WT Structural Tee'),$);
#7490=IFCPROPERTYSINGLEVALUE('TypeName',$,IFCLABEL('WT7X66'),$);
#7491=IFCPROPERTYSINGLEVALUE('Version',$,IFCLABEL('0.1.0'),$);
#7492=IFCPROPERTYSINGLEVALUE('License',$,IFCLABEL('CC0-1.0'),$);
#7493=IFCPROPERTYSINGLEVALUE('Source',$,IFCLABEL('massing-families'),$);
#7494=IFCPROPERTYSINGLEVALUE('Tier',$,IFCLABEL('L300'),$);
#7495=IFCPROPERTYSINGLEVALUE('Builder',$,IFCLABEL('profile'),$);
#7496=IFCPROPERTYSINGLEVALUE('Discipline',$,IFCLABEL('structural'),$);
#7497=IFCPROPERTYSINGLEVALUE('GeometryStatus',$,IFCLABEL('parametric'),$);
#7498=IFCPROPERTYSET('0R7YVVQOr2oxcrWKUo1nZC',$,'MF_Quantities',$,(#7499,#7500,#7501,#7502,#7503));
#7499=IFCPROPERTYSINGLEVALUE('NominalWidth',$,IFCREAL(0.37337999999999999),$);
#7500=IFCPROPERTYSINGLEVALUE('NominalDepth',$,IFCREAL(0.18618199999999999),$);
#7501=IFCPROPERTYSINGLEVALUE('NominalHeight',$,IFCREAL(3.048),$);
#7502=IFCPROPERTYSINGLEVALUE('NominalFootprintArea',$,IFCREAL(0.069516999999999995),$);
#7503=IFCPROPERTYSINGLEVALUE('NominalVolume',$,IFCREAL(0.21188699999999999),$);
#7504=IFCMEMBERTYPE('25iTJjKyz2hfAMbudMuS9G',$,'WT Structural Tee - WT7X60',$,$,(#7521,#7525,#7536),(#7520),$,$,.NOTDEFINED.);
#7505=IFCCARTESIANPOINT((0.,0.));
#7506=IFCDIRECTION((1.,0.));
#7507=IFCAXIS2PLACEMENT2D(#7505,#7506);
#7508=IFCTSHAPEPROFILEDEF(.AREA.,'WT7X60',#7507,0.183896,0.37337999999999999,0.014985999999999999,0.023876000000000001,0.01524,$,$,$,$);
#7509=IFCCARTESIANPOINT((0.,0.,0.));
#7510=IFCDIRECTION((0.,0.,1.));
#7511=IFCDIRECTION((1.,0.,0.));
#7512=IFCAXIS2PLACEMENT3D(#7509,#7510,#7511);
#7513=IFCDIRECTION((0.,0.,1.));
#7514=IFCEXTRUDEDAREASOLID(#7508,#7512,#7513,3.048);
#7515=IFCSHAPEREPRESENTATION(#11,'Body','SweptSolid',(#7514));
#7516=IFCCARTESIANPOINT((0.,0.,0.));
#7517=IFCDIRECTION((1.,0.,0.));
#7518=IFCDIRECTION((0.,0.,1.));
#7519=IFCAXIS2PLACEMENT3D(#7516,#7518,#7517);
#7520=IFCREPRESENTATIONMAP(#7519,#7515);
#7521=IFCPROPERTYSET('2XHTETwYf7sQeTqd2hqUqu',$,'MF_Structural',$,(#7522,#7523,#7524));
#7522=IFCPROPERTYSINGLEVALUE('Section',$,IFCLABEL('WT7X60'),$);
#7523=IFCPROPERTYSINGLEVALUE('SectionFamily',$,IFCLABEL('WT'),$);
#7524=IFCPROPERTYSINGLEVALUE('SectionSource',$,IFCLABEL('AISC Shapes Database v15.0 (US)'),$);
#7525=IFCPROPERTYSET('1SLzzii2924uMqmv$ZC5iH',$,'MF_Library',$,(#7526,#7527,#7528,#7529,#7530,#7531,#7532,#7533,#7534,#7535));
#7526=IFCPROPERTYSINGLEVALUE('Key',$,IFCLABEL('steel_tee_wt'),$);
#7527=IFCPROPERTYSINGLEVALUE('Family',$,IFCLABEL('WT Structural Tee'),$);
#7528=IFCPROPERTYSINGLEVALUE('TypeName',$,IFCLABEL('WT7X60'),$);
#7529=IFCPROPERTYSINGLEVALUE('Version',$,IFCLABEL('0.1.0'),$);
#7530=IFCPROPERTYSINGLEVALUE('License',$,IFCLABEL('CC0-1.0'),$);
#7531=IFCPROPERTYSINGLEVALUE('Source',$,IFCLABEL('massing-families'),$);
#7532=IFCPROPERTYSINGLEVALUE('Tier',$,IFCLABEL('L300'),$);
#7533=IFCPROPERTYSINGLEVALUE('Builder',$,IFCLABEL('profile'),$);
#7534=IFCPROPERTYSINGLEVALUE('Discipline',$,IFCLABEL('structural'),$);
#7535=IFCPROPERTYSINGLEVALUE('GeometryStatus',$,IFCLABEL('parametric'),$);
#7536=IFCPROPERTYSET('2xMJt2e499TRC1WO6t8R9C',$,'MF_Quantities',$,(#7537,#7538,#7539,#7540,#7541));
#7537=IFCPROPERTYSINGLEVALUE('NominalWidth',$,IFCREAL(0.37337999999999999),$);
#7538=IFCPROPERTYSINGLEVALUE('NominalDepth',$,IFCREAL(0.183896),$);
#7539=IFCPROPERTYSINGLEVALUE('NominalHeight',$,IFCREAL(3.048),$);
#7540=IFCPROPERTYSINGLEVALUE('NominalFootprintArea',$,IFCREAL(0.068663000000000002),$);
#7541=IFCPROPERTYSINGLEVALUE('NominalVolume',$,IFCREAL(0.209285),$);
#7542=IFCMEMBERTYPE('2g$vxlT0zArAn1VIBo_Pep',$,'WT Structural Tee - WT7X54.5',$,$,(#7559,#7563,#7574),(#7558),$,$,.NOTDEFINED.);
#7543=IFCCARTESIANPOINT((0.,0.));
#7544=IFCDIRECTION((1.,0.));
#7545=IFCAXIS2PLACEMENT2D(#7543,#7544);
#7546=IFCTSHAPEPROFILEDEF(.AREA.,'WT7X54.5',#7545,0.181864,0.37084,0.013335,0.021843999999999999,0.01524,$,$,$,$);
#7547=IFCCARTESIANPOINT((0.,0.,0.));
#7548=IFCDIRECTION((0.,0.,1.));
#7549=IFCDIRECTION((1.,0.,0.));
#7550=IFCAXIS2PLACEMENT3D(#7547,#7548,#7549);
#7551=IFCDIRECTION((0.,0.,1.));
#7552=IFCEXTRUDEDAREASOLID(#7546,#7550,#7551,3.048);
#7553=IFCSHAPEREPRESENTATION(#11,'Body','SweptSolid',(#7552));
#7554=IFCCARTESIANPOINT((0.,0.,0.));
#7555=IFCDIRECTION((1.,0.,0.));
#7556=IFCDIRECTION((0.,0.,1.));
#7557=IFCAXIS2PLACEMENT3D(#7554,#7556,#7555);
#7558=IFCREPRESENTATIONMAP(#7557,#7553);
#7559=IFCPROPERTYSET('0WvrlgRyb1rgVdQ$VDBAxE',$,'MF_Structural',$,(#7560,#7561,#7562));
#7560=IFCPROPERTYSINGLEVALUE('Section',$,IFCLABEL('WT7X54.5'),$);
#7561=IFCPROPERTYSINGLEVALUE('SectionFamily',$,IFCLABEL('WT'),$);
#7562=IFCPROPERTYSINGLEVALUE('SectionSource',$,IFCLABEL('AISC Shapes Database v15.0 (US)'),$);
#7563=IFCPROPERTYSET('0R12vkS9r7_xUnGZRq0mqr',$,'MF_Library',$,(#7564,#7565,#7566,#7567,#7568,#7569,#7570,#7571,#7572,#7573));
#7564=IFCPROPERTYSINGLEVALUE('Key',$,IFCLABEL('steel_tee_wt'),$);
#7565=IFCPROPERTYSINGLEVALUE('Family',$,IFCLABEL('WT Structural Tee'),$);
#7566=IFCPROPERTYSINGLEVALUE('TypeName',$,IFCLABEL('WT7X54.5'),$);
#7567=IFCPROPERTYSINGLEVALUE('Version',$,IFCLABEL('0.1.0'),$);
#7568=IFCPROPERTYSINGLEVALUE('License',$,IFCLABEL('CC0-1.0'),$);
#7569=IFCPROPERTYSINGLEVALUE('Source',$,IFCLABEL('massing-families'),$);
#7570=IFCPROPERTYSINGLEVALUE('Tier',$,IFCLABEL('L300'),$);
#7571=IFCPROPERTYSINGLEVALUE('Builder',$,IFCLABEL('profile'),$);
#7572=IFCPROPERTYSINGLEVALUE('Discipline',$,IFCLABEL('structural'),$);
#7573=IFCPROPERTYSINGLEVALUE('GeometryStatus',$,IFCLABEL('parametric'),$);
#7574=IFCPROPERTYSET('0AvHX8c9j7zO6drmpUHJCH',$,'MF_Quantities',$,(#7575,#7576,#7577,#7578,#7579));
#7575=IFCPROPERTYSINGLEVALUE('NominalWidth',$,IFCREAL(0.37084),$);
#7576=IFCPROPERTYSINGLEVALUE('NominalDepth',$,IFCREAL(0.181864),$);
#7577=IFCPROPERTYSINGLEVALUE('NominalHeight',$,IFCREAL(3.048),$);
#7578=IFCPROPERTYSINGLEVALUE('NominalFootprintArea',$,IFCREAL(0.067442000000000002),$);
#7579=IFCPROPERTYSINGLEVALUE('NominalVolume',$,IFCREAL(0.205565),$);
#7580=IFCMEMBERTYPE('1ryVbTAl9DhfZByWw7zew_',$,'WT Structural Tee - WT7X49.5',$,$,(#7597,#7601,#7612),(#7596),$,$,.NOTDEFINED.);
#7581=IFCCARTESIANPOINT((0.,0.));
#7582=IFCDIRECTION((1.,0.));
#7583=IFCAXIS2PLACEMENT2D(#7581,#7582);
#7584=IFCTSHAPEPROFILEDEF(.AREA.,'WT7X49.5',#7583,0.17983199999999999,0.37084,0.012319,0.019812,0.01524,$,$,$,$);
#7585=IFCCARTESIANPOINT((0.,0.,0.));
#7586=IFCDIRECTION((0.,0.,1.));
#7587=IFCDIRECTION((1.,0.,0.));
#7588=IFCAXIS2PLACEMENT3D(#7585,#7586,#7587);
#7589=IFCDIRECTION((0.,0.,1.));
#7590=IFCEXTRUDEDAREASOLID(#7584,#7588,#7589,3.048);
#7591=IFCSHAPEREPRESENTATION(#11,'Body','SweptSolid',(#7590));
#7592=IFCCARTESIANPOINT((0.,0.,0.));
#7593=IFCDIRECTION((1.,0.,0.));
#7594=IFCDIRECTION((0.,0.,1.));
#7595=IFCAXIS2PLACEMENT3D(#7592,#7594,#7593);
#7596=IFCREPRESENTATIONMAP(#7595,#7591);
#7597=IFCPROPERTYSET('10GLUH6VPDKfdR5_nEIUAN',$,'MF_Structural',$,(#7598,#7599,#7600));
#7598=IFCPROPERTYSINGLEVALUE('Section',$,IFCLABEL('WT7X49.5'),$);
#7599=IFCPROPERTYSINGLEVALUE('SectionFamily',$,IFCLABEL('WT'),$);
#7600=IFCPROPERTYSINGLEVALUE('SectionSource',$,IFCLABEL('AISC Shapes Database v15.0 (US)'),$);
#7601=IFCPROPERTYSET('06QVr2ZFzECOgJjVwh$VPH',$,'MF_Library',$,(#7602,#7603,#7604,#7605,#7606,#7607,#7608,#7609,#7610,#7611));
#7602=IFCPROPERTYSINGLEVALUE('Key',$,IFCLABEL('steel_tee_wt'),$);
#7603=IFCPROPERTYSINGLEVALUE('Family',$,IFCLABEL('WT Structural Tee'),$);
#7604=IFCPROPERTYSINGLEVALUE('TypeName',$,IFCLABEL('WT7X49.5'),$);
#7605=IFCPROPERTYSINGLEVALUE('Version',$,IFCLABEL('0.1.0'),$);
#7606=IFCPROPERTYSINGLEVALUE('License',$,IFCLABEL('CC0-1.0'),$);
#7607=IFCPROPERTYSINGLEVALUE('Source',$,IFCLABEL('massing-families'),$);
#7608=IFCPROPERTYSINGLEVALUE('Tier',$,IFCLABEL('L300'),$);
#7609=IFCPROPERTYSINGLEVALUE('Builder',$,IFCLABEL('profile'),$);
#7610=IFCPROPERTYSINGLEVALUE('Discipline',$,IFCLABEL('structural'),$);
#7611=IFCPROPERTYSINGLEVALUE('GeometryStatus',$,IFCLABEL('parametric'),$);
#7612=IFCPROPERTYSET('26iouDMC5C8wuKEukluuXm',$,'MF_Quantities',$,(#7613,#7614,#7615,#7616,#7617));
#7613=IFCPROPERTYSINGLEVALUE('NominalWidth',$,IFCREAL(0.37084),$);
#7614=IFCPROPERTYSINGLEVALUE('NominalDepth',$,IFCREAL(0.17983199999999999),$);
#7615=IFCPROPERTYSINGLEVALUE('NominalHeight',$,IFCREAL(3.048),$);
#7616=IFCPROPERTYSINGLEVALUE('NominalFootprintArea',$,IFCREAL(0.066688999999999998),$);
#7617=IFCPROPERTYSINGLEVALUE('NominalVolume',$,IFCREAL(0.203268),$);
#7618=IFCMEMBERTYPE('3lmzxv8FL3V8BDQdtuazPb',$,'WT Structural Tee - WT7X45',$,$,(#7635,#7639,#7650),(#7634),$,$,.NOTDEFINED.);
#7619=IFCCARTESIANPOINT((0.,0.));
#7620=IFCDIRECTION((1.,0.));
#7621=IFCAXIS2PLACEMENT2D(#7619,#7620);
#7622=IFCTSHAPEPROFILEDEF(.AREA.,'WT7X45',#7621,0.17805399999999999,0.36830000000000002,0.011176,0.018034000000000001,0.01524,$,$,$,$);
#7623=IFCCARTESIANPOINT((0.,0.,0.));
#7624=IFCDIRECTION((0.,0.,1.));
#7625=IFCDIRECTION((1.,0.,0.));
#7626=IFCAXIS2PLACEMENT3D(#7623,#7624,#7625);
#7627=IFCDIRECTION((0.,0.,1.));
#7628=IFCEXTRUDEDAREASOLID(#7622,#7626,#7627,3.048);
#7629=IFCSHAPEREPRESENTATION(#11,'Body','SweptSolid',(#7628));
#7630=IFCCARTESIANPOINT((0.,0.,0.));
#7631=IFCDIRECTION((1.,0.,0.));
#7632=IFCDIRECTION((0.,0.,1.));
#7633=IFCAXIS2PLACEMENT3D(#7630,#7632,#7631);
#7634=IFCREPRESENTATIONMAP(#7633,#7629);
#7635=IFCPROPERTYSET('0XYMDgCZn4DPErAh6JLPWK',$,'MF_Structural',$,(#7636,#7637,#7638));
#7636=IFCPROPERTYSINGLEVALUE('Section',$,IFCLABEL('WT7X45'),$);
#7637=IFCPROPERTYSINGLEVALUE('SectionFamily',$,IFCLABEL('WT'),$);
#7638=IFCPROPERTYSINGLEVALUE('SectionSource',$,IFCLABEL('AISC Shapes Database v15.0 (US)'),$);
#7639=IFCPROPERTYSET('0Z3o8O18568h_CLMr3A7bf',$,'MF_Library',$,(#7640,#7641,#7642,#7643,#7644,#7645,#7646,#7647,#7648,#7649));
#7640=IFCPROPERTYSINGLEVALUE('Key',$,IFCLABEL('steel_tee_wt'),$);
#7641=IFCPROPERTYSINGLEVALUE('Family',$,IFCLABEL('WT Structural Tee'),$);
#7642=IFCPROPERTYSINGLEVALUE('TypeName',$,IFCLABEL('WT7X45'),$);
#7643=IFCPROPERTYSINGLEVALUE('Version',$,IFCLABEL('0.1.0'),$);
#7644=IFCPROPERTYSINGLEVALUE('License',$,IFCLABEL('CC0-1.0'),$);
#7645=IFCPROPERTYSINGLEVALUE('Source',$,IFCLABEL('massing-families'),$);
#7646=IFCPROPERTYSINGLEVALUE('Tier',$,IFCLABEL('L300'),$);
#7647=IFCPROPERTYSINGLEVALUE('Builder',$,IFCLABEL('profile'),$);
#7648=IFCPROPERTYSINGLEVALUE('Discipline',$,IFCLABEL('structural'),$);
#7649=IFCPROPERTYSINGLEVALUE('GeometryStatus',$,IFCLABEL('parametric'),$);
#7650=IFCPROPERTYSET('13_uCEI9DELf9YXLqdqi2C',$,'MF_Quantities',$,(#7651,#7652,#7653,#7654,#7655));
#7651=IFCPROPERTYSINGLEVALUE('NominalWidth',$,IFCREAL(0.36830000000000002),$);
#7652=IFCPROPERTYSINGLEVALUE('NominalDepth',$,IFCREAL(0.17805399999999999),$);
#7653=IFCPROPERTYSINGLEVALUE('NominalHeight',$,IFCREAL(3.048),$);
#7654=IFCPROPERTYSINGLEVALUE('NominalFootprintArea',$,IFCREAL(0.065576999999999996),$);
#7655=IFCPROPERTYSINGLEVALUE('NominalVolume',$,IFCREAL(0.19988),$);
#7656=IFCMEMBERTYPE('2m6oOiyfPFqAEJdDZOEUUF',$,'WT Structural Tee - WT7X41',$,$,(#7673,#7677,#7688),(#7672),$,$,.NOTDEFINED.);
#7657=IFCCARTESIANPOINT((0.,0.));
#7658=IFCDIRECTION((1.,0.));
#7659=IFCAXIS2PLACEMENT2D(#7657,#7658);
#7660=IFCTSHAPEPROFILEDEF(.AREA.,'WT7X41',#7659,0.181864,0.25653999999999999,0.012954,0.021717,0.015113,$,$,$,$);
#7661=IFCCARTESIANPOINT((0.,0.,0.));
#7662=IFCDIRECTION((0.,0.,1.));
#7663=IFCDIRECTION((1.,0.,0.));
#7664=IFCAXIS2PLACEMENT3D(#7661,#7662,#7663);
#7665=IFCDIRECTION((0.,0.,1.));
#7666=IFCEXTRUDEDAREASOLID(#7660,#7664,#7665,3.048);
#7667=IFCSHAPEREPRESENTATION(#11,'Body','SweptSolid',(#7666));
#7668=IFCCARTESIANPOINT((0.,0.,0.));
#7669=IFCDIRECTION((1.,0.,0.));
#7670=IFCDIRECTION((0.,0.,1.));
#7671=IFCAXIS2PLACEMENT3D(#7668,#7670,#7669);
#7672=IFCREPRESENTATIONMAP(#7671,#7667);
#7673=IFCPROPERTYSET('0PCETty453Bgok7_56nDl3',$,'MF_Structural',$,(#7674,#7675,#7676));
#7674=IFCPROPERTYSINGLEVALUE('Section',$,IFCLABEL('WT7X41'),$);
#7675=IFCPROPERTYSINGLEVALUE('SectionFamily',$,IFCLABEL('WT'),$);
#7676=IFCPROPERTYSINGLEVALUE('SectionSource',$,IFCLABEL('AISC Shapes Database v15.0 (US)'),$);
#7677=IFCPROPERTYSET('22RuyQ9i18efgKt8Mj70iK',$,'MF_Library',$,(#7678,#7679,#7680,#7681,#7682,#7683,#7684,#7685,#7686,#7687));
#7678=IFCPROPERTYSINGLEVALUE('Key',$,IFCLABEL('steel_tee_wt'),$);
#7679=IFCPROPERTYSINGLEVALUE('Family',$,IFCLABEL('WT Structural Tee'),$);
#7680=IFCPROPERTYSINGLEVALUE('TypeName',$,IFCLABEL('WT7X41'),$);
#7681=IFCPROPERTYSINGLEVALUE('Version',$,IFCLABEL('0.1.0'),$);
#7682=IFCPROPERTYSINGLEVALUE('License',$,IFCLABEL('CC0-1.0'),$);
#7683=IFCPROPERTYSINGLEVALUE('Source',$,IFCLABEL('massing-families'),$);
#7684=IFCPROPERTYSINGLEVALUE('Tier',$,IFCLABEL('L300'),$);
#7685=IFCPROPERTYSINGLEVALUE('Builder',$,IFCLABEL('profile'),$);
#7686=IFCPROPERTYSINGLEVALUE('Discipline',$,IFCLABEL('structural'),$);
#7687=IFCPROPERTYSINGLEVALUE('GeometryStatus',$,IFCLABEL('parametric'),$);
#7688=IFCPROPERTYSET('3F_MlwE$vFvhbj4soyZBql',$,'MF_Quantities',$,(#7689,#7690,#7691,#7692,#7693));
#7689=IFCPROPERTYSINGLEVALUE('NominalWidth',$,IFCREAL(0.25653999999999999),$);
#7690=IFCPROPERTYSINGLEVALUE('NominalDepth',$,IFCREAL(0.181864),$);
#7691=IFCPROPERTYSINGLEVALUE('NominalHeight',$,IFCREAL(3.048),$);
#7692=IFCPROPERTYSINGLEVALUE('NominalFootprintArea',$,IFCREAL(0.046655000000000002),$);
#7693=IFCPROPERTYSINGLEVALUE('NominalVolume',$,IFCREAL(0.142206),$);
#7694=IFCMEMBERTYPE('1J9UQtxcbFgRf8xbvYFGyl',$,'WT Structural Tee - WT7X37',$,$,(#7711,#7715,#7726),(#7710),$,$,.NOTDEFINED.);
#7695=IFCCARTESIANPOINT((0.,0.));
#7696=IFCDIRECTION((1.,0.));
#7697=IFCAXIS2PLACEMENT2D(#7695,#7696);
#7698=IFCTSHAPEPROFILEDEF(.AREA.,'WT7X37',#7697,0.180086,0.25653999999999999,0.011429999999999999,0.019938999999999998,0.015113,$,$,$,$);
#7699=IFCCARTESIANPOINT((0.,0.,0.));
#7700=IFCDIRECTION((0.,0.,1.));
#7701=IFCDIRECTION((1.,0.,0.));
#7702=IFCAXIS2PLACEMENT3D(#7699,#7700,#7701);
#7703=IFCDIRECTION((0.,0.,1.));
#7704=IFCEXTRUDEDAREASOLID(#7698,#7702,#7703,3.048);
#7705=IFCSHAPEREPRESENTATION(#11,'Body','SweptSolid',(#7704));
#7706=IFCCARTESIANPOINT((0.,0.,0.));
#7707=IFCDIRECTION((1.,0.,0.));
#7708=IFCDIRECTION((0.,0.,1.));
#7709=IFCAXIS2PLACEMENT3D(#7706,#7708,#7707);
#7710=IFCREPRESENTATIONMAP(#7709,#7705);
#7711=IFCPROPERTYSET('0Kvcw$78zAVBjsx89q9r9F',$,'MF_Structural',$,(#7712,#7713,#7714));
#7712=IFCPROPERTYSINGLEVALUE('Section',$,IFCLABEL('WT7X37'),$);
#7713=IFCPROPERTYSINGLEVALUE('SectionFamily',$,IFCLABEL('WT'),$);
#7714=IFCPROPERTYSINGLEVALUE('SectionSource',$,IFCLABEL('AISC Shapes Database v15.0 (US)'),$);
#7715=IFCPROPERTYSET('184BQam392ERJtRxQlhgbG',$,'MF_Library',$,(#7716,#7717,#7718,#7719,#7720,#7721,#7722,#7723,#7724,#7725));
#7716=IFCPROPERTYSINGLEVALUE('Key',$,IFCLABEL('steel_tee_wt'),$);
#7717=IFCPROPERTYSINGLEVALUE('Family',$,IFCLABEL('WT Structural Tee'),$);
#7718=IFCPROPERTYSINGLEVALUE('TypeName',$,IFCLABEL('WT7X37'),$);
#7719=IFCPROPERTYSINGLEVALUE('Version',$,IFCLABEL('0.1.0'),$);
#7720=IFCPROPERTYSINGLEVALUE('License',$,IFCLABEL('CC0-1.0'),$);
#7721=IFCPROPERTYSINGLEVALUE('Source',$,IFCLABEL('massing-families'),$);
#7722=IFCPROPERTYSINGLEVALUE('Tier',$,IFCLABEL('L300'),$);
#7723=IFCPROPERTYSINGLEVALUE('Builder',$,IFCLABEL('profile'),$);
#7724=IFCPROPERTYSINGLEVALUE('Discipline',$,IFCLABEL('structural'),$);
#7725=IFCPROPERTYSINGLEVALUE('GeometryStatus',$,IFCLABEL('parametric'),$);
#7726=IFCPROPERTYSET('3OdYDZ$hTDsgkuRT_6i2ie',$,'MF_Quantities',$,(#7727,#7728,#7729,#7730,#7731));
#7727=IFCPROPERTYSINGLEVALUE('NominalWidth',$,IFCREAL(0.25653999999999999),$);
#7728=IFCPROPERTYSINGLEVALUE('NominalDepth',$,IFCREAL(0.180086),$);
#7729=IFCPROPERTYSINGLEVALUE('NominalHeight',$,IFCREAL(3.048),$);
#7730=IFCPROPERTYSINGLEVALUE('NominalFootprintArea',$,IFCREAL(0.046198999999999997),$);
#7731=IFCPROPERTYSINGLEVALUE('NominalVolume',$,IFCREAL(0.140815),$);
#7732=IFCMEMBERTYPE('1PuZ229QL2H85SOxhj8AaI',$,'WT Structural Tee - WT7X34',$,$,(#7749,#7753,#7764),(#7748),$,$,.NOTDEFINED.);
#7733=IFCCARTESIANPOINT((0.,0.));
#7734=IFCDIRECTION((1.,0.));
#7735=IFCAXIS2PLACEMENT2D(#7733,#7734);
#7736=IFCTSHAPEPROFILEDEF(.AREA.,'WT7X34',#7735,0.17830799999999999,0.254,0.010541,0.018287999999999999,0.014985999999999999,$,$,$,$);
#7737=IFCCARTESIANPOINT((0.,0.,0.));
#7738=IFCDIRECTION((0.,0.,1.));
#7739=IFCDIRECTION((1.,0.,0.));
#7740=IFCAXIS2PLACEMENT3D(#7737,#7738,#7739);
#7741=IFCDIRECTION((0.,0.,1.));
#7742=IFCEXTRUDEDAREASOLID(#7736,#7740,#7741,3.048);
#7743=IFCSHAPEREPRESENTATION(#11,'Body','SweptSolid',(#7742));
#7744=IFCCARTESIANPOINT((0.,0.,0.));
#7745=IFCDIRECTION((1.,0.,0.));
#7746=IFCDIRECTION((0.,0.,1.));
#7747=IFCAXIS2PLACEMENT3D(#7744,#7746,#7745);
#7748=IFCREPRESENTATIONMAP(#7747,#7743);
#7749=IFCPROPERTYSET('28G6TL9e55oe3jl6Dp5cjD',$,'MF_Structural',$,(#7750,#7751,#7752));
#7750=IFCPROPERTYSINGLEVALUE('Section',$,IFCLABEL('WT7X34'),$);
#7751=IFCPROPERTYSINGLEVALUE('SectionFamily',$,IFCLABEL('WT'),$);
#7752=IFCPROPERTYSINGLEVALUE('SectionSource',$,IFCLABEL('AISC Shapes Database v15.0 (US)'),$);
#7753=IFCPROPERTYSET('1Ls5Kifyv5wB2od5d2ql_P',$,'MF_Library',$,(#7754,#7755,#7756,#7757,#7758,#7759,#7760,#7761,#7762,#7763));
#7754=IFCPROPERTYSINGLEVALUE('Key',$,IFCLABEL('steel_tee_wt'),$);
#7755=IFCPROPERTYSINGLEVALUE('Family',$,IFCLABEL('WT Structural Tee'),$);
#7756=IFCPROPERTYSINGLEVALUE('TypeName',$,IFCLABEL('WT7X34'),$);
#7757=IFCPROPERTYSINGLEVALUE('Version',$,IFCLABEL('0.1.0'),$);
#7758=IFCPROPERTYSINGLEVALUE('License',$,IFCLABEL('CC0-1.0'),$);
#7759=IFCPROPERTYSINGLEVALUE('Source',$,IFCLABEL('massing-families'),$);
#7760=IFCPROPERTYSINGLEVALUE('Tier',$,IFCLABEL('L300'),$);
#7761=IFCPROPERTYSINGLEVALUE('Builder',$,IFCLABEL('profile'),$);
#7762=IFCPROPERTYSINGLEVALUE('Discipline',$,IFCLABEL('structural'),$);
#7763=IFCPROPERTYSINGLEVALUE('GeometryStatus',$,IFCLABEL('parametric'),$);
#7764=IFCPROPERTYSET('34D5URRiv9Vu07TbsRVMPU',$,'MF_Quantities',$,(#7765,#7766,#7767,#7768,#7769));
#7765=IFCPROPERTYSINGLEVALUE('NominalWidth',$,IFCREAL(0.254),$);
#7766=IFCPROPERTYSINGLEVALUE('NominalDepth',$,IFCREAL(0.17830799999999999),$);
#7767=IFCPROPERTYSINGLEVALUE('NominalHeight',$,IFCREAL(3.048),$);
#7768=IFCPROPERTYSINGLEVALUE('NominalFootprintArea',$,IFCREAL(0.045289999999999997),$);
#7769=IFCPROPERTYSINGLEVALUE('NominalVolume',$,IFCREAL(0.138045),$);
#7770=IFCMEMBERTYPE('1VEGS$tZv36e6vHZIXcDMV',$,'WT Structural Tee - WT7X30.5',$,$,(#7787,#7791,#7802),(#7786),$,$,.NOTDEFINED.);
#7771=IFCCARTESIANPOINT((0.,0.));
#7772=IFCDIRECTION((1.,0.));
#7773=IFCAXIS2PLACEMENT2D(#7771,#7772);
#7774=IFCTSHAPEPROFILEDEF(.AREA.,'WT7X30.5',#7773,0.17652999999999999,0.254,0.0095250000000000005,0.016383000000000002,0.015113,$,$,$,$);
#7775=IFCCARTESIANPOINT((0.,0.,0.));
#7776=IFCDIRECTION((0.,0.,1.));
#7777=IFCDIRECTION((1.,0.,0.));
#7778=IFCAXIS2PLACEMENT3D(#7775,#7776,#7777);
#7779=IFCDIRECTION((0.,0.,1.));
#7780=IFCEXTRUDEDAREASOLID(#7774,#7778,#7779,3.048);
#7781=IFCSHAPEREPRESENTATION(#11,'Body','SweptSolid',(#7780));
#7782=IFCCARTESIANPOINT((0.,0.,0.));
#7783=IFCDIRECTION((1.,0.,0.));
#7784=IFCDIRECTION((0.,0.,1.));
#7785=IFCAXIS2PLACEMENT3D(#7782,#7784,#7783);
#7786=IFCREPRESENTATIONMAP(#7785,#7781);
#7787=IFCPROPERTYSET('0rDCTvBin7iuIXgQcVTUzd',$,'MF_Structural',$,(#7788,#7789,#7790));
#7788=IFCPROPERTYSINGLEVALUE('Section',$,IFCLABEL('WT7X30.5'),$);
#7789=IFCPROPERTYSINGLEVALUE('SectionFamily',$,IFCLABEL('WT'),$);
#7790=IFCPROPERTYSINGLEVALUE('SectionSource',$,IFCLABEL('AISC Shapes Database v15.0 (US)'),$);
#7791=IFCPROPERTYSET('2R99mP4P935xWjpiuwwGo5',$,'MF_Library',$,(#7792,#7793,#7794,#7795,#7796,#7797,#7798,#7799,#7800,#7801));
#7792=IFCPROPERTYSINGLEVALUE('Key',$,IFCLABEL('steel_tee_wt'),$);
#7793=IFCPROPERTYSINGLEVALUE('Family',$,IFCLABEL('WT Structural Tee'),$);
#7794=IFCPROPERTYSINGLEVALUE('TypeName',$,IFCLABEL('WT7X30.5'),$);
#7795=IFCPROPERTYSINGLEVALUE('Version',$,IFCLABEL('0.1.0'),$);
#7796=IFCPROPERTYSINGLEVALUE('License',$,IFCLABEL('CC0-1.0'),$);
#7797=IFCPROPERTYSINGLEVALUE('Source',$,IFCLABEL('massing-families'),$);
#7798=IFCPROPERTYSINGLEVALUE('Tier',$,IFCLABEL('L300'),$);
#7799=IFCPROPERTYSINGLEVALUE('Builder',$,IFCLABEL('profile'),$);
#7800=IFCPROPERTYSINGLEVALUE('Discipline',$,IFCLABEL('structural'),$);
#7801=IFCPROPERTYSINGLEVALUE('GeometryStatus',$,IFCLABEL('parametric'),$);
#7802=IFCPROPERTYSET('3wezFMdaD7Vxp07_806FBW',$,'MF_Quantities',$,(#7803,#7804,#7805,#7806,#7807));
#7803=IFCPROPERTYSINGLEVALUE('NominalWidth',$,IFCREAL(0.254),$);
#7804=IFCPROPERTYSINGLEVALUE('NominalDepth',$,IFCREAL(0.17652999999999999),$);
#7805=IFCPROPERTYSINGLEVALUE('NominalHeight',$,IFCREAL(3.048),$);
#7806=IFCPROPERTYSINGLEVALUE('NominalFootprintArea',$,IFCREAL(0.044838999999999997),$);
#7807=IFCPROPERTYSINGLEVALUE('NominalVolume',$,IFCREAL(0.13666800000000001),$);
#7808=IFCMEMBERTYPE('0$V6ZPzQ56rhKvT4kYqVlM',$,'WT Structural Tee - WT7X26.5',$,$,(#7825,#7829,#7840),(#7824),$,$,.NOTDEFINED.);
#7809=IFCCARTESIANPOINT((0.,0.));
#7810=IFCDIRECTION((1.,0.));
#7811=IFCAXIS2PLACEMENT2D(#7809,#7810);
#7812=IFCTSHAPEPROFILEDEF(.AREA.,'WT7X26.5',#7811,0.176784,0.20472399999999999,0.0093980000000000001,0.016764000000000001,0.014985999999999999,$,$,$,$);
#7813=IFCCARTESIANPOINT((0.,0.,0.));
#7814=IFCDIRECTION((0.,0.,1.));
#7815=IFCDIRECTION((1.,0.,0.));
#7816=IFCAXIS2PLACEMENT3D(#7813,#7814,#7815);
#7817=IFCDIRECTION((0.,0.,1.));
#7818=IFCEXTRUDEDAREASOLID(#7812,#7816,#7817,3.048);
#7819=IFCSHAPEREPRESENTATION(#11,'Body','SweptSolid',(#7818));
#7820=IFCCARTESIANPOINT((0.,0.,0.));
#7821=IFCDIRECTION((1.,0.,0.));
#7822=IFCDIRECTION((0.,0.,1.));
#7823=IFCAXIS2PLACEMENT3D(#7820,#7822,#7821);
#7824=IFCREPRESENTATIONMAP(#7823,#7819);
#7825=IFCPROPERTYSET('0L7po4qNDBR9Q$YFqExDcl',$,'MF_Structural',$,(#7826,#7827,#7828));
#7826=IFCPROPERTYSINGLEVALUE('Section',$,IFCLABEL('WT7X26.5'),$);
#7827=IFCPROPERTYSINGLEVALUE('SectionFamily',$,IFCLABEL('WT'),$);
#7828=IFCPROPERTYSINGLEVALUE('SectionSource',$,IFCLABEL('AISC Shapes Database v15.0 (US)'),$);
#7829=IFCPROPERTYSET('0TuyXT$wLD7O6tWyQcokT3',$,'MF_Library',$,(#7830,#7831,#7832,#7833,#7834,#7835,#7836,#7837,#7838,#7839));
#7830=IFCPROPERTYSINGLEVALUE('Key',$,IFCLABEL('steel_tee_wt'),$);
#7831=IFCPROPERTYSINGLEVALUE('Family',$,IFCLABEL('WT Structural Tee'),$);
#7832=IFCPROPERTYSINGLEVALUE('TypeName',$,IFCLABEL('WT7X26.5'),$);
#7833=IFCPROPERTYSINGLEVALUE('Version',$,IFCLABEL('0.1.0'),$);
#7834=IFCPROPERTYSINGLEVALUE('License',$,IFCLABEL('CC0-1.0'),$);
#7835=IFCPROPERTYSINGLEVALUE('Source',$,IFCLABEL('massing-families'),$);
#7836=IFCPROPERTYSINGLEVALUE('Tier',$,IFCLABEL('L300'),$);
#7837=IFCPROPERTYSINGLEVALUE('Builder',$,IFCLABEL('profile'),$);
#7838=IFCPROPERTYSINGLEVALUE('Discipline',$,IFCLABEL('structural'),$);
#7839=IFCPROPERTYSINGLEVALUE('GeometryStatus',$,IFCLABEL('parametric'),$);
#7840=IFCPROPERTYSET('0izY_K1hTDvgoq7kRJqQpF',$,'MF_Quantities',$,(#7841,#7842,#7843,#7844,#7845));
#7841=IFCPROPERTYSINGLEVALUE('NominalWidth',$,IFCREAL(0.20472399999999999),$);
#7842=IFCPROPERTYSINGLEVALUE('NominalDepth',$,IFCREAL(0.176784),$);
#7843=IFCPROPERTYSINGLEVALUE('NominalHeight',$,IFCREAL(3.048),$);
#7844=IFCPROPERTYSINGLEVALUE('NominalFootprintArea',$,IFCREAL(0.036192000000000002),$);
#7845=IFCPROPERTYSINGLEVALUE('NominalVolume',$,IFCREAL(0.11031299999999999),$);
#7846=IFCMEMBERTYPE('1$92sVGjX2FRuG9rK$nvDk',$,'WT Structural Tee - WT7X24',$,$,(#7863,#7867,#7878),(#7862),$,$,.NOTDEFINED.);
#7847=IFCCARTESIANPOINT((0.,0.));
#7848=IFCDIRECTION((1.,0.));
#7849=IFCAXIS2PLACEMENT2D(#7847,#7848);
#7850=IFCTSHAPEPROFILEDEF(.AREA.,'WT7X24',#7849,0.17526,0.203962,0.0086359999999999996,0.015113,0.015113,$,$,$,$);
#7851=IFCCARTESIANPOINT((0.,0.,0.));
#7852=IFCDIRECTION((0.,0.,1.));
#7853=IFCDIRECTION((1.,0.,0.));
#7854=IFCAXIS2PLACEMENT3D(#7851,#7852,#7853);
#7855=IFCDIRECTION((0.,0.,1.));
#7856=IFCEXTRUDEDAREASOLID(#7850,#7854,#7855,3.048);
#7857=IFCSHAPEREPRESENTATION(#11,'Body','SweptSolid',(#7856));
#7858=IFCCARTESIANPOINT((0.,0.,0.));
#7859=IFCDIRECTION((1.,0.,0.));
#7860=IFCDIRECTION((0.,0.,1.));
#7861=IFCAXIS2PLACEMENT3D(#7858,#7860,#7859);
#7862=IFCREPRESENTATIONMAP(#7861,#7857);
#7863=IFCPROPERTYSET('2sdzBGTjzBiwOVEggCUjYg',$,'MF_Structural',$,(#7864,#7865,#7866));
#7864=IFCPROPERTYSINGLEVALUE('Section',$,IFCLABEL('WT7X24'),$);
#7865=IFCPROPERTYSINGLEVALUE('SectionFamily',$,IFCLABEL('WT'),$);
#7866=IFCPROPERTYSINGLEVALUE('SectionSource',$,IFCLABEL('AISC Shapes Database v15.0 (US)'),$);
#7867=IFCPROPERTYSET('1KiMs7euPEPRhewZQG5dFg',$,'MF_Library',$,(#7868,#7869,#7870,#7871,#7872,#7873,#7874,#7875,#7876,#7877));
#7868=IFCPROPERTYSINGLEVALUE('Key',$,IFCLABEL('steel_tee_wt'),$);
#7869=IFCPROPERTYSINGLEVALUE('Family',$,IFCLABEL('WT Structural Tee'),$);
#7870=IFCPROPERTYSINGLEVALUE('TypeName',$,IFCLABEL('WT7X24'),$);
#7871=IFCPROPERTYSINGLEVALUE('Version',$,IFCLABEL('0.1.0'),$);
#7872=IFCPROPERTYSINGLEVALUE('License',$,IFCLABEL('CC0-1.0'),$);
#7873=IFCPROPERTYSINGLEVALUE('Source',$,IFCLABEL('massing-families'),$);
#7874=IFCPROPERTYSINGLEVALUE('Tier',$,IFCLABEL('L300'),$);
#7875=IFCPROPERTYSINGLEVALUE('Builder',$,IFCLABEL('profile'),$);
#7876=IFCPROPERTYSINGLEVALUE('Discipline',$,IFCLABEL('structural'),$);
#7877=IFCPROPERTYSINGLEVALUE('GeometryStatus',$,IFCLABEL('parametric'),$);
#7878=IFCPROPERTYSET('20ujQ6oPj34B2VQZqFYJfC',$,'MF_Quantities',$,(#7879,#7880,#7881,#7882,#7883));
#7879=IFCPROPERTYSINGLEVALUE('NominalWidth',$,IFCREAL(0.203962),$);
#7880=IFCPROPERTYSINGLEVALUE('NominalDepth',$,IFCREAL(0.17526),$);
#7881=IFCPROPERTYSINGLEVALUE('NominalHeight',$,IFCREAL(3.048),$);
#7882=IFCPROPERTYSINGLEVALUE('NominalFootprintArea',$,IFCREAL(0.035746),$);
#7883=IFCPROPERTYSINGLEVALUE('NominalVolume',$,IFCREAL(0.108955),$);
#7884=IFCMEMBERTYPE('1R6hVU1wb5Dvh6xC_snEmg',$,'WT Structural Tee - WT7X21.5',$,$,(#7901,#7905,#7916),(#7900),$,$,.NOTDEFINED.);
#7885=IFCCARTESIANPOINT((0.,0.));
#7886=IFCDIRECTION((1.,0.));
#7887=IFCAXIS2PLACEMENT2D(#7885,#7886);
#7888=IFCTSHAPEPROFILEDEF(.AREA.,'WT7X21.5',#7887,0.173482,0.20319999999999999,0.0077470000000000004,0.013462,0.014985999999999999,$,$,$,$);
#7889=IFCCARTESIANPOINT((0.,0.,0.));
#7890=IFCDIRECTION((0.,0.,1.));
#7891=IFCDIRECTION((1.,0.,0.));
#7892=IFCAXIS2PLACEMENT3D(#7889,#7890,#7891);
#7893=IFCDIRECTION((0.,0.,1.));
#7894=IFCEXTRUDEDAREASOLID(#7888,#7892,#7893,3.048);
#7895=IFCSHAPEREPRESENTATION(#11,'Body','SweptSolid',(#7894));
#7896=IFCCARTESIANPOINT((0.,0.,0.));
#7897=IFCDIRECTION((1.,0.,0.));
#7898=IFCDIRECTION((0.,0.,1.));
#7899=IFCAXIS2PLACEMENT3D(#7896,#7898,#7897);
#7900=IFCREPRESENTATIONMAP(#7899,#7895);
#7901=IFCPROPERTYSET('3gnB2aNB16av47Ff2RzbwZ',$,'MF_Structural',$,(#7902,#7903,#7904));
#7902=IFCPROPERTYSINGLEVALUE('Section',$,IFCLABEL('WT7X21.5'),$);
#7903=IFCPROPERTYSINGLEVALUE('SectionFamily',$,IFCLABEL('WT'),$);
#7904=IFCPROPERTYSINGLEVALUE('SectionSource',$,IFCLABEL('AISC Shapes Database v15.0 (US)'),$);
#7905=IFCPROPERTYSET('1$k5KiSdrDn9wCvlA97veE',$,'MF_Library',$,(#7906,#7907,#7908,#7909,#7910,#7911,#7912,#7913,#7914,#7915));
#7906=IFCPROPERTYSINGLEVALUE('Key',$,IFCLABEL('steel_tee_wt'),$);
#7907=IFCPROPERTYSINGLEVALUE('Family',$,IFCLABEL('WT Structural Tee'),$);
#7908=IFCPROPERTYSINGLEVALUE('TypeName',$,IFCLABEL('WT7X21.5'),$);
#7909=IFCPROPERTYSINGLEVALUE('Version',$,IFCLABEL('0.1.0'),$);
#7910=IFCPROPERTYSINGLEVALUE('License',$,IFCLABEL('CC0-1.0'),$);
#7911=IFCPROPERTYSINGLEVALUE('Source',$,IFCLABEL('massing-families'),$);
#7912=IFCPROPERTYSINGLEVALUE('Tier',$,IFCLABEL('L300'),$);
#7913=IFCPROPERTYSINGLEVALUE('Builder',$,IFCLABEL('profile'),$);
#7914=IFCPROPERTYSINGLEVALUE('Discipline',$,IFCLABEL('structural'),$);
#7915=IFCPROPERTYSINGLEVALUE('GeometryStatus',$,IFCLABEL('parametric'),$);
#7916=IFCPROPERTYSET('1PlrrSN7LChRj3pJ9YpjGI',$,'MF_Quantities',$,(#7917,#7918,#7919,#7920,#7921));
#7917=IFCPROPERTYSINGLEVALUE('NominalWidth',$,IFCREAL(0.20319999999999999),$);
#7918=IFCPROPERTYSINGLEVALUE('NominalDepth',$,IFCREAL(0.173482),$);
#7919=IFCPROPERTYSINGLEVALUE('NominalHeight',$,IFCREAL(3.048),$);
#7920=IFCPROPERTYSINGLEVALUE('NominalFootprintArea',$,IFCREAL(0.035251999999999999),$);
#7921=IFCPROPERTYSINGLEVALUE('NominalVolume',$,IFCREAL(0.107447),$);
#7922=IFCMEMBERTYPE('1UTPGtTvTAkAWoGUqOOYV2',$,'WT Structural Tee - WT7X19',$,$,(#7939,#7943,#7954),(#7938),$,$,.NOTDEFINED.);
#7923=IFCCARTESIANPOINT((0.,0.));
#7924=IFCDIRECTION((1.,0.));
#7925=IFCAXIS2PLACEMENT2D(#7923,#7924);
#7926=IFCTSHAPEPROFILEDEF(.AREA.,'WT7X19',#7925,0.17907000000000001,0.171958,0.0078740000000000008,0.013081000000000001,0.010160000000000001,$,$,$,$);
#7927=IFCCARTESIANPOINT((0.,0.,0.));
#7928=IFCDIRECTION((0.,0.,1.));
#7929=IFCDIRECTION((1.,0.,0.));
#7930=IFCAXIS2PLACEMENT3D(#7927,#7928,#7929);
#7931=IFCDIRECTION((0.,0.,1.));
#7932=IFCEXTRUDEDAREASOLID(#7926,#7930,#7931,3.048);
#7933=IFCSHAPEREPRESENTATION(#11,'Body','SweptSolid',(#7932));
#7934=IFCCARTESIANPOINT((0.,0.,0.));
#7935=IFCDIRECTION((1.,0.,0.));
#7936=IFCDIRECTION((0.,0.,1.));
#7937=IFCAXIS2PLACEMENT3D(#7934,#7936,#7935);
#7938=IFCREPRESENTATIONMAP(#7937,#7933);
#7939=IFCPROPERTYSET('2_kYFhnwf3Pf1Z8mZtbjVw',$,'MF_Structural',$,(#7940,#7941,#7942));
#7940=IFCPROPERTYSINGLEVALUE('Section',$,IFCLABEL('WT7X19'),$);
#7941=IFCPROPERTYSINGLEVALUE('SectionFamily',$,IFCLABEL('WT'),$);
#7942=IFCPROPERTYSINGLEVALUE('SectionSource',$,IFCLABEL('AISC Shapes Database v15.0 (US)'),$);
#7943=IFCPROPERTYSET('286cfCWEf6RRZiGtrZabRK',$,'MF_Library',$,(#7944,#7945,#7946,#7947,#7948,#7949,#7950,#7951,#7952,#7953));
#7944=IFCPROPERTYSINGLEVALUE('Key',$,IFCLABEL('steel_tee_wt'),$);
#7945=IFCPROPERTYSINGLEVALUE('Family',$,IFCLABEL('WT Structural Tee'),$);
#7946=IFCPROPERTYSINGLEVALUE('TypeName',$,IFCLABEL('WT7X19'),$);
#7947=IFCPROPERTYSINGLEVALUE('Version',$,IFCLABEL('0.1.0'),$);
#7948=IFCPROPERTYSINGLEVALUE('License',$,IFCLABEL('CC0-1.0'),$);
#7949=IFCPROPERTYSINGLEVALUE('Source',$,IFCLABEL('massing-families'),$);
#7950=IFCPROPERTYSINGLEVALUE('Tier',$,IFCLABEL('L300'),$);
#7951=IFCPROPERTYSINGLEVALUE('Builder',$,IFCLABEL('profile'),$);
#7952=IFCPROPERTYSINGLEVALUE('Discipline',$,IFCLABEL('structural'),$);
#7953=IFCPROPERTYSINGLEVALUE('GeometryStatus',$,IFCLABEL('parametric'),$);
#7954=IFCPROPERTYSET('0xHEyl55DBpxpJI61ZeJBb',$,'MF_Quantities',$,(#7955,#7956,#7957,#7958,#7959));
#7955=IFCPROPERTYSINGLEVALUE('NominalWidth',$,IFCREAL(0.171958),$);
#7956=IFCPROPERTYSINGLEVALUE('NominalDepth',$,IFCREAL(0.17907000000000001),$);
#7957=IFCPROPERTYSINGLEVALUE('NominalHeight',$,IFCREAL(3.048),$);
#7958=IFCPROPERTYSINGLEVALUE('NominalFootprintArea',$,IFCREAL(0.030793000000000001),$);
#7959=IFCPROPERTYSINGLEVALUE('NominalVolume',$,IFCREAL(0.093855999999999995),$);
#7960=IFCMEMBERTYPE('2JsmXD4y1AO9ckYW1Skw1_',$,'WT Structural Tee - WT7X17',$,$,(#7977,#7981,#7992),(#7976),$,$,.NOTDEFINED.);
#7961=IFCCARTESIANPOINT((0.,0.));
#7962=IFCDIRECTION((1.,0.));
#7963=IFCAXIS2PLACEMENT2D(#7961,#7962);
#7964=IFCTSHAPEPROFILEDEF(.AREA.,'WT7X17',#7963,0.17754600000000001,0.17144999999999999,0.0072389999999999998,0.011557,0.010160000000000001,$,$,$,$);
#7965=IFCCARTESIANPOINT((0.,0.,0.));
#7966=IFCDIRECTION((0.,0.,1.));
#7967=IFCDIRECTION((1.,0.,0.));
#7968=IFCAXIS2PLACEMENT3D(#7965,#7966,#7967);
#7969=IFCDIRECTION((0.,0.,1.));
#7970=IFCEXTRUDEDAREASOLID(#7964,#7968,#7969,3.048);
#7971=IFCSHAPEREPRESENTATION(#11,'Body','SweptSolid',(#7970));
#7972=IFCCARTESIANPOINT((0.,0.,0.));
#7973=IFCDIRECTION((1.,0.,0.));
#7974=IFCDIRECTION((0.,0.,1.));
#7975=IFCAXIS2PLACEMENT3D(#7972,#7974,#7973);
#7976=IFCREPRESENTATIONMAP(#7975,#7971);
#7977=IFCPROPERTYSET('374iNuFUj9X9g_EUuONP3I',$,'MF_Structural',$,(#7978,#7979,#7980));
#7978=IFCPROPERTYSINGLEVALUE('Section',$,IFCLABEL('WT7X17'),$);
#7979=IFCPROPERTYSINGLEVALUE('SectionFamily',$,IFCLABEL('WT'),$);
#7980=IFCPROPERTYSINGLEVALUE('SectionSource',$,IFCLABEL('AISC Shapes Database v15.0 (US)'),$);
#7981=IFCPROPERTYSET('0VV6J0twP4beOwl$jmfu9r',$,'MF_Library',$,(#7982,#7983,#7984,#7985,#7986,#7987,#7988,#7989,#7990,#7991));
#7982=IFCPROPERTYSINGLEVALUE('Key',$,IFCLABEL('steel_tee_wt'),$);
#7983=IFCPROPERTYSINGLEVALUE('Family',$,IFCLABEL('WT Structural Tee'),$);
#7984=IFCPROPERTYSINGLEVALUE('TypeName',$,IFCLABEL('WT7X17'),$);
#7985=IFCPROPERTYSINGLEVALUE('Version',$,IFCLABEL('0.1.0'),$);
#7986=IFCPROPERTYSINGLEVALUE('License',$,IFCLABEL('CC0-1.0'),$);
#7987=IFCPROPERTYSINGLEVALUE('Source',$,IFCLABEL('massing-families'),$);
#7988=IFCPROPERTYSINGLEVALUE('Tier',$,IFCLABEL('L300'),$);
#7989=IFCPROPERTYSINGLEVALUE('Builder',$,IFCLABEL('profile'),$);
#7990=IFCPROPERTYSINGLEVALUE('Discipline',$,IFCLABEL('structural'),$);
#7991=IFCPROPERTYSINGLEVALUE('GeometryStatus',$,IFCLABEL('parametric'),$);
#7992=IFCPROPERTYSET('13pCwv1arEBut_u2ET9LtG',$,'MF_Quantities',$,(#7993,#7994,#7995,#7996,#7997));
#7993=IFCPROPERTYSINGLEVALUE('NominalWidth',$,IFCREAL(0.17144999999999999),$);
#7994=IFCPROPERTYSINGLEVALUE('NominalDepth',$,IFCREAL(0.17754600000000001),$);
#7995=IFCPROPERTYSINGLEVALUE('NominalHeight',$,IFCREAL(3.048),$);
#7996=IFCPROPERTYSINGLEVALUE('NominalFootprintArea',$,IFCREAL(0.030439999999999998),$);
#7997=IFCPROPERTYSINGLEVALUE('NominalVolume',$,IFCREAL(0.092782000000000003),$);
#7998=IFCMEMBERTYPE('0f5FZ9elrAUPgwXWmc33OO',$,'WT Structural Tee - WT7X15',$,$,(#8015,#8019,#8030),(#8014),$,$,.NOTDEFINED.);
#7999=IFCCARTESIANPOINT((0.,0.));
#8000=IFCDIRECTION((1.,0.));
#8001=IFCAXIS2PLACEMENT2D(#7999,#8000);
#8002=IFCTSHAPEPROFILEDEF(.AREA.,'WT7X15',#8001,0.17576800000000001,0.17094200000000001,0.0068580000000000004,0.0097789999999999995,0.010160000000000001,$,$,$,$);
#8003=IFCCARTESIANPOINT((0.,0.,0.));
#8004=IFCDIRECTION((0.,0.,1.));
#8005=IFCDIRECTION((1.,0.,0.));
#8006=IFCAXIS2PLACEMENT3D(#8003,#8004,#8005);
#8007=IFCDIRECTION((0.,0.,1.));
#8008=IFCEXTRUDEDAREASOLID(#8002,#8006,#8007,3.048);
#8009=IFCSHAPEREPRESENTATION(#11,'Body','SweptSolid',(#8008));
#8010=IFCCARTESIANPOINT((0.,0.,0.));
#8011=IFCDIRECTION((1.,0.,0.));
#8012=IFCDIRECTION((0.,0.,1.));
#8013=IFCAXIS2PLACEMENT3D(#8010,#8012,#8011);
#8014=IFCREPRESENTATIONMAP(#8013,#8009);
#8015=IFCPROPERTYSET('1CtfQh5Dz1y9nioF82VDLH',$,'MF_Structural',$,(#8016,#8017,#8018));
#8016=IFCPROPERTYSINGLEVALUE('Section',$,IFCLABEL('WT7X15'),$);
#8017=IFCPROPERTYSINGLEVALUE('SectionFamily',$,IFCLABEL('WT'),$);
#8018=IFCPROPERTYSINGLEVALUE('SectionSource',$,IFCLABEL('AISC Shapes Database v15.0 (US)'),$);
#8019=IFCPROPERTYSET('2uKu4zcrP83vzr6H0kwlzl',$,'MF_Library',$,(#8020,#8021,#8022,#8023,#8024,#8025,#8026,#8027,#8028,#8029));
#8020=IFCPROPERTYSINGLEVALUE('Key',$,IFCLABEL('steel_tee_wt'),$);
#8021=IFCPROPERTYSINGLEVALUE('Family',$,IFCLABEL('WT Structural Tee'),$);
#8022=IFCPROPERTYSINGLEVALUE('TypeName',$,IFCLABEL('WT7X15'),$);
#8023=IFCPROPERTYSINGLEVALUE('Version',$,IFCLABEL('0.1.0'),$);
#8024=IFCPROPERTYSINGLEVALUE('License',$,IFCLABEL('CC0-1.0'),$);
#8025=IFCPROPERTYSINGLEVALUE('Source',$,IFCLABEL('massing-families'),$);
#8026=IFCPROPERTYSINGLEVALUE('Tier',$,IFCLABEL('L300'),$);
#8027=IFCPROPERTYSINGLEVALUE('Builder',$,IFCLABEL('profile'),$);
#8028=IFCPROPERTYSINGLEVALUE('Discipline',$,IFCLABEL('structural'),$);
#8029=IFCPROPERTYSINGLEVALUE('GeometryStatus',$,IFCLABEL('parametric'),$);
#8030=IFCPROPERTYSET('1Lt$ArYgP5mfuv1KGE85qz',$,'MF_Quantities',$,(#8031,#8032,#8033,#8034,#8035));
#8031=IFCPROPERTYSINGLEVALUE('NominalWidth',$,IFCREAL(0.17094200000000001),$);
#8032=IFCPROPERTYSINGLEVALUE('NominalDepth',$,IFCREAL(0.17576800000000001),$);
#8033=IFCPROPERTYSINGLEVALUE('NominalHeight',$,IFCREAL(3.048),$);
#8034=IFCPROPERTYSINGLEVALUE('NominalFootprintArea',$,IFCREAL(0.030046),$);
#8035=IFCPROPERTYSINGLEVALUE('NominalVolume',$,IFCREAL(0.091580999999999996),$);
#8036=IFCMEMBERTYPE('2g1MZQmNL9auCzjYEhJNuU',$,'WT Structural Tee - WT7X13',$,$,(#8053,#8057,#8068),(#8052),$,$,.NOTDEFINED.);
#8037=IFCCARTESIANPOINT((0.,0.));
#8038=IFCDIRECTION((1.,0.));
#8039=IFCAXIS2PLACEMENT2D(#8037,#8038);
#8040=IFCTSHAPEPROFILEDEF(.AREA.,'WT7X13',#8039,0.176784,0.12776199999999999,0.0064770000000000001,0.010668,0.010160000000000001,$,$,$,$);
#8041=IFCCARTESIANPOINT((0.,0.,0.));
#8042=IFCDIRECTION((0.,0.,1.));
#8043=IFCDIRECTION((1.,0.,0.));
#8044=IFCAXIS2PLACEMENT3D(#8041,#8042,#8043);
#8045=IFCDIRECTION((0.,0.,1.));
#8046=IFCEXTRUDEDAREASOLID(#8040,#8044,#8045,3.048);
#8047=IFCSHAPEREPRESENTATION(#11,'Body','SweptSolid',(#8046));
#8048=IFCCARTESIANPOINT((0.,0.,0.));
#8049=IFCDIRECTION((1.,0.,0.));
#8050=IFCDIRECTION((0.,0.,1.));
#8051=IFCAXIS2PLACEMENT3D(#8048,#8050,#8049);
#8052=IFCREPRESENTATIONMAP(#8051,#8047);
#8053=IFCPROPERTYSET('0zagbzp5914xfeAQjll631',$,'MF_Structural',$,(#8054,#8055,#8056));
#8054=IFCPROPERTYSINGLEVALUE('Section',$,IFCLABEL('WT7X13'),$);
#8055=IFCPROPERTYSINGLEVALUE('SectionFamily',$,IFCLABEL('WT'),$);
#8056=IFCPROPERTYSINGLEVALUE('SectionSource',$,IFCLABEL('AISC Shapes Database v15.0 (US)'),$);
#8057=IFCPROPERTYSET('11dPtR1_19sAUCezT8C9Mm',$,'MF_Library',$,(#8058,#8059,#8060,#8061,#8062,#8063,#8064,#8065,#8066,#8067));
#8058=IFCPROPERTYSINGLEVALUE('Key',$,IFCLABEL('steel_tee_wt'),$);
#8059=IFCPROPERTYSINGLEVALUE('Family',$,IFCLABEL('WT Structural Tee'),$);
#8060=IFCPROPERTYSINGLEVALUE('TypeName',$,IFCLABEL('WT7X13'),$);
#8061=IFCPROPERTYSINGLEVALUE('Version',$,IFCLABEL('0.1.0'),$);
#8062=IFCPROPERTYSINGLEVALUE('License',$,IFCLABEL('CC0-1.0'),$);
#8063=IFCPROPERTYSINGLEVALUE('Source',$,IFCLABEL('massing-families'),$);
#8064=IFCPROPERTYSINGLEVALUE('Tier',$,IFCLABEL('L300'),$);
#8065=IFCPROPERTYSINGLEVALUE('Builder',$,IFCLABEL('profile'),$);
#8066=IFCPROPERTYSINGLEVALUE('Discipline',$,IFCLABEL('structural'),$);
#8067=IFCPROPERTYSINGLEVALUE('GeometryStatus',$,IFCLABEL('parametric'),$);
#8068=IFCPROPERTYSET('1m9Qckj0L2q95zl2TntPsS',$,'MF_Quantities',$,(#8069,#8070,#8071,#8072,#8073));
#8069=IFCPROPERTYSINGLEVALUE('NominalWidth',$,IFCREAL(0.12776199999999999),$);
#8070=IFCPROPERTYSINGLEVALUE('NominalDepth',$,IFCREAL(0.176784),$);
#8071=IFCPROPERTYSINGLEVALUE('NominalHeight',$,IFCREAL(3.048),$);
#8072=IFCPROPERTYSINGLEVALUE('NominalFootprintArea',$,IFCREAL(0.022585999999999998),$);
#8073=IFCPROPERTYSINGLEVALUE('NominalVolume',$,IFCREAL(0.068843000000000001),$);
#8074=IFCMEMBERTYPE('32NcJn7C51TfdViYr367Q1',$,'WT Structural Tee - WT7X11',$,$,(#8091,#8095,#8106),(#8090),$,$,.NOTDEFINED.);
#8075=IFCCARTESIANPOINT((0.,0.));
#8076=IFCDIRECTION((1.,0.));
#8077=IFCAXIS2PLACEMENT2D(#8075,#8076);
#8078=IFCTSHAPEPROFILEDEF(.AREA.,'WT7X11',#8077,0.17449799999999999,0.127,0.005842,0.0085089999999999992,0.010160000000000001,$,$,$,$);
#8079=IFCCARTESIANPOINT((0.,0.,0.));
#8080=IFCDIRECTION((0.,0.,1.));
#8081=IFCDIRECTION((1.,0.,0.));
#8082=IFCAXIS2PLACEMENT3D(#8079,#8080,#8081);
#8083=IFCDIRECTION((0.,0.,1.));
#8084=IFCEXTRUDEDAREASOLID(#8078,#8082,#8083,3.048);
#8085=IFCSHAPEREPRESENTATION(#11,'Body','SweptSolid',(#8084));
#8086=IFCCARTESIANPOINT((0.,0.,0.));
#8087=IFCDIRECTION((1.,0.,0.));
#8088=IFCDIRECTION((0.,0.,1.));
#8089=IFCAXIS2PLACEMENT3D(#8086,#8088,#8087);
#8090=IFCREPRESENTATIONMAP(#8089,#8085);
#8091=IFCPROPERTYSET('0Kt_jTM9H7OvYgTf3sGAOJ',$,'MF_Structural',$,(#8092,#8093,#8094));
#8092=IFCPROPERTYSINGLEVALUE('Section',$,IFCLABEL('WT7X11'),$);
#8093=IFCPROPERTYSINGLEVALUE('SectionFamily',$,IFCLABEL('WT'),$);
#8094=IFCPROPERTYSINGLEVALUE('SectionSource',$,IFCLABEL('AISC Shapes Database v15.0 (US)'),$);
#8095=IFCPROPERTYSET('0yZ8YoNjj9V8FQ075u0HUL',$,'MF_Library',$,(#8096,#8097,#8098,#8099,#8100,#8101,#8102,#8103,#8104,#8105));
#8096=IFCPROPERTYSINGLEVALUE('Key',$,IFCLABEL('steel_tee_wt'),$);
#8097=IFCPROPERTYSINGLEVALUE('Family',$,IFCLABEL('WT Structural Tee'),$);
#8098=IFCPROPERTYSINGLEVALUE('TypeName',$,IFCLABEL('WT7X11'),$);
#8099=IFCPROPERTYSINGLEVALUE('Version',$,IFCLABEL('0.1.0'),$);
#8100=IFCPROPERTYSINGLEVALUE('License',$,IFCLABEL('CC0-1.0'),$);
#8101=IFCPROPERTYSINGLEVALUE('Source',$,IFCLABEL('massing-families'),$);
#8102=IFCPROPERTYSINGLEVALUE('Tier',$,IFCLABEL('L300'),$);
#8103=IFCPROPERTYSINGLEVALUE('Builder',$,IFCLABEL('profile'),$);
#8104=IFCPROPERTYSINGLEVALUE('Discipline',$,IFCLABEL('structural'),$);
#8105=IFCPROPERTYSINGLEVALUE('GeometryStatus',$,IFCLABEL('parametric'),$);
#8106=IFCPROPERTYSET('0d8C4_3fH8$RuaN9m2sVzW',$,'MF_Quantities',$,(#8107,#8108,#8109,#8110,#8111));
#8107=IFCPROPERTYSINGLEVALUE('NominalWidth',$,IFCREAL(0.127),$);
#8108=IFCPROPERTYSINGLEVALUE('NominalDepth',$,IFCREAL(0.17449799999999999),$);
#8109=IFCPROPERTYSINGLEVALUE('NominalHeight',$,IFCREAL(3.048),$);
#8110=IFCPROPERTYSINGLEVALUE('NominalFootprintArea',$,IFCREAL(0.022161),$);
#8111=IFCPROPERTYSINGLEVALUE('NominalVolume',$,IFCREAL(0.067546999999999996),$);
#8112=IFCMEMBERTYPE('03jxasFIf34RThVEuQtBXZ',$,'WT Structural Tee - WT6X168',$,$,(#8129,#8133,#8144),(#8128),$,$,.NOTDEFINED.);
#8113=IFCCARTESIANPOINT((0.,0.));
#8114=IFCDIRECTION((1.,0.));
#8115=IFCAXIS2PLACEMENT2D(#8113,#8114);
#8116=IFCTSHAPEPROFILEDEF(.AREA.,'WT6X168',#8115,0.213614,0.34036,0.045212000000000002,0.075184000000000001,0.014985999999999999,$,$,$,$);
#8117=IFCCARTESIANPOINT((0.,0.,0.));
#8118=IFCDIRECTION((0.,0.,1.));
#8119=IFCDIRECTION((1.,0.,0.));
#8120=IFCAXIS2PLACEMENT3D(#8117,#8118,#8119);
#8121=IFCDIRECTION((0.,0.,1.));
#8122=IFCEXTRUDEDAREASOLID(#8116,#8120,#8121,3.048);
#8123=IFCSHAPEREPRESENTATION(#11,'Body','SweptSolid',(#8122));
#8124=IFCCARTESIANPOINT((0.,0.,0.));
#8125=IFCDIRECTION((1.,0.,0.));
#8126=IFCDIRECTION((0.,0.,1.));
#8127=IFCAXIS2PLACEMENT3D(#8124,#8126,#8125);
#8128=IFCREPRESENTATIONMAP(#8127,#8123);
#8129=IFCPROPERTYSET('0GXDqluXj4nv0SIT291C2P',$,'MF_Structural',$,(#8130,#8131,#8132));
#8130=IFCPROPERTYSINGLEVALUE('Section',$,IFCLABEL('WT6X168'),$);
#8131=IFCPROPERTYSINGLEVALUE('SectionFamily',$,IFCLABEL('WT'),$);
#8132=IFCPROPERTYSINGLEVALUE('SectionSource',$,IFCLABEL('AISC Shapes Database v15.0 (US)'),$);
#8133=IFCPROPERTYSET('11xUAHZunCAfnVf9jlIJe_',$,'MF_Library',$,(#8134,#8135,#8136,#8137,#8138,#8139,#8140,#8141,#8142,#8143));
#8134=IFCPROPERTYSINGLEVALUE('Key',$,IFCLABEL('steel_tee_wt'),$);
#8135=IFCPROPERTYSINGLEVALUE('Family',$,IFCLABEL('WT Structural Tee'),$);
#8136=IFCPROPERTYSINGLEVALUE('TypeName',$,IFCLABEL('WT6X168'),$);
#8137=IFCPROPERTYSINGLEVALUE('Version',$,IFCLABEL('0.1.0'),$);
#8138=IFCPROPERTYSINGLEVALUE('License',$,IFCLABEL('CC0-1.0'),$);
#8139=IFCPROPERTYSINGLEVALUE('Source',$,IFCLABEL('massing-families'),$);
#8140=IFCPROPERTYSINGLEVALUE('Tier',$,IFCLABEL('L300'),$);
#8141=IFCPROPERTYSINGLEVALUE('Builder',$,IFCLABEL('profile'),$);
#8142=IFCPROPERTYSINGLEVALUE('Discipline',$,IFCLABEL('structural'),$);
#8143=IFCPROPERTYSINGLEVALUE('GeometryStatus',$,IFCLABEL('parametric'),$);
#8144=IFCPROPERTYSET('0k3pq_zwHCKxCBoFStqWwG',$,'MF_Quantities',$,(#8145,#8146,#8147,#8148,#8149));
#8145=IFCPROPERTYSINGLEVALUE('NominalWidth',$,IFCREAL(0.34036),$);
#8146=IFCPROPERTYSINGLEVALUE('NominalDepth',$,IFCREAL(0.213614),$);
#8147=IFCPROPERTYSINGLEVALUE('NominalHeight',$,IFCREAL(3.048),$);
#8148=IFCPROPERTYSINGLEVALUE('NominalFootprintArea',$,IFCREAL(0.072706000000000007),$);
#8149=IFCPROPERTYSINGLEVALUE('NominalVolume',$,IFCREAL(0.221607),$);
#8150=IFCMEMBERTYPE('3AYdiM$Rn0EOIEcfzjlS4H',$,'WT Structural Tee - WT6X152.5',$,$,(#8167,#8171,#8182),(#8166),$,$,.NOTDEFINED.);
#8151=IFCCARTESIANPOINT((0.,0.));
#8152=IFCDIRECTION((1.,0.));
#8153=IFCAXIS2PLACEMENT2D(#8151,#8152);
#8154=IFCTSHAPEPROFILEDEF(.AREA.,'WT6X152.5',#8153,0.207264,0.33528000000000002,0.041402000000000001,0.068834000000000006,0.014985999999999999,$,$,$,$);
#8155=IFCCARTESIANPOINT((0.,0.,0.));
#8156=IFCDIRECTION((0.,0.,1.));
#8157=IFCDIRECTION((1.,0.,0.));
#8158=IFCAXIS2PLACEMENT3D(#8155,#8156,#8157);
#8159=IFCDIRECTION((0.,0.,1.));
#8160=IFCEXTRUDEDAREASOLID(#8154,#8158,#8159,3.048);
#8161=IFCSHAPEREPRESENTATION(#11,'Body','SweptSolid',(#8160));
#8162=IFCCARTESIANPOINT((0.,0.,0.));
#8163=IFCDIRECTION((1.,0.,0.));
#8164=IFCDIRECTION((0.,0.,1.));
#8165=IFCAXIS2PLACEMENT3D(#8162,#8164,#8163);
#8166=IFCREPRESENTATIONMAP(#8165,#8161);
#8167=IFCPROPERTYSET('3CVFdLqcP8Muq9p5dJnQP9',$,'MF_Structural',$,(#8168,#8169,#8170));
#8168=IFCPROPERTYSINGLEVALUE('Section',$,IFCLABEL('WT6X152.5'),$);
#8169=IFCPROPERTYSINGLEVALUE('SectionFamily',$,IFCLABEL('WT'),$);
#8170=IFCPROPERTYSINGLEVALUE('SectionSource',$,IFCLABEL('AISC Shapes Database v15.0 (US)'),$);
#8171=IFCPROPERTYSET('2xZuxPMXH7leU_jgp5inu5',$,'MF_Library',$,(#8172,#8173,#8174,#8175,#8176,#8177,#8178,#8179,#8180,#8181));
#8172=IFCPROPERTYSINGLEVALUE('Key',$,IFCLABEL('steel_tee_wt'),$);
#8173=IFCPROPERTYSINGLEVALUE('Family',$,IFCLABEL('WT Structural Tee'),$);
#8174=IFCPROPERTYSINGLEVALUE('TypeName',$,IFCLABEL('WT6X152.5'),$);
#8175=IFCPROPERTYSINGLEVALUE('Version',$,IFCLABEL('0.1.0'),$);
#8176=IFCPROPERTYSINGLEVALUE('License',$,IFCLABEL('CC0-1.0'),$);
#8177=IFCPROPERTYSINGLEVALUE('Source',$,IFCLABEL('massing-families'),$);
#8178=IFCPROPERTYSINGLEVALUE('Tier',$,IFCLABEL('L300'),$);
#8179=IFCPROPERTYSINGLEVALUE('Builder',$,IFCLABEL('profile'),$);
#8180=IFCPROPERTYSINGLEVALUE('Discipline',$,IFCLABEL('structural'),$);
#8181=IFCPROPERTYSINGLEVALUE('GeometryStatus',$,IFCLABEL('parametric'),$);
#8182=IFCPROPERTYSET('0UyCPXoK17Bf87592Kl4f9',$,'MF_Quantities',$,(#8183,#8184,#8185,#8186,#8187));
#8183=IFCPROPERTYSINGLEVALUE('NominalWidth',$,IFCREAL(0.33528000000000002),$);
#8184=IFCPROPERTYSINGLEVALUE('NominalDepth',$,IFCREAL(0.207264),$);
#8185=IFCPROPERTYSINGLEVALUE('NominalHeight',$,IFCREAL(3.048),$);
#8186=IFCPROPERTYSINGLEVALUE('NominalFootprintArea',$,IFCREAL(0.069490999999999997),$);
#8187=IFCPROPERTYSINGLEVALUE('NominalVolume',$,IFCREAL(0.21181),$);
#8188=IFCMEMBERTYPE('0qs72GTEnE0ufEEVubeOwr',$,'WT Structural Tee - WT6X139.5',$,$,(#8205,#8209,#8220),(#8204),$,$,.NOTDEFINED.);
#8189=IFCCARTESIANPOINT((0.,0.));
#8190=IFCDIRECTION((1.,0.));
#8191=IFCAXIS2PLACEMENT2D(#8189,#8190);
#8192=IFCTSHAPEPROFILEDEF(.AREA.,'WT6X139.5',#8191,0.20142199999999999,0.33273999999999998,0.038862000000000001,0.062738000000000002,0.01524,$,$,$,$);
#8193=IFCCARTESIANPOINT((0.,0.,0.));
#8194=IFCDIRECTION((0.,0.,1.));
#8195=IFCDIRECTION((1.,0.,0.));
#8196=IFCAXIS2PLACEMENT3D(#8193,#8194,#8195);
#8197=IFCDIRECTION((0.,0.,1.));
#8198=IFCEXTRUDEDAREASOLID(#8192,#8196,#8197,3.048);
#8199=IFCSHAPEREPRESENTATION(#11,'Body','SweptSolid',(#8198));
#8200=IFCCARTESIANPOINT((0.,0.,0.));
#8201=IFCDIRECTION((1.,0.,0.));
#8202=IFCDIRECTION((0.,0.,1.));
#8203=IFCAXIS2PLACEMENT3D(#8200,#8202,#8201);
#8204=IFCREPRESENTATIONMAP(#8203,#8199);
#8205=IFCPROPERTYSET('0kWeNSKWvCuftzGduDKTI$',$,'MF_Structural',$,(#8206,#8207,#8208));
#8206=IFCPROPERTYSINGLEVALUE('Section',$,IFCLABEL('WT6X139.5'),$);
#8207=IFCPROPERTYSINGLEVALUE('SectionFamily',$,IFCLABEL('WT'),$);
#8208=IFCPROPERTYSINGLEVALUE('SectionSource',$,IFCLABEL('AISC Shapes Database v15.0 (US)'),$);
#8209=IFCPROPERTYSET('1FzWPmKSn3qQfPvFmkJrZf',$,'MF_Library',$,(#8210,#8211,#8212,#8213,#8214,#8215,#8216,#8217,#8218,#8219));
#8210=IFCPROPERTYSINGLEVALUE('Key',$,IFCLABEL('steel_tee_wt'),$);
#8211=IFCPROPERTYSINGLEVALUE('Family',$,IFCLABEL('WT Structural Tee'),$);
#8212=IFCPROPERTYSINGLEVALUE('TypeName',$,IFCLABEL('WT6X139.5'),$);
#8213=IFCPROPERTYSINGLEVALUE('Version',$,IFCLABEL('0.1.0'),$);
#8214=IFCPROPERTYSINGLEVALUE('License',$,IFCLABEL('CC0-1.0'),$);
#8215=IFCPROPERTYSINGLEVALUE('Source',$,IFCLABEL('massing-families'),$);
#8216=IFCPROPERTYSINGLEVALUE('Tier',$,IFCLABEL('L300'),$);
#8217=IFCPROPERTYSINGLEVALUE('Builder',$,IFCLABEL('profile'),$);
#8218=IFCPROPERTYSINGLEVALUE('Discipline',$,IFCLABEL('structural'),$);
#8219=IFCPROPERTYSINGLEVALUE('GeometryStatus',$,IFCLABEL('parametric'),$);
#8220=IFCPROPERTYSET('1bZO3FNxP8jPv4frzsi5ei',$,'MF_Quantities',$,(#8221,#8222,#8223,#8224,#8225));
#8221=IFCPROPERTYSINGLEVALUE('NominalWidth',$,IFCREAL(0.33273999999999998),$);
#8222=IFCPROPERTYSINGLEVALUE('NominalDepth',$,IFCREAL(0.20142199999999999),$);
#8223=IFCPROPERTYSINGLEVALUE('NominalHeight',$,IFCREAL(3.048),$);
#8224=IFCPROPERTYSINGLEVALUE('NominalFootprintArea',$,IFCREAL(0.067020999999999997),$);
#8225=IFCPROPERTYSINGLEVALUE('NominalVolume',$,IFCREAL(0.20427999999999999),$);
#8226=IFCMEMBERTYPE('1$MUrXZbz5sQqDdodTzlt2',$,'WT Structural Tee - WT6X126',$,$,(#8243,#8247,#8258),(#8242),$,$,.NOTDEFINED.);
#8227=IFCCARTESIANPOINT((0.,0.));
#8228=IFCDIRECTION((1.,0.));
#8229=IFCAXIS2PLACEMENT2D(#8227,#8228);
#8230=IFCTSHAPEPROFILEDEF(.AREA.,'WT6X126',#8229,0.19583400000000001,0.33019999999999999,0.035560000000000001,0.057149999999999999,0.01524,$,$,$,$);
#8231=IFCCARTESIANPOINT((0.,0.,0.));
#8232=IFCDIRECTION((0.,0.,1.));
#8233=IFCDIRECTION((1.,0.,0.));
#8234=IFCAXIS2PLACEMENT3D(#8231,#8232,#8233);
#8235=IFCDIRECTION((0.,0.,1.));
#8236=IFCEXTRUDEDAREASOLID(#8230,#8234,#8235,3.048);
#8237=IFCSHAPEREPRESENTATION(#11,'Body','SweptSolid',(#8236));
#8238=IFCCARTESIANPOINT((0.,0.,0.));
#8239=IFCDIRECTION((1.,0.,0.));
#8240=IFCDIRECTION((0.,0.,1.));
#8241=IFCAXIS2PLACEMENT3D(#8238,#8240,#8239);
#8242=IFCREPRESENTATIONMAP(#8241,#8237);
#8243=IFCPROPERTYSET('2ajvZoSbf9I8WHuJk4uxQp',$,'MF_Structural',$,(#8244,#8245,#8246));
#8244=IFCPROPERTYSINGLEVALUE('Section',$,IFCLABEL('WT6X126'),$);
#8245=IFCPROPERTYSINGLEVALUE('SectionFamily',$,IFCLABEL('WT'),$);
#8246=IFCPROPERTYSINGLEVALUE('SectionSource',$,IFCLABEL('AISC Shapes Database v15.0 (US)'),$);
#8247=IFCPROPERTYSET('02aaiThZf3F9jgwmEU4m3y',$,'MF_Library',$,(#8248,#8249,#8250,#8251,#8252,#8253,#8254,#8255,#8256,#8257));
#8248=IFCPROPERTYSINGLEVALUE('Key',$,IFCLABEL('steel_tee_wt'),$);
#8249=IFCPROPERTYSINGLEVALUE('Family',$,IFCLABEL('WT Structural Tee'),$);
#8250=IFCPROPERTYSINGLEVALUE('TypeName',$,IFCLABEL('WT6X126'),$);
#8251=IFCPROPERTYSINGLEVALUE('Version',$,IFCLABEL('0.1.0'),$);
#8252=IFCPROPERTYSINGLEVALUE('License',$,IFCLABEL('CC0-1.0'),$);
#8253=IFCPROPERTYSINGLEVALUE('Source',$,IFCLABEL('massing-families'),$);
#8254=IFCPROPERTYSINGLEVALUE('Tier',$,IFCLABEL('L300'),$);
#8255=IFCPROPERTYSINGLEVALUE('Builder',$,IFCLABEL('profile'),$);
#8256=IFCPROPERTYSINGLEVALUE('Discipline',$,IFCLABEL('structural'),$);
#8257=IFCPROPERTYSINGLEVALUE('GeometryStatus',$,IFCLABEL('parametric'),$);
#8258=IFCPROPERTYSET('1bxNBHIMTCbAyi98VRwu9X',$,'MF_Quantities',$,(#8259,#8260,#8261,#8262,#8263));
#8259=IFCPROPERTYSINGLEVALUE('NominalWidth',$,IFCREAL(0.33019999999999999),$);
#8260=IFCPROPERTYSINGLEVALUE('NominalDepth',$,IFCREAL(0.19583400000000001),$);
#8261=IFCPROPERTYSINGLEVALUE('NominalHeight',$,IFCREAL(3.048),$);
#8262=IFCPROPERTYSINGLEVALUE('NominalFootprintArea',$,IFCREAL(0.064663999999999999),$);
#8263=IFCPROPERTYSINGLEVALUE('NominalVolume',$,IFCREAL(0.19709699999999999),$);
#8264=IFCMEMBERTYPE('1RKBxrkj18xQu$EgSjWkAu',$,'WT Structural Tee - WT6X115',$,$,(#8281,#8285,#8296),(#8280),$,$,.NOTDEFINED.);
#8265=IFCCARTESIANPOINT((0.,0.));
#8266=IFCDIRECTION((1.,0.));
#8267=IFCAXIS2PLACEMENT2D(#8265,#8266);
#8268=IFCTSHAPEPROFILEDEF(.AREA.,'WT6X115',#8267,0.19126199999999999,0.32766000000000001,0.032766000000000003,0.052578,0.01524,$,$,$,$);
#8269=IFCCARTESIANPOINT((0.,0.,0.));
#8270=IFCDIRECTION((0.,0.,1.));
#8271=IFCDIRECTION((1.,0.,0.));
#8272=IFCAXIS2PLACEMENT3D(#8269,#8270,#8271);
#8273=IFCDIRECTION((0.,0.,1.));
#8274=IFCEXTRUDEDAREASOLID(#8268,#8272,#8273,3.048);
#8275=IFCSHAPEREPRESENTATION(#11,'Body','SweptSolid',(#8274));
#8276=IFCCARTESIANPOINT((0.,0.,0.));
#8277=IFCDIRECTION((1.,0.,0.));
#8278=IFCDIRECTION((0.,0.,1.));
#8279=IFCAXIS2PLACEMENT3D(#8276,#8278,#8277);
#8280=IFCREPRESENTATIONMAP(#8279,#8275);
#8281=IFCPROPERTYSET('0Cit$K2T1AnwNzX$Fc0MuN',$,'MF_Structural',$,(#8282,#8283,#8284));
#8282=IFCPROPERTYSINGLEVALUE('Section',$,IFCLABEL('WT6X115'),$);
#8283=IFCPROPERTYSINGLEVALUE('SectionFamily',$,IFCLABEL('WT'),$);
#8284=IFCPROPERTYSINGLEVALUE('SectionSource',$,IFCLABEL('AISC Shapes Database v15.0 (US)'),$);
#8285=IFCPROPERTYSET('3dBcywx0110Q968nXfcUfT',$,'MF_Library',$,(#8286,#8287,#8288,#8289,#8290,#8291,#8292,#8293,#8294,#8295));
#8286=IFCPROPERTYSINGLEVALUE('Key',$,IFCLABEL('steel_tee_wt'),$);
#8287=IFCPROPERTYSINGLEVALUE('Family',$,IFCLABEL('WT Structural Tee'),$);
#8288=IFCPROPERTYSINGLEVALUE('TypeName',$,IFCLABEL('WT6X115'),$);
#8289=IFCPROPERTYSINGLEVALUE('Version',$,IFCLABEL('0.1.0'),$);
#8290=IFCPROPERTYSINGLEVALUE('License',$,IFCLABEL('CC0-1.0'),$);
#8291=IFCPROPERTYSINGLEVALUE('Source',$,IFCLABEL('massing-families'),$);
#8292=IFCPROPERTYSINGLEVALUE('Tier',$,IFCLABEL('L300'),$);
#8293=IFCPROPERTYSINGLEVALUE('Builder',$,IFCLABEL('profile'),$);
#8294=IFCPROPERTYSINGLEVALUE('Discipline',$,IFCLABEL('structural'),$);
#8295=IFCPROPERTYSINGLEVALUE('GeometryStatus',$,IFCLABEL('parametric'),$);
#8296=IFCPROPERTYSET('3HJGeegvXFkf3WSIjIP44t',$,'MF_Quantities',$,(#8297,#8298,#8299,#8300,#8301));
#8297=IFCPROPERTYSINGLEVALUE('NominalWidth',$,IFCREAL(0.32766000000000001),$);
#8298=IFCPROPERTYSINGLEVALUE('NominalDepth',$,IFCREAL(0.19126199999999999),$);
#8299=IFCPROPERTYSINGLEVALUE('NominalHeight',$,IFCREAL(3.048),$);
#8300=IFCPROPERTYSINGLEVALUE('NominalFootprintArea',$,IFCREAL(0.062669000000000002),$);
#8301=IFCPROPERTYSINGLEVALUE('NominalVolume',$,IFCREAL(0.19101499999999999),$);
#8302=IFCMEMBERTYPE('1vbEnaMwX6Q9yubCVhLiua',$,'WT Structural Tee - WT6X105',$,$,(#8319,#8323,#8334),(#8318),$,$,.NOTDEFINED.);
#8303=IFCCARTESIANPOINT((0.,0.));
#8304=IFCDIRECTION((1.,0.));
#8305=IFCAXIS2PLACEMENT2D(#8303,#8304);
#8306=IFCTSHAPEPROFILEDEF(.AREA.,'WT6X105',#8305,0.186944,0.32512000000000002,0.029971999999999999,0.048259999999999997,0.01524,$,$,$,$);
#8307=IFCCARTESIANPOINT((0.,0.,0.));
#8308=IFCDIRECTION((0.,0.,1.));
#8309=IFCDIRECTION((1.,0.,0.));
#8310=IFCAXIS2PLACEMENT3D(#8307,#8308,#8309);
#8311=IFCDIRECTION((0.,0.,1.));
#8312=IFCEXTRUDEDAREASOLID(#8306,#8310,#8311,3.048);
#8313=IFCSHAPEREPRESENTATION(#11,'Body','SweptSolid',(#8312));
#8314=IFCCARTESIANPOINT((0.,0.,0.));
#8315=IFCDIRECTION((1.,0.,0.));
#8316=IFCDIRECTION((0.,0.,1.));
#8317=IFCAXIS2PLACEMENT3D(#8314,#8316,#8315);
#8318=IFCREPRESENTATIONMAP(#8317,#8313);
#8319=IFCPROPERTYSET('2hPwoZNDv3ePdM1CsJ089L',$,'MF_Structural',$,(#8320,#8321,#8322));
#8320=IFCPROPERTYSINGLEVALUE('Section',$,IFCLABEL('WT6X105'),$);
#8321=IFCPROPERTYSINGLEVALUE('SectionFamily',$,IFCLABEL('WT'),$);
#8322=IFCPROPERTYSINGLEVALUE('SectionSource',$,IFCLABEL('AISC Shapes Database v15.0 (US)'),$);
#8323=IFCPROPERTYSET('3kJEdm98DAqwYL6tylgq_8',$,'MF_Library',$,(#8324,#8325,#8326,#8327,#8328,#8329,#8330,#8331,#8332,#8333));
#8324=IFCPROPERTYSINGLEVALUE('Key',$,IFCLABEL('steel_tee_wt'),$);
#8325=IFCPROPERTYSINGLEVALUE('Family',$,IFCLABEL('WT Structural Tee'),$);
#8326=IFCPROPERTYSINGLEVALUE('TypeName',$,IFCLABEL('WT6X105'),$);
#8327=IFCPROPERTYSINGLEVALUE('Version',$,IFCLABEL('0.1.0'),$);
#8328=IFCPROPERTYSINGLEVALUE('License',$,IFCLABEL('CC0-1.0'),$);
#8329=IFCPROPERTYSINGLEVALUE('Source',$,IFCLABEL('massing-families'),$);
#8330=IFCPROPERTYSINGLEVALUE('Tier',$,IFCLABEL('L300'),$);
#8331=IFCPROPERTYSINGLEVALUE('Builder',$,IFCLABEL('profile'),$);
#8332=IFCPROPERTYSINGLEVALUE('Discipline',$,IFCLABEL('structural'),$);
#8333=IFCPROPERTYSINGLEVALUE('GeometryStatus',$,IFCLABEL('parametric'),$);
#8334=IFCPROPERTYSET('1sf75ahHb049n0V9gNMlvx',$,'MF_Quantities',$,(#8335,#8336,#8337,#8338,#8339));
#8335=IFCPROPERTYSINGLEVALUE('NominalWidth',$,IFCREAL(0.32512000000000002),$);
#8336=IFCPROPERTYSINGLEVALUE('NominalDepth',$,IFCREAL(0.186944),$);
#8337=IFCPROPERTYSINGLEVALUE('NominalHeight',$,IFCREAL(3.048),$);
#8338=IFCPROPERTYSINGLEVALUE('NominalFootprintArea',$,IFCREAL(0.060779),$);
#8339=IFCPROPERTYSINGLEVALUE('NominalVolume',$,IFCREAL(0.185255),$);
#8340=IFCMEMBERTYPE('31jxKjyxTD_BW2$ew5WU$0',$,'WT Structural Tee - WT6X95',$,$,(#8357,#8361,#8372),(#8356),$,$,.NOTDEFINED.);
#8341=IFCCARTESIANPOINT((0.,0.));
#8342=IFCDIRECTION((1.,0.));
#8343=IFCAXIS2PLACEMENT2D(#8341,#8342);
#8344=IFCTSHAPEPROFILEDEF(.AREA.,'WT6X95',#8343,0.18262600000000001,0.32257999999999998,0.026924,0.044195999999999999,0.014985999999999999,$,$,$,$);
#8345=IFCCARTESIANPOINT((0.,0.,0.));
#8346=IFCDIRECTION((0.,0.,1.));
#8347=IFCDIRECTION((1.,0.,0.));
#8348=IFCAXIS2PLACEMENT3D(#8345,#8346,#8347);
#8349=IFCDIRECTION((0.,0.,1.));
#8350=IFCEXTRUDEDAREASOLID(#8344,#8348,#8349,3.048);
#8351=IFCSHAPEREPRESENTATION(#11,'Body','SweptSolid',(#8350));
#8352=IFCCARTESIANPOINT((0.,0.,0.));
#8353=IFCDIRECTION((1.,0.,0.));
#8354=IFCDIRECTION((0.,0.,1.));
#8355=IFCAXIS2PLACEMENT3D(#8352,#8354,#8353);
#8356=IFCREPRESENTATIONMAP(#8355,#8351);
#8357=IFCPROPERTYSET('1MZjIU$vf5MOOcDik1Q1vZ',$,'MF_Structural',$,(#8358,#8359,#8360));
#8358=IFCPROPERTYSINGLEVALUE('Section',$,IFCLABEL('WT6X95'),$);
#8359=IFCPROPERTYSINGLEVALUE('SectionFamily',$,IFCLABEL('WT'),$);
#8360=IFCPROPERTYSINGLEVALUE('SectionSource',$,IFCLABEL('AISC Shapes Database v15.0 (US)'),$);
#8361=IFCPROPERTYSET('1$1I$tTiH7swFGpc4Tstg5',$,'MF_Library',$,(#8362,#8363,#8364,#8365,#8366,#8367,#8368,#8369,#8370,#8371));
#8362=IFCPROPERTYSINGLEVALUE('Key',$,IFCLABEL('steel_tee_wt'),$);
#8363=IFCPROPERTYSINGLEVALUE('Family',$,IFCLABEL('WT Structural Tee'),$);
#8364=IFCPROPERTYSINGLEVALUE('TypeName',$,IFCLABEL('WT6X95'),$);
#8365=IFCPROPERTYSINGLEVALUE('Version',$,IFCLABEL('0.1.0'),$);
#8366=IFCPROPERTYSINGLEVALUE('License',$,IFCLABEL('CC0-1.0'),$);
#8367=IFCPROPERTYSINGLEVALUE('Source',$,IFCLABEL('massing-families'),$);
#8368=IFCPROPERTYSINGLEVALUE('Tier',$,IFCLABEL('L300'),$);
#8369=IFCPROPERTYSINGLEVALUE('Builder',$,IFCLABEL('profile'),$);
#8370=IFCPROPERTYSINGLEVALUE('Discipline',$,IFCLABEL('structural'),$);
#8371=IFCPROPERTYSINGLEVALUE('GeometryStatus',$,IFCLABEL('parametric'),$);
#8372=IFCPROPERTYSET('0lKol6Ikb3bxAjaxKcfeUc',$,'MF_Quantities',$,(#8373,#8374,#8375,#8376,#8377));
#8373=IFCPROPERTYSINGLEVALUE('NominalWidth',$,IFCREAL(0.32257999999999998),$);
#8374=IFCPROPERTYSINGLEVALUE('NominalDepth',$,IFCREAL(0.18262600000000001),$);
#8375=IFCPROPERTYSINGLEVALUE('NominalHeight',$,IFCREAL(3.048),$);
#8376=IFCPROPERTYSINGLEVALUE('NominalFootprintArea',$,IFCREAL(0.058910999999999998),$);
#8377=IFCPROPERTYSINGLEVALUE('NominalVolume',$,IFCREAL(0.179562),$);
#8378=IFCMEMBERTYPE('0CmfwwtSL0sAFHXprEHZSw',$,'WT Structural Tee - WT6X85',$,$,(#8395,#8399,#8410),(#8394),$,$,.NOTDEFINED.);
#8379=IFCCARTESIANPOINT((0.,0.));
#8380=IFCDIRECTION((1.,0.));
#8381=IFCAXIS2PLACEMENT2D(#8379,#8380);
#8382=IFCTSHAPEPROFILEDEF(.AREA.,'WT6X85',#8381,0.17830799999999999,0.32003999999999999,0.024383999999999999,0.039623999999999999,0.01524,$,$,$,$);
#8383=IFCCARTESIANPOINT((0.,0.,0.));
#8384=IFCDIRECTION((0.,0.,1.));
#8385=IFCDIRECTION((1.,0.,0.));
#8386=IFCAXIS2PLACEMENT3D(#8383,#8384,#8385);
#8387=IFCDIRECTION((0.,0.,1.));
#8388=IFCEXTRUDEDAREASOLID(#8382,#8386,#8387,3.048);
#8389=IFCSHAPEREPRESENTATION(#11,'Body','SweptSolid',(#8388));
#8390=IFCCARTESIANPOINT((0.,0.,0.));
#8391=IFCDIRECTION((1.,0.,0.));
#8392=IFCDIRECTION((0.,0.,1.));
#8393=IFCAXIS2PLACEMENT3D(#8390,#8392,#8391);
#8394=IFCREPRESENTATIONMAP(#8393,#8389);
#8395=IFCPROPERTYSET('30YgMOtKTCnA5DK6OOHJyd',$,'MF_Structural',$,(#8396,#8397,#8398));
#8396=IFCPROPERTYSINGLEVALUE('Section',$,IFCLABEL('WT6X85'),$);
#8397=IFCPROPERTYSINGLEVALUE('SectionFamily',$,IFCLABEL('WT'),$);
#8398=IFCPROPERTYSINGLEVALUE('SectionSource',$,IFCLABEL('AISC Shapes Database v15.0 (US)'),$);
#8399=IFCPROPERTYSET('2l3OIPiK90L8FqWJLQVGP$',$,'MF_Library',$,(#8400,#8401,#8402,#8403,#8404,#8405,#8406,#8407,#8408,#8409));
#8400=IFCPROPERTYSINGLEVALUE('Key',$,IFCLABEL('steel_tee_wt'),$);
#8401=IFCPROPERTYSINGLEVALUE('Family',$,IFCLABEL('WT Structural Tee'),$);
#8402=IFCPROPERTYSINGLEVALUE('TypeName',$,IFCLABEL('WT6X85'),$);
#8403=IFCPROPERTYSINGLEVALUE('Version',$,IFCLABEL('0.1.0'),$);
#8404=IFCPROPERTYSINGLEVALUE('License',$,IFCLABEL('CC0-1.0'),$);
#8405=IFCPROPERTYSINGLEVALUE('Source',$,IFCLABEL('massing-families'),$);
#8406=IFCPROPERTYSINGLEVALUE('Tier',$,IFCLABEL('L300'),$);
#8407=IFCPROPERTYSINGLEVALUE('Builder',$,IFCLABEL('profile'),$);
#8408=IFCPROPERTYSINGLEVALUE('Discipline',$,IFCLABEL('structural'),$);
#8409=IFCPROPERTYSINGLEVALUE('GeometryStatus',$,IFCLABEL('parametric'),$);
#8410=IFCPROPERTYSET('1dl7XFw5n6ZQjor7Cxvwvu',$,'MF_Quantities',$,(#8411,#8412,#8413,#8414,#8415));
#8411=IFCPROPERTYSINGLEVALUE('NominalWidth',$,IFCREAL(0.32003999999999999),$);
#8412=IFCPROPERTYSINGLEVALUE('NominalDepth',$,IFCREAL(0.17830799999999999),$);
#8413=IFCPROPERTYSINGLEVALUE('NominalHeight',$,IFCREAL(3.048),$);
#8414=IFCPROPERTYSINGLEVALUE('NominalFootprintArea',$,IFCREAL(0.057065999999999999),$);
#8415=IFCPROPERTYSINGLEVALUE('NominalVolume',$,IFCREAL(0.17393600000000001),$);
#8416=IFCMEMBERTYPE('3FphSZYBP7UvdYanitVSUk',$,'WT Structural Tee - WT6X76',$,$,(#8433,#8437,#8448),(#8432),$,$,.NOTDEFINED.);
#8417=IFCCARTESIANPOINT((0.,0.));
#8418=IFCDIRECTION((1.,0.));
#8419=IFCAXIS2PLACEMENT2D(#8417,#8418);
#8420=IFCTSHAPEPROFILEDEF(.AREA.,'WT6X76',#8419,0.17424400000000001,0.3175,0.022098,0.035560000000000001,0.01524,$,$,$,$);
#8421=IFCCARTESIANPOINT((0.,0.,0.));
#8422=IFCDIRECTION((0.,0.,1.));
#8423=IFCDIRECTION((1.,0.,0.));
#8424=IFCAXIS2PLACEMENT3D(#8421,#8422,#8423);
#8425=IFCDIRECTION((0.,0.,1.));
#8426=IFCEXTRUDEDAREASOLID(#8420,#8424,#8425,3.048);
#8427=IFCSHAPEREPRESENTATION(#11,'Body','SweptSolid',(#8426));
#8428=IFCCARTESIANPOINT((0.,0.,0.));
#8429=IFCDIRECTION((1.,0.,0.));
#8430=IFCDIRECTION((0.,0.,1.));
#8431=IFCAXIS2PLACEMENT3D(#8428,#8430,#8429);
#8432=IFCREPRESENTATIONMAP(#8431,#8427);
#8433=IFCPROPERTYSET('3FQ$AHV$T9k85cIY_YItzK',$,'MF_Structural',$,(#8434,#8435,#8436));
#8434=IFCPROPERTYSINGLEVALUE('Section',$,IFCLABEL('WT6X76'),$);
#8435=IFCPROPERTYSINGLEVALUE('SectionFamily',$,IFCLABEL('WT'),$);
#8436=IFCPROPERTYSINGLEVALUE('SectionSource',$,IFCLABEL('AISC Shapes Database v15.0 (US)'),$);
#8437=IFCPROPERTYSET('2hOCvmqRvE7g4dNXsV5ZMU',$,'MF_Library',$,(#8438,#8439,#8440,#8441,#8442,#8443,#8444,#8445,#8446,#8447));
#8438=IFCPROPERTYSINGLEVALUE('Key',$,IFCLABEL('steel_tee_wt'),$);
#8439=IFCPROPERTYSINGLEVALUE('Family',$,IFCLABEL('WT Structural Tee'),$);
#8440=IFCPROPERTYSINGLEVALUE('TypeName',$,IFCLABEL('WT6X76'),$);
#8441=IFCPROPERTYSINGLEVALUE('Version',$,IFCLABEL('0.1.0'),$);
#8442=IFCPROPERTYSINGLEVALUE('License',$,IFCLABEL('CC0-1.0'),$);
#8443=IFCPROPERTYSINGLEVALUE('Source',$,IFCLABEL('massing-families'),$);
#8444=IFCPROPERTYSINGLEVALUE('Tier',$,IFCLABEL('L300'),$);
#8445=IFCPROPERTYSINGLEVALUE('Builder',$,IFCLABEL('profile'),$);
#8446=IFCPROPERTYSINGLEVALUE('Discipline',$,IFCLABEL('structural'),$);
#8447=IFCPROPERTYSINGLEVALUE('GeometryStatus',$,IFCLABEL('parametric'),$);
#8448=IFCPROPERTYSET('3k_rUd6J599uQxCbBvnkd_',$,'MF_Quantities',$,(#8449,#8450,#8451,#8452,#8453));
#8449=IFCPROPERTYSINGLEVALUE('NominalWidth',$,IFCREAL(0.3175),$);
#8450=IFCPROPERTYSINGLEVALUE('NominalDepth',$,IFCREAL(0.17424400000000001),$);
#8451=IFCPROPERTYSINGLEVALUE('NominalHeight',$,IFCREAL(3.048),$);
#8452=IFCPROPERTYSINGLEVALUE('NominalFootprintArea',$,IFCREAL(0.055322000000000003),$);
#8453=IFCPROPERTYSINGLEVALUE('NominalVolume',$,IFCREAL(0.168623),$);
#8454=IFCMEMBERTYPE('2lvStD5SvAdR9JtK3rFGmE',$,'WT Structural Tee - WT6X68',$,$,(#8471,#8475,#8486),(#8470),$,$,.NOTDEFINED.);
#8455=IFCCARTESIANPOINT((0.,0.));
#8456=IFCDIRECTION((1.,0.));
#8457=IFCAXIS2PLACEMENT2D(#8455,#8456);
#8458=IFCTSHAPEPROFILEDEF(.AREA.,'WT6X68',#8457,0.170434,0.31496000000000002,0.020066000000000001,0.03175,0.01524,$,$,$,$);
#8459=IFCCARTESIANPOINT((0.,0.,0.));
#8460=IFCDIRECTION((0.,0.,1.));
#8461=IFCDIRECTION((1.,0.,0.));
#8462=IFCAXIS2PLACEMENT3D(#8459,#8460,#8461);
#8463=IFCDIRECTION((0.,0.,1.));
#8464=IFCEXTRUDEDAREASOLID(#8458,#8462,#8463,3.048);
#8465=IFCSHAPEREPRESENTATION(#11,'Body','SweptSolid',(#8464));
#8466=IFCCARTESIANPOINT((0.,0.,0.));
#8467=IFCDIRECTION((1.,0.,0.));
#8468=IFCDIRECTION((0.,0.,1.));
#8469=IFCAXIS2PLACEMENT3D(#8466,#8468,#8467);
#8470=IFCREPRESENTATIONMAP(#8469,#8465);
#8471=IFCPROPERTYSET('3ydcPlVPvD6fPDwe0f9G6Z',$,'MF_Structural',$,(#8472,#8473,#8474));
#8472=IFCPROPERTYSINGLEVALUE('Section',$,IFCLABEL('WT6X68'),$);
#8473=IFCPROPERTYSINGLEVALUE('SectionFamily',$,IFCLABEL('WT'),$);
#8474=IFCPROPERTYSINGLEVALUE('SectionSource',$,IFCLABEL('AISC Shapes Database v15.0 (US)'),$);
#8475=IFCPROPERTYSET('3lr4iLuZT3KQKrKUQ$BSIs',$,'MF_Library',$,(#8476,#8477,#8478,#8479,#8480,#8481,#8482,#8483,#8484,#8485));
#8476=IFCPROPERTYSINGLEVALUE('Key',$,IFCLABEL('steel_tee_wt'),$);
#8477=IFCPROPERTYSINGLEVALUE('Family',$,IFCLABEL('WT Structural Tee'),$);
#8478=IFCPROPERTYSINGLEVALUE('TypeName',$,IFCLABEL('WT6X68'),$);
#8479=IFCPROPERTYSINGLEVALUE('Version',$,IFCLABEL('0.1.0'),$);
#8480=IFCPROPERTYSINGLEVALUE('License',$,IFCLABEL('CC0-1.0'),$);
#8481=IFCPROPERTYSINGLEVALUE('Source',$,IFCLABEL('massing-families'),$);
#8482=IFCPROPERTYSINGLEVALUE('Tier',$,IFCLABEL('L300'),$);
#8483=IFCPROPERTYSINGLEVALUE('Builder',$,IFCLABEL('profile'),$);
#8484=IFCPROPERTYSINGLEVALUE('Discipline',$,IFCLABEL('structural'),$);
#8485=IFCPROPERTYSINGLEVALUE('GeometryStatus',$,IFCLABEL('parametric'),$);
#8486=IFCPROPERTYSET('0aoeA9TwP0ofXLmpsdYKxN',$,'MF_Quantities',$,(#8487,#8488,#8489,#8490,#8491));
#8487=IFCPROPERTYSINGLEVALUE('NominalWidth',$,IFCREAL(0.31496000000000002),$);
#8488=IFCPROPERTYSINGLEVALUE('NominalDepth',$,IFCREAL(0.170434),$);
#8489=IFCPROPERTYSINGLEVALUE('NominalHeight',$,IFCREAL(3.048),$);
#8490=IFCPROPERTYSINGLEVALUE('NominalFootprintArea',$,IFCREAL(0.053679999999999999),$);
#8491=IFCPROPERTYSINGLEVALUE('NominalVolume',$,IFCREAL(0.16361600000000001),$);
#8492=IFCMEMBERTYPE('0npOcjhnv7hBsq$xrtX9XF',$,'WT Structural Tee - WT6X60',$,$,(#8509,#8513,#8524),(#8508),$,$,.NOTDEFINED.);
#8493=IFCCARTESIANPOINT((0.,0.));
#8494=IFCDIRECTION((1.,0.));
#8495=IFCAXIS2PLACEMENT2D(#8493,#8494);
#8496=IFCTSHAPEPROFILEDEF(.AREA.,'WT6X60',#8495,0.16662399999999999,0.31241999999999998,0.018034000000000001,0.028194,0.014985999999999999,$,$,$,$);
#8497=IFCCARTESIANPOINT((0.,0.,0.));
#8498=IFCDIRECTION((0.,0.,1.));
#8499=IFCDIRECTION((1.,0.,0.));
#8500=IFCAXIS2PLACEMENT3D(#8497,#8498,#8499);
#8501=IFCDIRECTION((0.,0.,1.));
#8502=IFCEXTRUDEDAREASOLID(#8496,#8500,#8501,3.048);
#8503=IFCSHAPEREPRESENTATION(#11,'Body','SweptSolid',(#8502));
#8504=IFCCARTESIANPOINT((0.,0.,0.));
#8505=IFCDIRECTION((1.,0.,0.));
#8506=IFCDIRECTION((0.,0.,1.));
#8507=IFCAXIS2PLACEMENT3D(#8504,#8506,#8505);
#8508=IFCREPRESENTATIONMAP(#8507,#8503);
#8509=IFCPROPERTYSET('0eBLlJ34PBRvKC7aiJQCHA',$,'MF_Structural',$,(#8510,#8511,#8512));
#8510=IFCPROPERTYSINGLEVALUE('Section',$,IFCLABEL('WT6X60'),$);
#8511=IFCPROPERTYSINGLEVALUE('SectionFamily',$,IFCLABEL('WT'),$);
#8512=IFCPROPERTYSINGLEVALUE('SectionSource',$,IFCLABEL('AISC Shapes Database v15.0 (US)'),$);
#8513=IFCPROPERTYSET('3Yhv5BT5fAa9ZtyrXKSdUh',$,'MF_Library',$,(#8514,#8515,#8516,#8517,#8518,#8519,#8520,#8521,#8522,#8523));
#8514=IFCPROPERTYSINGLEVALUE('Key',$,IFCLABEL('steel_tee_wt'),$);
#8515=IFCPROPERTYSINGLEVALUE('Family',$,IFCLABEL('WT Structural Tee'),$);
#8516=IFCPROPERTYSINGLEVALUE('TypeName',$,IFCLABEL('WT6X60'),$);
#8517=IFCPROPERTYSINGLEVALUE('Version',$,IFCLABEL('0.1.0'),$);
#8518=IFCPROPERTYSINGLEVALUE('License',$,IFCLABEL('CC0-1.0'),$);
#8519=IFCPROPERTYSINGLEVALUE('Source',$,IFCLABEL('massing-families'),$);
#8520=IFCPROPERTYSINGLEVALUE('Tier',$,IFCLABEL('L300'),$);
#8521=IFCPROPERTYSINGLEVALUE('Builder',$,IFCLABEL('profile'),$);
#8522=IFCPROPERTYSINGLEVALUE('Discipline',$,IFCLABEL('structural'),$);
#8523=IFCPROPERTYSINGLEVALUE('GeometryStatus',$,IFCLABEL('parametric'),$);
#8524=IFCPROPERTYSET('13hsdVM8nBVAPDs06jmk_C',$,'MF_Quantities',$,(#8525,#8526,#8527,#8528,#8529));
#8525=IFCPROPERTYSINGLEVALUE('NominalWidth',$,IFCREAL(0.31241999999999998),$);
#8526=IFCPROPERTYSINGLEVALUE('NominalDepth',$,IFCREAL(0.16662399999999999),$);
#8527=IFCPROPERTYSINGLEVALUE('NominalHeight',$,IFCREAL(3.048),$);
#8528=IFCPROPERTYSINGLEVALUE('NominalFootprintArea',$,IFCREAL(0.052056999999999999),$);
#8529=IFCPROPERTYSINGLEVALUE('NominalVolume',$,IFCREAL(0.158669),$);
#8530=IFCMEMBERTYPE('3aJb5GNY5ETxC2hfMx2SG3',$,'WT Structural Tee - WT6X53',$,$,(#8547,#8551,#8562),(#8546),$,$,.NOTDEFINED.);
#8531=IFCCARTESIANPOINT((0.,0.));
#8532=IFCDIRECTION((1.,0.));
#8533=IFCAXIS2PLACEMENT2D(#8531,#8532);
#8534=IFCTSHAPEPROFILEDEF(.AREA.,'WT6X53',#8533,0.16383,0.30987999999999999,0.015494000000000001,0.025146000000000002,0.01524,$,$,$,$);
#8535=IFCCARTESIANPOINT((0.,0.,0.));
#8536=IFCDIRECTION((0.,0.,1.));
#8537=IFCDIRECTION((1.,0.,0.));
#8538=IFCAXIS2PLACEMENT3D(#8535,#8536,#8537);
#8539=IFCDIRECTION((0.,0.,1.));
#8540=IFCEXTRUDEDAREASOLID(#8534,#8538,#8539,3.048);
#8541=IFCSHAPEREPRESENTATION(#11,'Body','SweptSolid',(#8540));
#8542=IFCCARTESIANPOINT((0.,0.,0.));
#8543=IFCDIRECTION((1.,0.,0.));
#8544=IFCDIRECTION((0.,0.,1.));
#8545=IFCAXIS2PLACEMENT3D(#8542,#8544,#8543);
#8546=IFCREPRESENTATIONMAP(#8545,#8541);
#8547=IFCPROPERTYSET('0TPfO6Fxr0Nf8QG_hFITch',$,'MF_Structural',$,(#8548,#8549,#8550));
#8548=IFCPROPERTYSINGLEVALUE('Section',$,IFCLABEL('WT6X53'),$);
#8549=IFCPROPERTYSINGLEVALUE('SectionFamily',$,IFCLABEL('WT'),$);
#8550=IFCPROPERTYSINGLEVALUE('SectionSource',$,IFCLABEL('AISC Shapes Database v15.0 (US)'),$);
#8551=IFCPROPERTYSET('0vH8v2E7b22giFXtmLd6mG',$,'MF_Library',$,(#8552,#8553,#8554,#8555,#8556,#8557,#8558,#8559,#8560,#8561));
#8552=IFCPROPERTYSINGLEVALUE('Key',$,IFCLABEL('steel_tee_wt'),$);
#8553=IFCPROPERTYSINGLEVALUE('Family',$,IFCLABEL('WT Structural Tee'),$);
#8554=IFCPROPERTYSINGLEVALUE('TypeName',$,IFCLABEL('WT6X53'),$);
#8555=IFCPROPERTYSINGLEVALUE('Version',$,IFCLABEL('0.1.0'),$);
#8556=IFCPROPERTYSINGLEVALUE('License',$,IFCLABEL('CC0-1.0'),$);
#8557=IFCPROPERTYSINGLEVALUE('Source',$,IFCLABEL('massing-families'),$);
#8558=IFCPROPERTYSINGLEVALUE('Tier',$,IFCLABEL('L300'),$);
#8559=IFCPROPERTYSINGLEVALUE('Builder',$,IFCLABEL('profile'),$);
#8560=IFCPROPERTYSINGLEVALUE('Discipline',$,IFCLABEL('structural'),$);
#8561=IFCPROPERTYSINGLEVALUE('GeometryStatus',$,IFCLABEL('parametric'),$);
#8562=IFCPROPERTYSET('2N0kp9OBvDwPVutgUMHRNf',$,'MF_Quantities',$,(#8563,#8564,#8565,#8566,#8567));
#8563=IFCPROPERTYSINGLEVALUE('NominalWidth',$,IFCREAL(0.30987999999999999),$);
#8564=IFCPROPERTYSINGLEVALUE('NominalDepth',$,IFCREAL(0.16383),$);
#8565=IFCPROPERTYSINGLEVALUE('NominalHeight',$,IFCREAL(3.048),$);
#8566=IFCPROPERTYSINGLEVALUE('NominalFootprintArea',$,IFCREAL(0.050768000000000001),$);
#8567=IFCPROPERTYSINGLEVALUE('NominalVolume',$,IFCREAL(0.15473999999999999),$);
#8568=IFCMEMBERTYPE('273ZhlrMLA0eGgMyyevs2R',$,'WT Structural Tee - WT6X48',$,$,(#8585,#8589,#8600),(#8584),$,$,.NOTDEFINED.);
#8569=IFCCARTESIANPOINT((0.,0.));
#8570=IFCDIRECTION((1.,0.));
#8571=IFCAXIS2PLACEMENT2D(#8569,#8570);
#8572=IFCTSHAPEPROFILEDEF(.AREA.,'WT6X48',#8571,0.16154399999999999,0.30987999999999999,0.01397,0.022859999999999998,0.01524,$,$,$,$);
#8573=IFCCARTESIANPOINT((0.,0.,0.));
#8574=IFCDIRECTION((0.,0.,1.));
#8575=IFCDIRECTION((1.,0.,0.));
#8576=IFCAXIS2PLACEMENT3D(#8573,#8574,#8575);
#8577=IFCDIRECTION((0.,0.,1.));
#8578=IFCEXTRUDEDAREASOLID(#8572,#8576,#8577,3.048);
#8579=IFCSHAPEREPRESENTATION(#11,'Body','SweptSolid',(#8578));
#8580=IFCCARTESIANPOINT((0.,0.,0.));
#8581=IFCDIRECTION((1.,0.,0.));
#8582=IFCDIRECTION((0.,0.,1.));
#8583=IFCAXIS2PLACEMENT3D(#8580,#8582,#8581);
#8584=IFCREPRESENTATIONMAP(#8583,#8579);
#8585=IFCPROPERTYSET('13yc9TNCLBQfQQ6CbfLA3x',$,'MF_Structural',$,(#8586,#8587,#8588));
#8586=IFCPROPERTYSINGLEVALUE('Section',$,IFCLABEL('WT6X48'),$);
#8587=IFCPROPERTYSINGLEVALUE('SectionFamily',$,IFCLABEL('WT'),$);
#8588=IFCPROPERTYSINGLEVALUE('SectionSource',$,IFCLABEL('AISC Shapes Database v15.0 (US)'),$);
#8589=IFCPROPERTYSET('3qQWjK9eX4OQAoAnrgzQ_9',$,'MF_Library',$,(#8590,#8591,#8592,#8593,#8594,#8595,#8596,#8597,#8598,#8599));
#8590=IFCPROPERTYSINGLEVALUE('Key',$,IFCLABEL('steel_tee_wt'),$);
#8591=IFCPROPERTYSINGLEVALUE('Family',$,IFCLABEL('WT Structural Tee'),$);
#8592=IFCPROPERTYSINGLEVALUE('TypeName',$,IFCLABEL('WT6X48'),$);
#8593=IFCPROPERTYSINGLEVALUE('Version',$,IFCLABEL('0.1.0'),$);
#8594=IFCPROPERTYSINGLEVALUE('License',$,IFCLABEL('CC0-1.0'),$);
#8595=IFCPROPERTYSINGLEVALUE('Source',$,IFCLABEL('massing-families'),$);
#8596=IFCPROPERTYSINGLEVALUE('Tier',$,IFCLABEL('L300'),$);
#8597=IFCPROPERTYSINGLEVALUE('Builder',$,IFCLABEL('profile'),$);
#8598=IFCPROPERTYSINGLEVALUE('Discipline',$,IFCLABEL('structural'),$);
#8599=IFCPROPERTYSINGLEVALUE('GeometryStatus',$,IFCLABEL('parametric'),$);
#8600=IFCPROPERTYSET('2AIGEDDDz3h9NYldoQaki_',$,'MF_Quantities',$,(#8601,#8602,#8603,#8604,#8605));
#8601=IFCPROPERTYSINGLEVALUE('NominalWidth',$,IFCREAL(0.30987999999999999),$);
#8602=IFCPROPERTYSINGLEVALUE('NominalDepth',$,IFCREAL(0.16154399999999999),$);
#8603=IFCPROPERTYSINGLEVALUE('NominalHeight',$,IFCREAL(3.048),$);
#8604=IFCPROPERTYSINGLEVALUE('NominalFootprintArea',$,IFCREAL(0.050058999999999999),$);
#8605=IFCPROPERTYSINGLEVALUE('NominalVolume',$,IFCREAL(0.15258099999999999),$);
#8606=IFCMEMBERTYPE('1SsRg4nTP5lwHFvFTzr5Ca',$,'WT Structural Tee - WT6X43.5',$,$,(#8623,#8627,#8638),(#8622),$,$,.NOTDEFINED.);
#8607=IFCCARTESIANPOINT((0.,0.));
#8608=IFCDIRECTION((1.,0.));
#8609=IFCAXIS2PLACEMENT2D(#8607,#8608);
#8610=IFCTSHAPEPROFILEDEF(.AREA.,'WT6X43.5',#8609,0.15925800000000001,0.30734,0.013081000000000001,0.020573999999999999,0.01524,$,$,$,$);
#8611=IFCCARTESIANPOINT((0.,0.,0.));
#8612=IFCDIRECTION((0.,0.,1.));
#8613=IFCDIRECTION((1.,0.,0.));
#8614=IFCAXIS2PLACEMENT3D(#8611,#8612,#8613);
#8615=IFCDIRECTION((0.,0.,1.));
#8616=IFCEXTRUDEDAREASOLID(#8610,#8614,#8615,3.048);
#8617=IFCSHAPEREPRESENTATION(#11,'Body','SweptSolid',(#8616));
#8618=IFCCARTESIANPOINT((0.,0.,0.));
#8619=IFCDIRECTION((1.,0.,0.));
#8620=IFCDIRECTION((0.,0.,1.));
#8621=IFCAXIS2PLACEMENT3D(#8618,#8620,#8619);
#8622=IFCREPRESENTATIONMAP(#8621,#8617);
#8623=IFCPROPERTYSET('2iLw7vkPjBuPyx5ZtF1peT',$,'MF_Structural',$,(#8624,#8625,#8626));
#8624=IFCPROPERTYSINGLEVALUE('Section',$,IFCLABEL('WT6X43.5'),$);
#8625=IFCPROPERTYSINGLEVALUE('SectionFamily',$,IFCLABEL('WT'),$);
#8626=IFCPROPERTYSINGLEVALUE('SectionSource',$,IFCLABEL('AISC Shapes Database v15.0 (US)'),$);
#8627=IFCPROPERTYSET('0W3J0Ce6L4vfKZKy6y0Oky',$,'MF_Library',$,(#8628,#8629,#8630,#8631,#8632,#8633,#8634,#8635,#8636,#8637));
#8628=IFCPROPERTYSINGLEVALUE('Key',$,IFCLABEL('steel_tee_wt'),$);
#8629=IFCPROPERTYSINGLEVALUE('Family',$,IFCLABEL('WT Structural Tee'),$);
#8630=IFCPROPERTYSINGLEVALUE('TypeName',$,IFCLABEL('WT6X43.5'),$);
#8631=IFCPROPERTYSINGLEVALUE('Version',$,IFCLABEL('0.1.0'),$);
#8632=IFCPROPERTYSINGLEVALUE('License',$,IFCLABEL('CC0-1.0'),$);
#8633=IFCPROPERTYSINGLEVALUE('Source',$,IFCLABEL('massing-families'),$);
#8634=IFCPROPERTYSINGLEVALUE('Tier',$,IFCLABEL('L300'),$);
#8635=IFCPROPERTYSINGLEVALUE('Builder',$,IFCLABEL('profile'),$);
#8636=IFCPROPERTYSINGLEVALUE('Discipline',$,IFCLABEL('structural'),$);
#8637=IFCPROPERTYSINGLEVALUE('GeometryStatus',$,IFCLABEL('parametric'),$);
#8638=IFCPROPERTYSET('3pKNcO9rnAMukcrNzM8J6G',$,'MF_Quantities',$,(#8639,#8640,#8641,#8642,#8643));
#8639=IFCPROPERTYSINGLEVALUE('NominalWidth',$,IFCREAL(0.30734),$);
#8640=IFCPROPERTYSINGLEVALUE('NominalDepth',$,IFCREAL(0.15925800000000001),$);
#8641=IFCPROPERTYSINGLEVALUE('NominalHeight',$,IFCREAL(3.048),$);
#8642=IFCPROPERTYSINGLEVALUE('NominalFootprintArea',$,IFCREAL(0.048946000000000003),$);
#8643=IFCPROPERTYSINGLEVALUE('NominalVolume',$,IFCREAL(0.14918799999999999),$);
#8644=IFCMEMBERTYPE('13hStxmQ58gwGmeQYzG6ek',$,'WT Structural Tee - WT6X39.5',$,$,(#8661,#8665,#8676),(#8660),$,$,.NOTDEFINED.);
#8645=IFCCARTESIANPOINT((0.,0.));
#8646=IFCDIRECTION((1.,0.));
#8647=IFCAXIS2PLACEMENT2D(#8645,#8646);
#8648=IFCTSHAPEPROFILEDEF(.AREA.,'WT6X39.5',#8647,0.157226,0.30734,0.011938000000000001,0.018669000000000002,0.015113,$,$,$,$);
#8649=IFCCARTESIANPOINT((0.,0.,0.));
#8650=IFCDIRECTION((0.,0.,1.));
#8651=IFCDIRECTION((1.,0.,0.));
#8652=IFCAXIS2PLACEMENT3D(#8649,#8650,#8651);
#8653=IFCDIRECTION((0.,0.,1.));
#8654=IFCEXTRUDEDAREASOLID(#8648,#8652,#8653,3.048);
#8655=IFCSHAPEREPRESENTATION(#11,'Body','SweptSolid',(#8654));
#8656=IFCCARTESIANPOINT((0.,0.,0.));
#8657=IFCDIRECTION((1.,0.,0.));
#8658=IFCDIRECTION((0.,0.,1.));
#8659=IFCAXIS2PLACEMENT3D(#8656,#8658,#8657);
#8660=IFCREPRESENTATIONMAP(#8659,#8655);
#8661=IFCPROPERTYSET('1T2F78CW1DGAoaFUqF2EQr',$,'MF_Structural',$,(#8662,#8663,#8664));
#8662=IFCPROPERTYSINGLEVALUE('Section',$,IFCLABEL('WT6X39.5'),$);
#8663=IFCPROPERTYSINGLEVALUE('SectionFamily',$,IFCLABEL('WT'),$);
#8664=IFCPROPERTYSINGLEVALUE('SectionSource',$,IFCLABEL('AISC Shapes Database v15.0 (US)'),$);
#8665=IFCPROPERTYSET('2dgFk7WbH5lfyNJyTpbuBZ',$,'MF_Library',$,(#8666,#8667,#8668,#8669,#8670,#8671,#8672,#8673,#8674,#8675));
#8666=IFCPROPERTYSINGLEVALUE('Key',$,IFCLABEL('steel_tee_wt'),$);
#8667=IFCPROPERTYSINGLEVALUE('Family',$,IFCLABEL('WT Structural Tee'),$);
#8668=IFCPROPERTYSINGLEVALUE('TypeName',$,IFCLABEL('WT6X39.5'),$);
#8669=IFCPROPERTYSINGLEVALUE('Version',$,IFCLABEL('0.1.0'),$);
#8670=IFCPROPERTYSINGLEVALUE('License',$,IFCLABEL('CC0-1.0'),$);
#8671=IFCPROPERTYSINGLEVALUE('Source',$,IFCLABEL('massing-families'),$);
#8672=IFCPROPERTYSINGLEVALUE('Tier',$,IFCLABEL('L300'),$);
#8673=IFCPROPERTYSINGLEVALUE('Builder',$,IFCLABEL('profile'),$);
#8674=IFCPROPERTYSINGLEVALUE('Discipline',$,IFCLABEL('structural'),$);
#8675=IFCPROPERTYSINGLEVALUE('GeometryStatus',$,IFCLABEL('parametric'),$);
#8676=IFCPROPERTYSET('3pK_QzCkL4ehnrfC$QNZgd',$,'MF_Quantities',$,(#8677,#8678,#8679,#8680,#8681));
#8677=IFCPROPERTYSINGLEVALUE('NominalWidth',$,IFCREAL(0.30734),$);
#8678=IFCPROPERTYSINGLEVALUE('NominalDepth',$,IFCREAL(0.157226),$);
#8679=IFCPROPERTYSINGLEVALUE('NominalHeight',$,IFCREAL(3.048),$);
#8680=IFCPROPERTYSINGLEVALUE('NominalFootprintArea',$,IFCREAL(0.048321999999999997),$);
#8681=IFCPROPERTYSINGLEVALUE('NominalVolume',$,IFCREAL(0.147285),$);
#8682=IFCMEMBERTYPE('0dIuPRA5n0kfT$M6NzS_8T',$,'WT Structural Tee - WT6X36',$,$,(#8699,#8703,#8714),(#8698),$,$,.NOTDEFINED.);
#8683=IFCCARTESIANPOINT((0.,0.));
#8684=IFCDIRECTION((1.,0.));
#8685=IFCAXIS2PLACEMENT2D(#8683,#8684);
#8686=IFCTSHAPEPROFILEDEF(.AREA.,'WT6X36',#8685,0.15570200000000001,0.30480000000000002,0.010921999999999999,0.017017999999999998,0.01524,$,$,$,$);
#8687=IFCCARTESIANPOINT((0.,0.,0.));
#8688=IFCDIRECTION((0.,0.,1.));
#8689=IFCDIRECTION((1.,0.,0.));
#8690=IFCAXIS2PLACEMENT3D(#8687,#8688,#8689);
#8691=IFCDIRECTION((0.,0.,1.));
#8692=IFCEXTRUDEDAREASOLID(#8686,#8690,#8691,3.048);
#8693=IFCSHAPEREPRESENTATION(#11,'Body','SweptSolid',(#8692));
#8694=IFCCARTESIANPOINT((0.,0.,0.));
#8695=IFCDIRECTION((1.,0.,0.));
#8696=IFCDIRECTION((0.,0.,1.));
#8697=IFCAXIS2PLACEMENT3D(#8694,#8696,#8695);
#8698=IFCREPRESENTATIONMAP(#8697,#8693);
#8699=IFCPROPERTYSET('20dZEWmx5AZBQZ6l_86a1b',$,'MF_Structural',$,(#8700,#8701,#8702));
#8700=IFCPROPERTYSINGLEVALUE('Section',$,IFCLABEL('WT6X36'),$);
#8701=IFCPROPERTYSINGLEVALUE('SectionFamily',$,IFCLABEL('WT'),$);
#8702=IFCPROPERTYSINGLEVALUE('SectionSource',$,IFCLABEL('AISC Shapes Database v15.0 (US)'),$);
#8703=IFCPROPERTYSET('3GV3Kr2if75BqQ90TWmh7v',$,'MF_Library',$,(#8704,#8705,#8706,#8707,#8708,#8709,#8710,#8711,#8712,#8713));
#8704=IFCPROPERTYSINGLEVALUE('Key',$,IFCLABEL('steel_tee_wt'),$);
#8705=IFCPROPERTYSINGLEVALUE('Family',$,IFCLABEL('WT Structural Tee'),$);
#8706=IFCPROPERTYSINGLEVALUE('TypeName',$,IFCLABEL('WT6X36'),$);
#8707=IFCPROPERTYSINGLEVALUE('Version',$,IFCLABEL('0.1.0'),$);
#8708=IFCPROPERTYSINGLEVALUE('License',$,IFCLABEL('CC0-1.0'),$);
#8709=IFCPROPERTYSINGLEVALUE('Source',$,IFCLABEL('massing-families'),$);
#8710=IFCPROPERTYSINGLEVALUE('Tier',$,IFCLABEL('L300'),$);
#8711=IFCPROPERTYSINGLEVALUE('Builder',$,IFCLABEL('profile'),$);
#8712=IFCPROPERTYSINGLEVALUE('Discipline',$,IFCLABEL('structural'),$);
#8713=IFCPROPERTYSINGLEVALUE('GeometryStatus',$,IFCLABEL('parametric'),$);
#8714=IFCPROPERTYSET('1eq06QA_P8WQB$pLIrp$UB',$,'MF_Quantities',$,(#8715,#8716,#8717,#8718,#8719));
#8715=IFCPROPERTYSINGLEVALUE('NominalWidth',$,IFCREAL(0.30480000000000002),$);
#8716=IFCPROPERTYSINGLEVALUE('NominalDepth',$,IFCREAL(0.15570200000000001),$);
#8717=IFCPROPERTYSINGLEVALUE('NominalHeight',$,IFCREAL(3.048),$);
#8718=IFCPROPERTYSINGLEVALUE('NominalFootprintArea',$,IFCREAL(0.047458),$);
#8719=IFCPROPERTYSINGLEVALUE('NominalVolume',$,IFCREAL(0.144652),$);
#8720=IFCMEMBERTYPE('0iiai0dMf2jxQ8LKoNGtcy',$,'WT Structural Tee - WT6X32.5',$,$,(#8737,#8741,#8752),(#8736),$,$,.NOTDEFINED.);
#8721=IFCCARTESIANPOINT((0.,0.));
#8722=IFCDIRECTION((1.,0.));
#8723=IFCAXIS2PLACEMENT2D(#8721,#8722);
#8724=IFCTSHAPEPROFILEDEF(.AREA.,'WT6X32.5',#8723,0.15392400000000001,0.30480000000000002,0.0099059999999999999,0.015367,0.015113,$,$,$,$);
#8725=IFCCARTESIANPOINT((0.,0.,0.));
#8726=IFCDIRECTION((0.,0.,1.));
#8727=IFCDIRECTION((1.,0.,0.));
#8728=IFCAXIS2PLACEMENT3D(#8725,#8726,#8727);
#8729=IFCDIRECTION((0.,0.,1.));
#8730=IFCEXTRUDEDAREASOLID(#8724,#8728,#8729,3.048);
#8731=IFCSHAPEREPRESENTATION(#11,'Body','SweptSolid',(#8730));
#8732=IFCCARTESIANPOINT((0.,0.,0.));
#8733=IFCDIRECTION((1.,0.,0.));
#8734=IFCDIRECTION((0.,0.,1.));
#8735=IFCAXIS2PLACEMENT3D(#8732,#8734,#8733);
#8736=IFCREPRESENTATIONMAP(#8735,#8731);
#8737=IFCPROPERTYSET('0vE2zWeUnFXO1CpsTGSqM7',$,'MF_Structural',$,(#8738,#8739,#8740));
#8738=IFCPROPERTYSINGLEVALUE('Section',$,IFCLABEL('WT6X32.5'),$);
#8739=IFCPROPERTYSINGLEVALUE('SectionFamily',$,IFCLABEL('WT'),$);
#8740=IFCPROPERTYSINGLEVALUE('SectionSource',$,IFCLABEL('AISC Shapes Database v15.0 (US)'),$);
#8741=IFCPROPERTYSET('3JRTaZN_T6fwSvMgQwa0Ab',$,'MF_Library',$,(#8742,#8743,#8744,#8745,#8746,#8747,#8748,#8749,#8750,#8751));
#8742=IFCPROPERTYSINGLEVALUE('Key',$,IFCLABEL('steel_tee_wt'),$);
#8743=IFCPROPERTYSINGLEVALUE('Family',$,IFCLABEL('WT Structural Tee'),$);
#8744=IFCPROPERTYSINGLEVALUE('TypeName',$,IFCLABEL('WT6X32.5'),$);
#8745=IFCPROPERTYSINGLEVALUE('Version',$,IFCLABEL('0.1.0'),$);
#8746=IFCPROPERTYSINGLEVALUE('License',$,IFCLABEL('CC0-1.0'),$);
#8747=IFCPROPERTYSINGLEVALUE('Source',$,IFCLABEL('massing-families'),$);
#8748=IFCPROPERTYSINGLEVALUE('Tier',$,IFCLABEL('L300'),$);
#8749=IFCPROPERTYSINGLEVALUE('Builder',$,IFCLABEL('profile'),$);
#8750=IFCPROPERTYSINGLEVALUE('Discipline',$,IFCLABEL('structural'),$);
#8751=IFCPROPERTYSINGLEVALUE('GeometryStatus',$,IFCLABEL('parametric'),$);
#8752=IFCPROPERTYSET('3flqhZqILE2QcgEtBdsCOK',$,'MF_Quantities',$,(#8753,#8754,#8755,#8756,#8757));
#8753=IFCPROPERTYSINGLEVALUE('NominalWidth',$,IFCREAL(0.30480000000000002),$);
#8754=IFCPROPERTYSINGLEVALUE('NominalDepth',$,IFCREAL(0.15392400000000001),$);
#8755=IFCPROPERTYSINGLEVALUE('NominalHeight',$,IFCREAL(3.048),$);
#8756=IFCPROPERTYSINGLEVALUE('NominalFootprintArea',$,IFCREAL(0.046915999999999999),$);
#8757=IFCPROPERTYSINGLEVALUE('NominalVolume',$,IFCREAL(0.14299999999999999),$);
#8758=IFCMEMBERTYPE('2VNlXqhtvBwvBLa40raUgP',$,'WT Structural Tee - WT6X29',$,$,(#8775,#8779,#8790),(#8774),$,$,.NOTDEFINED.);
#8759=IFCCARTESIANPOINT((0.,0.));
#8760=IFCDIRECTION((1.,0.));
#8761=IFCAXIS2PLACEMENT2D(#8759,#8760);
#8762=IFCTSHAPEPROFILEDEF(.AREA.,'WT6X29',#8761,0.15493999999999999,0.254,0.0091439999999999994,0.016256,0.01524,$,$,$,$);
#8763=IFCCARTESIANPOINT((0.,0.,0.));
#8764=IFCDIRECTION((0.,0.,1.));
#8765=IFCDIRECTION((1.,0.,0.));
#8766=IFCAXIS2PLACEMENT3D(#8763,#8764,#8765);
#8767=IFCDIRECTION((0.,0.,1.));
#8768=IFCEXTRUDEDAREASOLID(#8762,#8766,#8767,3.048);
#8769=IFCSHAPEREPRESENTATION(#11,'Body','SweptSolid',(#8768));
#8770=IFCCARTESIANPOINT((0.,0.,0.));
#8771=IFCDIRECTION((1.,0.,0.));
#8772=IFCDIRECTION((0.,0.,1.));
#8773=IFCAXIS2PLACEMENT3D(#8770,#8772,#8771);
#8774=IFCREPRESENTATIONMAP(#8773,#8769);
#8775=IFCPROPERTYSET('37jZnK12rDiwdkR1LPO1hj',$,'MF_Structural',$,(#8776,#8777,#8778));
#8776=IFCPROPERTYSINGLEVALUE('Section',$,IFCLABEL('WT6X29'),$);
#8777=IFCPROPERTYSINGLEVALUE('SectionFamily',$,IFCLABEL('WT'),$);
#8778=IFCPROPERTYSINGLEVALUE('SectionSource',$,IFCLABEL('AISC Shapes Database v15.0 (US)'),$);
#8779=IFCPROPERTYSET('16W83GgdL3HATBVqbTgtiN',$,'MF_Library',$,(#8780,#8781,#8782,#8783,#8784,#8785,#8786,#8787,#8788,#8789));
#8780=IFCPROPERTYSINGLEVALUE('Key',$,IFCLABEL('steel_tee_wt'),$);
#8781=IFCPROPERTYSINGLEVALUE('Family',$,IFCLABEL('WT Structural Tee'),$);
#8782=IFCPROPERTYSINGLEVALUE('TypeName',$,IFCLABEL('WT6X29'),$);
#8783=IFCPROPERTYSINGLEVALUE('Version',$,IFCLABEL('0.1.0'),$);
#8784=IFCPROPERTYSINGLEVALUE('License',$,IFCLABEL('CC0-1.0'),$);
#8785=IFCPROPERTYSINGLEVALUE('Source',$,IFCLABEL('massing-families'),$);
#8786=IFCPROPERTYSINGLEVALUE('Tier',$,IFCLABEL('L300'),$);
#8787=IFCPROPERTYSINGLEVALUE('Builder',$,IFCLABEL('profile'),$);
#8788=IFCPROPERTYSINGLEVALUE('Discipline',$,IFCLABEL('structural'),$);
#8789=IFCPROPERTYSINGLEVALUE('GeometryStatus',$,IFCLABEL('parametric'),$);
#8790=IFCPROPERTYSET('183$6NH_DCbu9s7ERUDUyv',$,'MF_Quantities',$,(#8791,#8792,#8793,#8794,#8795));
#8791=IFCPROPERTYSINGLEVALUE('NominalWidth',$,IFCREAL(0.254),$);
#8792=IFCPROPERTYSINGLEVALUE('NominalDepth',$,IFCREAL(0.15493999999999999),$);
#8793=IFCPROPERTYSINGLEVALUE('NominalHeight',$,IFCREAL(3.048),$);
#8794=IFCPROPERTYSINGLEVALUE('NominalFootprintArea',$,IFCREAL(0.039355000000000001),$);
#8795=IFCPROPERTYSINGLEVALUE('NominalVolume',$,IFCREAL(0.119953),$);
#8796=IFCMEMBERTYPE('3fnAdIDkX5qA06Q2TgbzsA',$,'WT Structural Tee - WT6X26.5',$,$,(#8813,#8817,#8828),(#8812),$,$,.NOTDEFINED.);
#8797=IFCCARTESIANPOINT((0.,0.));
#8798=IFCDIRECTION((1.,0.));
#8799=IFCAXIS2PLACEMENT2D(#8797,#8798);
#8800=IFCTSHAPEPROFILEDEF(.AREA.,'WT6X26.5',#8799,0.15316199999999999,0.254,0.008763,0.014605,0.015367,$,$,$,$);
#8801=IFCCARTESIANPOINT((0.,0.,0.));
#8802=IFCDIRECTION((0.,0.,1.));
#8803=IFCDIRECTION((1.,0.,0.));
#8804=IFCAXIS2PLACEMENT3D(#8801,#8802,#8803);
#8805=IFCDIRECTION((0.,0.,1.));
#8806=IFCEXTRUDEDAREASOLID(#8800,#8804,#8805,3.048);
#8807=IFCSHAPEREPRESENTATION(#11,'Body','SweptSolid',(#8806));
#8808=IFCCARTESIANPOINT((0.,0.,0.));
#8809=IFCDIRECTION((1.,0.,0.));
#8810=IFCDIRECTION((0.,0.,1.));
#8811=IFCAXIS2PLACEMENT3D(#8808,#8810,#8809);
#8812=IFCREPRESENTATIONMAP(#8811,#8807);
#8813=IFCPROPERTYSET('02Pr0kWsDFdw3rCMGVGotD',$,'MF_Structural',$,(#8814,#8815,#8816));
#8814=IFCPROPERTYSINGLEVALUE('Section',$,IFCLABEL('WT6X26.5'),$);
#8815=IFCPROPERTYSINGLEVALUE('SectionFamily',$,IFCLABEL('WT'),$);
#8816=IFCPROPERTYSINGLEVALUE('SectionSource',$,IFCLABEL('AISC Shapes Database v15.0 (US)'),$);
#8817=IFCPROPERTYSET('38kpSop3LAQRSD8hvZawiM',$,'MF_Library',$,(#8818,#8819,#8820,#8821,#8822,#8823,#8824,#8825,#8826,#8827));
#8818=IFCPROPERTYSINGLEVALUE('Key',$,IFCLABEL('steel_tee_wt'),$);
#8819=IFCPROPERTYSINGLEVALUE('Family',$,IFCLABEL('WT Structural Tee'),$);
#8820=IFCPROPERTYSINGLEVALUE('TypeName',$,IFCLABEL('WT6X26.5'),$);
#8821=IFCPROPERTYSINGLEVALUE('Version',$,IFCLABEL('0.1.0'),$);
#8822=IFCPROPERTYSINGLEVALUE('License',$,IFCLABEL('CC0-1.0'),$);
#8823=IFCPROPERTYSINGLEVALUE('Source',$,IFCLABEL('massing-families'),$);
#8824=IFCPROPERTYSINGLEVALUE('Tier',$,IFCLABEL('L300'),$);
#8825=IFCPROPERTYSINGLEVALUE('Builder',$,IFCLABEL('profile'),$);
#8826=IFCPROPERTYSINGLEVALUE('Discipline',$,IFCLABEL('structural'),$);
#8827=IFCPROPERTYSINGLEVALUE('GeometryStatus',$,IFCLABEL('parametric'),$);
#8828=IFCPROPERTYSET('0JB8J0qr90RRHe4to6Jpig',$,'MF_Quantities',$,(#8829,#8830,#8831,#8832,#8833));
#8829=IFCPROPERTYSINGLEVALUE('NominalWidth',$,IFCREAL(0.254),$);
#8830=IFCPROPERTYSINGLEVALUE('NominalDepth',$,IFCREAL(0.15316199999999999),$);
#8831=IFCPROPERTYSINGLEVALUE('NominalHeight',$,IFCREAL(3.048),$);
#8832=IFCPROPERTYSINGLEVALUE('NominalFootprintArea',$,IFCREAL(0.038903),$);
#8833=IFCPROPERTYSINGLEVALUE('NominalVolume',$,IFCREAL(0.118577),$);
#8834=IFCMEMBERTYPE('2PPw_3mPLBDe1U3DMxlBEs',$,'WT Structural Tee - WT6X25',$,$,(#8851,#8855,#8866),(#8850),$,$,.NOTDEFINED.);
#8835=IFCCARTESIANPOINT((0.,0.));
#8836=IFCDIRECTION((1.,0.));
#8837=IFCAXIS2PLACEMENT2D(#8835,#8836);
#8838=IFCTSHAPEPROFILEDEF(.AREA.,'WT6X25',#8837,0.15493999999999999,0.205232,0.0093980000000000001,0.016256,0.012699999999999999,$,$,$,$);
#8839=IFCCARTESIANPOINT((0.,0.,0.));
#8840=IFCDIRECTION((0.,0.,1.));
#8841=IFCDIRECTION((1.,0.,0.));
#8842=IFCAXIS2PLACEMENT3D(#8839,#8840,#8841);
#8843=IFCDIRECTION((0.,0.,1.));
#8844=IFCEXTRUDEDAREASOLID(#8838,#8842,#8843,3.048);
#8845=IFCSHAPEREPRESENTATION(#11,'Body','SweptSolid',(#8844));
#8846=IFCCARTESIANPOINT((0.,0.,0.));
#8847=IFCDIRECTION((1.,0.,0.));
#8848=IFCDIRECTION((0.,0.,1.));
#8849=IFCAXIS2PLACEMENT3D(#8846,#8848,#8847);
#8850=IFCREPRESENTATIONMAP(#8849,#8845);
#8851=IFCPROPERTYSET('2XLPK_BQP6AxhBc$KGbOmM',$,'MF_Structural',$,(#8852,#8853,#8854));
#8852=IFCPROPERTYSINGLEVALUE('Section',$,IFCLABEL('WT6X25'),$);
#8853=IFCPROPERTYSINGLEVALUE('SectionFamily',$,IFCLABEL('WT'),$);
#8854=IFCPROPERTYSINGLEVALUE('SectionSource',$,IFCLABEL('AISC Shapes Database v15.0 (US)'),$);
#8855=IFCPROPERTYSET('1Em$7SV7rFL9wfIemLO$NX',$,'MF_Library',$,(#8856,#8857,#8858,#8859,#8860,#8861,#8862,#8863,#8864,#8865));
#8856=IFCPROPERTYSINGLEVALUE('Key',$,IFCLABEL('steel_tee_wt'),$);
#8857=IFCPROPERTYSINGLEVALUE('Family',$,IFCLABEL('WT Structural Tee'),$);
#8858=IFCPROPERTYSINGLEVALUE('TypeName',$,IFCLABEL('WT6X25'),$);
#8859=IFCPROPERTYSINGLEVALUE('Version',$,IFCLABEL('0.1.0'),$);
#8860=IFCPROPERTYSINGLEVALUE('License',$,IFCLABEL('CC0-1.0'),$);
#8861=IFCPROPERTYSINGLEVALUE('Source',$,IFCLABEL('massing-families'),$);
#8862=IFCPROPERTYSINGLEVALUE('Tier',$,IFCLABEL('L300'),$);
#8863=IFCPROPERTYSINGLEVALUE('Builder',$,IFCLABEL('profile'),$);
#8864=IFCPROPERTYSINGLEVALUE('Discipline',$,IFCLABEL('structural'),$);
#8865=IFCPROPERTYSINGLEVALUE('GeometryStatus',$,IFCLABEL('parametric'),$);
#8866=IFCPROPERTYSET('19UJwh1BzDDeVHnhl0z6m9',$,'MF_Quantities',$,(#8867,#8868,#8869,#8870,#8871));
#8867=IFCPROPERTYSINGLEVALUE('NominalWidth',$,IFCREAL(0.205232),$);
#8868=IFCPROPERTYSINGLEVALUE('NominalDepth',$,IFCREAL(0.15493999999999999),$);
#8869=IFCPROPERTYSINGLEVALUE('NominalHeight',$,IFCREAL(3.048),$);
#8870=IFCPROPERTYSINGLEVALUE('NominalFootprintArea',$,IFCREAL(0.031799000000000001),$);
#8871=IFCPROPERTYSINGLEVALUE('NominalVolume',$,IFCREAL(0.096921999999999994),$);
#8872=IFCMEMBERTYPE('3fhhkVr5r7gQ0UYs56i2BH',$,'WT Structural Tee - WT6X22.5',$,$,(#8889,#8893,#8904),(#8888),$,$,.NOTDEFINED.);
#8873=IFCCARTESIANPOINT((0.,0.));
#8874=IFCDIRECTION((1.,0.));
#8875=IFCAXIS2PLACEMENT2D(#8873,#8874);
#8876=IFCTSHAPEPROFILEDEF(.AREA.,'WT6X22.5',#8875,0.15316199999999999,0.20447000000000001,0.0085089999999999992,0.014605,0.012827,$,$,$,$);
#8877=IFCCARTESIANPOINT((0.,0.,0.));
#8878=IFCDIRECTION((0.,0.,1.));
#8879=IFCDIRECTION((1.,0.,0.));
#8880=IFCAXIS2PLACEMENT3D(#8877,#8878,#8879);
#8881=IFCDIRECTION((0.,0.,1.));
#8882=IFCEXTRUDEDAREASOLID(#8876,#8880,#8881,3.048);
#8883=IFCSHAPEREPRESENTATION(#11,'Body','SweptSolid',(#8882));
#8884=IFCCARTESIANPOINT((0.,0.,0.));
#8885=IFCDIRECTION((1.,0.,0.));
#8886=IFCDIRECTION((0.,0.,1.));
#8887=IFCAXIS2PLACEMENT3D(#8884,#8886,#8885);
#8888=IFCREPRESENTATIONMAP(#8887,#8883);
#8889=IFCPROPERTYSET('3muPfc0yf5Avt$sFbHepTL',$,'MF_Structural',$,(#8890,#8891,#8892));
#8890=IFCPROPERTYSINGLEVALUE('Section',$,IFCLABEL('WT6X22.5'),$);
#8891=IFCPROPERTYSINGLEVALUE('SectionFamily',$,IFCLABEL('WT'),$);
#8892=IFCPROPERTYSINGLEVALUE('SectionSource',$,IFCLABEL('AISC Shapes Database v15.0 (US)'),$);
#8893=IFCPROPERTYSET('16xaV_KSz6qvW2R6JkmAbS',$,'MF_Library',$,(#8894,#8895,#8896,#8897,#8898,#8899,#8900,#8901,#8902,#8903));
#8894=IFCPROPERTYSINGLEVALUE('Key',$,IFCLABEL('steel_tee_wt'),$);
#8895=IFCPROPERTYSINGLEVALUE('Family',$,IFCLABEL('WT Structural Tee'),$);
#8896=IFCPROPERTYSINGLEVALUE('TypeName',$,IFCLABEL('WT6X22.5'),$);
#8897=IFCPROPERTYSINGLEVALUE('Version',$,IFCLABEL('0.1.0'),$);
#8898=IFCPROPERTYSINGLEVALUE('License',$,IFCLABEL('CC0-1.0'),$);
#8899=IFCPROPERTYSINGLEVALUE('Source',$,IFCLABEL('massing-families'),$);
#8900=IFCPROPERTYSINGLEVALUE('Tier',$,IFCLABEL('L300'),$);
#8901=IFCPROPERTYSINGLEVALUE('Builder',$,IFCLABEL('profile'),$);
#8902=IFCPROPERTYSINGLEVALUE('Discipline',$,IFCLABEL('structural'),$);
#8903=IFCPROPERTYSINGLEVALUE('GeometryStatus',$,IFCLABEL('parametric'),$);
#8904=IFCPROPERTYSET('3BQm2fnUnALBmWnukb8EHj',$,'MF_Quantities',$,(#8905,#8906,#8907,#8908,#8909));
#8905=IFCPROPERTYSINGLEVALUE('NominalWidth',$,IFCREAL(0.20447000000000001),$);
#8906=IFCPROPERTYSINGLEVALUE('NominalDepth',$,IFCREAL(0.15316199999999999),$);
#8907=IFCPROPERTYSINGLEVALUE('NominalHeight',$,IFCREAL(3.048),$);
#8908=IFCPROPERTYSINGLEVALUE('NominalFootprintArea',$,IFCREAL(0.031316999999999998),$);
#8909=IFCPROPERTYSINGLEVALUE('NominalVolume',$,IFCREAL(0.095453999999999997),$);
#8910=IFCMEMBERTYPE('3PH8jwdGjEM9gvPp_dpHM4',$,'WT Structural Tee - WT6X20',$,$,(#8927,#8931,#8942),(#8926),$,$,.NOTDEFINED.);
#8911=IFCCARTESIANPOINT((0.,0.));
#8912=IFCDIRECTION((1.,0.));
#8913=IFCAXIS2PLACEMENT2D(#8911,#8912);
#8914=IFCTSHAPEPROFILEDEF(.AREA.,'WT6X20',#8913,0.151638,0.203454,0.0074929999999999997,0.013081000000000001,0.012827,$,$,$,$);
#8915=IFCCARTESIANPOINT((0.,0.,0.));
#8916=IFCDIRECTION((0.,0.,1.));
#8917=IFCDIRECTION((1.,0.,0.));
#8918=IFCAXIS2PLACEMENT3D(#8915,#8916,#8917);
#8919=IFCDIRECTION((0.,0.,1.));
#8920=IFCEXTRUDEDAREASOLID(#8914,#8918,#8919,3.048);
#8921=IFCSHAPEREPRESENTATION(#11,'Body','SweptSolid',(#8920));
#8922=IFCCARTESIANPOINT((0.,0.,0.));
#8923=IFCDIRECTION((1.,0.,0.));
#8924=IFCDIRECTION((0.,0.,1.));
#8925=IFCAXIS2PLACEMENT3D(#8922,#8924,#8923);
#8926=IFCREPRESENTATIONMAP(#8925,#8921);
#8927=IFCPROPERTYSET('02QCIlNz52zAK9VP7Kb$R2',$,'MF_Structural',$,(#8928,#8929,#8930));
#8928=IFCPROPERTYSINGLEVALUE('Section',$,IFCLABEL('WT6X20'),$);
#8929=IFCPROPERTYSINGLEVALUE('SectionFamily',$,IFCLABEL('WT'),$);
#8930=IFCPROPERTYSINGLEVALUE('SectionSource',$,IFCLABEL('AISC Shapes Database v15.0 (US)'),$);
#8931=IFCPROPERTYSET('26kQmrE1rFxe1LkR9kWjuW',$,'MF_Library',$,(#8932,#8933,#8934,#8935,#8936,#8937,#8938,#8939,#8940,#8941));
#8932=IFCPROPERTYSINGLEVALUE('Key',$,IFCLABEL('steel_tee_wt'),$);
#8933=IFCPROPERTYSINGLEVALUE('Family',$,IFCLABEL('WT Structural Tee'),$);
#8934=IFCPROPERTYSINGLEVALUE('TypeName',$,IFCLABEL('WT6X20'),$);
#8935=IFCPROPERTYSINGLEVALUE('Version',$,IFCLABEL('0.1.0'),$);
#8936=IFCPROPERTYSINGLEVALUE('License',$,IFCLABEL('CC0-1.0'),$);
#8937=IFCPROPERTYSINGLEVALUE('Source',$,IFCLABEL('massing-families'),$);
#8938=IFCPROPERTYSINGLEVALUE('Tier',$,IFCLABEL('L300'),$);
#8939=IFCPROPERTYSINGLEVALUE('Builder',$,IFCLABEL('profile'),$);
#8940=IFCPROPERTYSINGLEVALUE('Discipline',$,IFCLABEL('structural'),$);
#8941=IFCPROPERTYSINGLEVALUE('GeometryStatus',$,IFCLABEL('parametric'),$);
#8942=IFCPROPERTYSET('14fT58_892zRuUCDbCQcCL',$,'MF_Quantities',$,(#8943,#8944,#8945,#8946,#8947));
#8943=IFCPROPERTYSINGLEVALUE('NominalWidth',$,IFCREAL(0.203454),$);
#8944=IFCPROPERTYSINGLEVALUE('NominalDepth',$,IFCREAL(0.151638),$);
#8945=IFCPROPERTYSINGLEVALUE('NominalHeight',$,IFCREAL(3.048),$);
#8946=IFCPROPERTYSINGLEVALUE('NominalFootprintArea',$,IFCREAL(0.030851),$);
#8947=IFCPROPERTYSINGLEVALUE('NominalVolume',$,IFCREAL(0.094034999999999994),$);
#8948=IFCMEMBERTYPE('1cf2ToPOv4D9JHp7VCmXv0',$,'WT Structural Tee - WT6X17.5',$,$,(#8965,#8969,#8980),(#8964),$,$,.NOTDEFINED.);
#8949=IFCCARTESIANPOINT((0.,0.));
#8950=IFCDIRECTION((1.,0.));
#8951=IFCAXIS2PLACEMENT2D(#8949,#8950);
#8952=IFCTSHAPEPROFILEDEF(.AREA.,'WT6X17.5',#8951,0.15875,0.16662399999999999,0.00762,0.013207999999999999,0.00762,$,$,$,$);
#8953=IFCCARTESIANPOINT((0.,0.,0.));
#8954=IFCDIRECTION((0.,0.,1.));
#8955=IFCDIRECTION((1.,0.,0.));
#8956=IFCAXIS2PLACEMENT3D(#8953,#8954,#8955);
#8957=IFCDIRECTION((0.,0.,1.));
#8958=IFCEXTRUDEDAREASOLID(#8952,#8956,#8957,3.048);
#8959=IFCSHAPEREPRESENTATION(#11,'Body','SweptSolid',(#8958));
#8960=IFCCARTESIANPOINT((0.,0.,0.));
#8961=IFCDIRECTION((1.,0.,0.));
#8962=IFCDIRECTION((0.,0.,1.));
#8963=IFCAXIS2PLACEMENT3D(#8960,#8962,#8961);
#8964=IFCREPRESENTATIONMAP(#8963,#8959);
#8965=IFCPROPERTYSET('0soq3_pXn2afux6yJSzlvx',$,'MF_Structural',$,(#8966,#8967,#8968));
#8966=IFCPROPERTYSINGLEVALUE('Section',$,IFCLABEL('WT6X17.5'),$);
#8967=IFCPROPERTYSINGLEVALUE('SectionFamily',$,IFCLABEL('WT'),$);
#8968=IFCPROPERTYSINGLEVALUE('SectionSource',$,IFCLABEL('AISC Shapes Database v15.0 (US)'),$);
#8969=IFCPROPERTYSET('2ffz7_i71B9B4DTUdZ0oC1',$,'MF_Library',$,(#8970,#8971,#8972,#8973,#8974,#8975,#8976,#8977,#8978,#8979));
#8970=IFCPROPERTYSINGLEVALUE('Key',$,IFCLABEL('steel_tee_wt'),$);
#8971=IFCPROPERTYSINGLEVALUE('Family',$,IFCLABEL('WT Structural Tee'),$);
#8972=IFCPROPERTYSINGLEVALUE('TypeName',$,IFCLABEL('WT6X17.5'),$);
#8973=IFCPROPERTYSINGLEVALUE('Version',$,IFCLABEL('0.1.0'),$);
#8974=IFCPROPERTYSINGLEVALUE('License',$,IFCLABEL('CC0-1.0'),$);
#8975=IFCPROPERTYSINGLEVALUE('Source',$,IFCLABEL('massing-families'),$);
#8976=IFCPROPERTYSINGLEVALUE('Tier',$,IFCLABEL('L300'),$);
#8977=IFCPROPERTYSINGLEVALUE('Builder',$,IFCLABEL('profile'),$);
#8978=IFCPROPERTYSINGLEVALUE('Discipline',$,IFCLABEL('structural'),$);
#8979=IFCPROPERTYSINGLEVALUE('GeometryStatus',$,IFCLABEL('parametric'),$);
#8980=IFCPROPERTYSET('3uKtWgcK99ifHLPAK_LkN3',$,'MF_Quantities',$,(#8981,#8982,#8983,#8984,#8985));
#8981=IFCPROPERTYSINGLEVALUE('NominalWidth',$,IFCREAL(0.16662399999999999),$);
#8982=IFCPROPERTYSINGLEVALUE('NominalDepth',$,IFCREAL(0.15875),$);
#8983=IFCPROPERTYSINGLEVALUE('NominalHeight',$,IFCREAL(3.048),$);
#8984=IFCPROPERTYSINGLEVALUE('NominalFootprintArea',$,IFCREAL(0.026452),$);
#8985=IFCPROPERTYSINGLEVALUE('NominalVolume',$,IFCREAL(0.080624000000000001),$);
#8986=IFCMEMBERTYPE('0VLZt6fSrEMwSTkKfZw0_A',$,'WT Structural Tee - WT6X15',$,$,(#9003,#9007,#9018),(#9002),$,$,.NOTDEFINED.);
#8987=IFCCARTESIANPOINT((0.,0.));
#8988=IFCDIRECTION((1.,0.));
#8989=IFCAXIS2PLACEMENT2D(#8987,#8988);
#8990=IFCTSHAPEPROFILEDEF(.AREA.,'WT6X15',#8989,0.156718,0.16560800000000001,0.0066039999999999996,0.011176,0.00762,$,$,$,$);
#8991=IFCCARTESIANPOINT((0.,0.,0.));
#8992=IFCDIRECTION((0.,0.,1.));
#8993=IFCDIRECTION((1.,0.,0.));
#8994=IFCAXIS2PLACEMENT3D(#8991,#8992,#8993);
#8995=IFCDIRECTION((0.,0.,1.));
#8996=IFCEXTRUDEDAREASOLID(#8990,#8994,#8995,3.048);
#8997=IFCSHAPEREPRESENTATION(#11,'Body','SweptSolid',(#8996));
#8998=IFCCARTESIANPOINT((0.,0.,0.));
#8999=IFCDIRECTION((1.,0.,0.));
#9000=IFCDIRECTION((0.,0.,1.));
#9001=IFCAXIS2PLACEMENT3D(#8998,#9000,#8999);
#9002=IFCREPRESENTATIONMAP(#9001,#8997);
#9003=IFCPROPERTYSET('3aSFoRPzLABeb8baB1P5sL',$,'MF_Structural',$,(#9004,#9005,#9006));
#9004=IFCPROPERTYSINGLEVALUE('Section',$,IFCLABEL('WT6X15'),$);
#9005=IFCPROPERTYSINGLEVALUE('SectionFamily',$,IFCLABEL('WT'),$);
#9006=IFCPROPERTYSINGLEVALUE('SectionSource',$,IFCLABEL('AISC Shapes Database v15.0 (US)'),$);
#9007=IFCPROPERTYSET('1AUyyxrIH1hf8FMIz6FXi1',$,'MF_Library',$,(#9008,#9009,#9010,#9011,#9012,#9013,#9014,#9015,#9016,#9017));
#9008=IFCPROPERTYSINGLEVALUE('Key',$,IFCLABEL('steel_tee_wt'),$);
#9009=IFCPROPERTYSINGLEVALUE('Family',$,IFCLABEL('WT Structural Tee'),$);
#9010=IFCPROPERTYSINGLEVALUE('TypeName',$,IFCLABEL('WT6X15'),$);
#9011=IFCPROPERTYSINGLEVALUE('Version',$,IFCLABEL('0.1.0'),$);
#9012=IFCPROPERTYSINGLEVALUE('License',$,IFCLABEL('CC0-1.0'),$);
#9013=IFCPROPERTYSINGLEVALUE('Source',$,IFCLABEL('massing-families'),$);
#9014=IFCPROPERTYSINGLEVALUE('Tier',$,IFCLABEL('L300'),$);
#9015=IFCPROPERTYSINGLEVALUE('Builder',$,IFCLABEL('profile'),$);
#9016=IFCPROPERTYSINGLEVALUE('Discipline',$,IFCLABEL('structural'),$);
#9017=IFCPROPERTYSINGLEVALUE('GeometryStatus',$,IFCLABEL('parametric'),$);
#9018=IFCPROPERTYSET('1QwmHG1uH0kwIHYlvvKGDj',$,'MF_Quantities',$,(#9019,#9020,#9021,#9022,#9023));
#9019=IFCPROPERTYSINGLEVALUE('NominalWidth',$,IFCREAL(0.16560800000000001),$);
#9020=IFCPROPERTYSINGLEVALUE('NominalDepth',$,IFCREAL(0.156718),$);
#9021=IFCPROPERTYSINGLEVALUE('NominalHeight',$,IFCREAL(3.048),$);
#9022=IFCPROPERTYSINGLEVALUE('NominalFootprintArea',$,IFCREAL(0.025954000000000001),$);
#9023=IFCPROPERTYSINGLEVALUE('NominalVolume',$,IFCREAL(0.079106999999999997),$);
#9024=IFCMEMBERTYPE('2_s4qRe0XD9fGJ2PLMHE7O',$,'WT Structural Tee - WT6X13',$,$,(#9041,#9045,#9056),(#9040),$,$,.NOTDEFINED.);
#9025=IFCCARTESIANPOINT((0.,0.));
#9026=IFCDIRECTION((1.,0.));
#9027=IFCAXIS2PLACEMENT2D(#9025,#9026);
#9028=IFCTSHAPEPROFILEDEF(.AREA.,'WT6X13',#9027,0.155194,0.16484599999999999,0.005842,0.0096520000000000009,0.00762,$,$,$,$);
#9029=IFCCARTESIANPOINT((0.,0.,0.));
#9030=IFCDIRECTION((0.,0.,1.));
#9031=IFCDIRECTION((1.,0.,0.));
#9032=IFCAXIS2PLACEMENT3D(#9029,#9030,#9031);
#9033=IFCDIRECTION((0.,0.,1.));
#9034=IFCEXTRUDEDAREASOLID(#9028,#9032,#9033,3.048);
#9035=IFCSHAPEREPRESENTATION(#11,'Body','SweptSolid',(#9034));
#9036=IFCCARTESIANPOINT((0.,0.,0.));
#9037=IFCDIRECTION((1.,0.,0.));
#9038=IFCDIRECTION((0.,0.,1.));
#9039=IFCAXIS2PLACEMENT3D(#9036,#9038,#9037);
#9040=IFCREPRESENTATIONMAP(#9039,#9035);
#9041=IFCPROPERTYSET('2Sp6hT2dbBAPbdAbbre_ns',$,'MF_Structural',$,(#9042,#9043,#9044));
#9042=IFCPROPERTYSINGLEVALUE('Section',$,IFCLABEL('WT6X13'),$);
#9043=IFCPROPERTYSINGLEVALUE('SectionFamily',$,IFCLABEL('WT'),$);
#9044=IFCPROPERTYSINGLEVALUE('SectionSource',$,IFCLABEL('AISC Shapes Database v15.0 (US)'),$);
#9045=IFCPROPERTYSET('3LeSs9ue50u8H_NzD4xyrY',$,'MF_Library',$,(#9046,#9047,#9048,#9049,#9050,#9051,#9052,#9053,#9054,#9055));
#9046=IFCPROPERTYSINGLEVALUE('Key',$,IFCLABEL('steel_tee_wt'),$);
#9047=IFCPROPERTYSINGLEVALUE('Family',$,IFCLABEL('WT Structural Tee'),$);
#9048=IFCPROPERTYSINGLEVALUE('TypeName',$,IFCLABEL('WT6X13'),$);
#9049=IFCPROPERTYSINGLEVALUE('Version',$,IFCLABEL('0.1.0'),$);
#9050=IFCPROPERTYSINGLEVALUE('License',$,IFCLABEL('CC0-1.0'),$);
#9051=IFCPROPERTYSINGLEVALUE('Source',$,IFCLABEL('massing-families'),$);
#9052=IFCPROPERTYSINGLEVALUE('Tier',$,IFCLABEL('L300'),$);
#9053=IFCPROPERTYSINGLEVALUE('Builder',$,IFCLABEL('profile'),$);
#9054=IFCPROPERTYSINGLEVALUE('Discipline',$,IFCLABEL('structural'),$);
#9055=IFCPROPERTYSINGLEVALUE('GeometryStatus',$,IFCLABEL('parametric'),$);
#9056=IFCPROPERTYSET('2EVYWTSG14mOSVQaXvgkW4',$,'MF_Quantities',$,(#9057,#9058,#9059,#9060,#9061));
#9057=IFCPROPERTYSINGLEVALUE('NominalWidth',$,IFCREAL(0.16484599999999999),$);
#9058=IFCPROPERTYSINGLEVALUE('NominalDepth',$,IFCREAL(0.155194),$);
#9059=IFCPROPERTYSINGLEVALUE('NominalHeight',$,IFCREAL(3.048),$);
#9060=IFCPROPERTYSINGLEVALUE('NominalFootprintArea',$,IFCREAL(0.025583000000000002),$);
#9061=IFCPROPERTYSINGLEVALUE('NominalVolume',$,IFCREAL(0.077977000000000005),$);
#9062=IFCMEMBERTYPE('3A9t6i1uT3Qgm9an90Nxm3',$,'WT Structural Tee - WT6X11',$,$,(#9079,#9083,#9094),(#9078),$,$,.NOTDEFINED.);
#9063=IFCCARTESIANPOINT((0.,0.));
#9064=IFCDIRECTION((1.,0.));
#9065=IFCAXIS2PLACEMENT2D(#9063,#9064);
#9066=IFCTSHAPEPROFILEDEF(.AREA.,'WT6X11',#9065,0.15646399999999999,0.10236199999999999,0.0066039999999999996,0.010795000000000001,0.00762,$,$,$,$);
#9067=IFCCARTESIANPOINT((0.,0.,0.));
#9068=IFCDIRECTION((0.,0.,1.));
#9069=IFCDIRECTION((1.,0.,0.));
#9070=IFCAXIS2PLACEMENT3D(#9067,#9068,#9069);
#9071=IFCDIRECTION((0.,0.,1.));
#9072=IFCEXTRUDEDAREASOLID(#9066,#9070,#9071,3.048);
#9073=IFCSHAPEREPRESENTATION(#11,'Body','SweptSolid',(#9072));
#9074=IFCCARTESIANPOINT((0.,0.,0.));
#9075=IFCDIRECTION((1.,0.,0.));
#9076=IFCDIRECTION((0.,0.,1.));
#9077=IFCAXIS2PLACEMENT3D(#9074,#9076,#9075);
#9078=IFCREPRESENTATIONMAP(#9077,#9073);
#9079=IFCPROPERTYSET('1R9ZzdgCj8ewbf91oRUofo',$,'MF_Structural',$,(#9080,#9081,#9082));
#9080=IFCPROPERTYSINGLEVALUE('Section',$,IFCLABEL('WT6X11'),$);
#9081=IFCPROPERTYSINGLEVALUE('SectionFamily',$,IFCLABEL('WT'),$);
#9082=IFCPROPERTYSINGLEVALUE('SectionSource',$,IFCLABEL('AISC Shapes Database v15.0 (US)'),$);
#9083=IFCPROPERTYSET('3G4loC$r1B4ezayfoHi$2l',$,'MF_Library',$,(#9084,#9085,#9086,#9087,#9088,#9089,#9090,#9091,#9092,#9093));
#9084=IFCPROPERTYSINGLEVALUE('Key',$,IFCLABEL('steel_tee_wt'),$);
#9085=IFCPROPERTYSINGLEVALUE('Family',$,IFCLABEL('WT Structural Tee'),$);
#9086=IFCPROPERTYSINGLEVALUE('TypeName',$,IFCLABEL('WT6X11'),$);
#9087=IFCPROPERTYSINGLEVALUE('Version',$,IFCLABEL('0.1.0'),$);
#9088=IFCPROPERTYSINGLEVALUE('License',$,IFCLABEL('CC0-1.0'),$);
#9089=IFCPROPERTYSINGLEVALUE('Source',$,IFCLABEL('massing-families'),$);
#9090=IFCPROPERTYSINGLEVALUE('Tier',$,IFCLABEL('L300'),$);
#9091=IFCPROPERTYSINGLEVALUE('Builder',$,IFCLABEL('profile'),$);
#9092=IFCPROPERTYSINGLEVALUE('Discipline',$,IFCLABEL('structural'),$);
#9093=IFCPROPERTYSINGLEVALUE('GeometryStatus',$,IFCLABEL('parametric'),$);
#9094=IFCPROPERTYSET('2AKlMMbrPC68HnMeOA76D6',$,'MF_Quantities',$,(#9095,#9096,#9097,#9098,#9099));
#9095=IFCPROPERTYSINGLEVALUE('NominalWidth',$,IFCREAL(0.10236199999999999),$);
#9096=IFCPROPERTYSINGLEVALUE('NominalDepth',$,IFCREAL(0.15646399999999999),$);
#9097=IFCPROPERTYSINGLEVALUE('NominalHeight',$,IFCREAL(3.048),$);
#9098=IFCPROPERTYSINGLEVALUE('NominalFootprintArea',$,IFCREAL(0.016015999999999999),$);
#9099=IFCPROPERTYSINGLEVALUE('NominalVolume',$,IFCREAL(0.048816999999999999),$);
#9100=IFCMEMBERTYPE('1EdhXnncL6$gVY9_DWmw9W',$,'WT Structural Tee - WT6X9.5',$,$,(#9117,#9121,#9132),(#9116),$,$,.NOTDEFINED.);
#9101=IFCCARTESIANPOINT((0.,0.));
#9102=IFCDIRECTION((1.,0.));
#9103=IFCAXIS2PLACEMENT2D(#9101,#9102);
#9104=IFCTSHAPEPROFILEDEF(.AREA.,'WT6X9.5',#9103,0.15443200000000001,0.101854,0.0059690000000000003,0.0088900000000000003,0.00762,$,$,$,$);
#9105=IFCCARTESIANPOINT((0.,0.,0.));
#9106=IFCDIRECTION((0.,0.,1.));
#9107=IFCDIRECTION((1.,0.,0.));
#9108=IFCAXIS2PLACEMENT3D(#9105,#9106,#9107);
#9109=IFCDIRECTION((0.,0.,1.));
#9110=IFCEXTRUDEDAREASOLID(#9104,#9108,#9109,3.048);
#9111=IFCSHAPEREPRESENTATION(#11,'Body','SweptSolid',(#9110));
#9112=IFCCARTESIANPOINT((0.,0.,0.));
#9113=IFCDIRECTION((1.,0.,0.));
#9114=IFCDIRECTION((0.,0.,1.));
#9115=IFCAXIS2PLACEMENT3D(#9112,#9114,#9113);
#9116=IFCREPRESENTATIONMAP(#9115,#9111);
#9117=IFCPROPERTYSET('1dNbW3hR1CZBpdNGibHIQL',$,'MF_Structural',$,(#9118,#9119,#9120));
#9118=IFCPROPERTYSINGLEVALUE('Section',$,IFCLABEL('WT6X9.5'),$);
#9119=IFCPROPERTYSINGLEVALUE('SectionFamily',$,IFCLABEL('WT'),$);
#9120=IFCPROPERTYSINGLEVALUE('SectionSource',$,IFCLABEL('AISC Shapes Database v15.0 (US)'),$);
#9121=IFCPROPERTYSET('28F1fd$YbDLu$6yofzAmNc',$,'MF_Library',$,(#9122,#9123,#9124,#9125,#9126,#9127,#9128,#9129,#9130,#9131));
#9122=IFCPROPERTYSINGLEVALUE('Key',$,IFCLABEL('steel_tee_wt'),$);
#9123=IFCPROPERTYSINGLEVALUE('Family',$,IFCLABEL('WT Structural Tee'),$);
#9124=IFCPROPERTYSINGLEVALUE('TypeName',$,IFCLABEL('WT6X9.5'),$);
#9125=IFCPROPERTYSINGLEVALUE('Version',$,IFCLABEL('0.1.0'),$);
#9126=IFCPROPERTYSINGLEVALUE('License',$,IFCLABEL('CC0-1.0'),$);
#9127=IFCPROPERTYSINGLEVALUE('Source',$,IFCLABEL('massing-families'),$);
#9128=IFCPROPERTYSINGLEVALUE('Tier',$,IFCLABEL('L300'),$);
#9129=IFCPROPERTYSINGLEVALUE('Builder',$,IFCLABEL('profile'),$);
#9130=IFCPROPERTYSINGLEVALUE('Discipline',$,IFCLABEL('structural'),$);
#9131=IFCPROPERTYSINGLEVALUE('GeometryStatus',$,IFCLABEL('parametric'),$);
#9132=IFCPROPERTYSET('0or0Uz4oXD3PSsuajgPgEj',$,'MF_Quantities',$,(#9133,#9134,#9135,#9136,#9137));
#9133=IFCPROPERTYSINGLEVALUE('NominalWidth',$,IFCREAL(0.101854),$);
#9134=IFCPROPERTYSINGLEVALUE('NominalDepth',$,IFCREAL(0.15443200000000001),$);
#9135=IFCPROPERTYSINGLEVALUE('NominalHeight',$,IFCREAL(3.048),$);
#9136=IFCPROPERTYSINGLEVALUE('NominalFootprintArea',$,IFCREAL(0.015730000000000001),$);
#9137=IFCPROPERTYSINGLEVALUE('NominalVolume',$,IFCREAL(0.047944000000000001),$);
#9138=IFCMEMBERTYPE('1p53JlCRrFBAFo$DbaokWH',$,'WT Structural Tee - WT6X8',$,$,(#9155,#9159,#9170),(#9154),$,$,.NOTDEFINED.);
#9139=IFCCARTESIANPOINT((0.,0.));
#9140=IFCDIRECTION((1.,0.));
#9141=IFCAXIS2PLACEMENT2D(#9139,#9140);
#9142=IFCTSHAPEPROFILEDEF(.AREA.,'WT6X8',#9141,0.15240000000000001,0.10134600000000001,0.0055880000000000001,0.006731,0.00762,$,$,$,$);
#9143=IFCCARTESIANPOINT((0.,0.,0.));
#9144=IFCDIRECTION((0.,0.,1.));
#9145=IFCDIRECTION((1.,0.,0.));
#9146=IFCAXIS2PLACEMENT3D(#9143,#9144,#9145);
#9147=IFCDIRECTION((0.,0.,1.));
#9148=IFCEXTRUDEDAREASOLID(#9142,#9146,#9147,3.048);
#9149=IFCSHAPEREPRESENTATION(#11,'Body','SweptSolid',(#9148));
#9150=IFCCARTESIANPOINT((0.,0.,0.));
#9151=IFCDIRECTION((1.,0.,0.));
#9152=IFCDIRECTION((0.,0.,1.));
#9153=IFCAXIS2PLACEMENT3D(#9150,#9152,#9151);
#9154=IFCREPRESENTATIONMAP(#9153,#9149);
#9155=IFCPROPERTYSET('3u2bCh0f1D0f1xMzxy$AGn',$,'MF_Structural',$,(#9156,#9157,#9158));
#9156=IFCPROPERTYSINGLEVALUE('Section',$,IFCLABEL('WT6X8'),$);
#9157=IFCPROPERTYSINGLEVALUE('SectionFamily',$,IFCLABEL('WT'),$);
#9158=IFCPROPERTYSINGLEVALUE('SectionSource',$,IFCLABEL('AISC Shapes Database v15.0 (US)'),$);
#9159=IFCPROPERTYSET('306u_z3eT97OdY$hviuRgq',$,'MF_Library',$,(#9160,#9161,#9162,#9163,#9164,#9165,#9166,#9167,#9168,#9169));
#9160=IFCPROPERTYSINGLEVALUE('Key',$,IFCLABEL('steel_tee_wt'),$);
#9161=IFCPROPERTYSINGLEVALUE('Family',$,IFCLABEL('WT Structural Tee'),$);
#9162=IFCPROPERTYSINGLEVALUE('TypeName',$,IFCLABEL('WT6X8'),$);
#9163=IFCPROPERTYSINGLEVALUE('Version',$,IFCLABEL('0.1.0'),$);
#9164=IFCPROPERTYSINGLEVALUE('License',$,IFCLABEL('CC0-1.0'),$);
#9165=IFCPROPERTYSINGLEVALUE('Source',$,IFCLABEL('massing-families'),$);
#9166=IFCPROPERTYSINGLEVALUE('Tier',$,IFCLABEL('L300'),$);
#9167=IFCPROPERTYSINGLEVALUE('Builder',$,IFCLABEL('profile'),$);
#9168=IFCPROPERTYSINGLEVALUE('Discipline',$,IFCLABEL('structural'),$);
#9169=IFCPROPERTYSINGLEVALUE('GeometryStatus',$,IFCLABEL('parametric'),$);
#9170=IFCPROPERTYSET('1mvABWD9rCtPSq29mh0KOi',$,'MF_Quantities',$,(#9171,#9172,#9173,#9174,#9175));
#9171=IFCPROPERTYSINGLEVALUE('NominalWidth',$,IFCREAL(0.10134600000000001),$);
#9172=IFCPROPERTYSINGLEVALUE('NominalDepth',$,IFCREAL(0.15240000000000001),$);
#9173=IFCPROPERTYSINGLEVALUE('NominalHeight',$,IFCREAL(3.048),$);
#9174=IFCPROPERTYSINGLEVALUE('NominalFootprintArea',$,IFCREAL(0.015445),$);
#9175=IFCPROPERTYSINGLEVALUE('NominalVolume',$,IFCREAL(0.047077000000000001),$);
#9176=IFCMEMBERTYPE('2euDAIgRzDTA_ZcfO9qM_m',$,'WT Structural Tee - WT6X7',$,$,(#9193,#9197,#9208),(#9192),$,$,.NOTDEFINED.);
#9177=IFCCARTESIANPOINT((0.,0.));
#9178=IFCDIRECTION((1.,0.));
#9179=IFCAXIS2PLACEMENT2D(#9177,#9178);
#9180=IFCTSHAPEPROFILEDEF(.AREA.,'WT6X7',#9179,0.15138399999999999,0.100838,0.0050800000000000003,0.0057149999999999996,0.00762,$,$,$,$);
#9181=IFCCARTESIANPOINT((0.,0.,0.));
#9182=IFCDIRECTION((0.,0.,1.));
#9183=IFCDIRECTION((1.,0.,0.));
#9184=IFCAXIS2PLACEMENT3D(#9181,#9182,#9183);
#9185=IFCDIRECTION((0.,0.,1.));
#9186=IFCEXTRUDEDAREASOLID(#9180,#9184,#9185,3.048);
#9187=IFCSHAPEREPRESENTATION(#11,'Body','SweptSolid',(#9186));
#9188=IFCCARTESIANPOINT((0.,0.,0.));
#9189=IFCDIRECTION((1.,0.,0.));
#9190=IFCDIRECTION((0.,0.,1.));
#9191=IFCAXIS2PLACEMENT3D(#9188,#9190,#9189);
#9192=IFCREPRESENTATIONMAP(#9191,#9187);
#9193=IFCPROPERTYSET('2j3NNt8WvARwhSHB$6K5S0',$,'MF_Structural',$,(#9194,#9195,#9196));
#9194=IFCPROPERTYSINGLEVALUE('Section',$,IFCLABEL('WT6X7'),$);
#9195=IFCPROPERTYSINGLEVALUE('SectionFamily',$,IFCLABEL('WT'),$);
#9196=IFCPROPERTYSINGLEVALUE('SectionSource',$,IFCLABEL('AISC Shapes Database v15.0 (US)'),$);
#9197=IFCPROPERTYSET('23yUJU15PFZeqifGSKBmdp',$,'MF_Library',$,(#9198,#9199,#9200,#9201,#9202,#9203,#9204,#9205,#9206,#9207));
#9198=IFCPROPERTYSINGLEVALUE('Key',$,IFCLABEL('steel_tee_wt'),$);
#9199=IFCPROPERTYSINGLEVALUE('Family',$,IFCLABEL('WT Structural Tee'),$);
#9200=IFCPROPERTYSINGLEVALUE('TypeName',$,IFCLABEL('WT6X7'),$);
#9201=IFCPROPERTYSINGLEVALUE('Version',$,IFCLABEL('0.1.0'),$);
#9202=IFCPROPERTYSINGLEVALUE('License',$,IFCLABEL('CC0-1.0'),$);
#9203=IFCPROPERTYSINGLEVALUE('Source',$,IFCLABEL('massing-families'),$);
#9204=IFCPROPERTYSINGLEVALUE('Tier',$,IFCLABEL('L300'),$);
#9205=IFCPROPERTYSINGLEVALUE('Builder',$,IFCLABEL('profile'),$);
#9206=IFCPROPERTYSINGLEVALUE('Discipline',$,IFCLABEL('structural'),$);
#9207=IFCPROPERTYSINGLEVALUE('GeometryStatus',$,IFCLABEL('parametric'),$);
#9208=IFCPROPERTYSET('17mq$yVF5FlghDaCHmFqP4',$,'MF_Quantities',$,(#9209,#9210,#9211,#9212,#9213));
#9209=IFCPROPERTYSINGLEVALUE('NominalWidth',$,IFCREAL(0.100838),$);
#9210=IFCPROPERTYSINGLEVALUE('NominalDepth',$,IFCREAL(0.15138399999999999),$);
#9211=IFCPROPERTYSINGLEVALUE('NominalHeight',$,IFCREAL(3.048),$);
#9212=IFCPROPERTYSINGLEVALUE('NominalFootprintArea',$,IFCREAL(0.015265000000000001),$);
#9213=IFCPROPERTYSINGLEVALUE('NominalVolume',$,IFCREAL(0.046529000000000001),$);
#9214=IFCMEMBERTYPE('0mzkWiLBL8vO__eNvDGy1x',$,'WT Structural Tee - WT5X56',$,$,(#9231,#9235,#9246),(#9230),$,$,.NOTDEFINED.);
#9215=IFCCARTESIANPOINT((0.,0.));
#9216=IFCDIRECTION((1.,0.));
#9217=IFCAXIS2PLACEMENT2D(#9215,#9216);
#9218=IFCTSHAPEPROFILEDEF(.AREA.,'WT5X56',#9217,0.14427200000000001,0.26416000000000001,0.019177,0.03175,0.012699999999999999,$,$,$,$);
#9219=IFCCARTESIANPOINT((0.,0.,0.));
#9220=IFCDIRECTION((0.,0.,1.));
#9221=IFCDIRECTION((1.,0.,0.));
#9222=IFCAXIS2PLACEMENT3D(#9219,#9220,#9221);
#9223=IFCDIRECTION((0.,0.,1.));
#9224=IFCEXTRUDEDAREASOLID(#9218,#9222,#9223,3.048);
#9225=IFCSHAPEREPRESENTATION(#11,'Body','SweptSolid',(#9224));
#9226=IFCCARTESIANPOINT((0.,0.,0.));
#9227=IFCDIRECTION((1.,0.,0.));
#9228=IFCDIRECTION((0.,0.,1.));
#9229=IFCAXIS2PLACEMENT3D(#9226,#9228,#9227);
#9230=IFCREPRESENTATIONMAP(#9229,#9225);
#9231=IFCPROPERTYSET('1wE1v7njn7C9F52HQMqZ3V',$,'MF_Structural',$,(#9232,#9233,#9234));
#9232=IFCPROPERTYSINGLEVALUE('Section',$,IFCLABEL('WT5X56'),$);
#9233=IFCPROPERTYSINGLEVALUE('SectionFamily',$,IFCLABEL('WT'),$);
#9234=IFCPROPERTYSINGLEVALUE('SectionSource',$,IFCLABEL('AISC Shapes Database v15.0 (US)'),$);
#9235=IFCPROPERTYSET('0qqqC6LgzDihnHrpoJkexx',$,'MF_Library',$,(#9236,#9237,#9238,#9239,#9240,#9241,#9242,#9243,#9244,#9245));
#9236=IFCPROPERTYSINGLEVALUE('Key',$,IFCLABEL('steel_tee_wt'),$);
#9237=IFCPROPERTYSINGLEVALUE('Family',$,IFCLABEL('WT Structural Tee'),$);
#9238=IFCPROPERTYSINGLEVALUE('TypeName',$,IFCLABEL('WT5X56'),$);
#9239=IFCPROPERTYSINGLEVALUE('Version',$,IFCLABEL('0.1.0'),$);
#9240=IFCPROPERTYSINGLEVALUE('License',$,IFCLABEL('CC0-1.0'),$);
#9241=IFCPROPERTYSINGLEVALUE('Source',$,IFCLABEL('massing-families'),$);
#9242=IFCPROPERTYSINGLEVALUE('Tier',$,IFCLABEL('L300'),$);
#9243=IFCPROPERTYSINGLEVALUE('Builder',$,IFCLABEL('profile'),$);
#9244=IFCPROPERTYSINGLEVALUE('Discipline',$,IFCLABEL('structural'),$);
#9245=IFCPROPERTYSINGLEVALUE('GeometryStatus',$,IFCLABEL('parametric'),$);
#9246=IFCPROPERTYSET('0MjcqHbCDBehpirhaV$FyX',$,'MF_Quantities',$,(#9247,#9248,#9249,#9250,#9251));
#9247=IFCPROPERTYSINGLEVALUE('NominalWidth',$,IFCREAL(0.26416000000000001),$);
#9248=IFCPROPERTYSINGLEVALUE('NominalDepth',$,IFCREAL(0.14427200000000001),$);
#9249=IFCPROPERTYSINGLEVALUE('NominalHeight',$,IFCREAL(3.048),$);
#9250=IFCPROPERTYSINGLEVALUE('NominalFootprintArea',$,IFCREAL(0.038110999999999999),$);
#9251=IFCPROPERTYSINGLEVALUE('NominalVolume',$,IFCREAL(0.116162),$);
#9252=IFCMEMBERTYPE('1eQSOQJjjAdQ4RZfeBCcRA',$,'WT Structural Tee - WT5X50',$,$,(#9269,#9273,#9284),(#9268),$,$,.NOTDEFINED.);
#9253=IFCCARTESIANPOINT((0.,0.));
#9254=IFCDIRECTION((1.,0.));
#9255=IFCAXIS2PLACEMENT2D(#9253,#9254);
#9256=IFCTSHAPEPROFILEDEF(.AREA.,'WT5X50',#9255,0.14097000000000001,0.26162000000000002,0.017271999999999999,0.028448000000000001,0.012699999999999999,$,$,$,$);
#9257=IFCCARTESIANPOINT((0.,0.,0.));
#9258=IFCDIRECTION((0.,0.,1.));
#9259=IFCDIRECTION((1.,0.,0.));
#9260=IFCAXIS2PLACEMENT3D(#9257,#9258,#9259);
#9261=IFCDIRECTION((0.,0.,1.));
#9262=IFCEXTRUDEDAREASOLID(#9256,#9260,#9261,3.048);
#9263=IFCSHAPEREPRESENTATION(#11,'Body','SweptSolid',(#9262));
#9264=IFCCARTESIANPOINT((0.,0.,0.));
#9265=IFCDIRECTION((1.,0.,0.));
#9266=IFCDIRECTION((0.,0.,1.));
#9267=IFCAXIS2PLACEMENT3D(#9264,#9266,#9265);
#9268=IFCREPRESENTATIONMAP(#9267,#9263);
#9269=IFCPROPERTYSET('2egU3_ztz2tvgPXUFozRZw',$,'MF_Structural',$,(#9270,#9271,#9272));
#9270=IFCPROPERTYSINGLEVALUE('Section',$,IFCLABEL('WT5X50'),$);
#9271=IFCPROPERTYSINGLEVALUE('SectionFamily',$,IFCLABEL('WT'),$);
#9272=IFCPROPERTYSINGLEVALUE('SectionSource',$,IFCLABEL('AISC Shapes Database v15.0 (US)'),$);
#9273=IFCPROPERTYSET('0$sm71p$zBYwnYI7g82p2f',$,'MF_Library',$,(#9274,#9275,#9276,#9277,#9278,#9279,#9280,#9281,#9282,#9283));
#9274=IFCPROPERTYSINGLEVALUE('Key',$,IFCLABEL('steel_tee_wt'),$);
#9275=IFCPROPERTYSINGLEVALUE('Family',$,IFCLABEL('WT Structural Tee'),$);
#9276=IFCPROPERTYSINGLEVALUE('TypeName',$,IFCLABEL('WT5X50'),$);
#9277=IFCPROPERTYSINGLEVALUE('Version',$,IFCLABEL('0.1.0'),$);
#9278=IFCPROPERTYSINGLEVALUE('License',$,IFCLABEL('CC0-1.0'),$);
#9279=IFCPROPERTYSINGLEVALUE('Source',$,IFCLABEL('massing-families'),$);
#9280=IFCPROPERTYSINGLEVALUE('Tier',$,IFCLABEL('L300'),$);
#9281=IFCPROPERTYSINGLEVALUE('Builder',$,IFCLABEL('profile'),$);
#9282=IFCPROPERTYSINGLEVALUE('Discipline',$,IFCLABEL('structural'),$);
#9283=IFCPROPERTYSINGLEVALUE('GeometryStatus',$,IFCLABEL('parametric'),$);
#9284=IFCPROPERTYSET('0ODqfrD2HCdxW_5y800P3K',$,'MF_Quantities',$,(#9285,#9286,#9287,#9288,#9289));
#9285=IFCPROPERTYSINGLEVALUE('NominalWidth',$,IFCREAL(0.26162000000000002),$);
#9286=IFCPROPERTYSINGLEVALUE('NominalDepth',$,IFCREAL(0.14097000000000001),$);
#9287=IFCPROPERTYSINGLEVALUE('NominalHeight',$,IFCREAL(3.048),$);
#9288=IFCPROPERTYSINGLEVALUE('NominalFootprintArea',$,IFCREAL(0.036880999999999997),$);
#9289=IFCPROPERTYSINGLEVALUE('NominalVolume',$,IFCREAL(0.112412),$);
#9290=IFCMEMBERTYPE('2PooxN6sH8eua$o$ESWqHU',$,'WT Structural Tee - WT5X44',$,$,(#9307,#9311,#9322),(#9306),$,$,.NOTDEFINED.);
#9291=IFCCARTESIANPOINT((0.,0.));
#9292=IFCDIRECTION((1.,0.));
#9293=IFCAXIS2PLACEMENT2D(#9291,#9292);
#9294=IFCTSHAPEPROFILEDEF(.AREA.,'WT5X44',#9293,0.13766800000000001,0.26162000000000002,0.015367,0.025146000000000002,0.012699999999999999,$,$,$,$);
#9295=IFCCARTESIANPOINT((0.,0.,0.));
#9296=IFCDIRECTION((0.,0.,1.));
#9297=IFCDIRECTION((1.,0.,0.));
#9298=IFCAXIS2PLACEMENT3D(#9295,#9296,#9297);
#9299=IFCDIRECTION((0.,0.,1.));
#9300=IFCEXTRUDEDAREASOLID(#9294,#9298,#9299,3.048);
#9301=IFCSHAPEREPRESENTATION(#11,'Body','SweptSolid',(#9300));
#9302=IFCCARTESIANPOINT((0.,0.,0.));
#9303=IFCDIRECTION((1.,0.,0.));
#9304=IFCDIRECTION((0.,0.,1.));
#9305=IFCAXIS2PLACEMENT3D(#9302,#9304,#9303);
#9306=IFCREPRESENTATIONMAP(#9305,#9301);
#9307=IFCPROPERTYSET('03Nr4JHaP9txACIdnTwZE$',$,'MF_Structural',$,(#9308,#9309,#9310));
#9308=IFCPROPERTYSINGLEVALUE('Section',$,IFCLABEL('WT5X44'),$);
#9309=IFCPROPERTYSINGLEVALUE('SectionFamily',$,IFCLABEL('WT'),$);
#9310=IFCPROPERTYSINGLEVALUE('SectionSource',$,IFCLABEL('AISC Shapes Database v15.0 (US)'),$);
#9311=IFCPROPERTYSET('3IyTTzZ3X4eeC8EKYd3$d1',$,'MF_Library',$,(#9312,#9313,#9314,#9315,#9316,#9317,#9318,#9319,#9320,#9321));
#9312=IFCPROPERTYSINGLEVALUE('Key',$,IFCLABEL('steel_tee_wt'),$);
#9313=IFCPROPERTYSINGLEVALUE('Family',$,IFCLABEL('WT Structural Tee'),$);
#9314=IFCPROPERTYSINGLEVALUE('TypeName',$,IFCLABEL('WT5X44'),$);
#9315=IFCPROPERTYSINGLEVALUE('Version',$,IFCLABEL('0.1.0'),$);
#9316=IFCPROPERTYSINGLEVALUE('License',$,IFCLABEL('CC0-1.0'),$);
#9317=IFCPROPERTYSINGLEVALUE('Source',$,IFCLABEL('massing-families'),$);
#9318=IFCPROPERTYSINGLEVALUE('Tier',$,IFCLABEL('L300'),$);
#9319=IFCPROPERTYSINGLEVALUE('Builder',$,IFCLABEL('profile'),$);
#9320=IFCPROPERTYSINGLEVALUE('Discipline',$,IFCLABEL('structural'),$);
#9321=IFCPROPERTYSINGLEVALUE('GeometryStatus',$,IFCLABEL('parametric'),$);
#9322=IFCPROPERTYSET('3JxBC5BnD59AKSp9PJuhpE',$,'MF_Quantities',$,(#9323,#9324,#9325,#9326,#9327));
#9323=IFCPROPERTYSINGLEVALUE('NominalWidth',$,IFCREAL(0.26162000000000002),$);
#9324=IFCPROPERTYSINGLEVALUE('NominalDepth',$,IFCREAL(0.13766800000000001),$);
#9325=IFCPROPERTYSINGLEVALUE('NominalHeight',$,IFCREAL(3.048),$);
#9326=IFCPROPERTYSINGLEVALUE('NominalFootprintArea',$,IFCREAL(0.036017),$);
#9327=IFCPROPERTYSINGLEVALUE('NominalVolume',$,IFCREAL(0.109779),$);
#9328=IFCMEMBERTYPE('3YWER4b_j848peisltARHT',$,'WT Structural Tee - WT5X38.5',$,$,(#9345,#9349,#9360),(#9344),$,$,.NOTDEFINED.);
#9329=IFCCARTESIANPOINT((0.,0.));
#9330=IFCDIRECTION((1.,0.));
#9331=IFCAXIS2PLACEMENT2D(#9329,#9330);
#9332=IFCTSHAPEPROFILEDEF(.AREA.,'WT5X38.5',#9331,0.13461999999999999,0.25907999999999998,0.013462,0.022098,0.012699999999999999,$,$,$,$);
#9333=IFCCARTESIANPOINT((0.,0.,0.));
#9334=IFCDIRECTION((0.,0.,1.));
#9335=IFCDIRECTION((1.,0.,0.));
#9336=IFCAXIS2PLACEMENT3D(#9333,#9334,#9335);
#9337=IFCDIRECTION((0.,0.,1.));
#9338=IFCEXTRUDEDAREASOLID(#9332,#9336,#9337,3.048);
#9339=IFCSHAPEREPRESENTATION(#11,'Body','SweptSolid',(#9338));
#9340=IFCCARTESIANPOINT((0.,0.,0.));
#9341=IFCDIRECTION((1.,0.,0.));
#9342=IFCDIRECTION((0.,0.,1.));
#9343=IFCAXIS2PLACEMENT3D(#9340,#9342,#9341);
#9344=IFCREPRESENTATIONMAP(#9343,#9339);
#9345=IFCPROPERTYSET('2c6$eD18TEgxV1jK9GI5n_',$,'MF_Structural',$,(#9346,#9347,#9348));
#9346=IFCPROPERTYSINGLEVALUE('Section',$,IFCLABEL('WT5X38.5'),$);
#9347=IFCPROPERTYSINGLEVALUE('SectionFamily',$,IFCLABEL('WT'),$);
#9348=IFCPROPERTYSINGLEVALUE('SectionSource',$,IFCLABEL('AISC Shapes Database v15.0 (US)'),$);
#9349=IFCPROPERTYSET('1wbnLkkw11yREmo3LxDPDb',$,'MF_Library',$,(#9350,#9351,#9352,#9353,#9354,#9355,#9356,#9357,#9358,#9359));
#9350=IFCPROPERTYSINGLEVALUE('Key',$,IFCLABEL('steel_tee_wt'),$);
#9351=IFCPROPERTYSINGLEVALUE('Family',$,IFCLABEL('WT Structural Tee'),$);
#9352=IFCPROPERTYSINGLEVALUE('TypeName',$,IFCLABEL('WT5X38.5'),$);
#9353=IFCPROPERTYSINGLEVALUE('Version',$,IFCLABEL('0.1.0'),$);
#9354=IFCPROPERTYSINGLEVALUE('License',$,IFCLABEL('CC0-1.0'),$);
#9355=IFCPROPERTYSINGLEVALUE('Source',$,IFCLABEL('massing-families'),$);
#9356=IFCPROPERTYSINGLEVALUE('Tier',$,IFCLABEL('L300'),$);
#9357=IFCPROPERTYSINGLEVALUE('Builder',$,IFCLABEL('profile'),$);
#9358=IFCPROPERTYSINGLEVALUE('Discipline',$,IFCLABEL('structural'),$);
#9359=IFCPROPERTYSINGLEVALUE('GeometryStatus',$,IFCLABEL('parametric'),$);
#9360=IFCPROPERTYSET('1Hvss3IlDFkOwD1V8pTcWX',$,'MF_Quantities',$,(#9361,#9362,#9363,#9364,#9365));
#9361=IFCPROPERTYSINGLEVALUE('NominalWidth',$,IFCREAL(0.25907999999999998),$);
#9362=IFCPROPERTYSINGLEVALUE('NominalDepth',$,IFCREAL(0.13461999999999999),$);
#9363=IFCPROPERTYSINGLEVALUE('NominalHeight',$,IFCREAL(3.048),$);
#9364=IFCPROPERTYSINGLEVALUE('NominalFootprintArea',$,IFCREAL(0.034876999999999998),$);
#9365=IFCPROPERTYSINGLEVALUE('NominalVolume',$,IFCREAL(0.106306),$);
#9366=IFCMEMBERTYPE('02qzRn8fbBtfiAMhxd9Zyj',$,'WT Structural Tee - WT5X34',$,$,(#9383,#9387,#9398),(#9382),$,$,.NOTDEFINED.);
#9367=IFCCARTESIANPOINT((0.,0.));
#9368=IFCDIRECTION((1.,0.));
#9369=IFCAXIS2PLACEMENT2D(#9367,#9368);
#9370=IFCTSHAPEPROFILEDEF(.AREA.,'WT5X34',#9369,0.13208,0.25653999999999999,0.011938000000000001,0.019557999999999999,0.012699999999999999,$,$,$,$);
#9371=IFCCARTESIANPOINT((0.,0.,0.));
#9372=IFCDIRECTION((0.,0.,1.));
#9373=IFCDIRECTION((1.,0.,0.));
#9374=IFCAXIS2PLACEMENT3D(#9371,#9372,#9373);
#9375=IFCDIRECTION((0.,0.,1.));
#9376=IFCEXTRUDEDAREASOLID(#9370,#9374,#9375,3.048);
#9377=IFCSHAPEREPRESENTATION(#11,'Body','SweptSolid',(#9376));
#9378=IFCCARTESIANPOINT((0.,0.,0.));
#9379=IFCDIRECTION((1.,0.,0.));
#9380=IFCDIRECTION((0.,0.,1.));
#9381=IFCAXIS2PLACEMENT3D(#9378,#9380,#9379);
#9382=IFCREPRESENTATIONMAP(#9381,#9377);
#9383=IFCPROPERTYSET('3sPShshNj9MROaHNjXDf1x',$,'MF_Structural',$,(#9384,#9385,#9386));
#9384=IFCPROPERTYSINGLEVALUE('Section',$,IFCLABEL('WT5X34'),$);
#9385=IFCPROPERTYSINGLEVALUE('SectionFamily',$,IFCLABEL('WT'),$);
#9386=IFCPROPERTYSINGLEVALUE('SectionSource',$,IFCLABEL('AISC Shapes Database v15.0 (US)'),$);
#9387=IFCPROPERTYSET('0nmY3CVBr9dR8iZ_TMyykO',$,'MF_Library',$,(#9388,#9389,#9390,#9391,#9392,#9393,#9394,#9395,#9396,#9397));
#9388=IFCPROPERTYSINGLEVALUE('Key',$,IFCLABEL('steel_tee_wt'),$);
#9389=IFCPROPERTYSINGLEVALUE('Family',$,IFCLABEL('WT Structural Tee'),$);
#9390=IFCPROPERTYSINGLEVALUE('TypeName',$,IFCLABEL('WT5X34'),$);
#9391=IFCPROPERTYSINGLEVALUE('Version',$,IFCLABEL('0.1.0'),$);
#9392=IFCPROPERTYSINGLEVALUE('License',$,IFCLABEL('CC0-1.0'),$);
#9393=IFCPROPERTYSINGLEVALUE('Source',$,IFCLABEL('massing-families'),$);
#9394=IFCPROPERTYSINGLEVALUE('Tier',$,IFCLABEL('L300'),$);
#9395=IFCPROPERTYSINGLEVALUE('Builder',$,IFCLABEL('profile'),$);
#9396=IFCPROPERTYSINGLEVALUE('Discipline',$,IFCLABEL('structural'),$);
#9397=IFCPROPERTYSINGLEVALUE('GeometryStatus',$,IFCLABEL('parametric'),$);
#9398=IFCPROPERTYSET('142Vs4WNLBsRTmWsmyA_M5',$,'MF_Quantities',$,(#9399,#9400,#9401,#9402,#9403));
#9399=IFCPROPERTYSINGLEVALUE('NominalWidth',$,IFCREAL(0.25653999999999999),$);
#9400=IFCPROPERTYSINGLEVALUE('NominalDepth',$,IFCREAL(0.13208),$);
#9401=IFCPROPERTYSINGLEVALUE('NominalHeight',$,IFCREAL(3.048),$);
#9402=IFCPROPERTYSINGLEVALUE('NominalFootprintArea',$,IFCREAL(0.033883999999999997),$);
#9403=IFCPROPERTYSINGLEVALUE('NominalVolume',$,IFCREAL(0.10327799999999999),$);
#9404=IFCMEMBERTYPE('3vAlbpp$jAiRFRyseov2Vm',$,'WT Structural Tee - WT5X30',$,$,(#9421,#9425,#9436),(#9420),$,$,.NOTDEFINED.);
#9405=IFCCARTESIANPOINT((0.,0.));
#9406=IFCDIRECTION((1.,0.));
#9407=IFCAXIS2PLACEMENT2D(#9405,#9406);
#9408=IFCTSHAPEPROFILEDEF(.AREA.,'WT5X30',#9407,0.12979399999999999,0.25653999999999999,0.010668,0.017271999999999999,0.012699999999999999,$,$,$,$);
#9409=IFCCARTESIANPOINT((0.,0.,0.));
#9410=IFCDIRECTION((0.,0.,1.));
#9411=IFCDIRECTION((1.,0.,0.));
#9412=IFCAXIS2PLACEMENT3D(#9409,#9410,#9411);
#9413=IFCDIRECTION((0.,0.,1.));
#9414=IFCEXTRUDEDAREASOLID(#9408,#9412,#9413,3.048);
#9415=IFCSHAPEREPRESENTATION(#11,'Body','SweptSolid',(#9414));
#9416=IFCCARTESIANPOINT((0.,0.,0.));
#9417=IFCDIRECTION((1.,0.,0.));
#9418=IFCDIRECTION((0.,0.,1.));
#9419=IFCAXIS2PLACEMENT3D(#9416,#9418,#9417);
#9420=IFCREPRESENTATIONMAP(#9419,#9415);
#9421=IFCPROPERTYSET('0oOkzrfR90pu3iG7dyaF9n',$,'MF_Structural',$,(#9422,#9423,#9424));
#9422=IFCPROPERTYSINGLEVALUE('Section',$,IFCLABEL('WT5X30'),$);
#9423=IFCPROPERTYSINGLEVALUE('SectionFamily',$,IFCLABEL('WT'),$);
#9424=IFCPROPERTYSINGLEVALUE('SectionSource',$,IFCLABEL('AISC Shapes Database v15.0 (US)'),$);
#9425=IFCPROPERTYSET('0pBOqgeFb8TeuPjkZGn5Ag',$,'MF_Library',$,(#9426,#9427,#9428,#9429,#9430,#9431,#9432,#9433,#9434,#9435));
#9426=IFCPROPERTYSINGLEVALUE('Key',$,IFCLABEL('steel_tee_wt'),$);
#9427=IFCPROPERTYSINGLEVALUE('Family',$,IFCLABEL('WT Structural Tee'),$);
#9428=IFCPROPERTYSINGLEVALUE('TypeName',$,IFCLABEL('WT5X30'),$);
#9429=IFCPROPERTYSINGLEVALUE('Version',$,IFCLABEL('0.1.0'),$);
#9430=IFCPROPERTYSINGLEVALUE('License',$,IFCLABEL('CC0-1.0'),$);
#9431=IFCPROPERTYSINGLEVALUE('Source',$,IFCLABEL('massing-families'),$);
#9432=IFCPROPERTYSINGLEVALUE('Tier',$,IFCLABEL('L300'),$);
#9433=IFCPROPERTYSINGLEVALUE('Builder',$,IFCLABEL('profile'),$);
#9434=IFCPROPERTYSINGLEVALUE('Discipline',$,IFCLABEL('structural'),$);
#9435=IFCPROPERTYSINGLEVALUE('GeometryStatus',$,IFCLABEL('parametric'),$);
#9436=IFCPROPERTYSET('0$P_tIELvAeBNmaAr57F78',$,'MF_Quantities',$,(#9437,#9438,#9439,#9440,#9441));
#9437=IFCPROPERTYSINGLEVALUE('NominalWidth',$,IFCREAL(0.25653999999999999),$);
#9438=IFCPROPERTYSINGLEVALUE('NominalDepth',$,IFCREAL(0.12979399999999999),$);
#9439=IFCPROPERTYSINGLEVALUE('NominalHeight',$,IFCREAL(3.048),$);
#9440=IFCPROPERTYSINGLEVALUE('NominalFootprintArea',$,IFCREAL(0.033297),$);
#9441=IFCPROPERTYSINGLEVALUE('NominalVolume',$,IFCREAL(0.10149),$);
#9442=IFCMEMBERTYPE('0LtGMl9_L9N8L1udaDEQ4R',$,'WT Structural Tee - WT5X27',$,$,(#9459,#9463,#9474),(#9458),$,$,.NOTDEFINED.);
#9443=IFCCARTESIANPOINT((0.,0.));
#9444=IFCDIRECTION((1.,0.));
#9445=IFCAXIS2PLACEMENT2D(#9443,#9444);
#9446=IFCTSHAPEPROFILEDEF(.AREA.,'WT5X27',#9445,0.12827,0.254,0.0093980000000000001,0.015620999999999999,0.012827,$,$,$,$);
#9447=IFCCARTESIANPOINT((0.,0.,0.));
#9448=IFCDIRECTION((0.,0.,1.));
#9449=IFCDIRECTION((1.,0.,0.));
#9450=IFCAXIS2PLACEMENT3D(#9447,#9448,#9449);
#9451=IFCDIRECTION((0.,0.,1.));
#9452=IFCEXTRUDEDAREASOLID(#9446,#9450,#9451,3.048);
#9453=IFCSHAPEREPRESENTATION(#11,'Body','SweptSolid',(#9452));
#9454=IFCCARTESIANPOINT((0.,0.,0.));
#9455=IFCDIRECTION((1.,0.,0.));
#9456=IFCDIRECTION((0.,0.,1.));
#9457=IFCAXIS2PLACEMENT3D(#9454,#9456,#9455);
#9458=IFCREPRESENTATIONMAP(#9457,#9453);
#9459=IFCPROPERTYSET('2oLTRiJPLDS8Pi1c9$P_0M',$,'MF_Structural',$,(#9460,#9461,#9462));
#9460=IFCPROPERTYSINGLEVALUE('Section',$,IFCLABEL('WT5X27'),$);
#9461=IFCPROPERTYSINGLEVALUE('SectionFamily',$,IFCLABEL('WT'),$);
#9462=IFCPROPERTYSINGLEVALUE('SectionSource',$,IFCLABEL('AISC Shapes Database v15.0 (US)'),$);
#9463=IFCPROPERTYSET('0LQHfhopr4M9$jZ8p3YJsF',$,'MF_Library',$,(#9464,#9465,#9466,#9467,#9468,#9469,#9470,#9471,#9472,#9473));
#9464=IFCPROPERTYSINGLEVALUE('Key',$,IFCLABEL('steel_tee_wt'),$);
#9465=IFCPROPERTYSINGLEVALUE('Family',$,IFCLABEL('WT Structural Tee'),$);
#9466=IFCPROPERTYSINGLEVALUE('TypeName',$,IFCLABEL('WT5X27'),$);
#9467=IFCPROPERTYSINGLEVALUE('Version',$,IFCLABEL('0.1.0'),$);
#9468=IFCPROPERTYSINGLEVALUE('License',$,IFCLABEL('CC0-1.0'),$);
#9469=IFCPROPERTYSINGLEVALUE('Source',$,IFCLABEL('massing-families'),$);
#9470=IFCPROPERTYSINGLEVALUE('Tier',$,IFCLABEL('L300'),$);
#9471=IFCPROPERTYSINGLEVALUE('Builder',$,IFCLABEL('profile'),$);
#9472=IFCPROPERTYSINGLEVALUE('Discipline',$,IFCLABEL('structural'),$);
#9473=IFCPROPERTYSINGLEVALUE('GeometryStatus',$,IFCLABEL('parametric'),$);
#9474=IFCPROPERTYSET('2NFlf3mUzDP9bplv$tBe1h',$,'MF_Quantities',$,(#9475,#9476,#9477,#9478,#9479));
#9475=IFCPROPERTYSINGLEVALUE('NominalWidth',$,IFCREAL(0.254),$);
#9476=IFCPROPERTYSINGLEVALUE('NominalDepth',$,IFCREAL(0.12827),$);
#9477=IFCPROPERTYSINGLEVALUE('NominalHeight',$,IFCREAL(3.048),$);
#9478=IFCPROPERTYSINGLEVALUE('NominalFootprintArea',$,IFCREAL(0.032580999999999999),$);
#9479=IFCPROPERTYSINGLEVALUE('NominalVolume',$,IFCREAL(0.099306000000000005),$);
#9480=IFCMEMBERTYPE('2DeOXzvXL7sAkzLOVzAlzV',$,'WT Structural Tee - WT5X24.5',$,$,(#9497,#9501,#9512),(#9496),$,$,.NOTDEFINED.);
#9481=IFCCARTESIANPOINT((0.,0.));
#9482=IFCDIRECTION((1.,0.));
#9483=IFCAXIS2PLACEMENT2D(#9481,#9482);
#9484=IFCTSHAPEPROFILEDEF(.AREA.,'WT5X24.5',#9483,0.126746,0.254,0.0086359999999999996,0.014224000000000001,0.012699999999999999,$,$,$,$);
#9485=IFCCARTESIANPOINT((0.,0.,0.));
#9486=IFCDIRECTION((0.,0.,1.));
#9487=IFCDIRECTION((1.,0.,0.));
#9488=IFCAXIS2PLACEMENT3D(#9485,#9486,#9487);
#9489=IFCDIRECTION((0.,0.,1.));
#9490=IFCEXTRUDEDAREASOLID(#9484,#9488,#9489,3.048);
#9491=IFCSHAPEREPRESENTATION(#11,'Body','SweptSolid',(#9490));
#9492=IFCCARTESIANPOINT((0.,0.,0.));
#9493=IFCDIRECTION((1.,0.,0.));
#9494=IFCDIRECTION((0.,0.,1.));
#9495=IFCAXIS2PLACEMENT3D(#9492,#9494,#9493);
#9496=IFCREPRESENTATIONMAP(#9495,#9491);
#9497=IFCPROPERTYSET('1DdZ8zo3b2Df2G4CiuBD_g',$,'MF_Structural',$,(#9498,#9499,#9500));
#9498=IFCPROPERTYSINGLEVALUE('Section',$,IFCLABEL('WT5X24.5'),$);
#9499=IFCPROPERTYSINGLEVALUE('SectionFamily',$,IFCLABEL('WT'),$);
#9500=IFCPROPERTYSINGLEVALUE('SectionSource',$,IFCLABEL('AISC Shapes Database v15.0 (US)'),$);
#9501=IFCPROPERTYSET('2xOLSrUK14ixsag3CdCkM7',$,'MF_Library',$,(#9502,#9503,#9504,#9505,#9506,#9507,#9508,#9509,#9510,#9511));
#9502=IFCPROPERTYSINGLEVALUE('Key',$,IFCLABEL('steel_tee_wt'),$);
#9503=IFCPROPERTYSINGLEVALUE('Family',$,IFCLABEL('WT Structural Tee'),$);
#9504=IFCPROPERTYSINGLEVALUE('TypeName',$,IFCLABEL('WT5X24.5'),$);
#9505=IFCPROPERTYSINGLEVALUE('Version',$,IFCLABEL('0.1.0'),$);
#9506=IFCPROPERTYSINGLEVALUE('License',$,IFCLABEL('CC0-1.0'),$);
#9507=IFCPROPERTYSINGLEVALUE('Source',$,IFCLABEL('massing-families'),$);
#9508=IFCPROPERTYSINGLEVALUE('Tier',$,IFCLABEL('L300'),$);
#9509=IFCPROPERTYSINGLEVALUE('Builder',$,IFCLABEL('profile'),$);
#9510=IFCPROPERTYSINGLEVALUE('Discipline',$,IFCLABEL('structural'),$);
#9511=IFCPROPERTYSINGLEVALUE('GeometryStatus',$,IFCLABEL('parametric'),$);
#9512=IFCPROPERTYSET('3Uq_p2LBn3jg28JXaZWgoW',$,'MF_Quantities',$,(#9513,#9514,#9515,#9516,#9517));
#9513=IFCPROPERTYSINGLEVALUE('NominalWidth',$,IFCREAL(0.254),$);
#9514=IFCPROPERTYSINGLEVALUE('NominalDepth',$,IFCREAL(0.126746),$);
#9515=IFCPROPERTYSINGLEVALUE('NominalHeight',$,IFCREAL(3.048),$);
#9516=IFCPROPERTYSINGLEVALUE('NominalFootprintArea',$,IFCREAL(0.032192999999999999),$);
#9517=IFCPROPERTYSINGLEVALUE('NominalVolume',$,IFCREAL(0.098126000000000005),$);
#9518=IFCMEMBERTYPE('2httDncr1AYAd3egecg83r',$,'WT Structural Tee - WT5X22.5',$,$,(#9535,#9539,#9550),(#9534),$,$,.NOTDEFINED.);
#9519=IFCCARTESIANPOINT((0.,0.));
#9520=IFCDIRECTION((1.,0.));
#9521=IFCAXIS2PLACEMENT2D(#9519,#9520);
#9522=IFCTSHAPEPROFILEDEF(.AREA.,'WT5X22.5',#9521,0.12827,0.203708,0.0088900000000000003,0.015748000000000002,0.012699999999999999,$,$,$,$);
#9523=IFCCARTESIANPOINT((0.,0.,0.));
#9524=IFCDIRECTION((0.,0.,1.));
#9525=IFCDIRECTION((1.,0.,0.));
#9526=IFCAXIS2PLACEMENT3D(#9523,#9524,#9525);
#9527=IFCDIRECTION((0.,0.,1.));
#9528=IFCEXTRUDEDAREASOLID(#9522,#9526,#9527,3.048);
#9529=IFCSHAPEREPRESENTATION(#11,'Body','SweptSolid',(#9528));
#9530=IFCCARTESIANPOINT((0.,0.,0.));
#9531=IFCDIRECTION((1.,0.,0.));
#9532=IFCDIRECTION((0.,0.,1.));
#9533=IFCAXIS2PLACEMENT3D(#9530,#9532,#9531);
#9534=IFCREPRESENTATIONMAP(#9533,#9529);
#9535=IFCPROPERTYSET('0XYulMB7nDUfCnsfzQo4bc',$,'MF_Structural',$,(#9536,#9537,#9538));
#9536=IFCPROPERTYSINGLEVALUE('Section',$,IFCLABEL('WT5X22.5'),$);
#9537=IFCPROPERTYSINGLEVALUE('SectionFamily',$,IFCLABEL('WT'),$);
#9538=IFCPROPERTYSINGLEVALUE('SectionSource',$,IFCLABEL('AISC Shapes Database v15.0 (US)'),$);
#9539=IFCPROPERTYSET('2EvEyP_DjCFQO7lGkTGvLe',$,'MF_Library',$,(#9540,#9541,#9542,#9543,#9544,#9545,#9546,#9547,#9548,#9549));
#9540=IFCPROPERTYSINGLEVALUE('Key',$,IFCLABEL('steel_tee_wt'),$);
#9541=IFCPROPERTYSINGLEVALUE('Family',$,IFCLABEL('WT Structural Tee'),$);
#9542=IFCPROPERTYSINGLEVALUE('TypeName',$,IFCLABEL('WT5X22.5'),$);
#9543=IFCPROPERTYSINGLEVALUE('Version',$,IFCLABEL('0.1.0'),$);
#9544=IFCPROPERTYSINGLEVALUE('License',$,IFCLABEL('CC0-1.0'),$);
#9545=IFCPROPERTYSINGLEVALUE('Source',$,IFCLABEL('massing-families'),$);
#9546=IFCPROPERTYSINGLEVALUE('Tier',$,IFCLABEL('L300'),$);
#9547=IFCPROPERTYSINGLEVALUE('Builder',$,IFCLABEL('profile'),$);
#9548=IFCPROPERTYSINGLEVALUE('Discipline',$,IFCLABEL('structural'),$);
#9549=IFCPROPERTYSINGLEVALUE('GeometryStatus',$,IFCLABEL('parametric'),$);
#9550=IFCPROPERTYSET('3DPLUWF3f1JOi3_A4Jo9xm',$,'MF_Quantities',$,(#9551,#9552,#9553,#9554,#9555));
#9551=IFCPROPERTYSINGLEVALUE('NominalWidth',$,IFCREAL(0.203708),$);
#9552=IFCPROPERTYSINGLEVALUE('NominalDepth',$,IFCREAL(0.12827),$);
#9553=IFCPROPERTYSINGLEVALUE('NominalHeight',$,IFCREAL(3.048),$);
#9554=IFCPROPERTYSINGLEVALUE('NominalFootprintArea',$,IFCREAL(0.02613),$);
#9555=IFCPROPERTYSINGLEVALUE('NominalVolume',$,IFCREAL(0.079643000000000005),$);
#9556=IFCMEMBERTYPE('29HHRHbyX9ugQJeAco$JfY',$,'WT Structural Tee - WT5X19.5',$,$,(#9573,#9577,#9588),(#9572),$,$,.NOTDEFINED.);
#9557=IFCCARTESIANPOINT((0.,0.));
#9558=IFCDIRECTION((1.,0.));
#9559=IFCAXIS2PLACEMENT2D(#9557,#9558);
#9560=IFCTSHAPEPROFILEDEF(.AREA.,'WT5X19.5',#9559,0.12598400000000001,0.20294599999999999,0.0080009999999999994,0.013462,0.012699999999999999,$,$,$,$);
#9561=IFCCARTESIANPOINT((0.,0.,0.));
#9562=IFCDIRECTION((0.,0.,1.));
#9563=IFCDIRECTION((1.,0.,0.));
#9564=IFCAXIS2PLACEMENT3D(#9561,#9562,#9563);
#9565=IFCDIRECTION((0.,0.,1.));
#9566=IFCEXTRUDEDAREASOLID(#9560,#9564,#9565,3.048);
#9567=IFCSHAPEREPRESENTATION(#11,'Body','SweptSolid',(#9566));
#9568=IFCCARTESIANPOINT((0.,0.,0.));
#9569=IFCDIRECTION((1.,0.,0.));
#9570=IFCDIRECTION((0.,0.,1.));
#9571=IFCAXIS2PLACEMENT3D(#9568,#9570,#9569);
#9572=IFCREPRESENTATIONMAP(#9571,#9567);
#9573=IFCPROPERTYSET('1Gi7EkIFv4nhUvakXBdF1D',$,'MF_Structural',$,(#9574,#9575,#9576));
#9574=IFCPROPERTYSINGLEVALUE('Section',$,IFCLABEL('WT5X19.5'),$);
#9575=IFCPROPERTYSINGLEVALUE('SectionFamily',$,IFCLABEL('WT'),$);
#9576=IFCPROPERTYSINGLEVALUE('SectionSource',$,IFCLABEL('AISC Shapes Database v15.0 (US)'),$);
#9577=IFCPROPERTYSET('24K7TTQgz8LfDqNW9xQ7C0',$,'MF_Library',$,(#9578,#9579,#9580,#9581,#9582,#9583,#9584,#9585,#9586,#9587));
#9578=IFCPROPERTYSINGLEVALUE('Key',$,IFCLABEL('steel_tee_wt'),$);
#9579=IFCPROPERTYSINGLEVALUE('Family',$,IFCLABEL('WT Structural Tee'),$);
#9580=IFCPROPERTYSINGLEVALUE('TypeName',$,IFCLABEL('WT5X19.5'),$);
#9581=IFCPROPERTYSINGLEVALUE('Version',$,IFCLABEL('0.1.0'),$);
#9582=IFCPROPERTYSINGLEVALUE('License',$,IFCLABEL('CC0-1.0'),$);
#9583=IFCPROPERTYSINGLEVALUE('Source',$,IFCLABEL('massing-families'),$);
#9584=IFCPROPERTYSINGLEVALUE('Tier',$,IFCLABEL('L300'),$);
#9585=IFCPROPERTYSINGLEVALUE('Builder',$,IFCLABEL('profile'),$);
#9586=IFCPROPERTYSINGLEVALUE('Discipline',$,IFCLABEL('structural'),$);
#9587=IFCPROPERTYSINGLEVALUE('GeometryStatus',$,IFCLABEL('parametric'),$);
#9588=IFCPROPERTYSET('08QWsJPML2JB1KR6pz3sm$',$,'MF_Quantities',$,(#9589,#9590,#9591,#9592,#9593));
#9589=IFCPROPERTYSINGLEVALUE('NominalWidth',$,IFCREAL(0.20294599999999999),$);
#9590=IFCPROPERTYSINGLEVALUE('NominalDepth',$,IFCREAL(0.12598400000000001),$);
#9591=IFCPROPERTYSINGLEVALUE('NominalHeight',$,IFCREAL(3.048),$);
#9592=IFCPROPERTYSINGLEVALUE('NominalFootprintArea',$,IFCREAL(0.025568),$);
#9593=IFCPROPERTYSINGLEVALUE('NominalVolume',$,IFCREAL(0.077931),$);
#9594=IFCMEMBERTYPE('3PBjwq96f2ROm8X$2CoI_N',$,'WT Structural Tee - WT5X16.5',$,$,(#9611,#9615,#9626),(#9610),$,$,.NOTDEFINED.);
#9595=IFCCARTESIANPOINT((0.,0.));
#9596=IFCDIRECTION((1.,0.));
#9597=IFCAXIS2PLACEMENT2D(#9595,#9596);
#9598=IFCTSHAPEPROFILEDEF(.AREA.,'WT5X16.5',#9597,0.123698,0.202184,0.0073660000000000002,0.011049,0.012699999999999999,$,$,$,$);
#9599=IFCCARTESIANPOINT((0.,0.,0.));
#9600=IFCDIRECTION((0.,0.,1.));
#9601=IFCDIRECTION((1.,0.,0.));
#9602=IFCAXIS2PLACEMENT3D(#9599,#9600,#9601);
#9603=IFCDIRECTION((0.,0.,1.));
#9604=IFCEXTRUDEDAREASOLID(#9598,#9602,#9603,3.048);
#9605=IFCSHAPEREPRESENTATION(#11,'Body','SweptSolid',(#9604));
#9606=IFCCARTESIANPOINT((0.,0.,0.));
#9607=IFCDIRECTION((1.,0.,0.));
#9608=IFCDIRECTION((0.,0.,1.));
#9609=IFCAXIS2PLACEMENT3D(#9606,#9608,#9607);
#9610=IFCREPRESENTATIONMAP(#9609,#9605);
#9611=IFCPROPERTYSET('3suH6iHrzCFOs7QBCTBF5a',$,'MF_Structural',$,(#9612,#9613,#9614));
#9612=IFCPROPERTYSINGLEVALUE('Section',$,IFCLABEL('WT5X16.5'),$);
#9613=IFCPROPERTYSINGLEVALUE('SectionFamily',$,IFCLABEL('WT'),$);
#9614=IFCPROPERTYSINGLEVALUE('SectionSource',$,IFCLABEL('AISC Shapes Database v15.0 (US)'),$);
#9615=IFCPROPERTYSET('1_p2R8LFP0fO$UV5pyS0mO',$,'MF_Library',$,(#9616,#9617,#9618,#9619,#9620,#9621,#9622,#9623,#9624,#9625));
#9616=IFCPROPERTYSINGLEVALUE('Key',$,IFCLABEL('steel_tee_wt'),$);
#9617=IFCPROPERTYSINGLEVALUE('Family',$,IFCLABEL('WT Structural Tee'),$);
#9618=IFCPROPERTYSINGLEVALUE('TypeName',$,IFCLABEL('WT5X16.5'),$);
#9619=IFCPROPERTYSINGLEVALUE('Version',$,IFCLABEL('0.1.0'),$);
#9620=IFCPROPERTYSINGLEVALUE('License',$,IFCLABEL('CC0-1.0'),$);
#9621=IFCPROPERTYSINGLEVALUE('Source',$,IFCLABEL('massing-families'),$);
#9622=IFCPROPERTYSINGLEVALUE('Tier',$,IFCLABEL('L300'),$);
#9623=IFCPROPERTYSINGLEVALUE('Builder',$,IFCLABEL('profile'),$);
#9624=IFCPROPERTYSINGLEVALUE('Discipline',$,IFCLABEL('structural'),$);
#9625=IFCPROPERTYSINGLEVALUE('GeometryStatus',$,IFCLABEL('parametric'),$);
#9626=IFCPROPERTYSET('2UwAvmNeX59f0k6DdNWIAh',$,'MF_Quantities',$,(#9627,#9628,#9629,#9630,#9631));
#9627=IFCPROPERTYSINGLEVALUE('NominalWidth',$,IFCREAL(0.202184),$);
#9628=IFCPROPERTYSINGLEVALUE('NominalDepth',$,IFCREAL(0.123698),$);
#9629=IFCPROPERTYSINGLEVALUE('NominalHeight',$,IFCREAL(3.048),$);
#9630=IFCPROPERTYSINGLEVALUE('NominalFootprintArea',$,IFCREAL(0.025010000000000001),$);
#9631=IFCPROPERTYSINGLEVALUE('NominalVolume',$,IFCREAL(0.076230000000000006),$);
#9632=IFCMEMBERTYPE('1KF$0CJSH84w0QdwNYx60y',$,'WT Structural Tee - WT5X15',$,$,(#9649,#9653,#9664),(#9648),$,$,.NOTDEFINED.);
#9633=IFCCARTESIANPOINT((0.,0.));
#9634=IFCDIRECTION((1.,0.));
#9635=IFCAXIS2PLACEMENT2D(#9633,#9634);
#9636=IFCTSHAPEPROFILEDEF(.AREA.,'WT5X15',#9635,0.13309599999999999,0.14757400000000001,0.00762,0.012954,0.00762,$,$,$,$);
#9637=IFCCARTESIANPOINT((0.,0.,0.));
#9638=IFCDIRECTION((0.,0.,1.));
#9639=IFCDIRECTION((1.,0.,0.));
#9640=IFCAXIS2PLACEMENT3D(#9637,#9638,#9639);
#9641=IFCDIRECTION((0.,0.,1.));
#9642=IFCEXTRUDEDAREASOLID(#9636,#9640,#9641,3.048);
#9643=IFCSHAPEREPRESENTATION(#11,'Body','SweptSolid',(#9642));
#9644=IFCCARTESIANPOINT((0.,0.,0.));
#9645=IFCDIRECTION((1.,0.,0.));
#9646=IFCDIRECTION((0.,0.,1.));
#9647=IFCAXIS2PLACEMENT3D(#9644,#9646,#9645);
#9648=IFCREPRESENTATIONMAP(#9647,#9643);
#9649=IFCPROPERTYSET('23lXX0RrHCsOfT1snP$bBb',$,'MF_Structural',$,(#9650,#9651,#9652));
#9650=IFCPROPERTYSINGLEVALUE('Section',$,IFCLABEL('WT5X15'),$);
#9651=IFCPROPERTYSINGLEVALUE('SectionFamily',$,IFCLABEL('WT'),$);
#9652=IFCPROPERTYSINGLEVALUE('SectionSource',$,IFCLABEL('AISC Shapes Database v15.0 (US)'),$);
#9653=IFCPROPERTYSET('3IvMBU0U11$9Fix3Y0gma0',$,'MF_Library',$,(#9654,#9655,#9656,#9657,#9658,#9659,#9660,#9661,#9662,#9663));
#9654=IFCPROPERTYSINGLEVALUE('Key',$,IFCLABEL('steel_tee_wt'),$);
#9655=IFCPROPERTYSINGLEVALUE('Family',$,IFCLABEL('WT Structural Tee'),$);
#9656=IFCPROPERTYSINGLEVALUE('TypeName',$,IFCLABEL('WT5X15'),$);
#9657=IFCPROPERTYSINGLEVALUE('Version',$,IFCLABEL('0.1.0'),$);
#9658=IFCPROPERTYSINGLEVALUE('License',$,IFCLABEL('CC0-1.0'),$);
#9659=IFCPROPERTYSINGLEVALUE('Source',$,IFCLABEL('massing-families'),$);
#9660=IFCPROPERTYSINGLEVALUE('Tier',$,IFCLABEL('L300'),$);
#9661=IFCPROPERTYSINGLEVALUE('Builder',$,IFCLABEL('profile'),$);
#9662=IFCPROPERTYSINGLEVALUE('Discipline',$,IFCLABEL('structural'),$);
#9663=IFCPROPERTYSINGLEVALUE('GeometryStatus',$,IFCLABEL('parametric'),$);
#9664=IFCPROPERTYSET('3vIghtSKf4vwAxBeCzU9Wh',$,'MF_Quantities',$,(#9665,#9666,#9667,#9668,#9669));
#9665=IFCPROPERTYSINGLEVALUE('NominalWidth',$,IFCREAL(0.14757400000000001),$);
#9666=IFCPROPERTYSINGLEVALUE('NominalDepth',$,IFCREAL(0.13309599999999999),$);
#9667=IFCPROPERTYSINGLEVALUE('NominalHeight',$,IFCREAL(3.048),$);
#9668=IFCPROPERTYSINGLEVALUE('NominalFootprintArea',$,IFCREAL(0.019642),$);
#9669=IFCPROPERTYSINGLEVALUE('NominalVolume',$,IFCREAL(0.059866999999999997),$);
#9670=IFCMEMBERTYPE('0yPuRZbkX0AP1vh_4IO8jX',$,'WT Structural Tee - WT5X13',$,$,(#9687,#9691,#9702),(#9686),$,$,.NOTDEFINED.);
#9671=IFCCARTESIANPOINT((0.,0.));
#9672=IFCDIRECTION((1.,0.));
#9673=IFCAXIS2PLACEMENT2D(#9671,#9672);
#9674=IFCTSHAPEPROFILEDEF(.AREA.,'WT5X13',#9673,0.13131799999999999,0.14655799999999999,0.0066039999999999996,0.011176,0.00762,$,$,$,$);
#9675=IFCCARTESIANPOINT((0.,0.,0.));
#9676=IFCDIRECTION((0.,0.,1.));
#9677=IFCDIRECTION((1.,0.,0.));
#9678=IFCAXIS2PLACEMENT3D(#9675,#9676,#9677);
#9679=IFCDIRECTION((0.,0.,1.));
#9680=IFCEXTRUDEDAREASOLID(#9674,#9678,#9679,3.048);
#9681=IFCSHAPEREPRESENTATION(#11,'Body','SweptSolid',(#9680));
#9682=IFCCARTESIANPOINT((0.,0.,0.));
#9683=IFCDIRECTION((1.,0.,0.));
#9684=IFCDIRECTION((0.,0.,1.));
#9685=IFCAXIS2PLACEMENT3D(#9682,#9684,#9683);
#9686=IFCREPRESENTATIONMAP(#9685,#9681);
#9687=IFCPROPERTYSET('1AFCzeEQzAjvWlSA5YZ4Sz',$,'MF_Structural',$,(#9688,#9689,#9690));
#9688=IFCPROPERTYSINGLEVALUE('Section',$,IFCLABEL('WT5X13'),$);
#9689=IFCPROPERTYSINGLEVALUE('SectionFamily',$,IFCLABEL('WT'),$);
#9690=IFCPROPERTYSINGLEVALUE('SectionSource',$,IFCLABEL('AISC Shapes Database v15.0 (US)'),$);
#9691=IFCPROPERTYSET('22XiXj5i1EOPmuejhstA_6',$,'MF_Library',$,(#9692,#9693,#9694,#9695,#9696,#9697,#9698,#9699,#9700,#9701));
#9692=IFCPROPERTYSINGLEVALUE('Key',$,IFCLABEL('steel_tee_wt'),$);
#9693=IFCPROPERTYSINGLEVALUE('Family',$,IFCLABEL('WT Structural Tee'),$);
#9694=IFCPROPERTYSINGLEVALUE('TypeName',$,IFCLABEL('WT5X13'),$);
#9695=IFCPROPERTYSINGLEVALUE('Version',$,IFCLABEL('0.1.0'),$);
#9696=IFCPROPERTYSINGLEVALUE('License',$,IFCLABEL('CC0-1.0'),$);
#9697=IFCPROPERTYSINGLEVALUE('Source',$,IFCLABEL('massing-families'),$);
#9698=IFCPROPERTYSINGLEVALUE('Tier',$,IFCLABEL('L300'),$);
#9699=IFCPROPERTYSINGLEVALUE('Builder',$,IFCLABEL('profile'),$);
#9700=IFCPROPERTYSINGLEVALUE('Discipline',$,IFCLABEL('structural'),$);
#9701=IFCPROPERTYSINGLEVALUE('GeometryStatus',$,IFCLABEL('parametric'),$);
#9702=IFCPROPERTYSET('0GES9fUsL0CPNd8JVpYb_G',$,'MF_Quantities',$,(#9703,#9704,#9705,#9706,#9707));
#9703=IFCPROPERTYSINGLEVALUE('NominalWidth',$,IFCREAL(0.14655799999999999),$);
#9704=IFCPROPERTYSINGLEVALUE('NominalDepth',$,IFCREAL(0.13131799999999999),$);
#9705=IFCPROPERTYSINGLEVALUE('NominalHeight',$,IFCREAL(3.048),$);
#9706=IFCPROPERTYSINGLEVALUE('NominalFootprintArea',$,IFCREAL(0.019245999999999999),$);
#9707=IFCPROPERTYSINGLEVALUE('NominalVolume',$,IFCREAL(0.058660999999999998),$);
#9708=IFCMEMBERTYPE('362kNo9jj1vvJOkAVJLapq',$,'WT Structural Tee - WT5X11',$,$,(#9725,#9729,#9740),(#9724),$,$,.NOTDEFINED.);
#9709=IFCCARTESIANPOINT((0.,0.));
#9710=IFCDIRECTION((1.,0.));
#9711=IFCAXIS2PLACEMENT2D(#9709,#9710);
#9712=IFCTSHAPEPROFILEDEF(.AREA.,'WT5X11',#9711,0.12928600000000001,0.14605000000000001,0.0060959999999999999,0.0091439999999999994,0.00762,$,$,$,$);
#9713=IFCCARTESIANPOINT((0.,0.,0.));
#9714=IFCDIRECTION((0.,0.,1.));
#9715=IFCDIRECTION((1.,0.,0.));
#9716=IFCAXIS2PLACEMENT3D(#9713,#9714,#9715);
#9717=IFCDIRECTION((0.,0.,1.));
#9718=IFCEXTRUDEDAREASOLID(#9712,#9716,#9717,3.048);
#9719=IFCSHAPEREPRESENTATION(#11,'Body','SweptSolid',(#9718));
#9720=IFCCARTESIANPOINT((0.,0.,0.));
#9721=IFCDIRECTION((1.,0.,0.));
#9722=IFCDIRECTION((0.,0.,1.));
#9723=IFCAXIS2PLACEMENT3D(#9720,#9722,#9721);
#9724=IFCREPRESENTATIONMAP(#9723,#9719);
#9725=IFCPROPERTYSET('3yaJYdkF5D3Ry6qTtmoxdM',$,'MF_Structural',$,(#9726,#9727,#9728));
#9726=IFCPROPERTYSINGLEVALUE('Section',$,IFCLABEL('WT5X11'),$);
#9727=IFCPROPERTYSINGLEVALUE('SectionFamily',$,IFCLABEL('WT'),$);
#9728=IFCPROPERTYSINGLEVALUE('SectionSource',$,IFCLABEL('AISC Shapes Database v15.0 (US)'),$);
#9729=IFCPROPERTYSET('35EBaQ4SbB5AUCcN8lTFs0',$,'MF_Library',$,(#9730,#9731,#9732,#9733,#9734,#9735,#9736,#9737,#9738,#9739));
#9730=IFCPROPERTYSINGLEVALUE('Key',$,IFCLABEL('steel_tee_wt'),$);
#9731=IFCPROPERTYSINGLEVALUE('Family',$,IFCLABEL('WT Structural Tee'),$);
#9732=IFCPROPERTYSINGLEVALUE('TypeName',$,IFCLABEL('WT5X11'),$);
#9733=IFCPROPERTYSINGLEVALUE('Version',$,IFCLABEL('0.1.0'),$);
#9734=IFCPROPERTYSINGLEVALUE('License',$,IFCLABEL('CC0-1.0'),$);
#9735=IFCPROPERTYSINGLEVALUE('Source',$,IFCLABEL('massing-families'),$);
#9736=IFCPROPERTYSINGLEVALUE('Tier',$,IFCLABEL('L300'),$);
#9737=IFCPROPERTYSINGLEVALUE('Builder',$,IFCLABEL('profile'),$);
#9738=IFCPROPERTYSINGLEVALUE('Discipline',$,IFCLABEL('structural'),$);
#9739=IFCPROPERTYSINGLEVALUE('GeometryStatus',$,IFCLABEL('parametric'),$);
#9740=IFCPROPERTYSET('3QmjllxLX0QP652ZmQHand',$,'MF_Quantities',$,(#9741,#9742,#9743,#9744,#9745));
#9741=IFCPROPERTYSINGLEVALUE('NominalWidth',$,IFCREAL(0.14605000000000001),$);
#9742=IFCPROPERTYSINGLEVALUE('NominalDepth',$,IFCREAL(0.12928600000000001),$);
#9743=IFCPROPERTYSINGLEVALUE('NominalHeight',$,IFCREAL(3.048),$);
#9744=IFCPROPERTYSINGLEVALUE('NominalFootprintArea',$,IFCREAL(0.018881999999999999),$);
#9745=IFCPROPERTYSINGLEVALUE('NominalVolume',$,IFCREAL(0.057553),$);
#9746=IFCMEMBERTYPE('0qfrvf2VLFfg87zbaxJQtc',$,'WT Structural Tee - WT5X9.5',$,$,(#9763,#9767,#9778),(#9762),$,$,.NOTDEFINED.);
#9747=IFCCARTESIANPOINT((0.,0.));
#9748=IFCDIRECTION((1.,0.));
#9749=IFCAXIS2PLACEMENT2D(#9747,#9748);
#9750=IFCTSHAPEPROFILEDEF(.AREA.,'WT5X9.5',#9749,0.130048,0.102108,0.0063499999999999997,0.010033,0.00762,$,$,$,$);
#9751=IFCCARTESIANPOINT((0.,0.,0.));
#9752=IFCDIRECTION((0.,0.,1.));
#9753=IFCDIRECTION((1.,0.,0.));
#9754=IFCAXIS2PLACEMENT3D(#9751,#9752,#9753);
#9755=IFCDIRECTION((0.,0.,1.));
#9756=IFCEXTRUDEDAREASOLID(#9750,#9754,#9755,3.048);
#9757=IFCSHAPEREPRESENTATION(#11,'Body','SweptSolid',(#9756));
#9758=IFCCARTESIANPOINT((0.,0.,0.));
#9759=IFCDIRECTION((1.,0.,0.));
#9760=IFCDIRECTION((0.,0.,1.));
#9761=IFCAXIS2PLACEMENT3D(#9758,#9760,#9759);
#9762=IFCREPRESENTATIONMAP(#9761,#9757);
#9763=IFCPROPERTYSET('14jaOCziDDmRuAes4T92xB',$,'MF_Structural',$,(#9764,#9765,#9766));
#9764=IFCPROPERTYSINGLEVALUE('Section',$,IFCLABEL('WT5X9.5'),$);
#9765=IFCPROPERTYSINGLEVALUE('SectionFamily',$,IFCLABEL('WT'),$);
#9766=IFCPROPERTYSINGLEVALUE('SectionSource',$,IFCLABEL('AISC Shapes Database v15.0 (US)'),$);
#9767=IFCPROPERTYSET('1ARRLcLJX45vBGxCF_bgXA',$,'MF_Library',$,(#9768,#9769,#9770,#9771,#9772,#9773,#9774,#9775,#9776,#9777));
#9768=IFCPROPERTYSINGLEVALUE('Key',$,IFCLABEL('steel_tee_wt'),$);
#9769=IFCPROPERTYSINGLEVALUE('Family',$,IFCLABEL('WT Structural Tee'),$);
#9770=IFCPROPERTYSINGLEVALUE('TypeName',$,IFCLABEL('WT5X9.5'),$);
#9771=IFCPROPERTYSINGLEVALUE('Version',$,IFCLABEL('0.1.0'),$);
#9772=IFCPROPERTYSINGLEVALUE('License',$,IFCLABEL('CC0-1.0'),$);
#9773=IFCPROPERTYSINGLEVALUE('Source',$,IFCLABEL('massing-families'),$);
#9774=IFCPROPERTYSINGLEVALUE('Tier',$,IFCLABEL('L300'),$);
#9775=IFCPROPERTYSINGLEVALUE('Builder',$,IFCLABEL('profile'),$);
#9776=IFCPROPERTYSINGLEVALUE('Discipline',$,IFCLABEL('structural'),$);
#9777=IFCPROPERTYSINGLEVALUE('GeometryStatus',$,IFCLABEL('parametric'),$);
#9778=IFCPROPERTYSET('2WuWfKioH8uOwawSQ$2z56',$,'MF_Quantities',$,(#9779,#9780,#9781,#9782,#9783));
#9779=IFCPROPERTYSINGLEVALUE('NominalWidth',$,IFCREAL(0.102108),$);
#9780=IFCPROPERTYSINGLEVALUE('NominalDepth',$,IFCREAL(0.130048),$);
#9781=IFCPROPERTYSINGLEVALUE('NominalHeight',$,IFCREAL(3.048),$);
#9782=IFCPROPERTYSINGLEVALUE('NominalFootprintArea',$,IFCREAL(0.013278999999999999),$);
#9783=IFCPROPERTYSINGLEVALUE('NominalVolume',$,IFCREAL(0.040474000000000003),$);
#9784=IFCMEMBERTYPE('1fTCHHJWLCUvWVh8zjIkg$',$,'WT Structural Tee - WT5X8.5',$,$,(#9801,#9805,#9816),(#9800),$,$,.NOTDEFINED.);
#9785=IFCCARTESIANPOINT((0.,0.));
#9786=IFCDIRECTION((1.,0.));
#9787=IFCAXIS2PLACEMENT2D(#9785,#9786);
#9788=IFCTSHAPEPROFILEDEF(.AREA.,'WT5X8.5',#9787,0.128524,0.101854,0.0060959999999999999,0.0083820000000000006,0.00762,$,$,$,$);
#9789=IFCCARTESIANPOINT((0.,0.,0.));
#9790=IFCDIRECTION((0.,0.,1.));
#9791=IFCDIRECTION((1.,0.,0.));
#9792=IFCAXIS2PLACEMENT3D(#9789,#9790,#9791);
#9793=IFCDIRECTION((0.,0.,1.));
#9794=IFCEXTRUDEDAREASOLID(#9788,#9792,#9793,3.048);
#9795=IFCSHAPEREPRESENTATION(#11,'Body','SweptSolid',(#9794));
#9796=IFCCARTESIANPOINT((0.,0.,0.));
#9797=IFCDIRECTION((1.,0.,0.));
#9798=IFCDIRECTION((0.,0.,1.));
#9799=IFCAXIS2PLACEMENT3D(#9796,#9798,#9797);
#9800=IFCREPRESENTATIONMAP(#9799,#9795);
#9801=IFCPROPERTYSET('3HU94xrQn0s8XuN79BDPzV',$,'MF_Structural',$,(#9802,#9803,#9804));
#9802=IFCPROPERTYSINGLEVALUE('Section',$,IFCLABEL('WT5X8.5'),$);
#9803=IFCPROPERTYSINGLEVALUE('SectionFamily',$,IFCLABEL('WT'),$);
#9804=IFCPROPERTYSINGLEVALUE('SectionSource',$,IFCLABEL('AISC Shapes Database v15.0 (US)'),$);
#9805=IFCPROPERTYSET('2q8iSyDiX5Y8nQ2$M8jG5F',$,'MF_Library',$,(#9806,#9807,#9808,#9809,#9810,#9811,#9812,#9813,#9814,#9815));
#9806=IFCPROPERTYSINGLEVALUE('Key',$,IFCLABEL('steel_tee_wt'),$);
#9807=IFCPROPERTYSINGLEVALUE('Family',$,IFCLABEL('WT Structural Tee'),$);
#9808=IFCPROPERTYSINGLEVALUE('TypeName',$,IFCLABEL('WT5X8.5'),$);
#9809=IFCPROPERTYSINGLEVALUE('Version',$,IFCLABEL('0.1.0'),$);
#9810=IFCPROPERTYSINGLEVALUE('License',$,IFCLABEL('CC0-1.0'),$);
#9811=IFCPROPERTYSINGLEVALUE('Source',$,IFCLABEL('massing-families'),$);
#9812=IFCPROPERTYSINGLEVALUE('Tier',$,IFCLABEL('L300'),$);
#9813=IFCPROPERTYSINGLEVALUE('Builder',$,IFCLABEL('profile'),$);
#9814=IFCPROPERTYSINGLEVALUE('Discipline',$,IFCLABEL('structural'),$);
#9815=IFCPROPERTYSINGLEVALUE('GeometryStatus',$,IFCLABEL('parametric'),$);
#9816=IFCPROPERTYSET('3nsyUN6nT1_xTYlOhd3Qzn',$,'MF_Quantities',$,(#9817,#9818,#9819,#9820,#9821));
#9817=IFCPROPERTYSINGLEVALUE('NominalWidth',$,IFCREAL(0.101854),$);
#9818=IFCPROPERTYSINGLEVALUE('NominalDepth',$,IFCREAL(0.128524),$);
#9819=IFCPROPERTYSINGLEVALUE('NominalHeight',$,IFCREAL(3.048),$);
#9820=IFCPROPERTYSINGLEVALUE('NominalFootprintArea',$,IFCREAL(0.013091),$);
#9821=IFCPROPERTYSINGLEVALUE('NominalVolume',$,IFCREAL(0.039899999999999998),$);
#9822=IFCMEMBERTYPE('08m45aA8XBdxKwc$p_eQde',$,'WT Structural Tee - WT5X7.5',$,$,(#9839,#9843,#9854),(#9838),$,$,.NOTDEFINED.);
#9823=IFCCARTESIANPOINT((0.,0.));
#9824=IFCDIRECTION((1.,0.));
#9825=IFCAXIS2PLACEMENT2D(#9823,#9824);
#9826=IFCTSHAPEPROFILEDEF(.AREA.,'WT5X7.5',#9825,0.127,0.1016,0.005842,0.0068580000000000004,0.00762,$,$,$,$);
#9827=IFCCARTESIANPOINT((0.,0.,0.));
#9828=IFCDIRECTION((0.,0.,1.));
#9829=IFCDIRECTION((1.,0.,0.));
#9830=IFCAXIS2PLACEMENT3D(#9827,#9828,#9829);
#9831=IFCDIRECTION((0.,0.,1.));
#9832=IFCEXTRUDEDAREASOLID(#9826,#9830,#9831,3.048);
#9833=IFCSHAPEREPRESENTATION(#11,'Body','SweptSolid',(#9832));
#9834=IFCCARTESIANPOINT((0.,0.,0.));
#9835=IFCDIRECTION((1.,0.,0.));
#9836=IFCDIRECTION((0.,0.,1.));
#9837=IFCAXIS2PLACEMENT3D(#9834,#9836,#9835);
#9838=IFCREPRESENTATIONMAP(#9837,#9833);
#9839=IFCPROPERTYSET('2Vhy8wPLb1QQRPyf53mc6o',$,'MF_Structural',$,(#9840,#9841,#9842));
#9840=IFCPROPERTYSINGLEVALUE('Section',$,IFCLABEL('WT5X7.5'),$);
#9841=IFCPROPERTYSINGLEVALUE('SectionFamily',$,IFCLABEL('WT'),$);
#9842=IFCPROPERTYSINGLEVALUE('SectionSource',$,IFCLABEL('AISC Shapes Database v15.0 (US)'),$);
#9843=IFCPROPERTYSET('2Cs59j2YbCIvBYggzUxEbB',$,'MF_Library',$,(#9844,#9845,#9846,#9847,#9848,#9849,#9850,#9851,#9852,#9853));
#9844=IFCPROPERTYSINGLEVALUE('Key',$,IFCLABEL('steel_tee_wt'),$);
#9845=IFCPROPERTYSINGLEVALUE('Family',$,IFCLABEL('WT Structural Tee'),$);
#9846=IFCPROPERTYSINGLEVALUE('TypeName',$,IFCLABEL('WT5X7.5'),$);
#9847=IFCPROPERTYSINGLEVALUE('Version',$,IFCLABEL('0.1.0'),$);
#9848=IFCPROPERTYSINGLEVALUE('License',$,IFCLABEL('CC0-1.0'),$);
#9849=IFCPROPERTYSINGLEVALUE('Source',$,IFCLABEL('massing-families'),$);
#9850=IFCPROPERTYSINGLEVALUE('Tier',$,IFCLABEL('L300'),$);
#9851=IFCPROPERTYSINGLEVALUE('Builder',$,IFCLABEL('profile'),$);
#9852=IFCPROPERTYSINGLEVALUE('Discipline',$,IFCLABEL('structural'),$);
#9853=IFCPROPERTYSINGLEVALUE('GeometryStatus',$,IFCLABEL('parametric'),$);
#9854=IFCPROPERTYSET('1_FMt6eAL0wBLKRqQ4GWds',$,'MF_Quantities',$,(#9855,#9856,#9857,#9858,#9859));
#9855=IFCPROPERTYSINGLEVALUE('NominalWidth',$,IFCREAL(0.1016),$);
#9856=IFCPROPERTYSINGLEVALUE('NominalDepth',$,IFCREAL(0.127),$);
#9857=IFCPROPERTYSINGLEVALUE('NominalHeight',$,IFCREAL(3.048),$);
#9858=IFCPROPERTYSINGLEVALUE('NominalFootprintArea',$,IFCREAL(0.012903),$);
#9859=IFCPROPERTYSINGLEVALUE('NominalVolume',$,IFCREAL(0.039329000000000003),$);
#9860=IFCMEMBERTYPE('1gcSk32mfBFfZEn4eb0$HW',$,'WT Structural Tee - WT5X6',$,$,(#9877,#9881,#9892),(#9876),$,$,.NOTDEFINED.);
#9861=IFCCARTESIANPOINT((0.,0.));
#9862=IFCDIRECTION((1.,0.));
#9863=IFCAXIS2PLACEMENT2D(#9861,#9862);
#9864=IFCTSHAPEPROFILEDEF(.AREA.,'WT5X6',#9863,0.125476,0.10058400000000001,0.0048260000000000004,0.0053340000000000002,0.00762,$,$,$,$);
#9865=IFCCARTESIANPOINT((0.,0.,0.));
#9866=IFCDIRECTION((0.,0.,1.));
#9867=IFCDIRECTION((1.,0.,0.));
#9868=IFCAXIS2PLACEMENT3D(#9865,#9866,#9867);
#9869=IFCDIRECTION((0.,0.,1.));
#9870=IFCEXTRUDEDAREASOLID(#9864,#9868,#9869,3.048);
#9871=IFCSHAPEREPRESENTATION(#11,'Body','SweptSolid',(#9870));
#9872=IFCCARTESIANPOINT((0.,0.,0.));
#9873=IFCDIRECTION((1.,0.,0.));
#9874=IFCDIRECTION((0.,0.,1.));
#9875=IFCAXIS2PLACEMENT3D(#9872,#9874,#9873);
#9876=IFCREPRESENTATIONMAP(#9875,#9871);
#9877=IFCPROPERTYSET('0fFNEt8a5EMOGZFxefxiiF',$,'MF_Structural',$,(#9878,#9879,#9880));
#9878=IFCPROPERTYSINGLEVALUE('Section',$,IFCLABEL('WT5X6'),$);
#9879=IFCPROPERTYSINGLEVALUE('SectionFamily',$,IFCLABEL('WT'),$);
#9880=IFCPROPERTYSINGLEVALUE('SectionSource',$,IFCLABEL('AISC Shapes Database v15.0 (US)'),$);
#9881=IFCPROPERTYSET('2CpC06W3z0$hppHDE2eIhY',$,'MF_Library',$,(#9882,#9883,#9884,#9885,#9886,#9887,#9888,#9889,#9890,#9891));
#9882=IFCPROPERTYSINGLEVALUE('Key',$,IFCLABEL('steel_tee_wt'),$);
#9883=IFCPROPERTYSINGLEVALUE('Family',$,IFCLABEL('WT Structural Tee'),$);
#9884=IFCPROPERTYSINGLEVALUE('TypeName',$,IFCLABEL('WT5X6'),$);
#9885=IFCPROPERTYSINGLEVALUE('Version',$,IFCLABEL('0.1.0'),$);
#9886=IFCPROPERTYSINGLEVALUE('License',$,IFCLABEL('CC0-1.0'),$);
#9887=IFCPROPERTYSINGLEVALUE('Source',$,IFCLABEL('massing-families'),$);
#9888=IFCPROPERTYSINGLEVALUE('Tier',$,IFCLABEL('L300'),$);
#9889=IFCPROPERTYSINGLEVALUE('Builder',$,IFCLABEL('profile'),$);
#9890=IFCPROPERTYSINGLEVALUE('Discipline',$,IFCLABEL('structural'),$);
#9891=IFCPROPERTYSINGLEVALUE('GeometryStatus',$,IFCLABEL('parametric'),$);
#9892=IFCPROPERTYSET('0ozZW$PxDFnQgZyFE_RzdB',$,'MF_Quantities',$,(#9893,#9894,#9895,#9896,#9897));
#9893=IFCPROPERTYSINGLEVALUE('NominalWidth',$,IFCREAL(0.10058400000000001),$);
#9894=IFCPROPERTYSINGLEVALUE('NominalDepth',$,IFCREAL(0.125476),$);
#9895=IFCPROPERTYSINGLEVALUE('NominalHeight',$,IFCREAL(3.048),$);
#9896=IFCPROPERTYSINGLEVALUE('NominalFootprintArea',$,IFCREAL(0.012621),$);
#9897=IFCPROPERTYSINGLEVALUE('NominalVolume',$,IFCREAL(0.038468000000000002),$);
#9898=IFCMEMBERTYPE('3dV9mMVMf6uQIuGlbehl5h',$,'WT Structural Tee - WT4X33.5',$,$,(#9915,#9919,#9930),(#9914),$,$,.NOTDEFINED.);
#9899=IFCCARTESIANPOINT((0.,0.));
#9900=IFCDIRECTION((1.,0.));
#9901=IFCAXIS2PLACEMENT2D(#9899,#9900);
#9902=IFCTSHAPEPROFILEDEF(.AREA.,'WT4X33.5',#9901,0.1143,0.210312,0.014478,0.023748999999999999,0.010033,$,$,$,$);
#9903=IFCCARTESIANPOINT((0.,0.,0.));
#9904=IFCDIRECTION((0.,0.,1.));
#9905=IFCDIRECTION((1.,0.,0.));
#9906=IFCAXIS2PLACEMENT3D(#9903,#9904,#9905);
#9907=IFCDIRECTION((0.,0.,1.));
#9908=IFCEXTRUDEDAREASOLID(#9902,#9906,#9907,3.048);
#9909=IFCSHAPEREPRESENTATION(#11,'Body','SweptSolid',(#9908));
#9910=IFCCARTESIANPOINT((0.,0.,0.));
#9911=IFCDIRECTION((1.,0.,0.));
#9912=IFCDIRECTION((0.,0.,1.));
#9913=IFCAXIS2PLACEMENT3D(#9910,#9912,#9911);
#9914=IFCREPRESENTATIONMAP(#9913,#9909);
#9915=IFCPROPERTYSET('3TRD5sjf545BYKoqfUcByX',$,'MF_Structural',$,(#9916,#9917,#9918));
#9916=IFCPROPERTYSINGLEVALUE('Section',$,IFCLABEL('WT4X33.5'),$);
#9917=IFCPROPERTYSINGLEVALUE('SectionFamily',$,IFCLABEL('WT'),$);
#9918=IFCPROPERTYSINGLEVALUE('SectionSource',$,IFCLABEL('AISC Shapes Database v15.0 (US)'),$);
#9919=IFCPROPERTYSET('1EKWoYpub86gfxAQxMGvbm',$,'MF_Library',$,(#9920,#9921,#9922,#9923,#9924,#9925,#9926,#9927,#9928,#9929));
#9920=IFCPROPERTYSINGLEVALUE('Key',$,IFCLABEL('steel_tee_wt'),$);
#9921=IFCPROPERTYSINGLEVALUE('Family',$,IFCLABEL('WT Structural Tee'),$);
#9922=IFCPROPERTYSINGLEVALUE('TypeName',$,IFCLABEL('WT4X33.5'),$);
#9923=IFCPROPERTYSINGLEVALUE('Version',$,IFCLABEL('0.1.0'),$);
#9924=IFCPROPERTYSINGLEVALUE('License',$,IFCLABEL('CC0-1.0'),$);
#9925=IFCPROPERTYSINGLEVALUE('Source',$,IFCLABEL('massing-families'),$);
#9926=IFCPROPERTYSINGLEVALUE('Tier',$,IFCLABEL('L300'),$);
#9927=IFCPROPERTYSINGLEVALUE('Builder',$,IFCLABEL('profile'),$);
#9928=IFCPROPERTYSINGLEVALUE('Discipline',$,IFCLABEL('structural'),$);
#9929=IFCPROPERTYSINGLEVALUE('GeometryStatus',$,IFCLABEL('parametric'),$);
#9930=IFCPROPERTYSET('1sNBIEiWv2YOaTntMtjKps',$,'MF_Quantities',$,(#9931,#9932,#9933,#9934,#9935));
#9931=IFCPROPERTYSINGLEVALUE('NominalWidth',$,IFCREAL(0.210312),$);
#9932=IFCPROPERTYSINGLEVALUE('NominalDepth',$,IFCREAL(0.1143),$);
#9933=IFCPROPERTYSINGLEVALUE('NominalHeight',$,IFCREAL(3.048),$);
#9934=IFCPROPERTYSINGLEVALUE('NominalFootprintArea',$,IFCREAL(0.024039000000000001),$);
#9935=IFCPROPERTYSINGLEVALUE('NominalVolume',$,IFCREAL(0.073270000000000002),$);
#9936=IFCMEMBERTYPE('1KeeA1BcHEN96_Gxmq1H5e',$,'WT Structural Tee - WT4X29',$,$,(#9953,#9957,#9968),(#9952),$,$,.NOTDEFINED.);
#9937=IFCCARTESIANPOINT((0.,0.));
#9938=IFCDIRECTION((1.,0.));
#9939=IFCAXIS2PLACEMENT2D(#9937,#9938);
#9940=IFCTSHAPEPROFILEDEF(.AREA.,'WT4X29',#9939,0.111252,0.208788,0.012954,0.020573999999999999,0.0099059999999999999,$,$,$,$);
#9941=IFCCARTESIANPOINT((0.,0.,0.));
#9942=IFCDIRECTION((0.,0.,1.));
#9943=IFCDIRECTION((1.,0.,0.));
#9944=IFCAXIS2PLACEMENT3D(#9941,#9942,#9943);
#9945=IFCDIRECTION((0.,0.,1.));
#9946=IFCEXTRUDEDAREASOLID(#9940,#9944,#9945,3.048);
#9947=IFCSHAPEREPRESENTATION(#11,'Body','SweptSolid',(#9946));
#9948=IFCCARTESIANPOINT((0.,0.,0.));
#9949=IFCDIRECTION((1.,0.,0.));
#9950=IFCDIRECTION((0.,0.,1.));
#9951=IFCAXIS2PLACEMENT3D(#9948,#9950,#9949);
#9952=IFCREPRESENTATIONMAP(#9951,#9947);
#9953=IFCPROPERTYSET('3TcFgxRAH1geBAo43Ha9XQ',$,'MF_Structural',$,(#9954,#9955,#9956));
#9954=IFCPROPERTYSINGLEVALUE('Section',$,IFCLABEL('WT4X29'),$);
#9955=IFCPROPERTYSINGLEVALUE('SectionFamily',$,IFCLABEL('WT'),$);
#9956=IFCPROPERTYSINGLEVALUE('SectionSource',$,IFCLABEL('AISC Shapes Database v15.0 (US)'),$);
#9957=IFCPROPERTYSET('2XkahP4zv1nwQEyqjW$Fa1',$,'MF_Library',$,(#9958,#9959,#9960,#9961,#9962,#9963,#9964,#9965,#9966,#9967));
#9958=IFCPROPERTYSINGLEVALUE('Key',$,IFCLABEL('steel_tee_wt'),$);
#9959=IFCPROPERTYSINGLEVALUE('Family',$,IFCLABEL('WT Structural Tee'),$);
#9960=IFCPROPERTYSINGLEVALUE('TypeName',$,IFCLABEL('WT4X29'),$);
#9961=IFCPROPERTYSINGLEVALUE('Version',$,IFCLABEL('0.1.0'),$);
#9962=IFCPROPERTYSINGLEVALUE('License',$,IFCLABEL('CC0-1.0'),$);
#9963=IFCPROPERTYSINGLEVALUE('Source',$,IFCLABEL('massing-families'),$);
#9964=IFCPROPERTYSINGLEVALUE('Tier',$,IFCLABEL('L300'),$);
#9965=IFCPROPERTYSINGLEVALUE('Builder',$,IFCLABEL('profile'),$);
#9966=IFCPROPERTYSINGLEVALUE('Discipline',$,IFCLABEL('structural'),$);
#9967=IFCPROPERTYSINGLEVALUE('GeometryStatus',$,IFCLABEL('parametric'),$);
#9968=IFCPROPERTYSET('2bq2uInWr4nfjjaIfJXL4c',$,'MF_Quantities',$,(#9969,#9970,#9971,#9972,#9973));
#9969=IFCPROPERTYSINGLEVALUE('NominalWidth',$,IFCREAL(0.208788),$);
#9970=IFCPROPERTYSINGLEVALUE('NominalDepth',$,IFCREAL(0.111252),$);
#9971=IFCPROPERTYSINGLEVALUE('NominalHeight',$,IFCREAL(3.048),$);
#9972=IFCPROPERTYSINGLEVALUE('NominalFootprintArea',$,IFCREAL(0.023227999999999999),$);
#9973=IFCPROPERTYSINGLEVALUE('NominalVolume',$,IFCREAL(0.070799000000000001),$);
#9974=IFCMEMBERTYPE('2lPEBwlaz60BWvUune1AQG',$,'WT Structural Tee - WT4X24',$,$,(#9991,#9995,#10006),(#9990),$,$,.NOTDEFINED.);
#9975=IFCCARTESIANPOINT((0.,0.));
#9976=IFCDIRECTION((1.,0.));
#9977=IFCAXIS2PLACEMENT2D(#9975,#9976);
#9978=IFCTSHAPEPROFILEDEF(.AREA.,'WT4X24',#9977,0.10795,0.20599400000000001,0.010160000000000001,0.017399000000000001,0.010033,$,$,$,$);
#9979=IFCCARTESIANPOINT((0.,0.,0.));
#9980=IFCDIRECTION((0.,0.,1.));
#9981=IFCDIRECTION((1.,0.,0.));
#9982=IFCAXIS2PLACEMENT3D(#9979,#9980,#9981);
#9983=IFCDIRECTION((0.,0.,1.));
#9984=IFCEXTRUDEDAREASOLID(#9978,#9982,#9983,3.048);
#9985=IFCSHAPEREPRESENTATION(#11,'Body','SweptSolid',(#9984));
#9986=IFCCARTESIANPOINT((0.,0.,0.));
#9987=IFCDIRECTION((1.,0.,0.));
#9988=IFCDIRECTION((0.,0.,1.));
#9989=IFCAXIS2PLACEMENT3D(#9986,#9988,#9987);
#9990=IFCREPRESENTATIONMAP(#9989,#9985);
#9991=IFCPROPERTYSET('24kb4yqIXFgx8Y8q810mm4',$,'MF_Structural',$,(#9992,#9993,#9994));
#9992=IFCPROPERTYSINGLEVALUE('Section',$,IFCLABEL('WT4X24'),$);
#9993=IFCPROPERTYSINGLEVALUE('SectionFamily',$,IFCLABEL('WT'),$);
#9994=IFCPROPERTYSINGLEVALUE('SectionSource',$,IFCLABEL('AISC Shapes Database v15.0 (US)'),$);
#9995=IFCPROPERTYSET('0mETYfUTD0u8xhwWOsDbvn',$,'MF_Library',$,(#9996,#9997,#9998,#9999,#10000,#10001,#10002,#10003,#10004,#10005));
#9996=IFCPROPERTYSINGLEVALUE('Key',$,IFCLABEL('steel_tee_wt'),$);
#9997=IFCPROPERTYSINGLEVALUE('Family',$,IFCLABEL('WT Structural Tee'),$);
#9998=IFCPROPERTYSINGLEVALUE('TypeName',$,IFCLABEL('WT4X24'),$);
#9999=IFCPROPERTYSINGLEVALUE('Version',$,IFCLABEL('0.1.0'),$);
#10000=IFCPROPERTYSINGLEVALUE('License',$,IFCLABEL('CC0-1.0'),$);
#10001=IFCPROPERTYSINGLEVALUE('Source',$,IFCLABEL('massing-families'),$);
#10002=IFCPROPERTYSINGLEVALUE('Tier',$,IFCLABEL('L300'),$);
#10003=IFCPROPERTYSINGLEVALUE('Builder',$,IFCLABEL('profile'),$);
#10004=IFCPROPERTYSINGLEVALUE('Discipline',$,IFCLABEL('structural'),$);
#10005=IFCPROPERTYSINGLEVALUE('GeometryStatus',$,IFCLABEL('parametric'),$);
#10006=IFCPROPERTYSET('1fdmlfKtP4MfUVHyXOiYlO',$,'MF_Quantities',$,(#10007,#10008,#10009,#10010,#10011));
#10007=IFCPROPERTYSINGLEVALUE('NominalWidth',$,IFCREAL(0.20599400000000001),$);
#10008=IFCPROPERTYSINGLEVALUE('NominalDepth',$,IFCREAL(0.10795),$);
#10009=IFCPROPERTYSINGLEVALUE('NominalHeight',$,IFCREAL(3.048),$);
#10010=IFCPROPERTYSINGLEVALUE('NominalFootprintArea',$,IFCREAL(0.022237),$);
#10011=IFCPROPERTYSINGLEVALUE('NominalVolume',$,IFCREAL(0.067779000000000006),$);
#10012=IFCMEMBERTYPE('2cMsCAzDH1HQvSAarcQqUo',$,'WT Structural Tee - WT4X20',$,$,(#10029,#10033,#10044),(#10028),$,$,.NOTDEFINED.);
#10013=IFCCARTESIANPOINT((0.,0.));
#10014=IFCDIRECTION((1.,0.));
#10015=IFCAXIS2PLACEMENT2D(#10013,#10014);
#10016=IFCTSHAPEPROFILEDEF(.AREA.,'WT4X20',#10015,0.104902,0.20497799999999999,0.0091439999999999994,0.014224000000000001,0.0100076,$,$,$,$);
#10017=IFCCARTESIANPOINT((0.,0.,0.));
#10018=IFCDIRECTION((0.,0.,1.));
#10019=IFCDIRECTION((1.,0.,0.));
#10020=IFCAXIS2PLACEMENT3D(#10017,#10018,#10019);
#10021=IFCDIRECTION((0.,0.,1.));
#10022=IFCEXTRUDEDAREASOLID(#10016,#10020,#10021,3.048);
#10023=IFCSHAPEREPRESENTATION(#11,'Body','SweptSolid',(#10022));
#10024=IFCCARTESIANPOINT((0.,0.,0.));
#10025=IFCDIRECTION((1.,0.,0.));
#10026=IFCDIRECTION((0.,0.,1.));
#10027=IFCAXIS2PLACEMENT3D(#10024,#10026,#10025);
#10028=IFCREPRESENTATIONMAP(#10027,#10023);
#10029=IFCPROPERTYSET('01ni$f3GvDFhTwTpke7NED',$,'MF_Structural',$,(#10030,#10031,#10032));
#10030=IFCPROPERTYSINGLEVALUE('Section',$,IFCLABEL('WT4X20'),$);
#10031=IFCPROPERTYSINGLEVALUE('SectionFamily',$,IFCLABEL('WT'),$);
#10032=IFCPROPERTYSINGLEVALUE('SectionSource',$,IFCLABEL('AISC Shapes Database v15.0 (US)'),$);
#10033=IFCPROPERTYSET('3PwDqTmuj5aOXnKgfNLoce',$,'MF_Library',$,(#10034,#10035,#10036,#10037,#10038,#10039,#10040,#10041,#10042,#10043));
#10034=IFCPROPERTYSINGLEVALUE('Key',$,IFCLABEL('steel_tee_wt'),$);
#10035=IFCPROPERTYSINGLEVALUE('Family',$,IFCLABEL('WT Structural Tee'),$);
#10036=IFCPROPERTYSINGLEVALUE('TypeName',$,IFCLABEL('WT4X20'),$);
#10037=IFCPROPERTYSINGLEVALUE('Version',$,IFCLABEL('0.1.0'),$);
#10038=IFCPROPERTYSINGLEVALUE('License',$,IFCLABEL('CC0-1.0'),$);
#10039=IFCPROPERTYSINGLEVALUE('Source',$,IFCLABEL('massing-families'),$);
#10040=IFCPROPERTYSINGLEVALUE('Tier',$,IFCLABEL('L300'),$);
#10041=IFCPROPERTYSINGLEVALUE('Builder',$,IFCLABEL('profile'),$);
#10042=IFCPROPERTYSINGLEVALUE('Discipline',$,IFCLABEL('structural'),$);
#10043=IFCPROPERTYSINGLEVALUE('GeometryStatus',$,IFCLABEL('parametric'),$);
#10044=IFCPROPERTYSET('16FYAoYO97Wudb6jAM7nkn',$,'MF_Quantities',$,(#10045,#10046,#10047,#10048,#10049));
#10045=IFCPROPERTYSINGLEVALUE('NominalWidth',$,IFCREAL(0.20497799999999999),$);
#10046=IFCPROPERTYSINGLEVALUE('NominalDepth',$,IFCREAL(0.104902),$);
#10047=IFCPROPERTYSINGLEVALUE('NominalHeight',$,IFCREAL(3.048),$);
#10048=IFCPROPERTYSINGLEVALUE('NominalFootprintArea',$,IFCREAL(0.021503000000000001),$);
#10049=IFCPROPERTYSINGLEVALUE('NominalVolume',$,IFCREAL(0.065540000000000001),$);
#10050=IFCMEMBERTYPE('3R2PVB0KX1T80hEneyq6Tj',$,'WT Structural Tee - WT4X17.5',$,$,(#10067,#10071,#10082),(#10066),$,$,.NOTDEFINED.);
#10051=IFCCARTESIANPOINT((0.,0.));
#10052=IFCDIRECTION((1.,0.));
#10053=IFCAXIS2PLACEMENT2D(#10051,#10052);
#10054=IFCTSHAPEPROFILEDEF(.AREA.,'WT4X17.5',#10053,0.10312399999999999,0.203708,0.0078740000000000008,0.012573000000000001,0.0100076,$,$,$,$);
#10055=IFCCARTESIANPOINT((0.,0.,0.));
#10056=IFCDIRECTION((0.,0.,1.));
#10057=IFCDIRECTION((1.,0.,0.));
#10058=IFCAXIS2PLACEMENT3D(#10055,#10056,#10057);
#10059=IFCDIRECTION((0.,0.,1.));
#10060=IFCEXTRUDEDAREASOLID(#10054,#10058,#10059,3.048);
#10061=IFCSHAPEREPRESENTATION(#11,'Body','SweptSolid',(#10060));
#10062=IFCCARTESIANPOINT((0.,0.,0.));
#10063=IFCDIRECTION((1.,0.,0.));
#10064=IFCDIRECTION((0.,0.,1.));
#10065=IFCAXIS2PLACEMENT3D(#10062,#10064,#10063);
#10066=IFCREPRESENTATIONMAP(#10065,#10061);
#10067=IFCPROPERTYSET('3YgAcZi3P2jQnv$RxOW7wB',$,'MF_Structural',$,(#10068,#10069,#10070));
#10068=IFCPROPERTYSINGLEVALUE('Section',$,IFCLABEL('WT4X17.5'),$);
#10069=IFCPROPERTYSINGLEVALUE('SectionFamily',$,IFCLABEL('WT'),$);
#10070=IFCPROPERTYSINGLEVALUE('SectionSource',$,IFCLABEL('AISC Shapes Database v15.0 (US)'),$);
#10071=IFCPROPERTYSET('2VKlSYIXXAjfBhtSKqEOHo',$,'MF_Library',$,(#10072,#10073,#10074,#10075,#10076,#10077,#10078,#10079,#10080,#10081));
#10072=IFCPROPERTYSINGLEVALUE('Key',$,IFCLABEL('steel_tee_wt'),$);
#10073=IFCPROPERTYSINGLEVALUE('Family',$,IFCLABEL('WT Structural Tee'),$);
#10074=IFCPROPERTYSINGLEVALUE('TypeName',$,IFCLABEL('WT4X17.5'),$);
#10075=IFCPROPERTYSINGLEVALUE('Version',$,IFCLABEL('0.1.0'),$);
#10076=IFCPROPERTYSINGLEVALUE('License',$,IFCLABEL('CC0-1.0'),$);
#10077=IFCPROPERTYSINGLEVALUE('Source',$,IFCLABEL('massing-families'),$);
#10078=IFCPROPERTYSINGLEVALUE('Tier',$,IFCLABEL('L300'),$);
#10079=IFCPROPERTYSINGLEVALUE('Builder',$,IFCLABEL('profile'),$);
#10080=IFCPROPERTYSINGLEVALUE('Discipline',$,IFCLABEL('structural'),$);
#10081=IFCPROPERTYSINGLEVALUE('GeometryStatus',$,IFCLABEL('parametric'),$);
#10082=IFCPROPERTYSET('0BkOsWGFX5UxyEL2hrHT9B',$,'MF_Quantities',$,(#10083,#10084,#10085,#10086,#10087));
#10083=IFCPROPERTYSINGLEVALUE('NominalWidth',$,IFCREAL(0.203708),$);
#10084=IFCPROPERTYSINGLEVALUE('NominalDepth',$,IFCREAL(0.10312399999999999),$);
#10085=IFCPROPERTYSINGLEVALUE('NominalHeight',$,IFCREAL(3.048),$);
#10086=IFCPROPERTYSINGLEVALUE('NominalFootprintArea',$,IFCREAL(0.021007000000000001),$);
#10087=IFCPROPERTYSINGLEVALUE('NominalVolume',$,IFCREAL(0.064030000000000004),$);
#10088=IFCMEMBERTYPE('3jzJW9hCH6cBX$12vsjo39',$,'WT Structural Tee - WT4X15.5',$,$,(#10105,#10109,#10120),(#10104),$,$,.NOTDEFINED.);
#10089=IFCCARTESIANPOINT((0.,0.));
#10090=IFCDIRECTION((1.,0.));
#10091=IFCAXIS2PLACEMENT2D(#10089,#10090);
#10092=IFCTSHAPEPROFILEDEF(.AREA.,'WT4X15.5',#10091,0.1016,0.20319999999999999,0.0072389999999999998,0.011049,0.0100076,$,$,$,$);
#10093=IFCCARTESIANPOINT((0.,0.,0.));
#10094=IFCDIRECTION((0.,0.,1.));
#10095=IFCDIRECTION((1.,0.,0.));
#10096=IFCAXIS2PLACEMENT3D(#10093,#10094,#10095);
#10097=IFCDIRECTION((0.,0.,1.));
#10098=IFCEXTRUDEDAREASOLID(#10092,#10096,#10097,3.048);
#10099=IFCSHAPEREPRESENTATION(#11,'Body','SweptSolid',(#10098));
#10100=IFCCARTESIANPOINT((0.,0.,0.));
#10101=IFCDIRECTION((1.,0.,0.));
#10102=IFCDIRECTION((0.,0.,1.));
#10103=IFCAXIS2PLACEMENT3D(#10100,#10102,#10101);
#10104=IFCREPRESENTATIONMAP(#10103,#10099);
#10105=IFCPROPERTYSET('0fnyWDBFD1JglZ0Mc7bbOY',$,'MF_Structural',$,(#10106,#10107,#10108));
#10106=IFCPROPERTYSINGLEVALUE('Section',$,IFCLABEL('WT4X15.5'),$);
#10107=IFCPROPERTYSINGLEVALUE('SectionFamily',$,IFCLABEL('WT'),$);
#10108=IFCPROPERTYSINGLEVALUE('SectionSource',$,IFCLABEL('AISC Shapes Database v15.0 (US)'),$);
#10109=IFCPROPERTYSET('0syxqadUnBxuD39SHk6jkq',$,'MF_Library',$,(#10110,#10111,#10112,#10113,#10114,#10115,#10116,#10117,#10118,#10119));
#10110=IFCPROPERTYSINGLEVALUE('Key',$,IFCLABEL('steel_tee_wt'),$);
#10111=IFCPROPERTYSINGLEVALUE('Family',$,IFCLABEL('WT Structural Tee'),$);
#10112=IFCPROPERTYSINGLEVALUE('TypeName',$,IFCLABEL('WT4X15.5'),$);
#10113=IFCPROPERTYSINGLEVALUE('Version',$,IFCLABEL('0.1.0'),$);
#10114=IFCPROPERTYSINGLEVALUE('License',$,IFCLABEL('CC0-1.0'),$);
#10115=IFCPROPERTYSINGLEVALUE('Source',$,IFCLABEL('massing-families'),$);
#10116=IFCPROPERTYSINGLEVALUE('Tier',$,IFCLABEL('L300'),$);
#10117=IFCPROPERTYSINGLEVALUE('Builder',$,IFCLABEL('profile'),$);
#10118=IFCPROPERTYSINGLEVALUE('Discipline',$,IFCLABEL('structural'),$);
#10119=IFCPROPERTYSINGLEVALUE('GeometryStatus',$,IFCLABEL('parametric'),$);
#10120=IFCPROPERTYSET('29RYiSylT4q9iun3_uBUNN',$,'MF_Quantities',$,(#10121,#10122,#10123,#10124,#10125));
#10121=IFCPROPERTYSINGLEVALUE('NominalWidth',$,IFCREAL(0.20319999999999999),$);
#10122=IFCPROPERTYSINGLEVALUE('NominalDepth',$,IFCREAL(0.1016),$);
#10123=IFCPROPERTYSINGLEVALUE('NominalHeight',$,IFCREAL(3.048),$);
#10124=IFCPROPERTYSINGLEVALUE('NominalFootprintArea',$,IFCREAL(0.020645),$);
#10125=IFCPROPERTYSINGLEVALUE('NominalVolume',$,IFCREAL(0.062925999999999996),$);
#10126=IFCMEMBERTYPE('2Kdu8eOrzFfAYNKeOsf$WW',$,'WT Structural Tee - WT4X14',$,$,(#10143,#10147,#10158),(#10142),$,$,.NOTDEFINED.);
#10127=IFCCARTESIANPOINT((0.,0.));
#10128=IFCDIRECTION((1.,0.));
#10129=IFCAXIS2PLACEMENT2D(#10127,#10128);
#10130=IFCTSHAPEPROFILEDEF(.AREA.,'WT4X14',#10129,0.10236199999999999,0.16611600000000001,0.0072389999999999998,0.011811,0.0100076,$,$,$,$);
#10131=IFCCARTESIANPOINT((0.,0.,0.));
#10132=IFCDIRECTION((0.,0.,1.));
#10133=IFCDIRECTION((1.,0.,0.));
#10134=IFCAXIS2PLACEMENT3D(#10131,#10132,#10133);
#10135=IFCDIRECTION((0.,0.,1.));
#10136=IFCEXTRUDEDAREASOLID(#10130,#10134,#10135,3.048);
#10137=IFCSHAPEREPRESENTATION(#11,'Body','SweptSolid',(#10136));
#10138=IFCCARTESIANPOINT((0.,0.,0.));
#10139=IFCDIRECTION((1.,0.,0.));
#10140=IFCDIRECTION((0.,0.,1.));
#10141=IFCAXIS2PLACEMENT3D(#10138,#10140,#10139);
#10142=IFCREPRESENTATIONMAP(#10141,#10137);
#10143=IFCPROPERTYSET('11MvdijgTEI9doiRf3DZwW',$,'MF_Structural',$,(#10144,#10145,#10146));
#10144=IFCPROPERTYSINGLEVALUE('Section',$,IFCLABEL('WT4X14'),$);
#10145=IFCPROPERTYSINGLEVALUE('SectionFamily',$,IFCLABEL('WT'),$);
#10146=IFCPROPERTYSINGLEVALUE('SectionSource',$,IFCLABEL('AISC Shapes Database v15.0 (US)'),$);
#10147=IFCPROPERTYSET('0KSZyhacTFBQgpP_jRGTDU',$,'MF_Library',$,(#10148,#10149,#10150,#10151,#10152,#10153,#10154,#10155,#10156,#10157));
#10148=IFCPROPERTYSINGLEVALUE('Key',$,IFCLABEL('steel_tee_wt'),$);
#10149=IFCPROPERTYSINGLEVALUE('Family',$,IFCLABEL('WT Structural Tee'),$);
#10150=IFCPROPERTYSINGLEVALUE('TypeName',$,IFCLABEL('WT4X14'),$);
#10151=IFCPROPERTYSINGLEVALUE('Version',$,IFCLABEL('0.1.0'),$);
#10152=IFCPROPERTYSINGLEVALUE('License',$,IFCLABEL('CC0-1.0'),$);
#10153=IFCPROPERTYSINGLEVALUE('Source',$,IFCLABEL('massing-families'),$);
#10154=IFCPROPERTYSINGLEVALUE('Tier',$,IFCLABEL('L300'),$);
#10155=IFCPROPERTYSINGLEVALUE('Builder',$,IFCLABEL('profile'),$);
#10156=IFCPROPERTYSINGLEVALUE('Discipline',$,IFCLABEL('structural'),$);
#10157=IFCPROPERTYSINGLEVALUE('GeometryStatus',$,IFCLABEL('parametric'),$);
#10158=IFCPROPERTYSET('29AdDwASb7CgNhuEia1NPy',$,'MF_Quantities',$,(#10159,#10160,#10161,#10162,#10163));
#10159=IFCPROPERTYSINGLEVALUE('NominalWidth',$,IFCREAL(0.16611600000000001),$);
#10160=IFCPROPERTYSINGLEVALUE('NominalDepth',$,IFCREAL(0.10236199999999999),$);
#10161=IFCPROPERTYSINGLEVALUE('NominalHeight',$,IFCREAL(3.048),$);
#10162=IFCPROPERTYSINGLEVALUE('NominalFootprintArea',$,IFCREAL(0.017003999999999998),$);
#10163=IFCPROPERTYSINGLEVALUE('NominalVolume',$,IFCREAL(0.051827999999999999),$);
#10164=IFCMEMBERTYPE('2OdZoUWezB2xjnkk$6gEUI',$,'WT Structural Tee - WT4X12',$,$,(#10181,#10185,#10196),(#10180),$,$,.NOTDEFINED.);
#10165=IFCCARTESIANPOINT((0.,0.));
#10166=IFCDIRECTION((1.,0.));
#10167=IFCAXIS2PLACEMENT2D(#10165,#10166);
#10168=IFCTSHAPEPROFILEDEF(.AREA.,'WT4X12',#10167,0.100838,0.1651,0.0062230000000000002,0.010160000000000001,0.0100076,$,$,$,$);
#10169=IFCCARTESIANPOINT((0.,0.,0.));
#10170=IFCDIRECTION((0.,0.,1.));
#10171=IFCDIRECTION((1.,0.,0.));
#10172=IFCAXIS2PLACEMENT3D(#10169,#10170,#10171);
#10173=IFCDIRECTION((0.,0.,1.));
#10174=IFCEXTRUDEDAREASOLID(#10168,#10172,#10173,3.048);
#10175=IFCSHAPEREPRESENTATION(#11,'Body','SweptSolid',(#10174));
#10176=IFCCARTESIANPOINT((0.,0.,0.));
#10177=IFCDIRECTION((1.,0.,0.));
#10178=IFCDIRECTION((0.,0.,1.));
#10179=IFCAXIS2PLACEMENT3D(#10176,#10178,#10177);
#10180=IFCREPRESENTATIONMAP(#10179,#10175);
#10181=IFCPROPERTYSET('1t0jV9JRj21wMxdVO$0DbN',$,'MF_Structural',$,(#10182,#10183,#10184));
#10182=IFCPROPERTYSINGLEVALUE('Section',$,IFCLABEL('WT4X12'),$);
#10183=IFCPROPERTYSINGLEVALUE('SectionFamily',$,IFCLABEL('WT'),$);
#10184=IFCPROPERTYSINGLEVALUE('SectionSource',$,IFCLABEL('AISC Shapes Database v15.0 (US)'),$);
#10185=IFCPROPERTYSET('3aO4Ut1On0IgBTGJFg2$KV',$,'MF_Library',$,(#10186,#10187,#10188,#10189,#10190,#10191,#10192,#10193,#10194,#10195));
#10186=IFCPROPERTYSINGLEVALUE('Key',$,IFCLABEL('steel_tee_wt'),$);
#10187=IFCPROPERTYSINGLEVALUE('Family',$,IFCLABEL('WT Structural Tee'),$);
#10188=IFCPROPERTYSINGLEVALUE('TypeName',$,IFCLABEL('WT4X12'),$);
#10189=IFCPROPERTYSINGLEVALUE('Version',$,IFCLABEL('0.1.0'),$);
#10190=IFCPROPERTYSINGLEVALUE('License',$,IFCLABEL('CC0-1.0'),$);
#10191=IFCPROPERTYSINGLEVALUE('Source',$,IFCLABEL('massing-families'),$);
#10192=IFCPROPERTYSINGLEVALUE('Tier',$,IFCLABEL('L300'),$);
#10193=IFCPROPERTYSINGLEVALUE('Builder',$,IFCLABEL('profile'),$);
#10194=IFCPROPERTYSINGLEVALUE('Discipline',$,IFCLABEL('structural'),$);
#10195=IFCPROPERTYSINGLEVALUE('GeometryStatus',$,IFCLABEL('parametric'),$);
#10196=IFCPROPERTYSET('1OvpZGX1140QCH1zkczQO1',$,'MF_Quantities',$,(#10197,#10198,#10199,#10200,#10201));
#10197=IFCPROPERTYSINGLEVALUE('NominalWidth',$,IFCREAL(0.1651),$);
#10198=IFCPROPERTYSINGLEVALUE('NominalDepth',$,IFCREAL(0.100838),$);
#10199=IFCPROPERTYSINGLEVALUE('NominalHeight',$,IFCREAL(3.048),$);
#10200=IFCPROPERTYSINGLEVALUE('NominalFootprintArea',$,IFCREAL(0.016648),$);
#10201=IFCPROPERTYSINGLEVALUE('NominalVolume',$,IFCREAL(0.050743999999999997),$);
#10202=IFCMEMBERTYPE('1Gn7pfdV50wgAgP$asGa$T',$,'WT Structural Tee - WT4X10.5',$,$,(#10219,#10223,#10234),(#10218),$,$,.NOTDEFINED.);
#10203=IFCCARTESIANPOINT((0.,0.));
#10204=IFCDIRECTION((1.,0.));
#10205=IFCAXIS2PLACEMENT2D(#10203,#10204);
#10206=IFCTSHAPEPROFILEDEF(.AREA.,'WT4X10.5',#10205,0.105156,0.133858,0.0063499999999999997,0.010160000000000001,0.00762,$,$,$,$);
#10207=IFCCARTESIANPOINT((0.,0.,0.));
#10208=IFCDIRECTION((0.,0.,1.));
#10209=IFCDIRECTION((1.,0.,0.));
#10210=IFCAXIS2PLACEMENT3D(#10207,#10208,#10209);
#10211=IFCDIRECTION((0.,0.,1.));
#10212=IFCEXTRUDEDAREASOLID(#10206,#10210,#10211,3.048);
#10213=IFCSHAPEREPRESENTATION(#11,'Body','SweptSolid',(#10212));
#10214=IFCCARTESIANPOINT((0.,0.,0.));
#10215=IFCDIRECTION((1.,0.,0.));
#10216=IFCDIRECTION((0.,0.,1.));
#10217=IFCAXIS2PLACEMENT3D(#10214,#10216,#10215);
#10218=IFCREPRESENTATIONMAP(#10217,#10213);
#10219=IFCPROPERTYSET('1OmXkehTvDjBxOJ5aXY$$A',$,'MF_Structural',$,(#10220,#10221,#10222));
#10220=IFCPROPERTYSINGLEVALUE('Section',$,IFCLABEL('WT4X10.5'),$);
#10221=IFCPROPERTYSINGLEVALUE('SectionFamily',$,IFCLABEL('WT'),$);
#10222=IFCPROPERTYSINGLEVALUE('SectionSource',$,IFCLABEL('AISC Shapes Database v15.0 (US)'),$);
#10223=IFCPROPERTYSET('3ZT4L6Wtv5tg20goiNrEC3',$,'MF_Library',$,(#10224,#10225,#10226,#10227,#10228,#10229,#10230,#10231,#10232,#10233));
#10224=IFCPROPERTYSINGLEVALUE('Key',$,IFCLABEL('steel_tee_wt'),$);
#10225=IFCPROPERTYSINGLEVALUE('Family',$,IFCLABEL('WT Structural Tee'),$);
#10226=IFCPROPERTYSINGLEVALUE('TypeName',$,IFCLABEL('WT4X10.5'),$);
#10227=IFCPROPERTYSINGLEVALUE('Version',$,IFCLABEL('0.1.0'),$);
#10228=IFCPROPERTYSINGLEVALUE('License',$,IFCLABEL('CC0-1.0'),$);
#10229=IFCPROPERTYSINGLEVALUE('Source',$,IFCLABEL('massing-families'),$);
#10230=IFCPROPERTYSINGLEVALUE('Tier',$,IFCLABEL('L300'),$);
#10231=IFCPROPERTYSINGLEVALUE('Builder',$,IFCLABEL('profile'),$);
#10232=IFCPROPERTYSINGLEVALUE('Discipline',$,IFCLABEL('structural'),$);
#10233=IFCPROPERTYSINGLEVALUE('GeometryStatus',$,IFCLABEL('parametric'),$);
#10234=IFCPROPERTYSET('0T1J9754D1iBiwUDYc1a8_',$,'MF_Quantities',$,(#10235,#10236,#10237,#10238,#10239));
#10235=IFCPROPERTYSINGLEVALUE('NominalWidth',$,IFCREAL(0.133858),$);
#10236=IFCPROPERTYSINGLEVALUE('NominalDepth',$,IFCREAL(0.105156),$);
#10237=IFCPROPERTYSINGLEVALUE('NominalHeight',$,IFCREAL(3.048),$);
#10238=IFCPROPERTYSINGLEVALUE('NominalFootprintArea',$,IFCREAL(0.014076),$);
#10239=IFCPROPERTYSINGLEVALUE('NominalVolume',$,IFCREAL(0.042903999999999998),$);
#10240=IFCMEMBERTYPE('0Hetjv5KH5jvo$XSM8qOOP',$,'WT Structural Tee - WT4X9',$,$,(#10257,#10261,#10272),(#10256),$,$,.NOTDEFINED.);
#10241=IFCCARTESIANPOINT((0.,0.));
#10242=IFCDIRECTION((1.,0.));
#10243=IFCAXIS2PLACEMENT2D(#10241,#10242);
#10244=IFCTSHAPEPROFILEDEF(.AREA.,'WT4X9',#10243,0.103378,0.13335,0.005842,0.0083820000000000006,0.00762,$,$,$,$);
#10245=IFCCARTESIANPOINT((0.,0.,0.));
#10246=IFCDIRECTION((0.,0.,1.));
#10247=IFCDIRECTION((1.,0.,0.));
#10248=IFCAXIS2PLACEMENT3D(#10245,#10246,#10247);
#10249=IFCDIRECTION((0.,0.,1.));
#10250=IFCEXTRUDEDAREASOLID(#10244,#10248,#10249,3.048);
#10251=IFCSHAPEREPRESENTATION(#11,'Body','SweptSolid',(#10250));
#10252=IFCCARTESIANPOINT((0.,0.,0.));
#10253=IFCDIRECTION((1.,0.,0.));
#10254=IFCDIRECTION((0.,0.,1.));
#10255=IFCAXIS2PLACEMENT3D(#10252,#10254,#10253);
#10256=IFCREPRESENTATIONMAP(#10255,#10251);
#10257=IFCPROPERTYSET('2xQEehX05DYvGZGMldG_MX',$,'MF_Structural',$,(#10258,#10259,#10260));
#10258=IFCPROPERTYSINGLEVALUE('Section',$,IFCLABEL('WT4X9'),$);
#10259=IFCPROPERTYSINGLEVALUE('SectionFamily',$,IFCLABEL('WT'),$);
#10260=IFCPROPERTYSINGLEVALUE('SectionSource',$,IFCLABEL('AISC Shapes Database v15.0 (US)'),$);
#10261=IFCPROPERTYSET('1QU7w$wfb2_9AQUad3qDHO',$,'MF_Library',$,(#10262,#10263,#10264,#10265,#10266,#10267,#10268,#10269,#10270,#10271));
#10262=IFCPROPERTYSINGLEVALUE('Key',$,IFCLABEL('steel_tee_wt'),$);
#10263=IFCPROPERTYSINGLEVALUE('Family',$,IFCLABEL('WT Structural Tee'),$);
#10264=IFCPROPERTYSINGLEVALUE('TypeName',$,IFCLABEL('WT4X9'),$);
#10265=IFCPROPERTYSINGLEVALUE('Version',$,IFCLABEL('0.1.0'),$);
#10266=IFCPROPERTYSINGLEVALUE('License',$,IFCLABEL('CC0-1.0'),$);
#10267=IFCPROPERTYSINGLEVALUE('Source',$,IFCLABEL('massing-families'),$);
#10268=IFCPROPERTYSINGLEVALUE('Tier',$,IFCLABEL('L300'),$);
#10269=IFCPROPERTYSINGLEVALUE('Builder',$,IFCLABEL('profile'),$);
#10270=IFCPROPERTYSINGLEVALUE('Discipline',$,IFCLABEL('structural'),$);
#10271=IFCPROPERTYSINGLEVALUE('GeometryStatus',$,IFCLABEL('parametric'),$);
#10272=IFCPROPERTYSET('3tPgsFgoX1EBhyiTuBKhsH',$,'MF_Quantities',$,(#10273,#10274,#10275,#10276,#10277));
#10273=IFCPROPERTYSINGLEVALUE('NominalWidth',$,IFCREAL(0.13335),$);
#10274=IFCPROPERTYSINGLEVALUE('NominalDepth',$,IFCREAL(0.103378),$);
#10275=IFCPROPERTYSINGLEVALUE('NominalHeight',$,IFCREAL(3.048),$);
#10276=IFCPROPERTYSINGLEVALUE('NominalFootprintArea',$,IFCREAL(0.013785),$);
#10277=IFCPROPERTYSINGLEVALUE('NominalVolume',$,IFCREAL(0.042018),$);
#10278=IFCMEMBERTYPE('2h$uZflHT9heZD3JqeJSRw',$,'WT Structural Tee - WT4X7.5',$,$,(#10295,#10299,#10310),(#10294),$,$,.NOTDEFINED.);
#10279=IFCCARTESIANPOINT((0.,0.));
#10280=IFCDIRECTION((1.,0.));
#10281=IFCAXIS2PLACEMENT2D(#10279,#10280);
#10282=IFCTSHAPEPROFILEDEF(.AREA.,'WT4X7.5',#10281,0.10312399999999999,0.102108,0.0062230000000000002,0.0080009999999999994,0.00762,$,$,$,$);
#10283=IFCCARTESIANPOINT((0.,0.,0.));
#10284=IFCDIRECTION((0.,0.,1.));
#10285=IFCDIRECTION((1.,0.,0.));
#10286=IFCAXIS2PLACEMENT3D(#10283,#10284,#10285);
#10287=IFCDIRECTION((0.,0.,1.));
#10288=IFCEXTRUDEDAREASOLID(#10282,#10286,#10287,3.048);
#10289=IFCSHAPEREPRESENTATION(#11,'Body','SweptSolid',(#10288));
#10290=IFCCARTESIANPOINT((0.,0.,0.));
#10291=IFCDIRECTION((1.,0.,0.));
#10292=IFCDIRECTION((0.,0.,1.));
#10293=IFCAXIS2PLACEMENT3D(#10290,#10292,#10291);
#10294=IFCREPRESENTATIONMAP(#10293,#10289);
#10295=IFCPROPERTYSET('1u9BVaDs95Af0PdQDEi_ZC',$,'MF_Structural',$,(#10296,#10297,#10298));
#10296=IFCPROPERTYSINGLEVALUE('Section',$,IFCLABEL('WT4X7.5'),$);
#10297=IFCPROPERTYSINGLEVALUE('SectionFamily',$,IFCLABEL('WT'),$);
#10298=IFCPROPERTYSINGLEVALUE('SectionSource',$,IFCLABEL('AISC Shapes Database v15.0 (US)'),$);
#10299=IFCPROPERTYSET('2rEUj8DFr4OfEiVKkmsEsO',$,'MF_Library',$,(#10300,#10301,#10302,#10303,#10304,#10305,#10306,#10307,#10308,#10309));
#10300=IFCPROPERTYSINGLEVALUE('Key',$,IFCLABEL('steel_tee_wt'),$);
#10301=IFCPROPERTYSINGLEVALUE('Family',$,IFCLABEL('WT Structural Tee'),$);
#10302=IFCPROPERTYSINGLEVALUE('TypeName',$,IFCLABEL('WT4X7.5'),$);
#10303=IFCPROPERTYSINGLEVALUE('Version',$,IFCLABEL('0.1.0'),$);
#10304=IFCPROPERTYSINGLEVALUE('License',$,IFCLABEL('CC0-1.0'),$);
#10305=IFCPROPERTYSINGLEVALUE('Source',$,IFCLABEL('massing-families'),$);
#10306=IFCPROPERTYSINGLEVALUE('Tier',$,IFCLABEL('L300'),$);
#10307=IFCPROPERTYSINGLEVALUE('Builder',$,IFCLABEL('profile'),$);
#10308=IFCPROPERTYSINGLEVALUE('Discipline',$,IFCLABEL('structural'),$);
#10309=IFCPROPERTYSINGLEVALUE('GeometryStatus',$,IFCLABEL('parametric'),$);
#10310=IFCPROPERTYSET('3mLlOjvdTAxfqcr3P0vTN7',$,'MF_Quantities',$,(#10311,#10312,#10313,#10314,#10315));
#10311=IFCPROPERTYSINGLEVALUE('NominalWidth',$,IFCREAL(0.102108),$);
#10312=IFCPROPERTYSINGLEVALUE('NominalDepth',$,IFCREAL(0.10312399999999999),$);
#10313=IFCPROPERTYSINGLEVALUE('NominalHeight',$,IFCREAL(3.048),$);
#10314=IFCPROPERTYSINGLEVALUE('NominalFootprintArea',$,IFCREAL(0.010529999999999999),$);
#10315=IFCPROPERTYSINGLEVALUE('NominalVolume',$,IFCREAL(0.032094999999999999),$);
#10316=IFCMEMBERTYPE('3XlVvAoDf0$Or2TbtQrUAY',$,'WT Structural Tee - WT4X6.5',$,$,(#10333,#10337,#10348),(#10332),$,$,.NOTDEFINED.);
#10317=IFCCARTESIANPOINT((0.,0.));
#10318=IFCDIRECTION((1.,0.));
#10319=IFCAXIS2PLACEMENT2D(#10317,#10318);
#10320=IFCTSHAPEPROFILEDEF(.AREA.,'WT4X6.5',#10319,0.1016,0.1016,0.005842,0.0064770000000000001,0.00762,$,$,$,$);
#10321=IFCCARTESIANPOINT((0.,0.,0.));
#10322=IFCDIRECTION((0.,0.,1.));
#10323=IFCDIRECTION((1.,0.,0.));
#10324=IFCAXIS2PLACEMENT3D(#10321,#10322,#10323);
#10325=IFCDIRECTION((0.,0.,1.));
#10326=IFCEXTRUDEDAREASOLID(#10320,#10324,#10325,3.048);
#10327=IFCSHAPEREPRESENTATION(#11,'Body','SweptSolid',(#10326));
#10328=IFCCARTESIANPOINT((0.,0.,0.));
#10329=IFCDIRECTION((1.,0.,0.));
#10330=IFCDIRECTION((0.,0.,1.));
#10331=IFCAXIS2PLACEMENT3D(#10328,#10330,#10329);
#10332=IFCREPRESENTATIONMAP(#10331,#10327);
#10333=IFCPROPERTYSET('0NdWdyEu94JRUYPuwJaFhS',$,'MF_Structural',$,(#10334,#10335,#10336));
#10334=IFCPROPERTYSINGLEVALUE('Section',$,IFCLABEL('WT4X6.5'),$);
#10335=IFCPROPERTYSINGLEVALUE('SectionFamily',$,IFCLABEL('WT'),$);
#10336=IFCPROPERTYSINGLEVALUE('SectionSource',$,IFCLABEL('AISC Shapes Database v15.0 (US)'),$);
#10337=IFCPROPERTYSET('0ElTdB9OL7xQ9Ul4tbXtIP',$,'MF_Library',$,(#10338,#10339,#10340,#10341,#10342,#10343,#10344,#10345,#10346,#10347));
#10338=IFCPROPERTYSINGLEVALUE('Key',$,IFCLABEL('steel_tee_wt'),$);
#10339=IFCPROPERTYSINGLEVALUE('Family',$,IFCLABEL('WT Structural Tee'),$);
#10340=IFCPROPERTYSINGLEVALUE('TypeName',$,IFCLABEL('WT4X6.5'),$);
#10341=IFCPROPERTYSINGLEVALUE('Version',$,IFCLABEL('0.1.0'),$);
#10342=IFCPROPERTYSINGLEVALUE('License',$,IFCLABEL('CC0-1.0'),$);
#10343=IFCPROPERTYSINGLEVALUE('Source',$,IFCLABEL('massing-families'),$);
#10344=IFCPROPERTYSINGLEVALUE('Tier',$,IFCLABEL('L300'),$);
#10345=IFCPROPERTYSINGLEVALUE('Builder',$,IFCLABEL('profile'),$);
#10346=IFCPROPERTYSINGLEVALUE('Discipline',$,IFCLABEL('structural'),$);
#10347=IFCPROPERTYSINGLEVALUE('GeometryStatus',$,IFCLABEL('parametric'),$);
#10348=IFCPROPERTYSET('2KnnZShDnFOQc7QiyIkF2g',$,'MF_Quantities',$,(#10349,#10350,#10351,#10352,#10353));
#10349=IFCPROPERTYSINGLEVALUE('NominalWidth',$,IFCREAL(0.1016),$);
#10350=IFCPROPERTYSINGLEVALUE('NominalDepth',$,IFCREAL(0.1016),$);
#10351=IFCPROPERTYSINGLEVALUE('NominalHeight',$,IFCREAL(3.048),$);
#10352=IFCPROPERTYSINGLEVALUE('NominalFootprintArea',$,IFCREAL(0.010323000000000001),$);
#10353=IFCPROPERTYSINGLEVALUE('NominalVolume',$,IFCREAL(0.031462999999999998),$);
#10354=IFCMEMBERTYPE('3tQOSDynXD0fBbJUioYM4P',$,'WT Structural Tee - WT4X5',$,$,(#10371,#10375,#10386),(#10370),$,$,.NOTDEFINED.);
#10355=IFCCARTESIANPOINT((0.,0.));
#10356=IFCDIRECTION((1.,0.));
#10357=IFCAXIS2PLACEMENT2D(#10355,#10356);
#10358=IFCTSHAPEPROFILEDEF(.AREA.,'WT4X5',#10357,0.10033,0.100076,0.0043179999999999998,0.0052069999999999998,0.00762,$,$,$,$);
#10359=IFCCARTESIANPOINT((0.,0.,0.));
#10360=IFCDIRECTION((0.,0.,1.));
#10361=IFCDIRECTION((1.,0.,0.));
#10362=IFCAXIS2PLACEMENT3D(#10359,#10360,#10361);
#10363=IFCDIRECTION((0.,0.,1.));
#10364=IFCEXTRUDEDAREASOLID(#10358,#10362,#10363,3.048);
#10365=IFCSHAPEREPRESENTATION(#11,'Body','SweptSolid',(#10364));
#10366=IFCCARTESIANPOINT((0.,0.,0.));
#10367=IFCDIRECTION((1.,0.,0.));
#10368=IFCDIRECTION((0.,0.,1.));
#10369=IFCAXIS2PLACEMENT3D(#10366,#10368,#10367);
#10370=IFCREPRESENTATIONMAP(#10369,#10365);
#10371=IFCPROPERTYSET('0rK8Zznfn0hxSlJyvRj3ep',$,'MF_Structural',$,(#10372,#10373,#10374));
#10372=IFCPROPERTYSINGLEVALUE('Section',$,IFCLABEL('WT4X5'),$);
#10373=IFCPROPERTYSINGLEVALUE('SectionFamily',$,IFCLABEL('WT'),$);
#10374=IFCPROPERTYSINGLEVALUE('SectionSource',$,IFCLABEL('AISC Shapes Database v15.0 (US)'),$);
#10375=IFCPROPERTYSET('2t8dE38G9APgKwbXuzyKKs',$,'MF_Library',$,(#10376,#10377,#10378,#10379,#10380,#10381,#10382,#10383,#10384,#10385));
#10376=IFCPROPERTYSINGLEVALUE('Key',$,IFCLABEL('steel_tee_wt'),$);
#10377=IFCPROPERTYSINGLEVALUE('Family',$,IFCLABEL('WT Structural Tee'),$);
#10378=IFCPROPERTYSINGLEVALUE('TypeName',$,IFCLABEL('WT4X5'),$);
#10379=IFCPROPERTYSINGLEVALUE('Version',$,IFCLABEL('0.1.0'),$);
#10380=IFCPROPERTYSINGLEVALUE('License',$,IFCLABEL('CC0-1.0'),$);
#10381=IFCPROPERTYSINGLEVALUE('Source',$,IFCLABEL('massing-families'),$);
#10382=IFCPROPERTYSINGLEVALUE('Tier',$,IFCLABEL('L300'),$);
#10383=IFCPROPERTYSINGLEVALUE('Builder',$,IFCLABEL('profile'),$);
#10384=IFCPROPERTYSINGLEVALUE('Discipline',$,IFCLABEL('structural'),$);
#10385=IFCPROPERTYSINGLEVALUE('GeometryStatus',$,IFCLABEL('parametric'),$);
#10386=IFCPROPERTYSET('2dLL0sv4nEqBSqFGAoCgXH',$,'MF_Quantities',$,(#10387,#10388,#10389,#10390,#10391));
#10387=IFCPROPERTYSINGLEVALUE('NominalWidth',$,IFCREAL(0.100076),$);
#10388=IFCPROPERTYSINGLEVALUE('NominalDepth',$,IFCREAL(0.10033),$);
#10389=IFCPROPERTYSINGLEVALUE('NominalHeight',$,IFCREAL(3.048),$);
#10390=IFCPROPERTYSINGLEVALUE('NominalFootprintArea',$,IFCREAL(0.010041),$);
#10391=IFCPROPERTYSINGLEVALUE('NominalVolume',$,IFCREAL(0.030603999999999999),$);
#10392=IFCMEMBERTYPE('2Ygxw3JsX4vvv6mpL$Ae99',$,'WT Structural Tee - WT3X12.5',$,$,(#10409,#10413,#10424),(#10408),$,$,.NOTDEFINED.);
#10393=IFCCARTESIANPOINT((0.,0.));
#10394=IFCDIRECTION((1.,0.));
#10395=IFCAXIS2PLACEMENT2D(#10393,#10394);
#10396=IFCTSHAPEPROFILEDEF(.AREA.,'WT3X12.5',#10395,0.081026000000000001,0.15443200000000001,0.0081279999999999998,0.011557,0.0063499999999999997,$,$,$,$);
#10397=IFCCARTESIANPOINT((0.,0.,0.));
#10398=IFCDIRECTION((0.,0.,1.));
#10399=IFCDIRECTION((1.,0.,0.));
#10400=IFCAXIS2PLACEMENT3D(#10397,#10398,#10399);
#10401=IFCDIRECTION((0.,0.,1.));
#10402=IFCEXTRUDEDAREASOLID(#10396,#10400,#10401,3.048);
#10403=IFCSHAPEREPRESENTATION(#11,'Body','SweptSolid',(#10402));
#10404=IFCCARTESIANPOINT((0.,0.,0.));
#10405=IFCDIRECTION((1.,0.,0.));
#10406=IFCDIRECTION((0.,0.,1.));
#10407=IFCAXIS2PLACEMENT3D(#10404,#10406,#10405);
#10408=IFCREPRESENTATIONMAP(#10407,#10403);
#10409=IFCPROPERTYSET('3oVqUFEgDF2x9IqHYbM70k',$,'MF_Structural',$,(#10410,#10411,#10412));
#10410=IFCPROPERTYSINGLEVALUE('Section',$,IFCLABEL('WT3X12.5'),$);
#10411=IFCPROPERTYSINGLEVALUE('SectionFamily',$,IFCLABEL('WT'),$);
#10412=IFCPROPERTYSINGLEVALUE('SectionSource',$,IFCLABEL('AISC Shapes Database v15.0 (US)'),$);
#10413=IFCPROPERTYSET('0gBBspmML1IAVeIzJew39E',$,'MF_Library',$,(#10414,#10415,#10416,#10417,#10418,#10419,#10420,#10421,#10422,#10423));
#10414=IFCPROPERTYSINGLEVALUE('Key',$,IFCLABEL('steel_tee_wt'),$);
#10415=IFCPROPERTYSINGLEVALUE('Family',$,IFCLABEL('WT Structural Tee'),$);
#10416=IFCPROPERTYSINGLEVALUE('TypeName',$,IFCLABEL('WT3X12.5'),$);
#10417=IFCPROPERTYSINGLEVALUE('Version',$,IFCLABEL('0.1.0'),$);
#10418=IFCPROPERTYSINGLEVALUE('License',$,IFCLABEL('CC0-1.0'),$);
#10419=IFCPROPERTYSINGLEVALUE('Source',$,IFCLABEL('massing-families'),$);
#10420=IFCPROPERTYSINGLEVALUE('Tier',$,IFCLABEL('L300'),$);
#10421=IFCPROPERTYSINGLEVALUE('Builder',$,IFCLABEL('profile'),$);
#10422=IFCPROPERTYSINGLEVALUE('Discipline',$,IFCLABEL('structural'),$);
#10423=IFCPROPERTYSINGLEVALUE('GeometryStatus',$,IFCLABEL('parametric'),$);
#10424=IFCPROPERTYSET('0Mt3I9exDAk99O5gamATDJ',$,'MF_Quantities',$,(#10425,#10426,#10427,#10428,#10429));
#10425=IFCPROPERTYSINGLEVALUE('NominalWidth',$,IFCREAL(0.15443200000000001),$);
#10426=IFCPROPERTYSINGLEVALUE('NominalDepth',$,IFCREAL(0.081026000000000001),$);
#10427=IFCPROPERTYSINGLEVALUE('NominalHeight',$,IFCREAL(3.048),$);
#10428=IFCPROPERTYSINGLEVALUE('NominalFootprintArea',$,IFCREAL(0.012513),$);
#10429=IFCPROPERTYSINGLEVALUE('NominalVolume',$,IFCREAL(0.03814),$);
#10430=IFCMEMBERTYPE('200bxEUND8lvarc6Z2r$hy',$,'WT Structural Tee - WT3X10',$,$,(#10447,#10451,#10462),(#10446),$,$,.NOTDEFINED.);
#10431=IFCCARTESIANPOINT((0.,0.));
#10432=IFCDIRECTION((1.,0.));
#10433=IFCAXIS2PLACEMENT2D(#10431,#10432);
#10434=IFCTSHAPEPROFILEDEF(.AREA.,'WT3X10',#10433,0.078740000000000004,0.15290799999999999,0.0066039999999999996,0.0092709999999999997,0.0063499999999999997,$,$,$,$);
#10435=IFCCARTESIANPOINT((0.,0.,0.));
#10436=IFCDIRECTION((0.,0.,1.));
#10437=IFCDIRECTION((1.,0.,0.));
#10438=IFCAXIS2PLACEMENT3D(#10435,#10436,#10437);
#10439=IFCDIRECTION((0.,0.,1.));
#10440=IFCEXTRUDEDAREASOLID(#10434,#10438,#10439,3.048);
#10441=IFCSHAPEREPRESENTATION(#11,'Body','SweptSolid',(#10440));
#10442=IFCCARTESIANPOINT((0.,0.,0.));
#10443=IFCDIRECTION((1.,0.,0.));
#10444=IFCDIRECTION((0.,0.,1.));
#10445=IFCAXIS2PLACEMENT3D(#10442,#10444,#10443);
#10446=IFCREPRESENTATIONMAP(#10445,#10441);
#10447=IFCPROPERTYSET('14AN5AluPBjxEP6xLvmOCe',$,'MF_Structural',$,(#10448,#10449,#10450));
#10448=IFCPROPERTYSINGLEVALUE('Section',$,IFCLABEL('WT3X10'),$);
#10449=IFCPROPERTYSINGLEVALUE('SectionFamily',$,IFCLABEL('WT'),$);
#10450=IFCPROPERTYSINGLEVALUE('SectionSource',$,IFCLABEL('AISC Shapes Database v15.0 (US)'),$);
#10451=IFCPROPERTYSET('2D09JqRabCNPJnhQutFaL6',$,'MF_Library',$,(#10452,#10453,#10454,#10455,#10456,#10457,#10458,#10459,#10460,#10461));
#10452=IFCPROPERTYSINGLEVALUE('Key',$,IFCLABEL('steel_tee_wt'),$);
#10453=IFCPROPERTYSINGLEVALUE('Family',$,IFCLABEL('WT Structural Tee'),$);
#10454=IFCPROPERTYSINGLEVALUE('TypeName',$,IFCLABEL('WT3X10'),$);
#10455=IFCPROPERTYSINGLEVALUE('Version',$,IFCLABEL('0.1.0'),$);
#10456=IFCPROPERTYSINGLEVALUE('License',$,IFCLABEL('CC0-1.0'),$);
#10457=IFCPROPERTYSINGLEVALUE('Source',$,IFCLABEL('massing-families'),$);
#10458=IFCPROPERTYSINGLEVALUE('Tier',$,IFCLABEL('L300'),$);
#10459=IFCPROPERTYSINGLEVALUE('Builder',$,IFCLABEL('profile'),$);
#10460=IFCPROPERTYSINGLEVALUE('Discipline',$,IFCLABEL('structural'),$);
#10461=IFCPROPERTYSINGLEVALUE('GeometryStatus',$,IFCLABEL('parametric'),$);
#10462=IFCPROPERTYSET('2jxhx8E4HATP91376Wbb2G',$,'MF_Quantities',$,(#10463,#10464,#10465,#10466,#10467));
#10463=IFCPROPERTYSINGLEVALUE('NominalWidth',$,IFCREAL(0.15290799999999999),$);
#10464=IFCPROPERTYSINGLEVALUE('NominalDepth',$,IFCREAL(0.078740000000000004),$);
#10465=IFCPROPERTYSINGLEVALUE('NominalHeight',$,IFCREAL(3.048),$);
#10466=IFCPROPERTYSINGLEVALUE('NominalFootprintArea',$,IFCREAL(0.01204),$);
#10467=IFCPROPERTYSINGLEVALUE('NominalVolume',$,IFCREAL(0.036698000000000001),$);
#10468=IFCMEMBERTYPE('3jp6d5v6DCUAJOxa6eB6s0',$,'WT Structural Tee - WT3X7.5',$,$,(#10485,#10489,#10500),(#10484),$,$,.NOTDEFINED.);
#10469=IFCCARTESIANPOINT((0.,0.));
#10470=IFCDIRECTION((1.,0.));
#10471=IFCAXIS2PLACEMENT2D(#10469,#10470);
#10472=IFCTSHAPEPROFILEDEF(.AREA.,'WT3X7.5',#10471,0.076200000000000004,0.152146,0.005842,0.0066039999999999996,0.0063499999999999997,$,$,$,$);
#10473=IFCCARTESIANPOINT((0.,0.,0.));
#10474=IFCDIRECTION((0.,0.,1.));
#10475=IFCDIRECTION((1.,0.,0.));
#10476=IFCAXIS2PLACEMENT3D(#10473,#10474,#10475);
#10477=IFCDIRECTION((0.,0.,1.));
#10478=IFCEXTRUDEDAREASOLID(#10472,#10476,#10477,3.048);
#10479=IFCSHAPEREPRESENTATION(#11,'Body','SweptSolid',(#10478));
#10480=IFCCARTESIANPOINT((0.,0.,0.));
#10481=IFCDIRECTION((1.,0.,0.));
#10482=IFCDIRECTION((0.,0.,1.));
#10483=IFCAXIS2PLACEMENT3D(#10480,#10482,#10481);
#10484=IFCREPRESENTATIONMAP(#10483,#10479);
#10485=IFCPROPERTYSET('2f1Xox$0j23eJCvtZIXu_k',$,'MF_Structural',$,(#10486,#10487,#10488));
#10486=IFCPROPERTYSINGLEVALUE('Section',$,IFCLABEL('WT3X7.5'),$);
#10487=IFCPROPERTYSINGLEVALUE('SectionFamily',$,IFCLABEL('WT'),$);
#10488=IFCPROPERTYSINGLEVALUE('SectionSource',$,IFCLABEL('AISC Shapes Database v15.0 (US)'),$);
#10489=IFCPROPERTYSET('1vUmEtOGTEkeVH5JfDSs_n',$,'MF_Library',$,(#10490,#10491,#10492,#10493,#10494,#10495,#10496,#10497,#10498,#10499));
#10490=IFCPROPERTYSINGLEVALUE('Key',$,IFCLABEL('steel_tee_wt'),$);
#10491=IFCPROPERTYSINGLEVALUE('Family',$,IFCLABEL('WT Structural Tee'),$);
#10492=IFCPROPERTYSINGLEVALUE('TypeName',$,IFCLABEL('WT3X7.5'),$);
#10493=IFCPROPERTYSINGLEVALUE('Version',$,IFCLABEL('0.1.0'),$);
#10494=IFCPROPERTYSINGLEVALUE('License',$,IFCLABEL('CC0-1.0'),$);
#10495=IFCPROPERTYSINGLEVALUE('Source',$,IFCLABEL('massing-families'),$);
#10496=IFCPROPERTYSINGLEVALUE('Tier',$,IFCLABEL('L300'),$);
#10497=IFCPROPERTYSINGLEVALUE('Builder',$,IFCLABEL('profile'),$);
#10498=IFCPROPERTYSINGLEVALUE('Discipline',$,IFCLABEL('structural'),$);
#10499=IFCPROPERTYSINGLEVALUE('GeometryStatus',$,IFCLABEL('parametric'),$);
#10500=IFCPROPERTYSET('1NblvxoQ15qBsjfwIiOWbW',$,'MF_Quantities',$,(#10501,#10502,#10503,#10504,#10505));
#10501=IFCPROPERTYSINGLEVALUE('NominalWidth',$,IFCREAL(0.152146),$);
#10502=IFCPROPERTYSINGLEVALUE('NominalDepth',$,IFCREAL(0.076200000000000004),$);
#10503=IFCPROPERTYSINGLEVALUE('NominalHeight',$,IFCREAL(3.048),$);
#10504=IFCPROPERTYSINGLEVALUE('NominalFootprintArea',$,IFCREAL(0.011594),$);
#10505=IFCPROPERTYSINGLEVALUE('NominalVolume',$,IFCREAL(0.035337),$);
#10506=IFCMEMBERTYPE('3p7dHcQSP5VggAljV3pmUQ',$,'WT Structural Tee - WT3X8',$,$,(#10523,#10527,#10538),(#10522),$,$,.NOTDEFINED.);
#10507=IFCCARTESIANPOINT((0.,0.));
#10508=IFCDIRECTION((1.,0.));
#10509=IFCAXIS2PLACEMENT2D(#10507,#10508);
#10510=IFCTSHAPEPROFILEDEF(.AREA.,'WT3X8',#10509,0.079755999999999994,0.10236199999999999,0.0066039999999999996,0.010286999999999999,0.0063499999999999997,$,$,$,$);
#10511=IFCCARTESIANPOINT((0.,0.,0.));
#10512=IFCDIRECTION((0.,0.,1.));
#10513=IFCDIRECTION((1.,0.,0.));
#10514=IFCAXIS2PLACEMENT3D(#10511,#10512,#10513);
#10515=IFCDIRECTION((0.,0.,1.));
#10516=IFCEXTRUDEDAREASOLID(#10510,#10514,#10515,3.048);
#10517=IFCSHAPEREPRESENTATION(#11,'Body','SweptSolid',(#10516));
#10518=IFCCARTESIANPOINT((0.,0.,0.));
#10519=IFCDIRECTION((1.,0.,0.));
#10520=IFCDIRECTION((0.,0.,1.));
#10521=IFCAXIS2PLACEMENT3D(#10518,#10520,#10519);
#10522=IFCREPRESENTATIONMAP(#10521,#10517);
#10523=IFCPROPERTYSET('0r9zE4d7D1IecrBenz$oI6',$,'MF_Structural',$,(#10524,#10525,#10526));
#10524=IFCPROPERTYSINGLEVALUE('Section',$,IFCLABEL('WT3X8'),$);
#10525=IFCPROPERTYSINGLEVALUE('SectionFamily',$,IFCLABEL('WT'),$);
#10526=IFCPROPERTYSINGLEVALUE('SectionSource',$,IFCLABEL('AISC Shapes Database v15.0 (US)'),$);
#10527=IFCPROPERTYSET('3$qAbETdrE5PNVGY$926bq',$,'MF_Library',$,(#10528,#10529,#10530,#10531,#10532,#10533,#10534,#10535,#10536,#10537));
#10528=IFCPROPERTYSINGLEVALUE('Key',$,IFCLABEL('steel_tee_wt'),$);
#10529=IFCPROPERTYSINGLEVALUE('Family',$,IFCLABEL('WT Structural Tee'),$);
#10530=IFCPROPERTYSINGLEVALUE('TypeName',$,IFCLABEL('WT3X8'),$);
#10531=IFCPROPERTYSINGLEVALUE('Version',$,IFCLABEL('0.1.0'),$);
#10532=IFCPROPERTYSINGLEVALUE('License',$,IFCLABEL('CC0-1.0'),$);
#10533=IFCPROPERTYSINGLEVALUE('Source',$,IFCLABEL('massing-families'),$);
#10534=IFCPROPERTYSINGLEVALUE('Tier',$,IFCLABEL('L300'),$);
#10535=IFCPROPERTYSINGLEVALUE('Builder',$,IFCLABEL('profile'),$);
#10536=IFCPROPERTYSINGLEVALUE('Discipline',$,IFCLABEL('structural'),$);
#10537=IFCPROPERTYSINGLEVALUE('GeometryStatus',$,IFCLABEL('parametric'),$);
#10538=IFCPROPERTYSET('0IDcqGWYD9CBp9hIhNZjl4',$,'MF_Quantities',$,(#10539,#10540,#10541,#10542,#10543));
#10539=IFCPROPERTYSINGLEVALUE('NominalWidth',$,IFCREAL(0.10236199999999999),$);
#10540=IFCPROPERTYSINGLEVALUE('NominalDepth',$,IFCREAL(0.079755999999999994),$);
#10541=IFCPROPERTYSINGLEVALUE('NominalHeight',$,IFCREAL(3.048),$);
#10542=IFCPROPERTYSINGLEVALUE('NominalFootprintArea',$,IFCREAL(0.0081639999999999994),$);
#10543=IFCPROPERTYSINGLEVALUE('NominalVolume',$,IFCREAL(0.024884),$);
#10544=IFCMEMBERTYPE('1OQoPsL_509BQvW7l15KsQ',$,'WT Structural Tee - WT3X6',$,$,(#10561,#10565,#10576),(#10560),$,$,.NOTDEFINED.);
#10545=IFCCARTESIANPOINT((0.,0.));
#10546=IFCDIRECTION((1.,0.));
#10547=IFCAXIS2PLACEMENT2D(#10545,#10546);
#10548=IFCTSHAPEPROFILEDEF(.AREA.,'WT3X6',#10547,0.076707999999999998,0.1016,0.005842,0.0071120000000000003,0.0063499999999999997,$,$,$,$);
#10549=IFCCARTESIANPOINT((0.,0.,0.));
#10550=IFCDIRECTION((0.,0.,1.));
#10551=IFCDIRECTION((1.,0.,0.));
#10552=IFCAXIS2PLACEMENT3D(#10549,#10550,#10551);
#10553=IFCDIRECTION((0.,0.,1.));
#10554=IFCEXTRUDEDAREASOLID(#10548,#10552,#10553,3.048);
#10555=IFCSHAPEREPRESENTATION(#11,'Body','SweptSolid',(#10554));
#10556=IFCCARTESIANPOINT((0.,0.,0.));
#10557=IFCDIRECTION((1.,0.,0.));
#10558=IFCDIRECTION((0.,0.,1.));
#10559=IFCAXIS2PLACEMENT3D(#10556,#10558,#10557);
#10560=IFCREPRESENTATIONMAP(#10559,#10555);
#10561=IFCPROPERTYSET('1XJTRCjwfD1uOmdf4kdj1v',$,'MF_Structural',$,(#10562,#10563,#10564));
#10562=IFCPROPERTYSINGLEVALUE('Section',$,IFCLABEL('WT3X6'),$);
#10563=IFCPROPERTYSINGLEVALUE('SectionFamily',$,IFCLABEL('WT'),$);
#10564=IFCPROPERTYSINGLEVALUE('SectionSource',$,IFCLABEL('AISC Shapes Database v15.0 (US)'),$);
#10565=IFCPROPERTYSET('3f0fXkvbj2chqsAIWzdQqG',$,'MF_Library',$,(#10566,#10567,#10568,#10569,#10570,#10571,#10572,#10573,#10574,#10575));
#10566=IFCPROPERTYSINGLEVALUE('Key',$,IFCLABEL('steel_tee_wt'),$);
#10567=IFCPROPERTYSINGLEVALUE('Family',$,IFCLABEL('WT Structural Tee'),$);
#10568=IFCPROPERTYSINGLEVALUE('TypeName',$,IFCLABEL('WT3X6'),$);
#10569=IFCPROPERTYSINGLEVALUE('Version',$,IFCLABEL('0.1.0'),$);
#10570=IFCPROPERTYSINGLEVALUE('License',$,IFCLABEL('CC0-1.0'),$);
#10571=IFCPROPERTYSINGLEVALUE('Source',$,IFCLABEL('massing-families'),$);
#10572=IFCPROPERTYSINGLEVALUE('Tier',$,IFCLABEL('L300'),$);
#10573=IFCPROPERTYSINGLEVALUE('Builder',$,IFCLABEL('profile'),$);
#10574=IFCPROPERTYSINGLEVALUE('Discipline',$,IFCLABEL('structural'),$);
#10575=IFCPROPERTYSINGLEVALUE('GeometryStatus',$,IFCLABEL('parametric'),$);
#10576=IFCPROPERTYSET('34AwK4LPv6fRSG0saImawm',$,'MF_Quantities',$,(#10577,#10578,#10579,#10580,#10581));
#10577=IFCPROPERTYSINGLEVALUE('NominalWidth',$,IFCREAL(0.1016),$);
#10578=IFCPROPERTYSINGLEVALUE('NominalDepth',$,IFCREAL(0.076707999999999998),$);
#10579=IFCPROPERTYSINGLEVALUE('NominalHeight',$,IFCREAL(3.048),$);
#10580=IFCPROPERTYSINGLEVALUE('NominalFootprintArea',$,IFCREAL(0.0077939999999999997),$);
#10581=IFCPROPERTYSINGLEVALUE('NominalVolume',$,IFCREAL(0.023754999999999998),$);
#10582=IFCMEMBERTYPE('0KAvEwbk57wQl8Ge0qZ0pH',$,'WT Structural Tee - WT3X4.5',$,$,(#10599,#10603,#10614),(#10598),$,$,.NOTDEFINED.);
#10583=IFCCARTESIANPOINT((0.,0.));
#10584=IFCDIRECTION((1.,0.));
#10585=IFCAXIS2PLACEMENT2D(#10583,#10584);
#10586=IFCTSHAPEPROFILEDEF(.AREA.,'WT3X4.5',#10585,0.074929999999999997,0.100076,0.0043179999999999998,0.0054609999999999997,0.0063499999999999997,$,$,$,$);
#10587=IFCCARTESIANPOINT((0.,0.,0.));
#10588=IFCDIRECTION((0.,0.,1.));
#10589=IFCDIRECTION((1.,0.,0.));
#10590=IFCAXIS2PLACEMENT3D(#10587,#10588,#10589);
#10591=IFCDIRECTION((0.,0.,1.));
#10592=IFCEXTRUDEDAREASOLID(#10586,#10590,#10591,3.048);
#10593=IFCSHAPEREPRESENTATION(#11,'Body','SweptSolid',(#10592));
#10594=IFCCARTESIANPOINT((0.,0.,0.));
#10595=IFCDIRECTION((1.,0.,0.));
#10596=IFCDIRECTION((0.,0.,1.));
#10597=IFCAXIS2PLACEMENT3D(#10594,#10596,#10595);
#10598=IFCREPRESENTATIONMAP(#10597,#10593);
#10599=IFCPROPERTYSET('2doXWWWnD32u$hYi82wh02',$,'MF_Structural',$,(#10600,#10601,#10602));
#10600=IFCPROPERTYSINGLEVALUE('Section',$,IFCLABEL('WT3X4.5'),$);
#10601=IFCPROPERTYSINGLEVALUE('SectionFamily',$,IFCLABEL('WT'),$);
#10602=IFCPROPERTYSINGLEVALUE('SectionSource',$,IFCLABEL('AISC Shapes Database v15.0 (US)'),$);
#10603=IFCPROPERTYSET('153vIMPEzATwWSJBfBpF5P',$,'MF_Library',$,(#10604,#10605,#10606,#10607,#10608,#10609,#10610,#10611,#10612,#10613));
#10604=IFCPROPERTYSINGLEVALUE('Key',$,IFCLABEL('steel_tee_wt'),$);
#10605=IFCPROPERTYSINGLEVALUE('Family',$,IFCLABEL('WT Structural Tee'),$);
#10606=IFCPROPERTYSINGLEVALUE('TypeName',$,IFCLABEL('WT3X4.5'),$);
#10607=IFCPROPERTYSINGLEVALUE('Version',$,IFCLABEL('0.1.0'),$);
#10608=IFCPROPERTYSINGLEVALUE('License',$,IFCLABEL('CC0-1.0'),$);
#10609=IFCPROPERTYSINGLEVALUE('Source',$,IFCLABEL('massing-families'),$);
#10610=IFCPROPERTYSINGLEVALUE('Tier',$,IFCLABEL('L300'),$);
#10611=IFCPROPERTYSINGLEVALUE('Builder',$,IFCLABEL('profile'),$);
#10612=IFCPROPERTYSINGLEVALUE('Discipline',$,IFCLABEL('structural'),$);
#10613=IFCPROPERTYSINGLEVALUE('GeometryStatus',$,IFCLABEL('parametric'),$);
#10614=IFCPROPERTYSET('2qDS9KLND7Y8WI_ZTzwne9',$,'MF_Quantities',$,(#10615,#10616,#10617,#10618,#10619));
#10615=IFCPROPERTYSINGLEVALUE('NominalWidth',$,IFCREAL(0.100076),$);
#10616=IFCPROPERTYSINGLEVALUE('NominalDepth',$,IFCREAL(0.074929999999999997),$);
#10617=IFCPROPERTYSINGLEVALUE('NominalHeight',$,IFCREAL(3.048),$);
#10618=IFCPROPERTYSINGLEVALUE('NominalFootprintArea',$,IFCREAL(0.0074989999999999996),$);
#10619=IFCPROPERTYSINGLEVALUE('NominalVolume',$,IFCREAL(0.022856000000000001),$);
#10620=IFCMEMBERTYPE('01iVsdqSv7wORds$NLtbhq',$,'WT Structural Tee - WT3X4.25',$,$,(#10637,#10641,#10652),(#10636),$,$,.NOTDEFINED.);
#10621=IFCCARTESIANPOINT((0.,0.));
#10622=IFCDIRECTION((1.,0.));
#10623=IFCAXIS2PLACEMENT2D(#10621,#10622);
#10624=IFCTSHAPEPROFILEDEF(.AREA.,'WT3X4.25',#10623,0.074167999999999998,0.100076,0.0043179999999999998,0.0049529999999999999,0.0063499999999999997,$,$,$,$);
#10625=IFCCARTESIANPOINT((0.,0.,0.));
#10626=IFCDIRECTION((0.,0.,1.));
#10627=IFCDIRECTION((1.,0.,0.));
#10628=IFCAXIS2PLACEMENT3D(#10625,#10626,#10627);
#10629=IFCDIRECTION((0.,0.,1.));
#10630=IFCEXTRUDEDAREASOLID(#10624,#10628,#10629,3.048);
#10631=IFCSHAPEREPRESENTATION(#11,'Body','SweptSolid',(#10630));
#10632=IFCCARTESIANPOINT((0.,0.,0.));
#10633=IFCDIRECTION((1.,0.,0.));
#10634=IFCDIRECTION((0.,0.,1.));
#10635=IFCAXIS2PLACEMENT3D(#10632,#10634,#10633);
#10636=IFCREPRESENTATIONMAP(#10635,#10631);
#10637=IFCPROPERTYSET('1GauQfwgD7zwT0UAQLFhKg',$,'MF_Structural',$,(#10638,#10639,#10640));
#10638=IFCPROPERTYSINGLEVALUE('Section',$,IFCLABEL('WT3X4.25'),$);
#10639=IFCPROPERTYSINGLEVALUE('SectionFamily',$,IFCLABEL('WT'),$);
#10640=IFCPROPERTYSINGLEVALUE('SectionSource',$,IFCLABEL('AISC Shapes Database v15.0 (US)'),$);
#10641=IFCPROPERTYSET('1KejqXeuz1IfomvqfH6PNl',$,'MF_Library',$,(#10642,#10643,#10644,#10645,#10646,#10647,#10648,#10649,#10650,#10651));
#10642=IFCPROPERTYSINGLEVALUE('Key',$,IFCLABEL('steel_tee_wt'),$);
#10643=IFCPROPERTYSINGLEVALUE('Family',$,IFCLABEL('WT Structural Tee'),$);
#10644=IFCPROPERTYSINGLEVALUE('TypeName',$,IFCLABEL('WT3X4.25'),$);
#10645=IFCPROPERTYSINGLEVALUE('Version',$,IFCLABEL('0.1.0'),$);
#10646=IFCPROPERTYSINGLEVALUE('License',$,IFCLABEL('CC0-1.0'),$);
#10647=IFCPROPERTYSINGLEVALUE('Source',$,IFCLABEL('massing-families'),$);
#10648=IFCPROPERTYSINGLEVALUE('Tier',$,IFCLABEL('L300'),$);
#10649=IFCPROPERTYSINGLEVALUE('Builder',$,IFCLABEL('profile'),$);
#10650=IFCPROPERTYSINGLEVALUE('Discipline',$,IFCLABEL('structural'),$);
#10651=IFCPROPERTYSINGLEVALUE('GeometryStatus',$,IFCLABEL('parametric'),$);
#10652=IFCPROPERTYSET('1uPh1e6A5EOOf5HzzGlL2O',$,'MF_Quantities',$,(#10653,#10654,#10655,#10656,#10657));
#10653=IFCPROPERTYSINGLEVALUE('NominalWidth',$,IFCREAL(0.100076),$);
#10654=IFCPROPERTYSINGLEVALUE('NominalDepth',$,IFCREAL(0.074167999999999998),$);
#10655=IFCPROPERTYSINGLEVALUE('NominalHeight',$,IFCREAL(3.048),$);
#10656=IFCPROPERTYSINGLEVALUE('NominalFootprintArea',$,IFCREAL(0.0074219999999999998),$);
#10657=IFCPROPERTYSINGLEVALUE('NominalVolume',$,IFCREAL(0.022623999999999998),$);
#10658=IFCMEMBERTYPE('0Bs_0KIxv0DxRVurdWieSa',$,'WT Structural Tee - WT2.5X9.5',$,$,(#10675,#10679,#10690),(#10674),$,$,.NOTDEFINED.);
#10659=IFCCARTESIANPOINT((0.,0.));
#10660=IFCDIRECTION((1.,0.));
#10661=IFCAXIS2PLACEMENT2D(#10659,#10660);
#10662=IFCTSHAPEPROFILEDEF(.AREA.,'WT2.5X9.5',#10661,0.065532000000000007,0.12776199999999999,0.0068580000000000004,0.010921999999999999,0.00762,$,$,$,$);
#10663=IFCCARTESIANPOINT((0.,0.,0.));
#10664=IFCDIRECTION((0.,0.,1.));
#10665=IFCDIRECTION((1.,0.,0.));
#10666=IFCAXIS2PLACEMENT3D(#10663,#10664,#10665);
#10667=IFCDIRECTION((0.,0.,1.));
#10668=IFCEXTRUDEDAREASOLID(#10662,#10666,#10667,3.048);
#10669=IFCSHAPEREPRESENTATION(#11,'Body','SweptSolid',(#10668));
#10670=IFCCARTESIANPOINT((0.,0.,0.));
#10671=IFCDIRECTION((1.,0.,0.));
#10672=IFCDIRECTION((0.,0.,1.));
#10673=IFCAXIS2PLACEMENT3D(#10670,#10672,#10671);
#10674=IFCREPRESENTATIONMAP(#10673,#10669);
#10675=IFCPROPERTYSET('37GyBn5_bC6BJU8v29HWZp',$,'MF_Structural',$,(#10676,#10677,#10678));
#10676=IFCPROPERTYSINGLEVALUE('Section',$,IFCLABEL('WT2.5X9.5'),$);
#10677=IFCPROPERTYSINGLEVALUE('SectionFamily',$,IFCLABEL('WT'),$);
#10678=IFCPROPERTYSINGLEVALUE('SectionSource',$,IFCLABEL('AISC Shapes Database v15.0 (US)'),$);
#10679=IFCPROPERTYSET('0fXNluMJz6N8f_tOIsw2Du',$,'MF_Library',$,(#10680,#10681,#10682,#10683,#10684,#10685,#10686,#10687,#10688,#10689));
#10680=IFCPROPERTYSINGLEVALUE('Key',$,IFCLABEL('steel_tee_wt'),$);
#10681=IFCPROPERTYSINGLEVALUE('Family',$,IFCLABEL('WT Structural Tee'),$);
#10682=IFCPROPERTYSINGLEVALUE('TypeName',$,IFCLABEL('WT2.5X9.5'),$);
#10683=IFCPROPERTYSINGLEVALUE('Version',$,IFCLABEL('0.1.0'),$);
#10684=IFCPROPERTYSINGLEVALUE('License',$,IFCLABEL('CC0-1.0'),$);
#10685=IFCPROPERTYSINGLEVALUE('Source',$,IFCLABEL('massing-families'),$);
#10686=IFCPROPERTYSINGLEVALUE('Tier',$,IFCLABEL('L300'),$);
#10687=IFCPROPERTYSINGLEVALUE('Builder',$,IFCLABEL('profile'),$);
#10688=IFCPROPERTYSINGLEVALUE('Discipline',$,IFCLABEL('structural'),$);
#10689=IFCPROPERTYSINGLEVALUE('GeometryStatus',$,IFCLABEL('parametric'),$);
#10690=IFCPROPERTYSET('1GH1URffvFdhnhT44ITcdd',$,'MF_Quantities',$,(#10691,#10692,#10693,#10694,#10695));
#10691=IFCPROPERTYSINGLEVALUE('NominalWidth',$,IFCREAL(0.12776199999999999),$);
#10692=IFCPROPERTYSINGLEVALUE('NominalDepth',$,IFCREAL(0.065532000000000007),$);
#10693=IFCPROPERTYSINGLEVALUE('NominalHeight',$,IFCREAL(3.048),$);
#10694=IFCPROPERTYSINGLEVALUE('NominalFootprintArea',$,IFCREAL(0.0083719999999999992),$);
#10695=IFCPROPERTYSINGLEVALUE('NominalVolume',$,IFCREAL(0.025519),$);
#10696=IFCMEMBERTYPE('1e5P3kjXvEaQ$BZ2pMWMhR',$,'WT Structural Tee - WT2.5X8',$,$,(#10713,#10717,#10728),(#10712),$,$,.NOTDEFINED.);
#10697=IFCCARTESIANPOINT((0.,0.));
#10698=IFCDIRECTION((1.,0.));
#10699=IFCAXIS2PLACEMENT2D(#10697,#10698);
#10700=IFCTSHAPEPROFILEDEF(.AREA.,'WT2.5X8',#10699,0.063754000000000005,0.127,0.0060959999999999999,0.0091439999999999994,0.00762,$,$,$,$);
#10701=IFCCARTESIANPOINT((0.,0.,0.));
#10702=IFCDIRECTION((0.,0.,1.));
#10703=IFCDIRECTION((1.,0.,0.));
#10704=IFCAXIS2PLACEMENT3D(#10701,#10702,#10703);
#10705=IFCDIRECTION((0.,0.,1.));
#10706=IFCEXTRUDEDAREASOLID(#10700,#10704,#10705,3.048);
#10707=IFCSHAPEREPRESENTATION(#11,'Body','SweptSolid',(#10706));
#10708=IFCCARTESIANPOINT((0.,0.,0.));
#10709=IFCDIRECTION((1.,0.,0.));
#10710=IFCDIRECTION((0.,0.,1.));
#10711=IFCAXIS2PLACEMENT3D(#10708,#10710,#10709);
#10712=IFCREPRESENTATIONMAP(#10711,#10707);
#10713=IFCPROPERTYSET('3OibdTYJHDUQhFbPM8Lmyo',$,'MF_Structural',$,(#10714,#10715,#10716));
#10714=IFCPROPERTYSINGLEVALUE('Section',$,IFCLABEL('WT2.5X8'),$);
#10715=IFCPROPERTYSINGLEVALUE('SectionFamily',$,IFCLABEL('WT'),$);
#10716=IFCPROPERTYSINGLEVALUE('SectionSource',$,IFCLABEL('AISC Shapes Database v15.0 (US)'),$);
#10717=IFCPROPERTYSET('2$tUDBptr0zRMo01Tg3EZo',$,'MF_Library',$,(#10718,#10719,#10720,#10721,#10722,#10723,#10724,#10725,#10726,#10727));
#10718=IFCPROPERTYSINGLEVALUE('Key',$,IFCLABEL('steel_tee_wt'),$);
#10719=IFCPROPERTYSINGLEVALUE('Family',$,IFCLABEL('WT Structural Tee'),$);
#10720=IFCPROPERTYSINGLEVALUE('TypeName',$,IFCLABEL('WT2.5X8'),$);
#10721=IFCPROPERTYSINGLEVALUE('Version',$,IFCLABEL('0.1.0'),$);
#10722=IFCPROPERTYSINGLEVALUE('License',$,IFCLABEL('CC0-1.0'),$);
#10723=IFCPROPERTYSINGLEVALUE('Source',$,IFCLABEL('massing-families'),$);
#10724=IFCPROPERTYSINGLEVALUE('Tier',$,IFCLABEL('L300'),$);
#10725=IFCPROPERTYSINGLEVALUE('Builder',$,IFCLABEL('profile'),$);
#10726=IFCPROPERTYSINGLEVALUE('Discipline',$,IFCLABEL('structural'),$);
#10727=IFCPROPERTYSINGLEVALUE('GeometryStatus',$,IFCLABEL('parametric'),$);
#10728=IFCPROPERTYSET('1AEH05OB9Dgu4TnZTNeVd5',$,'MF_Quantities',$,(#10729,#10730,#10731,#10732,#10733));
#10729=IFCPROPERTYSINGLEVALUE('NominalWidth',$,IFCREAL(0.127),$);
#10730=IFCPROPERTYSINGLEVALUE('NominalDepth',$,IFCREAL(0.063754000000000005),$);
#10731=IFCPROPERTYSINGLEVALUE('NominalHeight',$,IFCREAL(3.048),$);
#10732=IFCPROPERTYSINGLEVALUE('NominalFootprintArea',$,IFCREAL(0.008097),$);
#10733=IFCPROPERTYSINGLEVALUE('NominalVolume',$,IFCREAL(0.024679),$);
#10734=IFCMEMBERTYPE('3UBqjvQYH7HRh0zv4XBDRL',$,'WT Structural Tee - WT2X6.5',$,$,(#10751,#10755,#10766),(#10750),$,$,.NOTDEFINED.);
#10735=IFCCARTESIANPOINT((0.,0.));
#10736=IFCDIRECTION((1.,0.));
#10737=IFCAXIS2PLACEMENT2D(#10735,#10736);
#10738=IFCTSHAPEPROFILEDEF(.AREA.,'WT2X6.5',#10737,0.052831999999999997,0.10312399999999999,0.0071120000000000003,0.008763,0.0063499999999999997,$,$,$,$);
#10739=IFCCARTESIANPOINT((0.,0.,0.));
#10740=IFCDIRECTION((0.,0.,1.));
#10741=IFCDIRECTION((1.,0.,0.));
#10742=IFCAXIS2PLACEMENT3D(#10739,#10740,#10741);
#10743=IFCDIRECTION((0.,0.,1.));
#10744=IFCEXTRUDEDAREASOLID(#10738,#10742,#10743,3.048);
#10745=IFCSHAPEREPRESENTATION(#11,'Body','SweptSolid',(#10744));
#10746=IFCCARTESIANPOINT((0.,0.,0.));
#10747=IFCDIRECTION((1.,0.,0.));
#10748=IFCDIRECTION((0.,0.,1.));
#10749=IFCAXIS2PLACEMENT3D(#10746,#10748,#10747);
#10750=IFCREPRESENTATIONMAP(#10749,#10745);
#10751=IFCPROPERTYSET('13odGbkmH13AQOoJFRwtXB',$,'MF_Structural',$,(#10752,#10753,#10754));
#10752=IFCPROPERTYSINGLEVALUE('Section',$,IFCLABEL('WT2X6.5'),$);
#10753=IFCPROPERTYSINGLEVALUE('SectionFamily',$,IFCLABEL('WT'),$);
#10754=IFCPROPERTYSINGLEVALUE('SectionSource',$,IFCLABEL('AISC Shapes Database v15.0 (US)'),$);
#10755=IFCPROPERTYSET('0iXXDs5qv2FwoZguQzBmJS',$,'MF_Library',$,(#10756,#10757,#10758,#10759,#10760,#10761,#10762,#10763,#10764,#10765));
#10756=IFCPROPERTYSINGLEVALUE('Key',$,IFCLABEL('steel_tee_wt'),$);
#10757=IFCPROPERTYSINGLEVALUE('Family',$,IFCLABEL('WT Structural Tee'),$);
#10758=IFCPROPERTYSINGLEVALUE('TypeName',$,IFCLABEL('WT2X6.5'),$);
#10759=IFCPROPERTYSINGLEVALUE('Version',$,IFCLABEL('0.1.0'),$);
#10760=IFCPROPERTYSINGLEVALUE('License',$,IFCLABEL('CC0-1.0'),$);
#10761=IFCPROPERTYSINGLEVALUE('Source',$,IFCLABEL('massing-families'),$);
#10762=IFCPROPERTYSINGLEVALUE('Tier',$,IFCLABEL('L300'),$);
#10763=IFCPROPERTYSINGLEVALUE('Builder',$,IFCLABEL('profile'),$);
#10764=IFCPROPERTYSINGLEVALUE('Discipline',$,IFCLABEL('structural'),$);
#10765=IFCPROPERTYSINGLEVALUE('GeometryStatus',$,IFCLABEL('parametric'),$);
#10766=IFCPROPERTYSET('2iAgzpnE1B4B1pcw2QLPtB',$,'MF_Quantities',$,(#10767,#10768,#10769,#10770,#10771));
#10767=IFCPROPERTYSINGLEVALUE('NominalWidth',$,IFCREAL(0.10312399999999999),$);
#10768=IFCPROPERTYSINGLEVALUE('NominalDepth',$,IFCREAL(0.052831999999999997),$);
#10769=IFCPROPERTYSINGLEVALUE('NominalHeight',$,IFCREAL(3.048),$);
#10770=IFCPROPERTYSINGLEVALUE('NominalFootprintArea',$,IFCREAL(0.0054479999999999997),$);
#10771=IFCPROPERTYSINGLEVALUE('NominalVolume',$,IFCREAL(0.016605999999999999),$);
#10772=IFCBEAMTYPE('1tL1$GBED2_uTTMvhReWx6',$,'S-Shape Beam - S24X121',$,$,(#10789,#10793,#10808),(#10788),$,$,.BEAM.);
#10773=IFCCARTESIANPOINT((0.,0.));
#10774=IFCDIRECTION((1.,0.));
#10775=IFCAXIS2PLACEMENT2D(#10773,#10774);
#10776=IFCISHAPEPROFILEDEF(.AREA.,'S24X121',#10775,0.20447000000000001,0.62229999999999996,0.020320000000000001,0.027685999999999999,0.023113999999999999,$,$);
#10777=IFCCARTESIANPOINT((0.,0.,0.));
#10778=IFCDIRECTION((0.,0.,1.));
#10779=IFCDIRECTION((1.,0.,0.));
#10780=IFCAXIS2PLACEMENT3D(#10777,#10778,#10779);
#10781=IFCDIRECTION((0.,0.,1.));
#10782=IFCEXTRUDEDAREASOLID(#10776,#10780,#10781,6.0960000000000001);
#10783=IFCSHAPEREPRESENTATION(#11,'Body','SweptSolid',(#10782));
#10784=IFCCARTESIANPOINT((0.,0.,0.));
#10785=IFCDIRECTION((1.,0.,0.));
#10786=IFCDIRECTION((0.,0.,1.));
#10787=IFCAXIS2PLACEMENT3D(#10784,#10786,#10785);
#10788=IFCREPRESENTATIONMAP(#10787,#10783);
#10789=IFCPROPERTYSET('2PAATC1P14YQKZtIRh9z1S',$,'MF_Structural',$,(#10790,#10791,#10792));
#10790=IFCPROPERTYSINGLEVALUE('Section',$,IFCLABEL('S24X121'),$);
#10791=IFCPROPERTYSINGLEVALUE('SectionFamily',$,IFCLABEL('S'),$);
#10792=IFCPROPERTYSINGLEVALUE('SectionSource',$,IFCLABEL('AISC Shapes Database v15.0 (US)'),$);
#10793=IFCPROPERTYSET('28yntC4BfB8hs8H4kOshVj',$,'MF_Library',$,(#10794,#10795,#10796,#10797,#10798,#10799,#10800,#10801,#10802,#10803));
#10794=IFCPROPERTYSINGLEVALUE('Key',$,IFCLABEL('steel_beam_s'),$);
#10795=IFCPROPERTYSINGLEVALUE('Family',$,IFCLABEL('S-Shape Beam'),$);
#10796=IFCPROPERTYSINGLEVALUE('TypeName',$,IFCLABEL('S24X121'),$);
#10797=IFCPROPERTYSINGLEVALUE('Version',$,IFCLABEL('0.1.0'),$);
#10798=IFCPROPERTYSINGLEVALUE('License',$,IFCLABEL('CC0-1.0'),$);
#10799=IFCPROPERTYSINGLEVALUE('Source',$,IFCLABEL('massing-families'),$);
#10800=IFCPROPERTYSINGLEVALUE('Tier',$,IFCLABEL('L300'),$);
#10801=IFCPROPERTYSINGLEVALUE('Builder',$,IFCLABEL('profile'),$);
#10802=IFCPROPERTYSINGLEVALUE('Discipline',$,IFCLABEL('structural'),$);
#10803=IFCPROPERTYSINGLEVALUE('GeometryStatus',$,IFCLABEL('parametric'),$);
#10804=IFCMATERIAL('ASTM A36 Steel',$,'steel');
#10805=IFCRELASSOCIATESMATERIAL('1_isW_ATvCrgVlx7zE1QOn',$,$,$,(#12486,#11612,#11042,#11764,#12182,#12030,#11878,#10890,#11156,#11308,#12296,#12448,#11574,#11004,#11726,#12144,#11840,#10852,#11422,#11270,#11992,#12258,#11536,#11118,#12410,#11688,#10966,#12106,#11954,#10814,#11232,#11384,#12372,#10772,#12220,#11498,#11080,#11802,#11650,#10928,#12068,#11916,#11194,#11346,#12334,#11460),#10804);
#10806=IFCCLASSIFICATIONREFERENCE($,'Pr_20_76_51_90','Uniclass',#46,$,$);
#10807=IFCRELASSOCIATESCLASSIFICATION('3JIWAqjhn5Ghd$eiXl8EBZ',$,$,$,(#12486,#11612,#11042,#11764,#12182,#12030,#11878,#10890,#11156,#11308,#12296,#12448,#11574,#11004,#11726,#12144,#11840,#10852,#11422,#11270,#11992,#12258,#11536,#11118,#12410,#11688,#10966,#12106,#11954,#10814,#11232,#11384,#12372,#10772,#12220,#11498,#11080,#11802,#11650,#10928,#12068,#11916,#11194,#11346,#12334,#11460),#10806);
#10808=IFCPROPERTYSET('38JRGvXLH2wwHkXAx87hT4',$,'MF_Quantities',$,(#10809,#10810,#10811,#10812,#10813));
#10809=IFCPROPERTYSINGLEVALUE('NominalWidth',$,IFCREAL(0.20447000000000001),$);
#10810=IFCPROPERTYSINGLEVALUE('NominalDepth',$,IFCREAL(0.62229999999999996),$);
#10811=IFCPROPERTYSINGLEVALUE('NominalHeight',$,IFCREAL(6.0960000000000001),$);
#10812=IFCPROPERTYSINGLEVALUE('NominalFootprintArea',$,IFCREAL(0.12724199999999999),$);
#10813=IFCPROPERTYSINGLEVALUE('NominalVolume',$,IFCREAL(0.77566500000000005),$);
#10814=IFCBEAMTYPE('3D29zCiuT1XhguxEy7sZgL',$,'S-Shape Beam - S24X106',$,$,(#10831,#10835,#10846),(#10830),$,$,.BEAM.);
#10815=IFCCARTESIANPOINT((0.,0.));
#10816=IFCDIRECTION((1.,0.));
#10817=IFCAXIS2PLACEMENT2D(#10815,#10816);
#10818=IFCISHAPEPROFILEDEF(.AREA.,'S24X106',#10817,0.19989799999999999,0.62229999999999996,0.015748000000000002,0.027685999999999999,0.023113999999999999,$,$);
#10819=IFCCARTESIANPOINT((0.,0.,0.));
#10820=IFCDIRECTION((0.,0.,1.));
#10821=IFCDIRECTION((1.,0.,0.));
#10822=IFCAXIS2PLACEMENT3D(#10819,#10820,#10821);
#10823=IFCDIRECTION((0.,0.,1.));
#10824=IFCEXTRUDEDAREASOLID(#10818,#10822,#10823,6.0960000000000001);
#10825=IFCSHAPEREPRESENTATION(#11,'Body','SweptSolid',(#10824));
#10826=IFCCARTESIANPOINT((0.,0.,0.));
#10827=IFCDIRECTION((1.,0.,0.));
#10828=IFCDIRECTION((0.,0.,1.));
#10829=IFCAXIS2PLACEMENT3D(#10826,#10828,#10827);
#10830=IFCREPRESENTATIONMAP(#10829,#10825);
#10831=IFCPROPERTYSET('27jgnX2_bDOOiQQ_R8lSCI',$,'MF_Structural',$,(#10832,#10833,#10834));
#10832=IFCPROPERTYSINGLEVALUE('Section',$,IFCLABEL('S24X106'),$);
#10833=IFCPROPERTYSINGLEVALUE('SectionFamily',$,IFCLABEL('S'),$);
#10834=IFCPROPERTYSINGLEVALUE('SectionSource',$,IFCLABEL('AISC Shapes Database v15.0 (US)'),$);
#10835=IFCPROPERTYSET('3WmlaV6LT5AROJQGx97Gbm',$,'MF_Library',$,(#10836,#10837,#10838,#10839,#10840,#10841,#10842,#10843,#10844,#10845));
#10836=IFCPROPERTYSINGLEVALUE('Key',$,IFCLABEL('steel_beam_s'),$);
#10837=IFCPROPERTYSINGLEVALUE('Family',$,IFCLABEL('S-Shape Beam'),$);
#10838=IFCPROPERTYSINGLEVALUE('TypeName',$,IFCLABEL('S24X106'),$);
#10839=IFCPROPERTYSINGLEVALUE('Version',$,IFCLABEL('0.1.0'),$);
#10840=IFCPROPERTYSINGLEVALUE('License',$,IFCLABEL('CC0-1.0'),$);
#10841=IFCPROPERTYSINGLEVALUE('Source',$,IFCLABEL('massing-families'),$);
#10842=IFCPROPERTYSINGLEVALUE('Tier',$,IFCLABEL('L300'),$);
#10843=IFCPROPERTYSINGLEVALUE('Builder',$,IFCLABEL('profile'),$);
#10844=IFCPROPERTYSINGLEVALUE('Discipline',$,IFCLABEL('structural'),$);
#10845=IFCPROPERTYSINGLEVALUE('GeometryStatus',$,IFCLABEL('parametric'),$);
#10846=IFCPROPERTYSET('3pJiBD7uD7UfI8qc7s7QBo',$,'MF_Quantities',$,(#10847,#10848,#10849,#10850,#10851));
#10847=IFCPROPERTYSINGLEVALUE('NominalWidth',$,IFCREAL(0.19989799999999999),$);
#10848=IFCPROPERTYSINGLEVALUE('NominalDepth',$,IFCREAL(0.62229999999999996),$);
#10849=IFCPROPERTYSINGLEVALUE('NominalHeight',$,IFCREAL(6.0960000000000001),$);
#10850=IFCPROPERTYSINGLEVALUE('NominalFootprintArea',$,IFCREAL(0.12439699999999999),$);
#10851=IFCPROPERTYSINGLEVALUE('NominalVolume',$,IFCREAL(0.75832100000000002),$);
#10852=IFCBEAMTYPE('2ir5GLFyP3Ou8at7FbQSGZ',$,'S-Shape Beam - S24X100',$,$,(#10869,#10873,#10884),(#10868),$,$,.BEAM.);
#10853=IFCCARTESIANPOINT((0.,0.));
#10854=IFCDIRECTION((1.,0.));
#10855=IFCAXIS2PLACEMENT2D(#10853,#10854);
#10856=IFCISHAPEPROFILEDEF(.AREA.,'S24X100',#10855,0.18415000000000001,0.60960000000000003,0.018922999999999999,0.022098,0.022352,$,$);
#10857=IFCCARTESIANPOINT((0.,0.,0.));
#10858=IFCDIRECTION((0.,0.,1.));
#10859=IFCDIRECTION((1.,0.,0.));
#10860=IFCAXIS2PLACEMENT3D(#10857,#10858,#10859);
#10861=IFCDIRECTION((0.,0.,1.));
#10862=IFCEXTRUDEDAREASOLID(#10856,#10860,#10861,6.0960000000000001);
#10863=IFCSHAPEREPRESENTATION(#11,'Body','SweptSolid',(#10862));
#10864=IFCCARTESIANPOINT((0.,0.,0.));
#10865=IFCDIRECTION((1.,0.,0.));
#10866=IFCDIRECTION((0.,0.,1.));
#10867=IFCAXIS2PLACEMENT3D(#10864,#10866,#10865);
#10868=IFCREPRESENTATIONMAP(#10867,#10863);
#10869=IFCPROPERTYSET('3X9popYp1FzPDQpOpXc6fk',$,'MF_Structural',$,(#10870,#10871,#10872));
#10870=IFCPROPERTYSINGLEVALUE('Section',$,IFCLABEL('S24X100'),$);
#10871=IFCPROPERTYSINGLEVALUE('SectionFamily',$,IFCLABEL('S'),$);
#10872=IFCPROPERTYSINGLEVALUE('SectionSource',$,IFCLABEL('AISC Shapes Database v15.0 (US)'),$);
#10873=IFCPROPERTYSET('3yeyeg$nP3lBirhSZSO0sK',$,'MF_Library',$,(#10874,#10875,#10876,#10877,#10878,#10879,#10880,#10881,#10882,#10883));
#10874=IFCPROPERTYSINGLEVALUE('Key',$,IFCLABEL('steel_beam_s'),$);
#10875=IFCPROPERTYSINGLEVALUE('Family',$,IFCLABEL('S-Shape Beam'),$);
#10876=IFCPROPERTYSINGLEVALUE('TypeName',$,IFCLABEL('S24X100'),$);
#10877=IFCPROPERTYSINGLEVALUE('Version',$,IFCLABEL('0.1.0'),$);
#10878=IFCPROPERTYSINGLEVALUE('License',$,IFCLABEL('CC0-1.0'),$);
#10879=IFCPROPERTYSINGLEVALUE('Source',$,IFCLABEL('massing-families'),$);
#10880=IFCPROPERTYSINGLEVALUE('Tier',$,IFCLABEL('L300'),$);
#10881=IFCPROPERTYSINGLEVALUE('Builder',$,IFCLABEL('profile'),$);
#10882=IFCPROPERTYSINGLEVALUE('Discipline',$,IFCLABEL('structural'),$);
#10883=IFCPROPERTYSINGLEVALUE('GeometryStatus',$,IFCLABEL('parametric'),$);
#10884=IFCPROPERTYSET('0IRUjuyVzFp8VEx6w3avP$',$,'MF_Quantities',$,(#10885,#10886,#10887,#10888,#10889));
#10885=IFCPROPERTYSINGLEVALUE('NominalWidth',$,IFCREAL(0.18415000000000001),$);
#10886=IFCPROPERTYSINGLEVALUE('NominalDepth',$,IFCREAL(0.60960000000000003),$);
#10887=IFCPROPERTYSINGLEVALUE('NominalHeight',$,IFCREAL(6.0960000000000001),$);
#10888=IFCPROPERTYSINGLEVALUE('NominalFootprintArea',$,IFCREAL(0.112258),$);
#10889=IFCPROPERTYSINGLEVALUE('NominalVolume',$,IFCREAL(0.68432400000000004),$);
#10890=IFCBEAMTYPE('20hMGXcA1AZgnjEqNXmlTV',$,'S-Shape Beam - S24X90',$,$,(#10907,#10911,#10922),(#10906),$,$,.BEAM.);
#10891=IFCCARTESIANPOINT((0.,0.));
#10892=IFCDIRECTION((1.,0.));
#10893=IFCAXIS2PLACEMENT2D(#10891,#10892);
#10894=IFCISHAPEPROFILEDEF(.AREA.,'S24X90',#10893,0.18110200000000001,0.60960000000000003,0.015875,0.022098,0.022352,$,$);
#10895=IFCCARTESIANPOINT((0.,0.,0.));
#10896=IFCDIRECTION((0.,0.,1.));
#10897=IFCDIRECTION((1.,0.,0.));
#10898=IFCAXIS2PLACEMENT3D(#10895,#10896,#10897);
#10899=IFCDIRECTION((0.,0.,1.));
#10900=IFCEXTRUDEDAREASOLID(#10894,#10898,#10899,6.0960000000000001);
#10901=IFCSHAPEREPRESENTATION(#11,'Body','SweptSolid',(#10900));
#10902=IFCCARTESIANPOINT((0.,0.,0.));
#10903=IFCDIRECTION((1.,0.,0.));
#10904=IFCDIRECTION((0.,0.,1.));
#10905=IFCAXIS2PLACEMENT3D(#10902,#10904,#10903);
#10906=IFCREPRESENTATIONMAP(#10905,#10901);
#10907=IFCPROPERTYSET('3H6JEzGyHFte0zgowcOjc3',$,'MF_Structural',$,(#10908,#10909,#10910));
#10908=IFCPROPERTYSINGLEVALUE('Section',$,IFCLABEL('S24X90'),$);
#10909=IFCPROPERTYSINGLEVALUE('SectionFamily',$,IFCLABEL('S'),$);
#10910=IFCPROPERTYSINGLEVALUE('SectionSource',$,IFCLABEL('AISC Shapes Database v15.0 (US)'),$);
#10911=IFCPROPERTYSET('2NYcST7Mf4YPg9ELgCja5H',$,'MF_Library',$,(#10912,#10913,#10914,#10915,#10916,#10917,#10918,#10919,#10920,#10921));
#10912=IFCPROPERTYSINGLEVALUE('Key',$,IFCLABEL('steel_beam_s'),$);
#10913=IFCPROPERTYSINGLEVALUE('Family',$,IFCLABEL('S-Shape Beam'),$);
#10914=IFCPROPERTYSINGLEVALUE('TypeName',$,IFCLABEL('S24X90'),$);
#10915=IFCPROPERTYSINGLEVALUE('Version',$,IFCLABEL('0.1.0'),$);
#10916=IFCPROPERTYSINGLEVALUE('License',$,IFCLABEL('CC0-1.0'),$);
#10917=IFCPROPERTYSINGLEVALUE('Source',$,IFCLABEL('massing-families'),$);
#10918=IFCPROPERTYSINGLEVALUE('Tier',$,IFCLABEL('L300'),$);
#10919=IFCPROPERTYSINGLEVALUE('Builder',$,IFCLABEL('profile'),$);
#10920=IFCPROPERTYSINGLEVALUE('Discipline',$,IFCLABEL('structural'),$);
#10921=IFCPROPERTYSINGLEVALUE('GeometryStatus',$,IFCLABEL('parametric'),$);
#10922=IFCPROPERTYSET('3hDyExpjT7zRj9Z9Qs2Fyl',$,'MF_Quantities',$,(#10923,#10924,#10925,#10926,#10927));
#10923=IFCPROPERTYSINGLEVALUE('NominalWidth',$,IFCREAL(0.18110200000000001),$);
#10924=IFCPROPERTYSINGLEVALUE('NominalDepth',$,IFCREAL(0.60960000000000003),$);
#10925=IFCPROPERTYSINGLEVALUE('NominalHeight',$,IFCREAL(6.0960000000000001),$);
#10926=IFCPROPERTYSINGLEVALUE('NominalFootprintArea',$,IFCREAL(0.1104),$);
#10927=IFCPROPERTYSINGLEVALUE('NominalVolume',$,IFCREAL(0.67299699999999996),$);
#10928=IFCBEAMTYPE('0B0eR1OMX0Jxl2c75GsvJw',$,'S-Shape Beam - S24X80',$,$,(#10945,#10949,#10960),(#10944),$,$,.BEAM.);
#10929=IFCCARTESIANPOINT((0.,0.));
#10930=IFCDIRECTION((1.,0.));
#10931=IFCAXIS2PLACEMENT2D(#10929,#10930);
#10932=IFCISHAPEPROFILEDEF(.AREA.,'S24X80',#10931,0.17780000000000001,0.60960000000000003,0.012699999999999999,0.022098,0.022352,$,$);
#10933=IFCCARTESIANPOINT((0.,0.,0.));
#10934=IFCDIRECTION((0.,0.,1.));
#10935=IFCDIRECTION((1.,0.,0.));
#10936=IFCAXIS2PLACEMENT3D(#10933,#10934,#10935);
#10937=IFCDIRECTION((0.,0.,1.));
#10938=IFCEXTRUDEDAREASOLID(#10932,#10936,#10937,6.0960000000000001);
#10939=IFCSHAPEREPRESENTATION(#11,'Body','SweptSolid',(#10938));
#10940=IFCCARTESIANPOINT((0.,0.,0.));
#10941=IFCDIRECTION((1.,0.,0.));
#10942=IFCDIRECTION((0.,0.,1.));
#10943=IFCAXIS2PLACEMENT3D(#10940,#10942,#10941);
#10944=IFCREPRESENTATIONMAP(#10943,#10939);
#10945=IFCPROPERTYSET('0cHQvqNUjELuFGpw88_ziX',$,'MF_Structural',$,(#10946,#10947,#10948));
#10946=IFCPROPERTYSINGLEVALUE('Section',$,IFCLABEL('S24X80'),$);
#10947=IFCPROPERTYSINGLEVALUE('SectionFamily',$,IFCLABEL('S'),$);
#10948=IFCPROPERTYSINGLEVALUE('SectionSource',$,IFCLABEL('AISC Shapes Database v15.0 (US)'),$);
#10949=IFCPROPERTYSET('2YigwhNGT6AfquTrZ7QkK7',$,'MF_Library',$,(#10950,#10951,#10952,#10953,#10954,#10955,#10956,#10957,#10958,#10959));
#10950=IFCPROPERTYSINGLEVALUE('Key',$,IFCLABEL('steel_beam_s'),$);
#10951=IFCPROPERTYSINGLEVALUE('Family',$,IFCLABEL('S-Shape Beam'),$);
#10952=IFCPROPERTYSINGLEVALUE('TypeName',$,IFCLABEL('S24X80'),$);
#10953=IFCPROPERTYSINGLEVALUE('Version',$,IFCLABEL('0.1.0'),$);
#10954=IFCPROPERTYSINGLEVALUE('License',$,IFCLABEL('CC0-1.0'),$);
#10955=IFCPROPERTYSINGLEVALUE('Source',$,IFCLABEL('massing-families'),$);
#10956=IFCPROPERTYSINGLEVALUE('Tier',$,IFCLABEL('L300'),$);
#10957=IFCPROPERTYSINGLEVALUE('Builder',$,IFCLABEL('profile'),$);
#10958=IFCPROPERTYSINGLEVALUE('Discipline',$,IFCLABEL('structural'),$);
#10959=IFCPROPERTYSINGLEVALUE('GeometryStatus',$,IFCLABEL('parametric'),$);
#10960=IFCPROPERTYSET('3ihjgRu6PAnAVnhb8aAs5n',$,'MF_Quantities',$,(#10961,#10962,#10963,#10964,#10965));
#10961=IFCPROPERTYSINGLEVALUE('NominalWidth',$,IFCREAL(0.17780000000000001),$);
#10962=IFCPROPERTYSINGLEVALUE('NominalDepth',$,IFCREAL(0.60960000000000003),$);
#10963=IFCPROPERTYSINGLEVALUE('NominalHeight',$,IFCREAL(6.0960000000000001),$);
#10964=IFCPROPERTYSINGLEVALUE('NominalFootprintArea',$,IFCREAL(0.108387),$);
#10965=IFCPROPERTYSINGLEVALUE('NominalVolume',$,IFCREAL(0.66072600000000004),$);
#10966=IFCBEAMTYPE('3FWbk1iz1ANezs1Yv7Pn_q',$,'S-Shape Beam - S20X96',$,$,(#10983,#10987,#10998),(#10982),$,$,.BEAM.);
#10967=IFCCARTESIANPOINT((0.,0.));
#10968=IFCDIRECTION((1.,0.));
#10969=IFCAXIS2PLACEMENT2D(#10967,#10968);
#10970=IFCISHAPEPROFILEDEF(.AREA.,'S20X96',#10969,0.18287999999999999,0.51561999999999997,0.020320000000000001,0.023368,0.021082,$,$);
#10971=IFCCARTESIANPOINT((0.,0.,0.));
#10972=IFCDIRECTION((0.,0.,1.));
#10973=IFCDIRECTION((1.,0.,0.));
#10974=IFCAXIS2PLACEMENT3D(#10971,#10972,#10973);
#10975=IFCDIRECTION((0.,0.,1.));
#10976=IFCEXTRUDEDAREASOLID(#10970,#10974,#10975,6.0960000000000001);
#10977=IFCSHAPEREPRESENTATION(#11,'Body','SweptSolid',(#10976));
#10978=IFCCARTESIANPOINT((0.,0.,0.));
#10979=IFCDIRECTION((1.,0.,0.));
#10980=IFCDIRECTION((0.,0.,1.));
#10981=IFCAXIS2PLACEMENT3D(#10978,#10980,#10979);
#10982=IFCREPRESENTATIONMAP(#10981,#10977);
#10983=IFCPROPERTYSET('1WdSRgEzT6HvC9E1iTaVML',$,'MF_Structural',$,(#10984,#10985,#10986));
#10984=IFCPROPERTYSINGLEVALUE('Section',$,IFCLABEL('S20X96'),$);
#10985=IFCPROPERTYSINGLEVALUE('SectionFamily',$,IFCLABEL('S'),$);
#10986=IFCPROPERTYSINGLEVALUE('SectionSource',$,IFCLABEL('AISC Shapes Database v15.0 (US)'),$);
#10987=IFCPROPERTYSET('01Zup5iXP2l8MwWBgF39Zw',$,'MF_Library',$,(#10988,#10989,#10990,#10991,#10992,#10993,#10994,#10995,#10996,#10997));
#10988=IFCPROPERTYSINGLEVALUE('Key',$,IFCLABEL('steel_beam_s'),$);
#10989=IFCPROPERTYSINGLEVALUE('Family',$,IFCLABEL('S-Shape Beam'),$);
#10990=IFCPROPERTYSINGLEVALUE('TypeName',$,IFCLABEL('S20X96'),$);
#10991=IFCPROPERTYSINGLEVALUE('Version',$,IFCLABEL('0.1.0'),$);
#10992=IFCPROPERTYSINGLEVALUE('License',$,IFCLABEL('CC0-1.0'),$);
#10993=IFCPROPERTYSINGLEVALUE('Source',$,IFCLABEL('massing-families'),$);
#10994=IFCPROPERTYSINGLEVALUE('Tier',$,IFCLABEL('L300'),$);
#10995=IFCPROPERTYSINGLEVALUE('Builder',$,IFCLABEL('profile'),$);
#10996=IFCPROPERTYSINGLEVALUE('Discipline',$,IFCLABEL('structural'),$);
#10997=IFCPROPERTYSINGLEVALUE('GeometryStatus',$,IFCLABEL('parametric'),$);
#10998=IFCPROPERTYSET('2cFvU$3P17lAShrt4D69SI',$,'MF_Quantities',$,(#10999,#11000,#11001,#11002,#11003));
#10999=IFCPROPERTYSINGLEVALUE('NominalWidth',$,IFCREAL(0.18287999999999999),$);
#11000=IFCPROPERTYSINGLEVALUE('NominalDepth',$,IFCREAL(0.51561999999999997),$);
#11001=IFCPROPERTYSINGLEVALUE('NominalHeight',$,IFCREAL(6.0960000000000001),$);
#11002=IFCPROPERTYSINGLEVALUE('NominalFootprintArea',$,IFCREAL(0.094297000000000006),$);
#11003=IFCPROPERTYSINGLEVALUE('NominalVolume',$,IFCREAL(0.57483200000000001),$);
#11004=IFCBEAMTYPE('2oSpiH8NrD9Oy8qdTOUvJZ',$,'S-Shape Beam - S20X86',$,$,(#11021,#11025,#11036),(#11020),$,$,.BEAM.);
#11005=IFCCARTESIANPOINT((0.,0.));
#11006=IFCDIRECTION((1.,0.));
#11007=IFCAXIS2PLACEMENT2D(#11005,#11006);
#11008=IFCISHAPEPROFILEDEF(.AREA.,'S20X86',#11007,0.17932400000000001,0.51561999999999997,0.016764000000000001,0.023368,0.021082,$,$);
#11009=IFCCARTESIANPOINT((0.,0.,0.));
#11010=IFCDIRECTION((0.,0.,1.));
#11011=IFCDIRECTION((1.,0.,0.));
#11012=IFCAXIS2PLACEMENT3D(#11009,#11010,#11011);
#11013=IFCDIRECTION((0.,0.,1.));
#11014=IFCEXTRUDEDAREASOLID(#11008,#11012,#11013,6.0960000000000001);
#11015=IFCSHAPEREPRESENTATION(#11,'Body','SweptSolid',(#11014));
#11016=IFCCARTESIANPOINT((0.,0.,0.));
#11017=IFCDIRECTION((1.,0.,0.));
#11018=IFCDIRECTION((0.,0.,1.));
#11019=IFCAXIS2PLACEMENT3D(#11016,#11018,#11017);
#11020=IFCREPRESENTATIONMAP(#11019,#11015);
#11021=IFCPROPERTYSET('0ghKpjDrXAVPWhtQ0lQtsu',$,'MF_Structural',$,(#11022,#11023,#11024));
#11022=IFCPROPERTYSINGLEVALUE('Section',$,IFCLABEL('S20X86'),$);
#11023=IFCPROPERTYSINGLEVALUE('SectionFamily',$,IFCLABEL('S'),$);
#11024=IFCPROPERTYSINGLEVALUE('SectionSource',$,IFCLABEL('AISC Shapes Database v15.0 (US)'),$);
#11025=IFCPROPERTYSET('3yQ289YZj61P6bL8kxJdjq',$,'MF_Library',$,(#11026,#11027,#11028,#11029,#11030,#11031,#11032,#11033,#11034,#11035));
#11026=IFCPROPERTYSINGLEVALUE('Key',$,IFCLABEL('steel_beam_s'),$);
#11027=IFCPROPERTYSINGLEVALUE('Family',$,IFCLABEL('S-Shape Beam'),$);
#11028=IFCPROPERTYSINGLEVALUE('TypeName',$,IFCLABEL('S20X86'),$);
#11029=IFCPROPERTYSINGLEVALUE('Version',$,IFCLABEL('0.1.0'),$);
#11030=IFCPROPERTYSINGLEVALUE('License',$,IFCLABEL('CC0-1.0'),$);
#11031=IFCPROPERTYSINGLEVALUE('Source',$,IFCLABEL('massing-families'),$);
#11032=IFCPROPERTYSINGLEVALUE('Tier',$,IFCLABEL('L300'),$);
#11033=IFCPROPERTYSINGLEVALUE('Builder',$,IFCLABEL('profile'),$);
#11034=IFCPROPERTYSINGLEVALUE('Discipline',$,IFCLABEL('structural'),$);
#11035=IFCPROPERTYSINGLEVALUE('GeometryStatus',$,IFCLABEL('parametric'),$);
#11036=IFCPROPERTYSET('12C_qkpZL7w8Y245YyZpsQ',$,'MF_Quantities',$,(#11037,#11038,#11039,#11040,#11041));
#11037=IFCPROPERTYSINGLEVALUE('NominalWidth',$,IFCREAL(0.17932400000000001),$);
#11038=IFCPROPERTYSINGLEVALUE('NominalDepth',$,IFCREAL(0.51561999999999997),$);
#11039=IFCPROPERTYSINGLEVALUE('NominalHeight',$,IFCREAL(6.0960000000000001),$);
#11040=IFCPROPERTYSINGLEVALUE('NominalFootprintArea',$,IFCREAL(0.092463000000000004),$);
#11041=IFCPROPERTYSINGLEVALUE('NominalVolume',$,IFCREAL(0.56365500000000002),$);
#11042=IFCBEAMTYPE('2$QbjWue524Q1hISe07LzM',$,'S-Shape Beam - S20X75',$,$,(#11059,#11063,#11074),(#11058),$,$,.BEAM.);
#11043=IFCCARTESIANPOINT((0.,0.));
#11044=IFCDIRECTION((1.,0.));
#11045=IFCAXIS2PLACEMENT2D(#11043,#11044);
#11046=IFCISHAPEPROFILEDEF(.AREA.,'S20X75',#11045,0.16230600000000001,0.50800000000000001,0.016129000000000001,0.020192999999999999,0.021208999999999999,$,$);
#11047=IFCCARTESIANPOINT((0.,0.,0.));
#11048=IFCDIRECTION((0.,0.,1.));
#11049=IFCDIRECTION((1.,0.,0.));
#11050=IFCAXIS2PLACEMENT3D(#11047,#11048,#11049);
#11051=IFCDIRECTION((0.,0.,1.));
#11052=IFCEXTRUDEDAREASOLID(#11046,#11050,#11051,6.0960000000000001);
#11053=IFCSHAPEREPRESENTATION(#11,'Body','SweptSolid',(#11052));
#11054=IFCCARTESIANPOINT((0.,0.,0.));
#11055=IFCDIRECTION((1.,0.,0.));
#11056=IFCDIRECTION((0.,0.,1.));
#11057=IFCAXIS2PLACEMENT3D(#11054,#11056,#11055);
#11058=IFCREPRESENTATIONMAP(#11057,#11053);
#11059=IFCPROPERTYSET('366gtuj1H1uOW6LtyCqls4',$,'MF_Structural',$,(#11060,#11061,#11062));
#11060=IFCPROPERTYSINGLEVALUE('Section',$,IFCLABEL('S20X75'),$);
#11061=IFCPROPERTYSINGLEVALUE('SectionFamily',$,IFCLABEL('S'),$);
#11062=IFCPROPERTYSINGLEVALUE('SectionSource',$,IFCLABEL('AISC Shapes Database v15.0 (US)'),$);
#11063=IFCPROPERTYSET('2BPIeXi4HDtP5IURQVgZpP',$,'MF_Library',$,(#11064,#11065,#11066,#11067,#11068,#11069,#11070,#11071,#11072,#11073));
#11064=IFCPROPERTYSINGLEVALUE('Key',$,IFCLABEL('steel_beam_s'),$);
#11065=IFCPROPERTYSINGLEVALUE('Family',$,IFCLABEL('S-Shape Beam'),$);
#11066=IFCPROPERTYSINGLEVALUE('TypeName',$,IFCLABEL('S20X75'),$);
#11067=IFCPROPERTYSINGLEVALUE('Version',$,IFCLABEL('0.1.0'),$);
#11068=IFCPROPERTYSINGLEVALUE('License',$,IFCLABEL('CC0-1.0'),$);
#11069=IFCPROPERTYSINGLEVALUE('Source',$,IFCLABEL('massing-families'),$);
#11070=IFCPROPERTYSINGLEVALUE('Tier',$,IFCLABEL('L300'),$);
#11071=IFCPROPERTYSINGLEVALUE('Builder',$,IFCLABEL('profile'),$);
#11072=IFCPROPERTYSINGLEVALUE('Discipline',$,IFCLABEL('structural'),$);
#11073=IFCPROPERTYSINGLEVALUE('GeometryStatus',$,IFCLABEL('parametric'),$);
#11074=IFCPROPERTYSET('3OflX_FsX9ggW2DQSbipux',$,'MF_Quantities',$,(#11075,#11076,#11077,#11078,#11079));
#11075=IFCPROPERTYSINGLEVALUE('NominalWidth',$,IFCREAL(0.16230600000000001),$);
#11076=IFCPROPERTYSINGLEVALUE('NominalDepth',$,IFCREAL(0.50800000000000001),$);
#11077=IFCPROPERTYSINGLEVALUE('NominalHeight',$,IFCREAL(6.0960000000000001),$);
#11078=IFCPROPERTYSINGLEVALUE('NominalFootprintArea',$,IFCREAL(0.082450999999999997),$);
#11079=IFCPROPERTYSINGLEVALUE('NominalVolume',$,IFCREAL(0.50262399999999996),$);
#11080=IFCBEAMTYPE('2xzWu91lDFneiOoqHa7HrO',$,'S-Shape Beam - S20X66',$,$,(#11097,#11101,#11112),(#11096),$,$,.BEAM.);
#11081=IFCCARTESIANPOINT((0.,0.));
#11082=IFCDIRECTION((1.,0.));
#11083=IFCAXIS2PLACEMENT2D(#11081,#11082);
#11084=IFCISHAPEPROFILEDEF(.AREA.,'S20X66',#11083,0.15900400000000001,0.50800000000000001,0.012827,0.020192999999999999,0.021208999999999999,$,$);
#11085=IFCCARTESIANPOINT((0.,0.,0.));
#11086=IFCDIRECTION((0.,0.,1.));
#11087=IFCDIRECTION((1.,0.,0.));
#11088=IFCAXIS2PLACEMENT3D(#11085,#11086,#11087);
#11089=IFCDIRECTION((0.,0.,1.));
#11090=IFCEXTRUDEDAREASOLID(#11084,#11088,#11089,6.0960000000000001);
#11091=IFCSHAPEREPRESENTATION(#11,'Body','SweptSolid',(#11090));
#11092=IFCCARTESIANPOINT((0.,0.,0.));
#11093=IFCDIRECTION((1.,0.,0.));
#11094=IFCDIRECTION((0.,0.,1.));
#11095=IFCAXIS2PLACEMENT3D(#11092,#11094,#11093);
#11096=IFCREPRESENTATIONMAP(#11095,#11091);
#11097=IFCPROPERTYSET('0gLTRC$UX4rfBTO6kWFVQr',$,'MF_Structural',$,(#11098,#11099,#11100));
#11098=IFCPROPERTYSINGLEVALUE('Section',$,IFCLABEL('S20X66'),$);
#11099=IFCPROPERTYSINGLEVALUE('SectionFamily',$,IFCLABEL('S'),$);
#11100=IFCPROPERTYSINGLEVALUE('SectionSource',$,IFCLABEL('AISC Shapes Database v15.0 (US)'),$);
#11101=IFCPROPERTYSET('2gBz$O7Tf5jAyICSLp80No',$,'MF_Library',$,(#11102,#11103,#11104,#11105,#11106,#11107,#11108,#11109,#11110,#11111));
#11102=IFCPROPERTYSINGLEVALUE('Key',$,IFCLABEL('steel_beam_s'),$);
#11103=IFCPROPERTYSINGLEVALUE('Family',$,IFCLABEL('S-Shape Beam'),$);
#11104=IFCPROPERTYSINGLEVALUE('TypeName',$,IFCLABEL('S20X66'),$);
#11105=IFCPROPERTYSINGLEVALUE('Version',$,IFCLABEL('0.1.0'),$);
#11106=IFCPROPERTYSINGLEVALUE('License',$,IFCLABEL('CC0-1.0'),$);
#11107=IFCPROPERTYSINGLEVALUE('Source',$,IFCLABEL('massing-families'),$);
#11108=IFCPROPERTYSINGLEVALUE('Tier',$,IFCLABEL('L300'),$);
#11109=IFCPROPERTYSINGLEVALUE('Builder',$,IFCLABEL('profile'),$);
#11110=IFCPROPERTYSINGLEVALUE('Discipline',$,IFCLABEL('structural'),$);
#11111=IFCPROPERTYSINGLEVALUE('GeometryStatus',$,IFCLABEL('parametric'),$);
#11112=IFCPROPERTYSET('0NHXsdPsnB19Rie5On$Mx6',$,'MF_Quantities',$,(#11113,#11114,#11115,#11116,#11117));
#11113=IFCPROPERTYSINGLEVALUE('NominalWidth',$,IFCREAL(0.15900400000000001),$);
#11114=IFCPROPERTYSINGLEVALUE('NominalDepth',$,IFCREAL(0.50800000000000001),$);
#11115=IFCPROPERTYSINGLEVALUE('NominalHeight',$,IFCREAL(6.0960000000000001),$);
#11116=IFCPROPERTYSINGLEVALUE('NominalFootprintArea',$,IFCREAL(0.080773999999999999),$);
#11117=IFCPROPERTYSINGLEVALUE('NominalVolume',$,IFCREAL(0.492398),$);
#11118=IFCBEAMTYPE('2hxUCEIb11oQsiovUsZ6r8',$,'S-Shape Beam - S18X70',$,$,(#11135,#11139,#11150),(#11134),$,$,.BEAM.);
#11119=IFCCARTESIANPOINT((0.,0.));
#11120=IFCDIRECTION((1.,0.));
#11121=IFCAXIS2PLACEMENT2D(#11119,#11120);
#11122=IFCISHAPEPROFILEDEF(.AREA.,'S18X70',#11121,0.15875,0.4572,0.0180594,0.017551400000000002,0.0205486,$,$);
#11123=IFCCARTESIANPOINT((0.,0.,0.));
#11124=IFCDIRECTION((0.,0.,1.));
#11125=IFCDIRECTION((1.,0.,0.));
#11126=IFCAXIS2PLACEMENT3D(#11123,#11124,#11125);
#11127=IFCDIRECTION((0.,0.,1.));
#11128=IFCEXTRUDEDAREASOLID(#11122,#11126,#11127,6.0960000000000001);
#11129=IFCSHAPEREPRESENTATION(#11,'Body','SweptSolid',(#11128));
#11130=IFCCARTESIANPOINT((0.,0.,0.));
#11131=IFCDIRECTION((1.,0.,0.));
#11132=IFCDIRECTION((0.,0.,1.));
#11133=IFCAXIS2PLACEMENT3D(#11130,#11132,#11131);
#11134=IFCREPRESENTATIONMAP(#11133,#11129);
#11135=IFCPROPERTYSET('14fFD2Am12Sw5tJ8TeL99s',$,'MF_Structural',$,(#11136,#11137,#11138));
#11136=IFCPROPERTYSINGLEVALUE('Section',$,IFCLABEL('S18X70'),$);
#11137=IFCPROPERTYSINGLEVALUE('SectionFamily',$,IFCLABEL('S'),$);
#11138=IFCPROPERTYSINGLEVALUE('SectionSource',$,IFCLABEL('AISC Shapes Database v15.0 (US)'),$);
#11139=IFCPROPERTYSET('3mJ5zVmlf43QSJ0ycWrN3c',$,'MF_Library',$,(#11140,#11141,#11142,#11143,#11144,#11145,#11146,#11147,#11148,#11149));
#11140=IFCPROPERTYSINGLEVALUE('Key',$,IFCLABEL('steel_beam_s'),$);
#11141=IFCPROPERTYSINGLEVALUE('Family',$,IFCLABEL('S-Shape Beam'),$);
#11142=IFCPROPERTYSINGLEVALUE('TypeName',$,IFCLABEL('S18X70'),$);
#11143=IFCPROPERTYSINGLEVALUE('Version',$,IFCLABEL('0.1.0'),$);
#11144=IFCPROPERTYSINGLEVALUE('License',$,IFCLABEL('CC0-1.0'),$);
#11145=IFCPROPERTYSINGLEVALUE('Source',$,IFCLABEL('massing-families'),$);
#11146=IFCPROPERTYSINGLEVALUE('Tier',$,IFCLABEL('L300'),$);
#11147=IFCPROPERTYSINGLEVALUE('Builder',$,IFCLABEL('profile'),$);
#11148=IFCPROPERTYSINGLEVALUE('Discipline',$,IFCLABEL('structural'),$);
#11149=IFCPROPERTYSINGLEVALUE('GeometryStatus',$,IFCLABEL('parametric'),$);
#11150=IFCPROPERTYSET('3CNx10PzTE69b0N$56wApC',$,'MF_Quantities',$,(#11151,#11152,#11153,#11154,#11155));
#11151=IFCPROPERTYSINGLEVALUE('NominalWidth',$,IFCREAL(0.15875),$);
#11152=IFCPROPERTYSINGLEVALUE('NominalDepth',$,IFCREAL(0.4572),$);
#11153=IFCPROPERTYSINGLEVALUE('NominalHeight',$,IFCREAL(6.0960000000000001),$);
#11154=IFCPROPERTYSINGLEVALUE('NominalFootprintArea',$,IFCREAL(0.072581000000000007),$);
#11155=IFCPROPERTYSINGLEVALUE('NominalVolume',$,IFCREAL(0.44245099999999998),$);
#11156=IFCBEAMTYPE('0ujrjxP0jF6AA3g4YwJ2j7',$,'S-Shape Beam - S18X54.7',$,$,(#11173,#11177,#11188),(#11172),$,$,.BEAM.);
#11157=IFCCARTESIANPOINT((0.,0.));
#11158=IFCDIRECTION((1.,0.));
#11159=IFCAXIS2PLACEMENT2D(#11157,#11158);
#11160=IFCISHAPEPROFILEDEF(.AREA.,'S18X54.7',#11159,0.15240000000000001,0.4572,0.0117094,0.017551400000000002,0.0205486,$,$);
#11161=IFCCARTESIANPOINT((0.,0.,0.));
#11162=IFCDIRECTION((0.,0.,1.));
#11163=IFCDIRECTION((1.,0.,0.));
#11164=IFCAXIS2PLACEMENT3D(#11161,#11162,#11163);
#11165=IFCDIRECTION((0.,0.,1.));
#11166=IFCEXTRUDEDAREASOLID(#11160,#11164,#11165,6.0960000000000001);
#11167=IFCSHAPEREPRESENTATION(#11,'Body','SweptSolid',(#11166));
#11168=IFCCARTESIANPOINT((0.,0.,0.));
#11169=IFCDIRECTION((1.,0.,0.));
#11170=IFCDIRECTION((0.,0.,1.));
#11171=IFCAXIS2PLACEMENT3D(#11168,#11170,#11169);
#11172=IFCREPRESENTATIONMAP(#11171,#11167);
#11173=IFCPROPERTYSET('3woEWJlX9AuQK75qvKoL4y',$,'MF_Structural',$,(#11174,#11175,#11176));
#11174=IFCPROPERTYSINGLEVALUE('Section',$,IFCLABEL('S18X54.7'),$);
#11175=IFCPROPERTYSINGLEVALUE('SectionFamily',$,IFCLABEL('S'),$);
#11176=IFCPROPERTYSINGLEVALUE('SectionSource',$,IFCLABEL('AISC Shapes Database v15.0 (US)'),$);
#11177=IFCPROPERTYSET('1k6Qetc_16Bf$rTbp$Vppb',$,'MF_Library',$,(#11178,#11179,#11180,#11181,#11182,#11183,#11184,#11185,#11186,#11187));
#11178=IFCPROPERTYSINGLEVALUE('Key',$,IFCLABEL('steel_beam_s'),$);
#11179=IFCPROPERTYSINGLEVALUE('Family',$,IFCLABEL('S-Shape Beam'),$);
#11180=IFCPROPERTYSINGLEVALUE('TypeName',$,IFCLABEL('S18X54.7'),$);
#11181=IFCPROPERTYSINGLEVALUE('Version',$,IFCLABEL('0.1.0'),$);
#11182=IFCPROPERTYSINGLEVALUE('License',$,IFCLABEL('CC0-1.0'),$);
#11183=IFCPROPERTYSINGLEVALUE('Source',$,IFCLABEL('massing-families'),$);
#11184=IFCPROPERTYSINGLEVALUE('Tier',$,IFCLABEL('L300'),$);
#11185=IFCPROPERTYSINGLEVALUE('Builder',$,IFCLABEL('profile'),$);
#11186=IFCPROPERTYSINGLEVALUE('Discipline',$,IFCLABEL('structural'),$);
#11187=IFCPROPERTYSINGLEVALUE('GeometryStatus',$,IFCLABEL('parametric'),$);
#11188=IFCPROPERTYSET('0UT$Wpti15vh$qd8KGxxI6',$,'MF_Quantities',$,(#11189,#11190,#11191,#11192,#11193));
#11189=IFCPROPERTYSINGLEVALUE('NominalWidth',$,IFCREAL(0.15240000000000001),$);
#11190=IFCPROPERTYSINGLEVALUE('NominalDepth',$,IFCREAL(0.4572),$);
#11191=IFCPROPERTYSINGLEVALUE('NominalHeight',$,IFCREAL(6.0960000000000001),$);
#11192=IFCPROPERTYSINGLEVALUE('NominalFootprintArea',$,IFCREAL(0.069677000000000003),$);
#11193=IFCPROPERTYSINGLEVALUE('NominalVolume',$,IFCREAL(0.42475299999999999),$);
#11194=IFCBEAMTYPE('1mbwvOL_rBSAfSNgHIkzdh',$,'S-Shape Beam - S15X50',$,$,(#11211,#11215,#11226),(#11210),$,$,.BEAM.);
#11195=IFCCARTESIANPOINT((0.,0.));
#11196=IFCDIRECTION((1.,0.));
#11197=IFCAXIS2PLACEMENT2D(#11195,#11196);
#11198=IFCISHAPEPROFILEDEF(.AREA.,'S15X50',#11197,0.14325599999999999,0.38100000000000001,0.01397,0.015798800000000002,0.019253200000000002,$,$);
#11199=IFCCARTESIANPOINT((0.,0.,0.));
#11200=IFCDIRECTION((0.,0.,1.));
#11201=IFCDIRECTION((1.,0.,0.));
#11202=IFCAXIS2PLACEMENT3D(#11199,#11200,#11201);
#11203=IFCDIRECTION((0.,0.,1.));
#11204=IFCEXTRUDEDAREASOLID(#11198,#11202,#11203,6.0960000000000001);
#11205=IFCSHAPEREPRESENTATION(#11,'Body','SweptSolid',(#11204));
#11206=IFCCARTESIANPOINT((0.,0.,0.));
#11207=IFCDIRECTION((1.,0.,0.));
#11208=IFCDIRECTION((0.,0.,1.));
#11209=IFCAXIS2PLACEMENT3D(#11206,#11208,#11207);
#11210=IFCREPRESENTATIONMAP(#11209,#11205);
#11211=IFCPROPERTYSET('01W3kdfMD0tPCVcZm6qvSZ',$,'MF_Structural',$,(#11212,#11213,#11214));
#11212=IFCPROPERTYSINGLEVALUE('Section',$,IFCLABEL('S15X50'),$);
#11213=IFCPROPERTYSINGLEVALUE('SectionFamily',$,IFCLABEL('S'),$);
#11214=IFCPROPERTYSINGLEVALUE('SectionSource',$,IFCLABEL('AISC Shapes Database v15.0 (US)'),$);
#11215=IFCPROPERTYSET('1GEOBFx5zD$O8pkpk5sqJI',$,'MF_Library',$,(#11216,#11217,#11218,#11219,#11220,#11221,#11222,#11223,#11224,#11225));
#11216=IFCPROPERTYSINGLEVALUE('Key',$,IFCLABEL('steel_beam_s'),$);
#11217=IFCPROPERTYSINGLEVALUE('Family',$,IFCLABEL('S-Shape Beam'),$);
#11218=IFCPROPERTYSINGLEVALUE('TypeName',$,IFCLABEL('S15X50'),$);
#11219=IFCPROPERTYSINGLEVALUE('Version',$,IFCLABEL('0.1.0'),$);
#11220=IFCPROPERTYSINGLEVALUE('License',$,IFCLABEL('CC0-1.0'),$);
#11221=IFCPROPERTYSINGLEVALUE('Source',$,IFCLABEL('massing-families'),$);
#11222=IFCPROPERTYSINGLEVALUE('Tier',$,IFCLABEL('L300'),$);
#11223=IFCPROPERTYSINGLEVALUE('Builder',$,IFCLABEL('profile'),$);
#11224=IFCPROPERTYSINGLEVALUE('Discipline',$,IFCLABEL('structural'),$);
#11225=IFCPROPERTYSINGLEVALUE('GeometryStatus',$,IFCLABEL('parametric'),$);
#11226=IFCPROPERTYSET('1H4gFUDeL2gg0eHNDSTWd1',$,'MF_Quantities',$,(#11227,#11228,#11229,#11230,#11231));
#11227=IFCPROPERTYSINGLEVALUE('NominalWidth',$,IFCREAL(0.14325599999999999),$);
#11228=IFCPROPERTYSINGLEVALUE('NominalDepth',$,IFCREAL(0.38100000000000001),$);
#11229=IFCPROPERTYSINGLEVALUE('NominalHeight',$,IFCREAL(6.0960000000000001),$);
#11230=IFCPROPERTYSINGLEVALUE('NominalFootprintArea',$,IFCREAL(0.054580999999999998),$);
#11231=IFCPROPERTYSINGLEVALUE('NominalVolume',$,IFCREAL(0.33272299999999999),$);
#11232=IFCBEAMTYPE('3NNi9JX9n1_PJzpghefsJ7',$,'S-Shape Beam - S15X42.9',$,$,(#11249,#11253,#11264),(#11248),$,$,.BEAM.);
#11233=IFCCARTESIANPOINT((0.,0.));
#11234=IFCDIRECTION((1.,0.));
#11235=IFCAXIS2PLACEMENT2D(#11233,#11234);
#11236=IFCISHAPEPROFILEDEF(.AREA.,'S15X42.9',#11235,0.13969999999999999,0.38100000000000001,0.0104394,0.015798800000000002,0.019253200000000002,$,$);
#11237=IFCCARTESIANPOINT((0.,0.,0.));
#11238=IFCDIRECTION((0.,0.,1.));
#11239=IFCDIRECTION((1.,0.,0.));
#11240=IFCAXIS2PLACEMENT3D(#11237,#11238,#11239);
#11241=IFCDIRECTION((0.,0.,1.));
#11242=IFCEXTRUDEDAREASOLID(#11236,#11240,#11241,6.0960000000000001);
#11243=IFCSHAPEREPRESENTATION(#11,'Body','SweptSolid',(#11242));
#11244=IFCCARTESIANPOINT((0.,0.,0.));
#11245=IFCDIRECTION((1.,0.,0.));
#11246=IFCDIRECTION((0.,0.,1.));
#11247=IFCAXIS2PLACEMENT3D(#11244,#11246,#11245);
#11248=IFCREPRESENTATIONMAP(#11247,#11243);
#11249=IFCPROPERTYSET('3Uxm27W$91CxemfSng4NFN',$,'MF_Structural',$,(#11250,#11251,#11252));
#11250=IFCPROPERTYSINGLEVALUE('Section',$,IFCLABEL('S15X42.9'),$);
#11251=IFCPROPERTYSINGLEVALUE('SectionFamily',$,IFCLABEL('S'),$);
#11252=IFCPROPERTYSINGLEVALUE('SectionSource',$,IFCLABEL('AISC Shapes Database v15.0 (US)'),$);
#11253=IFCPROPERTYSET('0IJC1kA8107xmSV8raWLPg',$,'MF_Library',$,(#11254,#11255,#11256,#11257,#11258,#11259,#11260,#11261,#11262,#11263));
#11254=IFCPROPERTYSINGLEVALUE('Key',$,IFCLABEL('steel_beam_s'),$);
#11255=IFCPROPERTYSINGLEVALUE('Family',$,IFCLABEL('S-Shape Beam'),$);
#11256=IFCPROPERTYSINGLEVALUE('TypeName',$,IFCLABEL('S15X42.9'),$);
#11257=IFCPROPERTYSINGLEVALUE('Version',$,IFCLABEL('0.1.0'),$);
#11258=IFCPROPERTYSINGLEVALUE('License',$,IFCLABEL('CC0-1.0'),$);
#11259=IFCPROPERTYSINGLEVALUE('Source',$,IFCLABEL('massing-families'),$);
#11260=IFCPROPERTYSINGLEVALUE('Tier',$,IFCLABEL('L300'),$);
#11261=IFCPROPERTYSINGLEVALUE('Builder',$,IFCLABEL('profile'),$);
#11262=IFCPROPERTYSINGLEVALUE('Discipline',$,IFCLABEL('structural'),$);
#11263=IFCPROPERTYSINGLEVALUE('GeometryStatus',$,IFCLABEL('parametric'),$);
#11264=IFCPROPERTYSET('1lMjtQUj50afAFNNFoVmlM',$,'MF_Quantities',$,(#11265,#11266,#11267,#11268,#11269));
#11265=IFCPROPERTYSINGLEVALUE('NominalWidth',$,IFCREAL(0.13969999999999999),$);
#11266=IFCPROPERTYSINGLEVALUE('NominalDepth',$,IFCREAL(0.38100000000000001),$);
#11267=IFCPROPERTYSINGLEVALUE('NominalHeight',$,IFCREAL(6.0960000000000001),$);
#11268=IFCPROPERTYSINGLEVALUE('NominalFootprintArea',$,IFCREAL(0.053226000000000002),$);
#11269=IFCPROPERTYSINGLEVALUE('NominalVolume',$,IFCREAL(0.32446399999999997),$);
#11270=IFCBEAMTYPE('058gIy9FnDIQHssi41CC47',$,'S-Shape Beam - S12X50',$,$,(#11287,#11291,#11302),(#11286),$,$,.BEAM.);
#11271=IFCCARTESIANPOINT((0.,0.));
#11272=IFCDIRECTION((1.,0.));
#11273=IFCAXIS2PLACEMENT2D(#11271,#11272);
#11274=IFCISHAPEPROFILEDEF(.AREA.,'S12X50',#11273,0.13919200000000001,0.30480000000000002,0.017449800000000001,0.016738599999999999,0.019837400000000002,$,$);
#11275=IFCCARTESIANPOINT((0.,0.,0.));
#11276=IFCDIRECTION((0.,0.,1.));
#11277=IFCDIRECTION((1.,0.,0.));
#11278=IFCAXIS2PLACEMENT3D(#11275,#11276,#11277);
#11279=IFCDIRECTION((0.,0.,1.));
#11280=IFCEXTRUDEDAREASOLID(#11274,#11278,#11279,6.0960000000000001);
#11281=IFCSHAPEREPRESENTATION(#11,'Body','SweptSolid',(#11280));
#11282=IFCCARTESIANPOINT((0.,0.,0.));
#11283=IFCDIRECTION((1.,0.,0.));
#11284=IFCDIRECTION((0.,0.,1.));
#11285=IFCAXIS2PLACEMENT3D(#11282,#11284,#11283);
#11286=IFCREPRESENTATIONMAP(#11285,#11281);
#11287=IFCPROPERTYSET('3T53k08qz89RGYsRHomHHz',$,'MF_Structural',$,(#11288,#11289,#11290));
#11288=IFCPROPERTYSINGLEVALUE('Section',$,IFCLABEL('S12X50'),$);
#11289=IFCPROPERTYSINGLEVALUE('SectionFamily',$,IFCLABEL('S'),$);
#11290=IFCPROPERTYSINGLEVALUE('SectionSource',$,IFCLABEL('AISC Shapes Database v15.0 (US)'),$);
#11291=IFCPROPERTYSET('1wkfdYMAz6SQt4yMS1ZYIF',$,'MF_Library',$,(#11292,#11293,#11294,#11295,#11296,#11297,#11298,#11299,#11300,#11301));
#11292=IFCPROPERTYSINGLEVALUE('Key',$,IFCLABEL('steel_beam_s'),$);
#11293=IFCPROPERTYSINGLEVALUE('Family',$,IFCLABEL('S-Shape Beam'),$);
#11294=IFCPROPERTYSINGLEVALUE('TypeName',$,IFCLABEL('S12X50'),$);
#11295=IFCPROPERTYSINGLEVALUE('Version',$,IFCLABEL('0.1.0'),$);
#11296=IFCPROPERTYSINGLEVALUE('License',$,IFCLABEL('CC0-1.0'),$);
#11297=IFCPROPERTYSINGLEVALUE('Source',$,IFCLABEL('massing-families'),$);
#11298=IFCPROPERTYSINGLEVALUE('Tier',$,IFCLABEL('L300'),$);
#11299=IFCPROPERTYSINGLEVALUE('Builder',$,IFCLABEL('profile'),$);
#11300=IFCPROPERTYSINGLEVALUE('Discipline',$,IFCLABEL('structural'),$);
#11301=IFCPROPERTYSINGLEVALUE('GeometryStatus',$,IFCLABEL('parametric'),$);
#11302=IFCPROPERTYSET('2zBmUElGv4axBO2g8tsGjx',$,'MF_Quantities',$,(#11303,#11304,#11305,#11306,#11307));
#11303=IFCPROPERTYSINGLEVALUE('NominalWidth',$,IFCREAL(0.13919200000000001),$);
#11304=IFCPROPERTYSINGLEVALUE('NominalDepth',$,IFCREAL(0.30480000000000002),$);
#11305=IFCPROPERTYSINGLEVALUE('NominalHeight',$,IFCREAL(6.0960000000000001),$);
#11306=IFCPROPERTYSINGLEVALUE('NominalFootprintArea',$,IFCREAL(0.042425999999999998),$);
#11307=IFCPROPERTYSINGLEVALUE('NominalVolume',$,IFCREAL(0.258627),$);
#11308=IFCBEAMTYPE('2rwWUYMQr5LOo2L2z9IUaH',$,'S-Shape Beam - S12X40.8',$,$,(#11325,#11329,#11340),(#11324),$,$,.BEAM.);
#11309=IFCCARTESIANPOINT((0.,0.));
#11310=IFCDIRECTION((1.,0.));
#11311=IFCAXIS2PLACEMENT2D(#11309,#11310);
#11312=IFCISHAPEPROFILEDEF(.AREA.,'S12X40.8',#11311,0.13335,0.30480000000000002,0.0117348,0.016738599999999999,0.019837400000000002,$,$);
#11313=IFCCARTESIANPOINT((0.,0.,0.));
#11314=IFCDIRECTION((0.,0.,1.));
#11315=IFCDIRECTION((1.,0.,0.));
#11316=IFCAXIS2PLACEMENT3D(#11313,#11314,#11315);
#11317=IFCDIRECTION((0.,0.,1.));
#11318=IFCEXTRUDEDAREASOLID(#11312,#11316,#11317,6.0960000000000001);
#11319=IFCSHAPEREPRESENTATION(#11,'Body','SweptSolid',(#11318));
#11320=IFCCARTESIANPOINT((0.,0.,0.));
#11321=IFCDIRECTION((1.,0.,0.));
#11322=IFCDIRECTION((0.,0.,1.));
#11323=IFCAXIS2PLACEMENT3D(#11320,#11322,#11321);
#11324=IFCREPRESENTATIONMAP(#11323,#11319);
#11325=IFCPROPERTYSET('0chO6kVdj3R8jAhv1rv6cN',$,'MF_Structural',$,(#11326,#11327,#11328));
#11326=IFCPROPERTYSINGLEVALUE('Section',$,IFCLABEL('S12X40.8'),$);
#11327=IFCPROPERTYSINGLEVALUE('SectionFamily',$,IFCLABEL('S'),$);
#11328=IFCPROPERTYSINGLEVALUE('SectionSource',$,IFCLABEL('AISC Shapes Database v15.0 (US)'),$);
#11329=IFCPROPERTYSET('116Jnw3a91lQOqzqmyIAqq',$,'MF_Library',$,(#11330,#11331,#11332,#11333,#11334,#11335,#11336,#11337,#11338,#11339));
#11330=IFCPROPERTYSINGLEVALUE('Key',$,IFCLABEL('steel_beam_s'),$);
#11331=IFCPROPERTYSINGLEVALUE('Family',$,IFCLABEL('S-Shape Beam'),$);
#11332=IFCPROPERTYSINGLEVALUE('TypeName',$,IFCLABEL('S12X40.8'),$);
#11333=IFCPROPERTYSINGLEVALUE('Version',$,IFCLABEL('0.1.0'),$);
#11334=IFCPROPERTYSINGLEVALUE('License',$,IFCLABEL('CC0-1.0'),$);
#11335=IFCPROPERTYSINGLEVALUE('Source',$,IFCLABEL('massing-families'),$);
#11336=IFCPROPERTYSINGLEVALUE('Tier',$,IFCLABEL('L300'),$);
#11337=IFCPROPERTYSINGLEVALUE('Builder',$,IFCLABEL('profile'),$);
#11338=IFCPROPERTYSINGLEVALUE('Discipline',$,IFCLABEL('structural'),$);
#11339=IFCPROPERTYSINGLEVALUE('GeometryStatus',$,IFCLABEL('parametric'),$);
#11340=IFCPROPERTYSET('2snDMhn1bEDRCLohj02hjT',$,'MF_Quantities',$,(#11341,#11342,#11343,#11344,#11345));
#11341=IFCPROPERTYSINGLEVALUE('NominalWidth',$,IFCREAL(0.13335),$);
#11342=IFCPROPERTYSINGLEVALUE('NominalDepth',$,IFCREAL(0.30480000000000002),$);
#11343=IFCPROPERTYSINGLEVALUE('NominalHeight',$,IFCREAL(6.0960000000000001),$);
#11344=IFCPROPERTYSINGLEVALUE('NominalFootprintArea',$,IFCREAL(0.040645000000000001),$);
#11345=IFCPROPERTYSINGLEVALUE('NominalVolume',$,IFCREAL(0.24777199999999999),$);
#11346=IFCBEAMTYPE('3tn7BgvJ59WPJLZEjvXS1a',$,'S-Shape Beam - S12X35',$,$,(#11363,#11367,#11378),(#11362),$,$,.BEAM.);
#11347=IFCCARTESIANPOINT((0.,0.));
#11348=IFCDIRECTION((1.,0.));
#11349=IFCAXIS2PLACEMENT2D(#11347,#11348);
#11350=IFCISHAPEPROFILEDEF(.AREA.,'S12X35',#11349,0.12903200000000001,0.30480000000000002,0.010871199999999999,0.013817599999999999,0.0164084,$,$);
#11351=IFCCARTESIANPOINT((0.,0.,0.));
#11352=IFCDIRECTION((0.,0.,1.));
#11353=IFCDIRECTION((1.,0.,0.));
#11354=IFCAXIS2PLACEMENT3D(#11351,#11352,#11353);
#11355=IFCDIRECTION((0.,0.,1.));
#11356=IFCEXTRUDEDAREASOLID(#11350,#11354,#11355,6.0960000000000001);
#11357=IFCSHAPEREPRESENTATION(#11,'Body','SweptSolid',(#11356));
#11358=IFCCARTESIANPOINT((0.,0.,0.));
#11359=IFCDIRECTION((1.,0.,0.));
#11360=IFCDIRECTION((0.,0.,1.));
#11361=IFCAXIS2PLACEMENT3D(#11358,#11360,#11359);
#11362=IFCREPRESENTATIONMAP(#11361,#11357);
#11363=IFCPROPERTYSET('3ZWxYg$SfDjBOY9QFC_5kP',$,'MF_Structural',$,(#11364,#11365,#11366));
#11364=IFCPROPERTYSINGLEVALUE('Section',$,IFCLABEL('S12X35'),$);
#11365=IFCPROPERTYSINGLEVALUE('SectionFamily',$,IFCLABEL('S'),$);
#11366=IFCPROPERTYSINGLEVALUE('SectionSource',$,IFCLABEL('AISC Shapes Database v15.0 (US)'),$);
#11367=IFCPROPERTYSET('2ZZWoTUMv5CPPqAohww_A9',$,'MF_Library',$,(#11368,#11369,#11370,#11371,#11372,#11373,#11374,#11375,#11376,#11377));
#11368=IFCPROPERTYSINGLEVALUE('Key',$,IFCLABEL('steel_beam_s'),$);
#11369=IFCPROPERTYSINGLEVALUE('Family',$,IFCLABEL('S-Shape Beam'),$);
#11370=IFCPROPERTYSINGLEVALUE('TypeName',$,IFCLABEL('S12X35'),$);
#11371=IFCPROPERTYSINGLEVALUE('Version',$,IFCLABEL('0.1.0'),$);
#11372=IFCPROPERTYSINGLEVALUE('License',$,IFCLABEL('CC0-1.0'),$);
#11373=IFCPROPERTYSINGLEVALUE('Source',$,IFCLABEL('massing-families'),$);
#11374=IFCPROPERTYSINGLEVALUE('Tier',$,IFCLABEL('L300'),$);
#11375=IFCPROPERTYSINGLEVALUE('Builder',$,IFCLABEL('profile'),$);
#11376=IFCPROPERTYSINGLEVALUE('Discipline',$,IFCLABEL('structural'),$);
#11377=IFCPROPERTYSINGLEVALUE('GeometryStatus',$,IFCLABEL('parametric'),$);
#11378=IFCPROPERTYSET('0UW$_iL0L7nuLHQrTvNwwK',$,'MF_Quantities',$,(#11379,#11380,#11381,#11382,#11383));
#11379=IFCPROPERTYSINGLEVALUE('NominalWidth',$,IFCREAL(0.12903200000000001),$);
#11380=IFCPROPERTYSINGLEVALUE('NominalDepth',$,IFCREAL(0.30480000000000002),$);
#11381=IFCPROPERTYSINGLEVALUE('NominalHeight',$,IFCREAL(6.0960000000000001),$);
#11382=IFCPROPERTYSINGLEVALUE('NominalFootprintArea',$,IFCREAL(0.039329000000000003),$);
#11383=IFCPROPERTYSINGLEVALUE('NominalVolume',$,IFCREAL(0.23974899999999999),$);
#11384=IFCBEAMTYPE('23w54GbhnF_eByY84LTiFM',$,'S-Shape Beam - S12X31.8',$,$,(#11401,#11405,#11416),(#11400),$,$,.BEAM.);
#11385=IFCCARTESIANPOINT((0.,0.));
#11386=IFCDIRECTION((1.,0.));
#11387=IFCAXIS2PLACEMENT2D(#11385,#11386);
#11388=IFCISHAPEPROFILEDEF(.AREA.,'S12X31.8',#11387,0.127,0.30480000000000002,0.0088900000000000003,0.013817599999999999,0.0164084,$,$);
#11389=IFCCARTESIANPOINT((0.,0.,0.));
#11390=IFCDIRECTION((0.,0.,1.));
#11391=IFCDIRECTION((1.,0.,0.));
#11392=IFCAXIS2PLACEMENT3D(#11389,#11390,#11391);
#11393=IFCDIRECTION((0.,0.,1.));
#11394=IFCEXTRUDEDAREASOLID(#11388,#11392,#11393,6.0960000000000001);
#11395=IFCSHAPEREPRESENTATION(#11,'Body','SweptSolid',(#11394));
#11396=IFCCARTESIANPOINT((0.,0.,0.));
#11397=IFCDIRECTION((1.,0.,0.));
#11398=IFCDIRECTION((0.,0.,1.));
#11399=IFCAXIS2PLACEMENT3D(#11396,#11398,#11397);
#11400=IFCREPRESENTATIONMAP(#11399,#11395);
#11401=IFCPROPERTYSET('29A1UThuj71wYVyaKA_6qM',$,'MF_Structural',$,(#11402,#11403,#11404));
#11402=IFCPROPERTYSINGLEVALUE('Section',$,IFCLABEL('S12X31.8'),$);
#11403=IFCPROPERTYSINGLEVALUE('SectionFamily',$,IFCLABEL('S'),$);
#11404=IFCPROPERTYSINGLEVALUE('SectionSource',$,IFCLABEL('AISC Shapes Database v15.0 (US)'),$);
#11405=IFCPROPERTYSET('2if7_6DcbFGgkfWlcIFpOa',$,'MF_Library',$,(#11406,#11407,#11408,#11409,#11410,#11411,#11412,#11413,#11414,#11415));
#11406=IFCPROPERTYSINGLEVALUE('Key',$,IFCLABEL('steel_beam_s'),$);
#11407=IFCPROPERTYSINGLEVALUE('Family',$,IFCLABEL('S-Shape Beam'),$);
#11408=IFCPROPERTYSINGLEVALUE('TypeName',$,IFCLABEL('S12X31.8'),$);
#11409=IFCPROPERTYSINGLEVALUE('Version',$,IFCLABEL('0.1.0'),$);
#11410=IFCPROPERTYSINGLEVALUE('License',$,IFCLABEL('CC0-1.0'),$);
#11411=IFCPROPERTYSINGLEVALUE('Source',$,IFCLABEL('massing-families'),$);
#11412=IFCPROPERTYSINGLEVALUE('Tier',$,IFCLABEL('L300'),$);
#11413=IFCPROPERTYSINGLEVALUE('Builder',$,IFCLABEL('profile'),$);
#11414=IFCPROPERTYSINGLEVALUE('Discipline',$,IFCLABEL('structural'),$);
#11415=IFCPROPERTYSINGLEVALUE('GeometryStatus',$,IFCLABEL('parametric'),$);
#11416=IFCPROPERTYSET('0gpHwZ$BXAtPVvZd7TM2dH',$,'MF_Quantities',$,(#11417,#11418,#11419,#11420,#11421));
#11417=IFCPROPERTYSINGLEVALUE('NominalWidth',$,IFCREAL(0.127),$);
#11418=IFCPROPERTYSINGLEVALUE('NominalDepth',$,IFCREAL(0.30480000000000002),$);
#11419=IFCPROPERTYSINGLEVALUE('NominalHeight',$,IFCREAL(6.0960000000000001),$);
#11420=IFCPROPERTYSINGLEVALUE('NominalFootprintArea',$,IFCREAL(0.038710000000000001),$);
#11421=IFCPROPERTYSINGLEVALUE('NominalVolume',$,IFCREAL(0.23597399999999999),$);
#11422=IFCBEAMTYPE('1u6zwv3pz5Dgx4OKZxUTko',$,'S-Shape Beam - S10X35',$,$,(#11439,#11443,#11454),(#11438),$,$,.BEAM.);
#11423=IFCCARTESIANPOINT((0.,0.));
#11424=IFCDIRECTION((1.,0.));
#11425=IFCAXIS2PLACEMENT2D(#11423,#11424);
#11426=IFCISHAPEPROFILEDEF(.AREA.,'S10X35',#11425,0.125476,0.254,0.0150876,0.012471400000000001,0.016230600000000001,$,$);
#11427=IFCCARTESIANPOINT((0.,0.,0.));
#11428=IFCDIRECTION((0.,0.,1.));
#11429=IFCDIRECTION((1.,0.,0.));
#11430=IFCAXIS2PLACEMENT3D(#11427,#11428,#11429);
#11431=IFCDIRECTION((0.,0.,1.));
#11432=IFCEXTRUDEDAREASOLID(#11426,#11430,#11431,6.0960000000000001);
#11433=IFCSHAPEREPRESENTATION(#11,'Body','SweptSolid',(#11432));
#11434=IFCCARTESIANPOINT((0.,0.,0.));
#11435=IFCDIRECTION((1.,0.,0.));
#11436=IFCDIRECTION((0.,0.,1.));
#11437=IFCAXIS2PLACEMENT3D(#11434,#11436,#11435);
#11438=IFCREPRESENTATIONMAP(#11437,#11433);
#11439=IFCPROPERTYSET('2W05anN4P4SAKmyMnVPJe3',$,'MF_Structural',$,(#11440,#11441,#11442));
#11440=IFCPROPERTYSINGLEVALUE('Section',$,IFCLABEL('S10X35'),$);
#11441=IFCPROPERTYSINGLEVALUE('SectionFamily',$,IFCLABEL('S'),$);
#11442=IFCPROPERTYSINGLEVALUE('SectionSource',$,IFCLABEL('AISC Shapes Database v15.0 (US)'),$);
#11443=IFCPROPERTYSET('2Wl2t8$c92z9s$17YsEOKA',$,'MF_Library',$,(#11444,#11445,#11446,#11447,#11448,#11449,#11450,#11451,#11452,#11453));
#11444=IFCPROPERTYSINGLEVALUE('Key',$,IFCLABEL('steel_beam_s'),$);
#11445=IFCPROPERTYSINGLEVALUE('Family',$,IFCLABEL('S-Shape Beam'),$);
#11446=IFCPROPERTYSINGLEVALUE('TypeName',$,IFCLABEL('S10X35'),$);
#11447=IFCPROPERTYSINGLEVALUE('Version',$,IFCLABEL('0.1.0'),$);
#11448=IFCPROPERTYSINGLEVALUE('License',$,IFCLABEL('CC0-1.0'),$);
#11449=IFCPROPERTYSINGLEVALUE('Source',$,IFCLABEL('massing-families'),$);
#11450=IFCPROPERTYSINGLEVALUE('Tier',$,IFCLABEL('L300'),$);
#11451=IFCPROPERTYSINGLEVALUE('Builder',$,IFCLABEL('profile'),$);
#11452=IFCPROPERTYSINGLEVALUE('Discipline',$,IFCLABEL('structural'),$);
#11453=IFCPROPERTYSINGLEVALUE('GeometryStatus',$,IFCLABEL('parametric'),$);
#11454=IFCPROPERTYSET('2QDFEct_n0SA6_ueS0ZnDQ',$,'MF_Quantities',$,(#11455,#11456,#11457,#11458,#11459));
#11455=IFCPROPERTYSINGLEVALUE('NominalWidth',$,IFCREAL(0.125476),$);
#11456=IFCPROPERTYSINGLEVALUE('NominalDepth',$,IFCREAL(0.254),$);
#11457=IFCPROPERTYSINGLEVALUE('NominalHeight',$,IFCREAL(6.0960000000000001),$);
#11458=IFCPROPERTYSINGLEVALUE('NominalFootprintArea',$,IFCREAL(0.031870999999999997),$);
#11459=IFCPROPERTYSINGLEVALUE('NominalVolume',$,IFCREAL(0.19428500000000001),$);
#11460=IFCBEAMTYPE('1ansepZsfDih83HBokOa92',$,'S-Shape Beam - S10X25.4',$,$,(#11477,#11481,#11492),(#11476),$,$,.BEAM.);
#11461=IFCCARTESIANPOINT((0.,0.));
#11462=IFCDIRECTION((1.,0.));
#11463=IFCAXIS2PLACEMENT2D(#11461,#11462);
#11464=IFCISHAPEPROFILEDEF(.AREA.,'S10X25.4',#11463,0.118364,0.254,0.0078994000000000009,0.012471400000000001,0.016230600000000001,$,$);
#11465=IFCCARTESIANPOINT((0.,0.,0.));
#11466=IFCDIRECTION((0.,0.,1.));
#11467=IFCDIRECTION((1.,0.,0.));
#11468=IFCAXIS2PLACEMENT3D(#11465,#11466,#11467);
#11469=IFCDIRECTION((0.,0.,1.));
#11470=IFCEXTRUDEDAREASOLID(#11464,#11468,#11469,6.0960000000000001);
#11471=IFCSHAPEREPRESENTATION(#11,'Body','SweptSolid',(#11470));
#11472=IFCCARTESIANPOINT((0.,0.,0.));
#11473=IFCDIRECTION((1.,0.,0.));
#11474=IFCDIRECTION((0.,0.,1.));
#11475=IFCAXIS2PLACEMENT3D(#11472,#11474,#11473);
#11476=IFCREPRESENTATIONMAP(#11475,#11471);
#11477=IFCPROPERTYSET('3EWK8VL8P3seXvGqkuTZx7',$,'MF_Structural',$,(#11478,#11479,#11480));
#11478=IFCPROPERTYSINGLEVALUE('Section',$,IFCLABEL('S10X25.4'),$);
#11479=IFCPROPERTYSINGLEVALUE('SectionFamily',$,IFCLABEL('S'),$);
#11480=IFCPROPERTYSINGLEVALUE('SectionSource',$,IFCLABEL('AISC Shapes Database v15.0 (US)'),$);
#11481=IFCPROPERTYSET('2y5QsS5Y15PQIHocZ9YAOc',$,'MF_Library',$,(#11482,#11483,#11484,#11485,#11486,#11487,#11488,#11489,#11490,#11491));
#11482=IFCPROPERTYSINGLEVALUE('Key',$,IFCLABEL('steel_beam_s'),$);
#11483=IFCPROPERTYSINGLEVALUE('Family',$,IFCLABEL('S-Shape Beam'),$);
#11484=IFCPROPERTYSINGLEVALUE('TypeName',$,IFCLABEL('S10X25.4'),$);
#11485=IFCPROPERTYSINGLEVALUE('Version',$,IFCLABEL('0.1.0'),$);
#11486=IFCPROPERTYSINGLEVALUE('License',$,IFCLABEL('CC0-1.0'),$);
#11487=IFCPROPERTYSINGLEVALUE('Source',$,IFCLABEL('massing-families'),$);
#11488=IFCPROPERTYSINGLEVALUE('Tier',$,IFCLABEL('L300'),$);
#11489=IFCPROPERTYSINGLEVALUE('Builder',$,IFCLABEL('profile'),$);
#11490=IFCPROPERTYSINGLEVALUE('Discipline',$,IFCLABEL('structural'),$);
#11491=IFCPROPERTYSINGLEVALUE('GeometryStatus',$,IFCLABEL('parametric'),$);
#11492=IFCPROPERTYSET('1iS8zs27nDHx7FdhdMMpP9',$,'MF_Quantities',$,(#11493,#11494,#11495,#11496,#11497));
#11493=IFCPROPERTYSINGLEVALUE('NominalWidth',$,IFCREAL(0.118364),$);
#11494=IFCPROPERTYSINGLEVALUE('NominalDepth',$,IFCREAL(0.254),$);
#11495=IFCPROPERTYSINGLEVALUE('NominalHeight',$,IFCREAL(6.0960000000000001),$);
#11496=IFCPROPERTYSINGLEVALUE('NominalFootprintArea',$,IFCREAL(0.030064),$);
#11497=IFCPROPERTYSINGLEVALUE('NominalVolume',$,IFCREAL(0.18327299999999999),$);
#11498=IFCBEAMTYPE('3IkLerGnH2dQA8rJkkdyFl',$,'S-Shape Beam - S8X23',$,$,(#11515,#11519,#11530),(#11514),$,$,.BEAM.);
#11499=IFCCARTESIANPOINT((0.,0.));
#11500=IFCDIRECTION((1.,0.));
#11501=IFCAXIS2PLACEMENT2D(#11499,#11500);
#11502=IFCISHAPEPROFILEDEF(.AREA.,'S8X23',#11501,0.105918,0.20319999999999999,0.0112014,0.010795000000000001,0.014605,$,$);
#11503=IFCCARTESIANPOINT((0.,0.,0.));
#11504=IFCDIRECTION((0.,0.,1.));
#11505=IFCDIRECTION((1.,0.,0.));
#11506=IFCAXIS2PLACEMENT3D(#11503,#11504,#11505);
#11507=IFCDIRECTION((0.,0.,1.));
#11508=IFCEXTRUDEDAREASOLID(#11502,#11506,#11507,6.0960000000000001);
#11509=IFCSHAPEREPRESENTATION(#11,'Body','SweptSolid',(#11508));
#11510=IFCCARTESIANPOINT((0.,0.,0.));
#11511=IFCDIRECTION((1.,0.,0.));
#11512=IFCDIRECTION((0.,0.,1.));
#11513=IFCAXIS2PLACEMENT3D(#11510,#11512,#11511);
#11514=IFCREPRESENTATIONMAP(#11513,#11509);
#11515=IFCPROPERTYSET('24O79U_6zFWuclj8BfvnoN',$,'MF_Structural',$,(#11516,#11517,#11518));
#11516=IFCPROPERTYSINGLEVALUE('Section',$,IFCLABEL('S8X23'),$);
#11517=IFCPROPERTYSINGLEVALUE('SectionFamily',$,IFCLABEL('S'),$);
#11518=IFCPROPERTYSINGLEVALUE('SectionSource',$,IFCLABEL('AISC Shapes Database v15.0 (US)'),$);
#11519=IFCPROPERTYSET('0bNYx6ZE5E0RiOm2IvWLu$',$,'MF_Library',$,(#11520,#11521,#11522,#11523,#11524,#11525,#11526,#11527,#11528,#11529));
#11520=IFCPROPERTYSINGLEVALUE('Key',$,IFCLABEL('steel_beam_s'),$);
#11521=IFCPROPERTYSINGLEVALUE('Family',$,IFCLABEL('S-Shape Beam'),$);
#11522=IFCPROPERTYSINGLEVALUE('TypeName',$,IFCLABEL('S8X23'),$);
#11523=IFCPROPERTYSINGLEVALUE('Version',$,IFCLABEL('0.1.0'),$);
#11524=IFCPROPERTYSINGLEVALUE('License',$,IFCLABEL('CC0-1.0'),$);
#11525=IFCPROPERTYSINGLEVALUE('Source',$,IFCLABEL('massing-families'),$);
#11526=IFCPROPERTYSINGLEVALUE('Tier',$,IFCLABEL('L300'),$);
#11527=IFCPROPERTYSINGLEVALUE('Builder',$,IFCLABEL('profile'),$);
#11528=IFCPROPERTYSINGLEVALUE('Discipline',$,IFCLABEL('structural'),$);
#11529=IFCPROPERTYSINGLEVALUE('GeometryStatus',$,IFCLABEL('parametric'),$);
#11530=IFCPROPERTYSET('1VS19XqEj0D8OIBeQz1hgj',$,'MF_Quantities',$,(#11531,#11532,#11533,#11534,#11535));
#11531=IFCPROPERTYSINGLEVALUE('NominalWidth',$,IFCREAL(0.105918),$);
#11532=IFCPROPERTYSINGLEVALUE('NominalDepth',$,IFCREAL(0.20319999999999999),$);
#11533=IFCPROPERTYSINGLEVALUE('NominalHeight',$,IFCREAL(6.0960000000000001),$);
#11534=IFCPROPERTYSINGLEVALUE('NominalFootprintArea',$,IFCREAL(0.021523),$);
#11535=IFCPROPERTYSINGLEVALUE('NominalVolume',$,IFCREAL(0.13120100000000001),$);
#11536=IFCBEAMTYPE('2u9UJOPxj2G9gsJ4L9folS',$,'S-Shape Beam - S8X18.4',$,$,(#11553,#11557,#11568),(#11552),$,$,.BEAM.);
#11537=IFCCARTESIANPOINT((0.,0.));
#11538=IFCDIRECTION((1.,0.));
#11539=IFCAXIS2PLACEMENT2D(#11537,#11538);
#11540=IFCISHAPEPROFILEDEF(.AREA.,'S8X18.4',#11539,0.1016,0.20319999999999999,0.0068833999999999996,0.010795000000000001,0.014605,$,$);
#11541=IFCCARTESIANPOINT((0.,0.,0.));
#11542=IFCDIRECTION((0.,0.,1.));
#11543=IFCDIRECTION((1.,0.,0.));
#11544=IFCAXIS2PLACEMENT3D(#11541,#11542,#11543);
#11545=IFCDIRECTION((0.,0.,1.));
#11546=IFCEXTRUDEDAREASOLID(#11540,#11544,#11545,6.0960000000000001);
#11547=IFCSHAPEREPRESENTATION(#11,'Body','SweptSolid',(#11546));
#11548=IFCCARTESIANPOINT((0.,0.,0.));
#11549=IFCDIRECTION((1.,0.,0.));
#11550=IFCDIRECTION((0.,0.,1.));
#11551=IFCAXIS2PLACEMENT3D(#11548,#11550,#11549);
#11552=IFCREPRESENTATIONMAP(#11551,#11547);
#11553=IFCPROPERTYSET('39tUoZcOLCQA4G6ErUmWj3',$,'MF_Structural',$,(#11554,#11555,#11556));
#11554=IFCPROPERTYSINGLEVALUE('Section',$,IFCLABEL('S8X18.4'),$);
#11555=IFCPROPERTYSINGLEVALUE('SectionFamily',$,IFCLABEL('S'),$);
#11556=IFCPROPERTYSINGLEVALUE('SectionSource',$,IFCLABEL('AISC Shapes Database v15.0 (US)'),$);
#11557=IFCPROPERTYSET('0jzprJ1$vC28XIDd8gaVcp',$,'MF_Library',$,(#11558,#11559,#11560,#11561,#11562,#11563,#11564,#11565,#11566,#11567));
#11558=IFCPROPERTYSINGLEVALUE('Key',$,IFCLABEL('steel_beam_s'),$);
#11559=IFCPROPERTYSINGLEVALUE('Family',$,IFCLABEL('S-Shape Beam'),$);
#11560=IFCPROPERTYSINGLEVALUE('TypeName',$,IFCLABEL('S8X18.4'),$);
#11561=IFCPROPERTYSINGLEVALUE('Version',$,IFCLABEL('0.1.0'),$);
#11562=IFCPROPERTYSINGLEVALUE('License',$,IFCLABEL('CC0-1.0'),$);
#11563=IFCPROPERTYSINGLEVALUE('Source',$,IFCLABEL('massing-families'),$);
#11564=IFCPROPERTYSINGLEVALUE('Tier',$,IFCLABEL('L300'),$);
#11565=IFCPROPERTYSINGLEVALUE('Builder',$,IFCLABEL('profile'),$);
#11566=IFCPROPERTYSINGLEVALUE('Discipline',$,IFCLABEL('structural'),$);
#11567=IFCPROPERTYSINGLEVALUE('GeometryStatus',$,IFCLABEL('parametric'),$);
#11568=IFCPROPERTYSET('0d9pNKR5XEJxfbfTRXAOM4',$,'MF_Quantities',$,(#11569,#11570,#11571,#11572,#11573));
#11569=IFCPROPERTYSINGLEVALUE('NominalWidth',$,IFCREAL(0.1016),$);
#11570=IFCPROPERTYSINGLEVALUE('NominalDepth',$,IFCREAL(0.20319999999999999),$);
#11571=IFCPROPERTYSINGLEVALUE('NominalHeight',$,IFCREAL(6.0960000000000001),$);
#11572=IFCPROPERTYSINGLEVALUE('NominalFootprintArea',$,IFCREAL(0.020645),$);
#11573=IFCPROPERTYSINGLEVALUE('NominalVolume',$,IFCREAL(0.12585299999999999),$);
#11574=IFCBEAMTYPE('29h7ratwv5DhuHla$SdGUk',$,'S-Shape Beam - S6X17.25',$,$,(#11591,#11595,#11606),(#11590),$,$,.BEAM.);
#11575=IFCCARTESIANPOINT((0.,0.));
#11576=IFCDIRECTION((1.,0.));
#11577=IFCAXIS2PLACEMENT2D(#11575,#11576);
#11578=IFCISHAPEPROFILEDEF(.AREA.,'S6X17.25',#11577,0.090677999999999995,0.15240000000000001,0.011811,0.0091185999999999993,0.011531599999999999,$,$);
#11579=IFCCARTESIANPOINT((0.,0.,0.));
#11580=IFCDIRECTION((0.,0.,1.));
#11581=IFCDIRECTION((1.,0.,0.));
#11582=IFCAXIS2PLACEMENT3D(#11579,#11580,#11581);
#11583=IFCDIRECTION((0.,0.,1.));
#11584=IFCEXTRUDEDAREASOLID(#11578,#11582,#11583,6.0960000000000001);
#11585=IFCSHAPEREPRESENTATION(#11,'Body','SweptSolid',(#11584));
#11586=IFCCARTESIANPOINT((0.,0.,0.));
#11587=IFCDIRECTION((1.,0.,0.));
#11588=IFCDIRECTION((0.,0.,1.));
#11589=IFCAXIS2PLACEMENT3D(#11586,#11588,#11587);
#11590=IFCREPRESENTATIONMAP(#11589,#11585);
#11591=IFCPROPERTYSET('18mmwgNK5CuAKYpI9d23ye',$,'MF_Structural',$,(#11592,#11593,#11594));
#11592=IFCPROPERTYSINGLEVALUE('Section',$,IFCLABEL('S6X17.25'),$);
#11593=IFCPROPERTYSINGLEVALUE('SectionFamily',$,IFCLABEL('S'),$);
#11594=IFCPROPERTYSINGLEVALUE('SectionSource',$,IFCLABEL('AISC Shapes Database v15.0 (US)'),$);
#11595=IFCPROPERTYSET('1Z3UCVYj16FvQWQwjqTQjg',$,'MF_Library',$,(#11596,#11597,#11598,#11599,#11600,#11601,#11602,#11603,#11604,#11605));
#11596=IFCPROPERTYSINGLEVALUE('Key',$,IFCLABEL('steel_beam_s'),$);
#11597=IFCPROPERTYSINGLEVALUE('Family',$,IFCLABEL('S-Shape Beam'),$);
#11598=IFCPROPERTYSINGLEVALUE('TypeName',$,IFCLABEL('S6X17.25'),$);
#11599=IFCPROPERTYSINGLEVALUE('Version',$,IFCLABEL('0.1.0'),$);
#11600=IFCPROPERTYSINGLEVALUE('License',$,IFCLABEL('CC0-1.0'),$);
#11601=IFCPROPERTYSINGLEVALUE('Source',$,IFCLABEL('massing-families'),$);
#11602=IFCPROPERTYSINGLEVALUE('Tier',$,IFCLABEL('L300'),$);
#11603=IFCPROPERTYSINGLEVALUE('Builder',$,IFCLABEL('profile'),$);
#11604=IFCPROPERTYSINGLEVALUE('Discipline',$,IFCLABEL('structural'),$);
#11605=IFCPROPERTYSINGLEVALUE('GeometryStatus',$,IFCLABEL('parametric'),$);
#11606=IFCPROPERTYSET('2Prco$o4b8hhgLs7$OgVlg',$,'MF_Quantities',$,(#11607,#11608,#11609,#11610,#11611));
#11607=IFCPROPERTYSINGLEVALUE('NominalWidth',$,IFCREAL(0.090677999999999995),$);
#11608=IFCPROPERTYSINGLEVALUE('NominalDepth',$,IFCREAL(0.15240000000000001),$);
#11609=IFCPROPERTYSINGLEVALUE('NominalHeight',$,IFCREAL(6.0960000000000001),$);
#11610=IFCPROPERTYSINGLEVALUE('NominalFootprintArea',$,IFCREAL(0.013819),$);
#11611=IFCPROPERTYSINGLEVALUE('NominalVolume',$,IFCREAL(0.084242999999999998),$);
#11612=IFCBEAMTYPE('3JI2fckY19kOiJIpynJOJl',$,'S-Shape Beam - S6X12.5',$,$,(#11629,#11633,#11644),(#11628),$,$,.BEAM.);
#11613=IFCCARTESIANPOINT((0.,0.));
#11614=IFCDIRECTION((1.,0.));
#11615=IFCAXIS2PLACEMENT2D(#11613,#11614);
#11616=IFCISHAPEPROFILEDEF(.AREA.,'S6X12.5',#11615,0.084582000000000004,0.15240000000000001,0.0058928000000000001,0.0091185999999999993,0.011531599999999999,$,$);
#11617=IFCCARTESIANPOINT((0.,0.,0.));
#11618=IFCDIRECTION((0.,0.,1.));
#11619=IFCDIRECTION((1.,0.,0.));
#11620=IFCAXIS2PLACEMENT3D(#11617,#11618,#11619);
#11621=IFCDIRECTION((0.,0.,1.));
#11622=IFCEXTRUDEDAREASOLID(#11616,#11620,#11621,6.0960000000000001);
#11623=IFCSHAPEREPRESENTATION(#11,'Body','SweptSolid',(#11622));
#11624=IFCCARTESIANPOINT((0.,0.,0.));
#11625=IFCDIRECTION((1.,0.,0.));
#11626=IFCDIRECTION((0.,0.,1.));
#11627=IFCAXIS2PLACEMENT3D(#11624,#11626,#11625);
#11628=IFCREPRESENTATIONMAP(#11627,#11623);
#11629=IFCPROPERTYSET('0ixvlBsuf0nOT7Pc5srXNm',$,'MF_Structural',$,(#11630,#11631,#11632));
#11630=IFCPROPERTYSINGLEVALUE('Section',$,IFCLABEL('S6X12.5'),$);
#11631=IFCPROPERTYSINGLEVALUE('SectionFamily',$,IFCLABEL('S'),$);
#11632=IFCPROPERTYSINGLEVALUE('SectionSource',$,IFCLABEL('AISC Shapes Database v15.0 (US)'),$);
#11633=IFCPROPERTYSET('2C5ICZFUT8MfJVP$_rZzYC',$,'MF_Library',$,(#11634,#11635,#11636,#11637,#11638,#11639,#11640,#11641,#11642,#11643));
#11634=IFCPROPERTYSINGLEVALUE('Key',$,IFCLABEL('steel_beam_s'),$);
#11635=IFCPROPERTYSINGLEVALUE('Family',$,IFCLABEL('S-Shape Beam'),$);
#11636=IFCPROPERTYSINGLEVALUE('TypeName',$,IFCLABEL('S6X12.5'),$);
#11637=IFCPROPERTYSINGLEVALUE('Version',$,IFCLABEL('0.1.0'),$);
#11638=IFCPROPERTYSINGLEVALUE('License',$,IFCLABEL('CC0-1.0'),$);
#11639=IFCPROPERTYSINGLEVALUE('Source',$,IFCLABEL('massing-families'),$);
#11640=IFCPROPERTYSINGLEVALUE('Tier',$,IFCLABEL('L300'),$);
#11641=IFCPROPERTYSINGLEVALUE('Builder',$,IFCLABEL('profile'),$);
#11642=IFCPROPERTYSINGLEVALUE('Discipline',$,IFCLABEL('structural'),$);
#11643=IFCPROPERTYSINGLEVALUE('GeometryStatus',$,IFCLABEL('parametric'),$);
#11644=IFCPROPERTYSET('2YTlywD_j2Vxdxa6v4eiNR',$,'MF_Quantities',$,(#11645,#11646,#11647,#11648,#11649));
#11645=IFCPROPERTYSINGLEVALUE('NominalWidth',$,IFCREAL(0.084582000000000004),$);
#11646=IFCPROPERTYSINGLEVALUE('NominalDepth',$,IFCREAL(0.15240000000000001),$);
#11647=IFCPROPERTYSINGLEVALUE('NominalHeight',$,IFCREAL(6.0960000000000001),$);
#11648=IFCPROPERTYSINGLEVALUE('NominalFootprintArea',$,IFCREAL(0.01289),$);
#11649=IFCPROPERTYSINGLEVALUE('NominalVolume',$,IFCREAL(0.078578999999999996),$);
#11650=IFCBEAMTYPE('3JO0CX_pP3Hff4KATy$Off',$,'S-Shape Beam - S5X10',$,$,(#11667,#11671,#11682),(#11666),$,$,.BEAM.);
#11651=IFCCARTESIANPOINT((0.,0.));
#11652=IFCDIRECTION((1.,0.));
#11653=IFCAXIS2PLACEMENT2D(#11651,#11652);
#11654=IFCISHAPEPROFILEDEF(.AREA.,'S5X10',#11653,0.076200000000000004,0.127,0.0054355999999999996,0.0082804000000000003,0.010769600000000001,$,$);
#11655=IFCCARTESIANPOINT((0.,0.,0.));
#11656=IFCDIRECTION((0.,0.,1.));
#11657=IFCDIRECTION((1.,0.,0.));
#11658=IFCAXIS2PLACEMENT3D(#11655,#11656,#11657);
#11659=IFCDIRECTION((0.,0.,1.));
#11660=IFCEXTRUDEDAREASOLID(#11654,#11658,#11659,6.0960000000000001);
#11661=IFCSHAPEREPRESENTATION(#11,'Body','SweptSolid',(#11660));
#11662=IFCCARTESIANPOINT((0.,0.,0.));
#11663=IFCDIRECTION((1.,0.,0.));
#11664=IFCDIRECTION((0.,0.,1.));
#11665=IFCAXIS2PLACEMENT3D(#11662,#11664,#11663);
#11666=IFCREPRESENTATIONMAP(#11665,#11661);
#11667=IFCPROPERTYSET('3yDmlphgT2xhgRM7tNeMPr',$,'MF_Structural',$,(#11668,#11669,#11670));
#11668=IFCPROPERTYSINGLEVALUE('Section',$,IFCLABEL('S5X10'),$);
#11669=IFCPROPERTYSINGLEVALUE('SectionFamily',$,IFCLABEL('S'),$);
#11670=IFCPROPERTYSINGLEVALUE('SectionSource',$,IFCLABEL('AISC Shapes Database v15.0 (US)'),$);
#11671=IFCPROPERTYSET('2Si5kbv_PDMxllbG7vJzfF',$,'MF_Library',$,(#11672,#11673,#11674,#11675,#11676,#11677,#11678,#11679,#11680,#11681));
#11672=IFCPROPERTYSINGLEVALUE('Key',$,IFCLABEL('steel_beam_s'),$);
#11673=IFCPROPERTYSINGLEVALUE('Family',$,IFCLABEL('S-Shape Beam'),$);
#11674=IFCPROPERTYSINGLEVALUE('TypeName',$,IFCLABEL('S5X10'),$);
#11675=IFCPROPERTYSINGLEVALUE('Version',$,IFCLABEL('0.1.0'),$);
#11676=IFCPROPERTYSINGLEVALUE('License',$,IFCLABEL('CC0-1.0'),$);
#11677=IFCPROPERTYSINGLEVALUE('Source',$,IFCLABEL('massing-families'),$);
#11678=IFCPROPERTYSINGLEVALUE('Tier',$,IFCLABEL('L300'),$);
#11679=IFCPROPERTYSINGLEVALUE('Builder',$,IFCLABEL('profile'),$);
#11680=IFCPROPERTYSINGLEVALUE('Discipline',$,IFCLABEL('structural'),$);
#11681=IFCPROPERTYSINGLEVALUE('GeometryStatus',$,IFCLABEL('parametric'),$);
#11682=IFCPROPERTYSET('1VI$Q4$p133xv0q3ejZsmB',$,'MF_Quantities',$,(#11683,#11684,#11685,#11686,#11687));
#11683=IFCPROPERTYSINGLEVALUE('NominalWidth',$,IFCREAL(0.076200000000000004),$);
#11684=IFCPROPERTYSINGLEVALUE('NominalDepth',$,IFCREAL(0.127),$);
#11685=IFCPROPERTYSINGLEVALUE('NominalHeight',$,IFCREAL(6.0960000000000001),$);
#11686=IFCPROPERTYSINGLEVALUE('NominalFootprintArea',$,IFCREAL(0.0096769999999999998),$);
#11687=IFCPROPERTYSINGLEVALUE('NominalVolume',$,IFCREAL(0.058992999999999997),$);
#11688=IFCBEAMTYPE('0l1cOMYtr4qg0s7ZIvdJzS',$,'S-Shape Beam - S4X9.5',$,$,(#11705,#11709,#11720),(#11704),$,$,.BEAM.);
#11689=IFCCARTESIANPOINT((0.,0.));
#11690=IFCDIRECTION((1.,0.));
#11691=IFCAXIS2PLACEMENT2D(#11689,#11690);
#11692=IFCISHAPEPROFILEDEF(.AREA.,'S4X9.5',#11691,0.071120000000000003,0.1016,0.0082804000000000003,0.0074422000000000004,0.0116078,$,$);
#11693=IFCCARTESIANPOINT((0.,0.,0.));
#11694=IFCDIRECTION((0.,0.,1.));
#11695=IFCDIRECTION((1.,0.,0.));
#11696=IFCAXIS2PLACEMENT3D(#11693,#11694,#11695);
#11697=IFCDIRECTION((0.,0.,1.));
#11698=IFCEXTRUDEDAREASOLID(#11692,#11696,#11697,6.0960000000000001);
#11699=IFCSHAPEREPRESENTATION(#11,'Body','SweptSolid',(#11698));
#11700=IFCCARTESIANPOINT((0.,0.,0.));
#11701=IFCDIRECTION((1.,0.,0.));
#11702=IFCDIRECTION((0.,0.,1.));
#11703=IFCAXIS2PLACEMENT3D(#11700,#11702,#11701);
#11704=IFCREPRESENTATIONMAP(#11703,#11699);
#11705=IFCPROPERTYSET('1BsGykGZrEE8PC33vKsjYT',$,'MF_Structural',$,(#11706,#11707,#11708));
#11706=IFCPROPERTYSINGLEVALUE('Section',$,IFCLABEL('S4X9.5'),$);
#11707=IFCPROPERTYSINGLEVALUE('SectionFamily',$,IFCLABEL('S'),$);
#11708=IFCPROPERTYSINGLEVALUE('SectionSource',$,IFCLABEL('AISC Shapes Database v15.0 (US)'),$);
#11709=IFCPROPERTYSET('2kVd8UJRP3cQFuesokPMrm',$,'MF_Library',$,(#11710,#11711,#11712,#11713,#11714,#11715,#11716,#11717,#11718,#11719));
#11710=IFCPROPERTYSINGLEVALUE('Key',$,IFCLABEL('steel_beam_s'),$);
#11711=IFCPROPERTYSINGLEVALUE('Family',$,IFCLABEL('S-Shape Beam'),$);
#11712=IFCPROPERTYSINGLEVALUE('TypeName',$,IFCLABEL('S4X9.5'),$);
#11713=IFCPROPERTYSINGLEVALUE('Version',$,IFCLABEL('0.1.0'),$);
#11714=IFCPROPERTYSINGLEVALUE('License',$,IFCLABEL('CC0-1.0'),$);
#11715=IFCPROPERTYSINGLEVALUE('Source',$,IFCLABEL('massing-families'),$);
#11716=IFCPROPERTYSINGLEVALUE('Tier',$,IFCLABEL('L300'),$);
#11717=IFCPROPERTYSINGLEVALUE('Builder',$,IFCLABEL('profile'),$);
#11718=IFCPROPERTYSINGLEVALUE('Discipline',$,IFCLABEL('structural'),$);
#11719=IFCPROPERTYSINGLEVALUE('GeometryStatus',$,IFCLABEL('parametric'),$);
#11720=IFCPROPERTYSET('3J$36feWf5VAJ9nvE6L6Ec',$,'MF_Quantities',$,(#11721,#11722,#11723,#11724,#11725));
#11721=IFCPROPERTYSINGLEVALUE('NominalWidth',$,IFCREAL(0.071120000000000003),$);
#11722=IFCPROPERTYSINGLEVALUE('NominalDepth',$,IFCREAL(0.1016),$);
#11723=IFCPROPERTYSINGLEVALUE('NominalHeight',$,IFCREAL(6.0960000000000001),$);
#11724=IFCPROPERTYSINGLEVALUE('NominalFootprintArea',$,IFCREAL(0.0072259999999999998),$);
#11725=IFCPROPERTYSINGLEVALUE('NominalVolume',$,IFCREAL(0.044047999999999997),$);
#11726=IFCBEAMTYPE('1kn6hnYsnB8faeHnl2jsSY',$,'S-Shape Beam - S4X7.7',$,$,(#11743,#11747,#11758),(#11742),$,$,.BEAM.);
#11727=IFCCARTESIANPOINT((0.,0.));
#11728=IFCDIRECTION((1.,0.));
#11729=IFCAXIS2PLACEMENT2D(#11727,#11728);
#11730=IFCISHAPEPROFILEDEF(.AREA.,'S4X7.7',#11729,0.067563999999999999,0.1016,0.0049021999999999998,0.0074422000000000004,0.0116078,$,$);
#11731=IFCCARTESIANPOINT((0.,0.,0.));
#11732=IFCDIRECTION((0.,0.,1.));
#11733=IFCDIRECTION((1.,0.,0.));
#11734=IFCAXIS2PLACEMENT3D(#11731,#11732,#11733);
#11735=IFCDIRECTION((0.,0.,1.));
#11736=IFCEXTRUDEDAREASOLID(#11730,#11734,#11735,6.0960000000000001);
#11737=IFCSHAPEREPRESENTATION(#11,'Body','SweptSolid',(#11736));
#11738=IFCCARTESIANPOINT((0.,0.,0.));
#11739=IFCDIRECTION((1.,0.,0.));
#11740=IFCDIRECTION((0.,0.,1.));
#11741=IFCAXIS2PLACEMENT3D(#11738,#11740,#11739);
#11742=IFCREPRESENTATIONMAP(#11741,#11737);
#11743=IFCPROPERTYSET('2VO0tWdcD25Q0K68uUxntj',$,'MF_Structural',$,(#11744,#11745,#11746));
#11744=IFCPROPERTYSINGLEVALUE('Section',$,IFCLABEL('S4X7.7'),$);
#11745=IFCPROPERTYSINGLEVALUE('SectionFamily',$,IFCLABEL('S'),$);
#11746=IFCPROPERTYSINGLEVALUE('SectionSource',$,IFCLABEL('AISC Shapes Database v15.0 (US)'),$);
#11747=IFCPROPERTYSET('1E6j4pxsr84xCG1V1AXIiZ',$,'MF_Library',$,(#11748,#11749,#11750,#11751,#11752,#11753,#11754,#11755,#11756,#11757));
#11748=IFCPROPERTYSINGLEVALUE('Key',$,IFCLABEL('steel_beam_s'),$);
#11749=IFCPROPERTYSINGLEVALUE('Family',$,IFCLABEL('S-Shape Beam'),$);
#11750=IFCPROPERTYSINGLEVALUE('TypeName',$,IFCLABEL('S4X7.7'),$);
#11751=IFCPROPERTYSINGLEVALUE('Version',$,IFCLABEL('0.1.0'),$);
#11752=IFCPROPERTYSINGLEVALUE('License',$,IFCLABEL('CC0-1.0'),$);
#11753=IFCPROPERTYSINGLEVALUE('Source',$,IFCLABEL('massing-families'),$);
#11754=IFCPROPERTYSINGLEVALUE('Tier',$,IFCLABEL('L300'),$);
#11755=IFCPROPERTYSINGLEVALUE('Builder',$,IFCLABEL('profile'),$);
#11756=IFCPROPERTYSINGLEVALUE('Discipline',$,IFCLABEL('structural'),$);
#11757=IFCPROPERTYSINGLEVALUE('GeometryStatus',$,IFCLABEL('parametric'),$);
#11758=IFCPROPERTYSET('3SjE844Gj5CB6A6BSbMbK$',$,'MF_Quantities',$,(#11759,#11760,#11761,#11762,#11763));
#11759=IFCPROPERTYSINGLEVALUE('NominalWidth',$,IFCREAL(0.067563999999999999),$);
#11760=IFCPROPERTYSINGLEVALUE('NominalDepth',$,IFCREAL(0.1016),$);
#11761=IFCPROPERTYSINGLEVALUE('NominalHeight',$,IFCREAL(6.0960000000000001),$);
#11762=IFCPROPERTYSINGLEVALUE('NominalFootprintArea',$,IFCREAL(0.0068649999999999996),$);
#11763=IFCPROPERTYSINGLEVALUE('NominalVolume',$,IFCREAL(0.041846000000000001),$);
#11764=IFCBEAMTYPE('2SFXBJlev9RxI9Ry4lQiyR',$,'S-Shape Beam - S3X7.5',$,$,(#11781,#11785,#11796),(#11780),$,$,.BEAM.);
#11765=IFCCARTESIANPOINT((0.,0.));
#11766=IFCDIRECTION((1.,0.));
#11767=IFCAXIS2PLACEMENT2D(#11765,#11766);
#11768=IFCISHAPEPROFILEDEF(.AREA.,'S3X7.5',#11767,0.063754000000000005,0.076200000000000004,0.0088646000000000003,0.0066039999999999996,0.0092709999999999997,$,$);
#11769=IFCCARTESIANPOINT((0.,0.,0.));
#11770=IFCDIRECTION((0.,0.,1.));
#11771=IFCDIRECTION((1.,0.,0.));
#11772=IFCAXIS2PLACEMENT3D(#11769,#11770,#11771);
#11773=IFCDIRECTION((0.,0.,1.));
#11774=IFCEXTRUDEDAREASOLID(#11768,#11772,#11773,6.0960000000000001);
#11775=IFCSHAPEREPRESENTATION(#11,'Body','SweptSolid',(#11774));
#11776=IFCCARTESIANPOINT((0.,0.,0.));
#11777=IFCDIRECTION((1.,0.,0.));
#11778=IFCDIRECTION((0.,0.,1.));
#11779=IFCAXIS2PLACEMENT3D(#11776,#11778,#11777);
#11780=IFCREPRESENTATIONMAP(#11779,#11775);
#11781=IFCPROPERTYSET('1$NPqrtMX5XvLE09$6bR7w',$,'MF_Structural',$,(#11782,#11783,#11784));
#11782=IFCPROPERTYSINGLEVALUE('Section',$,IFCLABEL('S3X7.5'),$);
#11783=IFCPROPERTYSINGLEVALUE('SectionFamily',$,IFCLABEL('S'),$);
#11784=IFCPROPERTYSINGLEVALUE('SectionSource',$,IFCLABEL('AISC Shapes Database v15.0 (US)'),$);
#11785=IFCPROPERTYSET('0CIFR36c9BuAkISkQk$gGX',$,'MF_Library',$,(#11786,#11787,#11788,#11789,#11790,#11791,#11792,#11793,#11794,#11795));
#11786=IFCPROPERTYSINGLEVALUE('Key',$,IFCLABEL('steel_beam_s'),$);
#11787=IFCPROPERTYSINGLEVALUE('Family',$,IFCLABEL('S-Shape Beam'),$);
#11788=IFCPROPERTYSINGLEVALUE('TypeName',$,IFCLABEL('S3X7.5'),$);
#11789=IFCPROPERTYSINGLEVALUE('Version',$,IFCLABEL('0.1.0'),$);
#11790=IFCPROPERTYSINGLEVALUE('License',$,IFCLABEL('CC0-1.0'),$);
#11791=IFCPROPERTYSINGLEVALUE('Source',$,IFCLABEL('massing-families'),$);
#11792=IFCPROPERTYSINGLEVALUE('Tier',$,IFCLABEL('L300'),$);
#11793=IFCPROPERTYSINGLEVALUE('Builder',$,IFCLABEL('profile'),$);
#11794=IFCPROPERTYSINGLEVALUE('Discipline',$,IFCLABEL('structural'),$);
#11795=IFCPROPERTYSINGLEVALUE('GeometryStatus',$,IFCLABEL('parametric'),$);
#11796=IFCPROPERTYSET('26Xt4oERr279$1UODsq7z7',$,'MF_Quantities',$,(#11797,#11798,#11799,#11800,#11801));
#11797=IFCPROPERTYSINGLEVALUE('NominalWidth',$,IFCREAL(0.063754000000000005),$);
#11798=IFCPROPERTYSINGLEVALUE('NominalDepth',$,IFCREAL(0.076200000000000004),$);
#11799=IFCPROPERTYSINGLEVALUE('NominalHeight',$,IFCREAL(6.0960000000000001),$);
#11800=IFCPROPERTYSINGLEVALUE('NominalFootprintArea',$,IFCREAL(0.0048580000000000003),$);
#11801=IFCPROPERTYSINGLEVALUE('NominalVolume',$,IFCREAL(0.029614999999999999),$);
#11802=IFCBEAMTYPE('0gdy2GB5n6ffliar6Ty999',$,'S-Shape Beam - S3X5.7',$,$,(#11819,#11823,#11834),(#11818),$,$,.BEAM.);
#11803=IFCCARTESIANPOINT((0.,0.));
#11804=IFCDIRECTION((1.,0.));
#11805=IFCAXIS2PLACEMENT2D(#11803,#11804);
#11806=IFCISHAPEPROFILEDEF(.AREA.,'S3X5.7',#11805,0.059181999999999998,0.076200000000000004,0.0043179999999999998,0.0066039999999999996,0.0092709999999999997,$,$);
#11807=IFCCARTESIANPOINT((0.,0.,0.));
#11808=IFCDIRECTION((0.,0.,1.));
#11809=IFCDIRECTION((1.,0.,0.));
#11810=IFCAXIS2PLACEMENT3D(#11807,#11808,#11809);
#11811=IFCDIRECTION((0.,0.,1.));
#11812=IFCEXTRUDEDAREASOLID(#11806,#11810,#11811,6.0960000000000001);
#11813=IFCSHAPEREPRESENTATION(#11,'Body','SweptSolid',(#11812));
#11814=IFCCARTESIANPOINT((0.,0.,0.));
#11815=IFCDIRECTION((1.,0.,0.));
#11816=IFCDIRECTION((0.,0.,1.));
#11817=IFCAXIS2PLACEMENT3D(#11814,#11816,#11815);
#11818=IFCREPRESENTATIONMAP(#11817,#11813);
#11819=IFCPROPERTYSET('27zVFGhnPCSOHUHNIhKbSZ',$,'MF_Structural',$,(#11820,#11821,#11822));
#11820=IFCPROPERTYSINGLEVALUE('Section',$,IFCLABEL('S3X5.7'),$);
#11821=IFCPROPERTYSINGLEVALUE('SectionFamily',$,IFCLABEL('S'),$);
#11822=IFCPROPERTYSINGLEVALUE('SectionSource',$,IFCLABEL('AISC Shapes Database v15.0 (US)'),$);
#11823=IFCPROPERTYSET('2u4bKvbznERwIVsnMjs7D1',$,'MF_Library',$,(#11824,#11825,#11826,#11827,#11828,#11829,#11830,#11831,#11832,#11833));
#11824=IFCPROPERTYSINGLEVALUE('Key',$,IFCLABEL('steel_beam_s'),$);
#11825=IFCPROPERTYSINGLEVALUE('Family',$,IFCLABEL('S-Shape Beam'),$);
#11826=IFCPROPERTYSINGLEVALUE('TypeName',$,IFCLABEL('S3X5.7'),$);
#11827=IFCPROPERTYSINGLEVALUE('Version',$,IFCLABEL('0.1.0'),$);
#11828=IFCPROPERTYSINGLEVALUE('License',$,IFCLABEL('CC0-1.0'),$);
#11829=IFCPROPERTYSINGLEVALUE('Source',$,IFCLABEL('massing-families'),$);
#11830=IFCPROPERTYSINGLEVALUE('Tier',$,IFCLABEL('L300'),$);
#11831=IFCPROPERTYSINGLEVALUE('Builder',$,IFCLABEL('profile'),$);
#11832=IFCPROPERTYSINGLEVALUE('Discipline',$,IFCLABEL('structural'),$);
#11833=IFCPROPERTYSINGLEVALUE('GeometryStatus',$,IFCLABEL('parametric'),$);
#11834=IFCPROPERTYSET('0D7our0nP09B0D4ddk0xox',$,'MF_Quantities',$,(#11835,#11836,#11837,#11838,#11839));
#11835=IFCPROPERTYSINGLEVALUE('NominalWidth',$,IFCREAL(0.059181999999999998),$);
#11836=IFCPROPERTYSINGLEVALUE('NominalDepth',$,IFCREAL(0.076200000000000004),$);
#11837=IFCPROPERTYSINGLEVALUE('NominalHeight',$,IFCREAL(6.0960000000000001),$);
#11838=IFCPROPERTYSINGLEVALUE('NominalFootprintArea',$,IFCREAL(0.0045100000000000001),$);
#11839=IFCPROPERTYSINGLEVALUE('NominalVolume',$,IFCREAL(0.027491000000000002),$);
#11840=IFCBEAMTYPE('1uDi09m8f7bgvK0twjuawW',$,'M-Shape Beam - M12.5X12.4',$,$,(#11857,#11861,#11872),(#11856),$,$,.BEAM.);
#11841=IFCCARTESIANPOINT((0.,0.));
#11842=IFCDIRECTION((1.,0.));
#11843=IFCAXIS2PLACEMENT2D(#11841,#11842);
#11844=IFCISHAPEPROFILEDEF(.AREA.,'M12.5X12.4',#11843,0.095250000000000001,0.3175,0.0039370000000000004,0.0057911999999999998,0.0085089999999999992,$,$);
#11845=IFCCARTESIANPOINT((0.,0.,0.));
#11846=IFCDIRECTION((0.,0.,1.));
#11847=IFCDIRECTION((1.,0.,0.));
#11848=IFCAXIS2PLACEMENT3D(#11845,#11846,#11847);
#11849=IFCDIRECTION((0.,0.,1.));
#11850=IFCEXTRUDEDAREASOLID(#11844,#11848,#11849,6.0960000000000001);
#11851=IFCSHAPEREPRESENTATION(#11,'Body','SweptSolid',(#11850));
#11852=IFCCARTESIANPOINT((0.,0.,0.));
#11853=IFCDIRECTION((1.,0.,0.));
#11854=IFCDIRECTION((0.,0.,1.));
#11855=IFCAXIS2PLACEMENT3D(#11852,#11854,#11853);
#11856=IFCREPRESENTATIONMAP(#11855,#11851);
#11857=IFCPROPERTYSET('0u1aTbIQDA_80u_DyV2P2u',$,'MF_Structural',$,(#11858,#11859,#11860));
#11858=IFCPROPERTYSINGLEVALUE('Section',$,IFCLABEL('M12.5X12.4'),$);
#11859=IFCPROPERTYSINGLEVALUE('SectionFamily',$,IFCLABEL('M'),$);
#11860=IFCPROPERTYSINGLEVALUE('SectionSource',$,IFCLABEL('AISC Shapes Database v15.0 (US)'),$);
#11861=IFCPROPERTYSET('1mj6ULrnv7HwjTjVrBZf1D',$,'MF_Library',$,(#11862,#11863,#11864,#11865,#11866,#11867,#11868,#11869,#11870,#11871));
#11862=IFCPROPERTYSINGLEVALUE('Key',$,IFCLABEL('steel_beam_m'),$);
#11863=IFCPROPERTYSINGLEVALUE('Family',$,IFCLABEL('M-Shape Beam'),$);
#11864=IFCPROPERTYSINGLEVALUE('TypeName',$,IFCLABEL('M12.5X12.4'),$);
#11865=IFCPROPERTYSINGLEVALUE('Version',$,IFCLABEL('0.1.0'),$);
#11866=IFCPROPERTYSINGLEVALUE('License',$,IFCLABEL('CC0-1.0'),$);
#11867=IFCPROPERTYSINGLEVALUE('Source',$,IFCLABEL('massing-families'),$);
#11868=IFCPROPERTYSINGLEVALUE('Tier',$,IFCLABEL('L300'),$);
#11869=IFCPROPERTYSINGLEVALUE('Builder',$,IFCLABEL('profile'),$);
#11870=IFCPROPERTYSINGLEVALUE('Discipline',$,IFCLABEL('structural'),$);
#11871=IFCPROPERTYSINGLEVALUE('GeometryStatus',$,IFCLABEL('parametric'),$);
#11872=IFCPROPERTYSET('3lUhYDgSj6UuNYQgNkWN3E',$,'MF_Quantities',$,(#11873,#11874,#11875,#11876,#11877));
#11873=IFCPROPERTYSINGLEVALUE('NominalWidth',$,IFCREAL(0.095250000000000001),$);
#11874=IFCPROPERTYSINGLEVALUE('NominalDepth',$,IFCREAL(0.3175),$);
#11875=IFCPROPERTYSINGLEVALUE('NominalHeight',$,IFCREAL(6.0960000000000001),$);
#11876=IFCPROPERTYSINGLEVALUE('NominalFootprintArea',$,IFCREAL(0.030242000000000002),$);
#11877=IFCPROPERTYSINGLEVALUE('NominalVolume',$,IFCREAL(0.18435399999999999),$);
#11878=IFCBEAMTYPE('0uEvrTJpT1IQkyGOnCw30l',$,'M-Shape Beam - M12.5X11.6',$,$,(#11895,#11899,#11910),(#11894),$,$,.BEAM.);
#11879=IFCCARTESIANPOINT((0.,0.));
#11880=IFCDIRECTION((1.,0.));
#11881=IFCAXIS2PLACEMENT2D(#11879,#11880);
#11882=IFCISHAPEPROFILEDEF(.AREA.,'M12.5X11.6',#11881,0.088900000000000007,0.3175,0.0039370000000000004,0.0053594000000000003,0.0089408000000000005,$,$);
#11883=IFCCARTESIANPOINT((0.,0.,0.));
#11884=IFCDIRECTION((0.,0.,1.));
#11885=IFCDIRECTION((1.,0.,0.));
#11886=IFCAXIS2PLACEMENT3D(#11883,#11884,#11885);
#11887=IFCDIRECTION((0.,0.,1.));
#11888=IFCEXTRUDEDAREASOLID(#11882,#11886,#11887,6.0960000000000001);
#11889=IFCSHAPEREPRESENTATION(#11,'Body','SweptSolid',(#11888));
#11890=IFCCARTESIANPOINT((0.,0.,0.));
#11891=IFCDIRECTION((1.,0.,0.));
#11892=IFCDIRECTION((0.,0.,1.));
#11893=IFCAXIS2PLACEMENT3D(#11890,#11892,#11891);
#11894=IFCREPRESENTATIONMAP(#11893,#11889);
#11895=IFCPROPERTYSET('2QR9AtbCL3Qf45pYTHPsPm',$,'MF_Structural',$,(#11896,#11897,#11898));
#11896=IFCPROPERTYSINGLEVALUE('Section',$,IFCLABEL('M12.5X11.6'),$);
#11897=IFCPROPERTYSINGLEVALUE('SectionFamily',$,IFCLABEL('M'),$);
#11898=IFCPROPERTYSINGLEVALUE('SectionSource',$,IFCLABEL('AISC Shapes Database v15.0 (US)'),$);
#11899=IFCPROPERTYSET('1CoacDFgLDOfQWwGyz78QP',$,'MF_Library',$,(#11900,#11901,#11902,#11903,#11904,#11905,#11906,#11907,#11908,#11909));
#11900=IFCPROPERTYSINGLEVALUE('Key',$,IFCLABEL('steel_beam_m'),$);
#11901=IFCPROPERTYSINGLEVALUE('Family',$,IFCLABEL('M-Shape Beam'),$);
#11902=IFCPROPERTYSINGLEVALUE('TypeName',$,IFCLABEL('M12.5X11.6'),$);
#11903=IFCPROPERTYSINGLEVALUE('Version',$,IFCLABEL('0.1.0'),$);
#11904=IFCPROPERTYSINGLEVALUE('License',$,IFCLABEL('CC0-1.0'),$);
#11905=IFCPROPERTYSINGLEVALUE('Source',$,IFCLABEL('massing-families'),$);
#11906=IFCPROPERTYSINGLEVALUE('Tier',$,IFCLABEL('L300'),$);
#11907=IFCPROPERTYSINGLEVALUE('Builder',$,IFCLABEL('profile'),$);
#11908=IFCPROPERTYSINGLEVALUE('Discipline',$,IFCLABEL('structural'),$);
#11909=IFCPROPERTYSINGLEVALUE('GeometryStatus',$,IFCLABEL('parametric'),$);
#11910=IFCPROPERTYSET('21r89oLm56QuzR2y33t_GE',$,'MF_Quantities',$,(#11911,#11912,#11913,#11914,#11915));
#11911=IFCPROPERTYSINGLEVALUE('NominalWidth',$,IFCREAL(0.088900000000000007),$);
#11912=IFCPROPERTYSINGLEVALUE('NominalDepth',$,IFCREAL(0.3175),$);
#11913=IFCPROPERTYSINGLEVALUE('NominalHeight',$,IFCREAL(6.0960000000000001),$);
#11914=IFCPROPERTYSINGLEVALUE('NominalFootprintArea',$,IFCREAL(0.028226000000000001),$);
#11915=IFCPROPERTYSINGLEVALUE('NominalVolume',$,IFCREAL(0.17206399999999999),$);
#11916=IFCBEAMTYPE('2qbRXLO$LDIwjEZ$gRCI59',$,'M-Shape Beam - M12X11.8',$,$,(#11933,#11937,#11948),(#11932),$,$,.BEAM.);
#11917=IFCCARTESIANPOINT((0.,0.));
#11918=IFCDIRECTION((1.,0.));
#11919=IFCAXIS2PLACEMENT2D(#11917,#11918);
#11920=IFCISHAPEPROFILEDEF(.AREA.,'M12X11.8',#11919,0.077978000000000006,0.30480000000000002,0.0044958000000000003,0.0057149999999999996,0.0085851999999999994,$,$);
#11921=IFCCARTESIANPOINT((0.,0.,0.));
#11922=IFCDIRECTION((0.,0.,1.));
#11923=IFCDIRECTION((1.,0.,0.));
#11924=IFCAXIS2PLACEMENT3D(#11921,#11922,#11923);
#11925=IFCDIRECTION((0.,0.,1.));
#11926=IFCEXTRUDEDAREASOLID(#11920,#11924,#11925,6.0960000000000001);
#11927=IFCSHAPEREPRESENTATION(#11,'Body','SweptSolid',(#11926));
#11928=IFCCARTESIANPOINT((0.,0.,0.));
#11929=IFCDIRECTION((1.,0.,0.));
#11930=IFCDIRECTION((0.,0.,1.));
#11931=IFCAXIS2PLACEMENT3D(#11928,#11930,#11929);
#11932=IFCREPRESENTATIONMAP(#11931,#11927);
#11933=IFCPROPERTYSET('0AmAmjT0b3ShLWhreG7eAS',$,'MF_Structural',$,(#11934,#11935,#11936));
#11934=IFCPROPERTYSINGLEVALUE('Section',$,IFCLABEL('M12X11.8'),$);
#11935=IFCPROPERTYSINGLEVALUE('SectionFamily',$,IFCLABEL('M'),$);
#11936=IFCPROPERTYSINGLEVALUE('SectionSource',$,IFCLABEL('AISC Shapes Database v15.0 (US)'),$);
#11937=IFCPROPERTYSET('0g2PYQuSf19OTggfTdW3AG',$,'MF_Library',$,(#11938,#11939,#11940,#11941,#11942,#11943,#11944,#11945,#11946,#11947));
#11938=IFCPROPERTYSINGLEVALUE('Key',$,IFCLABEL('steel_beam_m'),$);
#11939=IFCPROPERTYSINGLEVALUE('Family',$,IFCLABEL('M-Shape Beam'),$);
#11940=IFCPROPERTYSINGLEVALUE('TypeName',$,IFCLABEL('M12X11.8'),$);
#11941=IFCPROPERTYSINGLEVALUE('Version',$,IFCLABEL('0.1.0'),$);
#11942=IFCPROPERTYSINGLEVALUE('License',$,IFCLABEL('CC0-1.0'),$);
#11943=IFCPROPERTYSINGLEVALUE('Source',$,IFCLABEL('massing-families'),$);
#11944=IFCPROPERTYSINGLEVALUE('Tier',$,IFCLABEL('L300'),$);
#11945=IFCPROPERTYSINGLEVALUE('Builder',$,IFCLABEL('profile'),$);
#11946=IFCPROPERTYSINGLEVALUE('Discipline',$,IFCLABEL('structural'),$);
#11947=IFCPROPERTYSINGLEVALUE('GeometryStatus',$,IFCLABEL('parametric'),$);
#11948=IFCPROPERTYSET('3RUXqzm7X1L8W$JZ5VVVok',$,'MF_Quantities',$,(#11949,#11950,#11951,#11952,#11953));
#11949=IFCPROPERTYSINGLEVALUE('NominalWidth',$,IFCREAL(0.077978000000000006),$);
#11950=IFCPROPERTYSINGLEVALUE('NominalDepth',$,IFCREAL(0.30480000000000002),$);
#11951=IFCPROPERTYSINGLEVALUE('NominalHeight',$,IFCREAL(6.0960000000000001),$);
#11952=IFCPROPERTYSINGLEVALUE('NominalFootprintArea',$,IFCREAL(0.023768000000000001),$);
#11953=IFCPROPERTYSINGLEVALUE('NominalVolume',$,IFCREAL(0.14488799999999999),$);
#11954=IFCBEAMTYPE('2vF3Y65EPFoPg$kG1O0vFS',$,'M-Shape Beam - M12X10.8',$,$,(#11971,#11975,#11986),(#11970),$,$,.BEAM.);
#11955=IFCCARTESIANPOINT((0.,0.));
#11956=IFCDIRECTION((1.,0.));
#11957=IFCAXIS2PLACEMENT2D(#11955,#11956);
#11958=IFCISHAPEPROFILEDEF(.AREA.,'M12X10.8',#11957,0.077978000000000006,0.30480000000000002,0.0040639999999999999,0.0053340000000000002,0.0089662000000000006,$,$);
#11959=IFCCARTESIANPOINT((0.,0.,0.));
#11960=IFCDIRECTION((0.,0.,1.));
#11961=IFCDIRECTION((1.,0.,0.));
#11962=IFCAXIS2PLACEMENT3D(#11959,#11960,#11961);
#11963=IFCDIRECTION((0.,0.,1.));
#11964=IFCEXTRUDEDAREASOLID(#11958,#11962,#11963,6.0960000000000001);
#11965=IFCSHAPEREPRESENTATION(#11,'Body','SweptSolid',(#11964));
#11966=IFCCARTESIANPOINT((0.,0.,0.));
#11967=IFCDIRECTION((1.,0.,0.));
#11968=IFCDIRECTION((0.,0.,1.));
#11969=IFCAXIS2PLACEMENT3D(#11966,#11968,#11967);
#11970=IFCREPRESENTATIONMAP(#11969,#11965);
#11971=IFCPROPERTYSET('0zBiDs9nr24O284nye4NWh',$,'MF_Structural',$,(#11972,#11973,#11974));
#11972=IFCPROPERTYSINGLEVALUE('Section',$,IFCLABEL('M12X10.8'),$);
#11973=IFCPROPERTYSINGLEVALUE('SectionFamily',$,IFCLABEL('M'),$);
#11974=IFCPROPERTYSINGLEVALUE('SectionSource',$,IFCLABEL('AISC Shapes Database v15.0 (US)'),$);
#11975=IFCPROPERTYSET('1wfQJWGLn8L9GhnMcyFhD9',$,'MF_Library',$,(#11976,#11977,#11978,#11979,#11980,#11981,#11982,#11983,#11984,#11985));
#11976=IFCPROPERTYSINGLEVALUE('Key',$,IFCLABEL('steel_beam_m'),$);
#11977=IFCPROPERTYSINGLEVALUE('Family',$,IFCLABEL('M-Shape Beam'),$);
#11978=IFCPROPERTYSINGLEVALUE('TypeName',$,IFCLABEL('M12X10.8'),$);
#11979=IFCPROPERTYSINGLEVALUE('Version',$,IFCLABEL('0.1.0'),$);
#11980=IFCPROPERTYSINGLEVALUE('License',$,IFCLABEL('CC0-1.0'),$);
#11981=IFCPROPERTYSINGLEVALUE('Source',$,IFCLABEL('massing-families'),$);
#11982=IFCPROPERTYSINGLEVALUE('Tier',$,IFCLABEL('L300'),$);
#11983=IFCPROPERTYSINGLEVALUE('Builder',$,IFCLABEL('profile'),$);
#11984=IFCPROPERTYSINGLEVALUE('Discipline',$,IFCLABEL('structural'),$);
#11985=IFCPROPERTYSINGLEVALUE('GeometryStatus',$,IFCLABEL('parametric'),$);
#11986=IFCPROPERTYSET('1zUdole1TBlulgpVuBVgxu',$,'MF_Quantities',$,(#11987,#11988,#11989,#11990,#11991));
#11987=IFCPROPERTYSINGLEVALUE('NominalWidth',$,IFCREAL(0.077978000000000006),$);
#11988=IFCPROPERTYSINGLEVALUE('NominalDepth',$,IFCREAL(0.30480000000000002),$);
#11989=IFCPROPERTYSINGLEVALUE('NominalHeight',$,IFCREAL(6.0960000000000001),$);
#11990=IFCPROPERTYSINGLEVALUE('NominalFootprintArea',$,IFCREAL(0.023768000000000001),$);
#11991=IFCPROPERTYSINGLEVALUE('NominalVolume',$,IFCREAL(0.14488799999999999),$);
#11992=IFCBEAMTYPE('1LYhvGZCr7deJ3DHBc7kzq',$,'M-Shape Beam - M12X10',$,$,(#12009,#12013,#12024),(#12008),$,$,.BEAM.);
#11993=IFCCARTESIANPOINT((0.,0.));
#11994=IFCDIRECTION((1.,0.));
#11995=IFCAXIS2PLACEMENT2D(#11993,#11994);
#11996=IFCISHAPEPROFILEDEF(.AREA.,'M12X10',#11995,0.082549999999999998,0.30480000000000002,0.0037845999999999999,0.0045719999999999997,0.0081279999999999998,$,$);
#11997=IFCCARTESIANPOINT((0.,0.,0.));
#11998=IFCDIRECTION((0.,0.,1.));
#11999=IFCDIRECTION((1.,0.,0.));
#12000=IFCAXIS2PLACEMENT3D(#11997,#11998,#11999);
#12001=IFCDIRECTION((0.,0.,1.));
#12002=IFCEXTRUDEDAREASOLID(#11996,#12000,#12001,6.0960000000000001);
#12003=IFCSHAPEREPRESENTATION(#11,'Body','SweptSolid',(#12002));
#12004=IFCCARTESIANPOINT((0.,0.,0.));
#12005=IFCDIRECTION((1.,0.,0.));
#12006=IFCDIRECTION((0.,0.,1.));
#12007=IFCAXIS2PLACEMENT3D(#12004,#12006,#12005);
#12008=IFCREPRESENTATIONMAP(#12007,#12003);
#12009=IFCPROPERTYSET('3omyfYZmf5Bv1pubul92cK',$,'MF_Structural',$,(#12010,#12011,#12012));
#12010=IFCPROPERTYSINGLEVALUE('Section',$,IFCLABEL('M12X10'),$);
#12011=IFCPROPERTYSINGLEVALUE('SectionFamily',$,IFCLABEL('M'),$);
#12012=IFCPROPERTYSINGLEVALUE('SectionSource',$,IFCLABEL('AISC Shapes Database v15.0 (US)'),$);
#12013=IFCPROPERTYSET('1_00wCP893kRmeHvtBrY5h',$,'MF_Library',$,(#12014,#12015,#12016,#12017,#12018,#12019,#12020,#12021,#12022,#12023));
#12014=IFCPROPERTYSINGLEVALUE('Key',$,IFCLABEL('steel_beam_m'),$);
#12015=IFCPROPERTYSINGLEVALUE('Family',$,IFCLABEL('M-Shape Beam'),$);
#12016=IFCPROPERTYSINGLEVALUE('TypeName',$,IFCLABEL('M12X10'),$);
#12017=IFCPROPERTYSINGLEVALUE('Version',$,IFCLABEL('0.1.0'),$);
#12018=IFCPROPERTYSINGLEVALUE('License',$,IFCLABEL('CC0-1.0'),$);
#12019=IFCPROPERTYSINGLEVALUE('Source',$,IFCLABEL('massing-families'),$);
#12020=IFCPROPERTYSINGLEVALUE('Tier',$,IFCLABEL('L300'),$);
#12021=IFCPROPERTYSINGLEVALUE('Builder',$,IFCLABEL('profile'),$);
#12022=IFCPROPERTYSINGLEVALUE('Discipline',$,IFCLABEL('structural'),$);
#12023=IFCPROPERTYSINGLEVALUE('GeometryStatus',$,IFCLABEL('parametric'),$);
#12024=IFCPROPERTYSET('0KpUjL2jfAXwOe43dMfFlm',$,'MF_Quantities',$,(#12025,#12026,#12027,#12028,#12029));
#12025=IFCPROPERTYSINGLEVALUE('NominalWidth',$,IFCREAL(0.082549999999999998),$);
#12026=IFCPROPERTYSINGLEVALUE('NominalDepth',$,IFCREAL(0.30480000000000002),$);
#12027=IFCPROPERTYSINGLEVALUE('NominalHeight',$,IFCREAL(6.0960000000000001),$);
#12028=IFCPROPERTYSINGLEVALUE('NominalFootprintArea',$,IFCREAL(0.025160999999999999),$);
#12029=IFCPROPERTYSINGLEVALUE('NominalVolume',$,IFCREAL(0.15338299999999999),$);
#12030=IFCBEAMTYPE('17GnyBeDHE$9RDdfNRYLC$',$,'M-Shape Beam - M10X9',$,$,(#12047,#12051,#12062),(#12046),$,$,.BEAM.);
#12031=IFCCARTESIANPOINT((0.,0.));
#12032=IFCDIRECTION((1.,0.));
#12033=IFCAXIS2PLACEMENT2D(#12031,#12032);
#12034=IFCISHAPEPROFILEDEF(.AREA.,'M10X9',#12033,0.068325999999999998,0.254,0.0039877999999999997,0.0052323999999999999,0.0090678000000000009,$,$);
#12035=IFCCARTESIANPOINT((0.,0.,0.));
#12036=IFCDIRECTION((0.,0.,1.));
#12037=IFCDIRECTION((1.,0.,0.));
#12038=IFCAXIS2PLACEMENT3D(#12035,#12036,#12037);
#12039=IFCDIRECTION((0.,0.,1.));
#12040=IFCEXTRUDEDAREASOLID(#12034,#12038,#12039,6.0960000000000001);
#12041=IFCSHAPEREPRESENTATION(#11,'Body','SweptSolid',(#12040));
#12042=IFCCARTESIANPOINT((0.,0.,0.));
#12043=IFCDIRECTION((1.,0.,0.));
#12044=IFCDIRECTION((0.,0.,1.));
#12045=IFCAXIS2PLACEMENT3D(#12042,#12044,#12043);
#12046=IFCREPRESENTATIONMAP(#12045,#12041);
#12047=IFCPROPERTYSET('38YZ2xEej4d8lhAb16SypS',$,'MF_Structural',$,(#12048,#12049,#12050));
#12048=IFCPROPERTYSINGLEVALUE('Section',$,IFCLABEL('M10X9'),$);
#12049=IFCPROPERTYSINGLEVALUE('SectionFamily',$,IFCLABEL('M'),$);
#12050=IFCPROPERTYSINGLEVALUE('SectionSource',$,IFCLABEL('AISC Shapes Database v15.0 (US)'),$);
#12051=IFCPROPERTYSET('2GgDVgmGz7fudu9AECd6fv',$,'MF_Library',$,(#12052,#12053,#12054,#12055,#12056,#12057,#12058,#12059,#12060,#12061));
#12052=IFCPROPERTYSINGLEVALUE('Key',$,IFCLABEL('steel_beam_m'),$);
#12053=IFCPROPERTYSINGLEVALUE('Family',$,IFCLABEL('M-Shape Beam'),$);
#12054=IFCPROPERTYSINGLEVALUE('TypeName',$,IFCLABEL('M10X9'),$);
#12055=IFCPROPERTYSINGLEVALUE('Version',$,IFCLABEL('0.1.0'),$);
#12056=IFCPROPERTYSINGLEVALUE('License',$,IFCLABEL('CC0-1.0'),$);
#12057=IFCPROPERTYSINGLEVALUE('Source',$,IFCLABEL('massing-families'),$);
#12058=IFCPROPERTYSINGLEVALUE('Tier',$,IFCLABEL('L300'),$);
#12059=IFCPROPERTYSINGLEVALUE('Builder',$,IFCLABEL('profile'),$);
#12060=IFCPROPERTYSINGLEVALUE('Discipline',$,IFCLABEL('structural'),$);
#12061=IFCPROPERTYSINGLEVALUE('GeometryStatus',$,IFCLABEL('parametric'),$);
#12062=IFCPROPERTYSET('1j4bqlYT9FEhDmmxuvoLhV',$,'MF_Quantities',$,(#12063,#12064,#12065,#12066,#12067));
#12063=IFCPROPERTYSINGLEVALUE('NominalWidth',$,IFCREAL(0.068325999999999998),$);
#12064=IFCPROPERTYSINGLEVALUE('NominalDepth',$,IFCREAL(0.254),$);
#12065=IFCPROPERTYSINGLEVALUE('NominalHeight',$,IFCREAL(6.0960000000000001),$);
#12066=IFCPROPERTYSINGLEVALUE('NominalFootprintArea',$,IFCREAL(0.017354999999999999),$);
#12067=IFCPROPERTYSINGLEVALUE('NominalVolume',$,IFCREAL(0.105795),$);
#12068=IFCBEAMTYPE('14kletu_LBJuNtf4RETGrF',$,'M-Shape Beam - M10X8',$,$,(#12085,#12089,#12100),(#12084),$,$,.BEAM.);
#12069=IFCCARTESIANPOINT((0.,0.));
#12070=IFCDIRECTION((1.,0.));
#12071=IFCAXIS2PLACEMENT2D(#12069,#12070);
#12072=IFCISHAPEPROFILEDEF(.AREA.,'M10X8',#12071,0.068325999999999998,0.25273000000000001,0.0035814000000000002,0.0046227999999999998,0.0096773999999999992,$,$);
#12073=IFCCARTESIANPOINT((0.,0.,0.));
#12074=IFCDIRECTION((0.,0.,1.));
#12075=IFCDIRECTION((1.,0.,0.));
#12076=IFCAXIS2PLACEMENT3D(#12073,#12074,#12075);
#12077=IFCDIRECTION((0.,0.,1.));
#12078=IFCEXTRUDEDAREASOLID(#12072,#12076,#12077,6.0960000000000001);
#12079=IFCSHAPEREPRESENTATION(#11,'Body','SweptSolid',(#12078));
#12080=IFCCARTESIANPOINT((0.,0.,0.));
#12081=IFCDIRECTION((1.,0.,0.));
#12082=IFCDIRECTION((0.,0.,1.));
#12083=IFCAXIS2PLACEMENT3D(#12080,#12082,#12081);
#12084=IFCREPRESENTATIONMAP(#12083,#12079);
#12085=IFCPROPERTYSET('02um27ZkbB5OSupCruTyVj',$,'MF_Structural',$,(#12086,#12087,#12088));
#12086=IFCPROPERTYSINGLEVALUE('Section',$,IFCLABEL('M10X8'),$);
#12087=IFCPROPERTYSINGLEVALUE('SectionFamily',$,IFCLABEL('M'),$);
#12088=IFCPROPERTYSINGLEVALUE('SectionSource',$,IFCLABEL('AISC Shapes Database v15.0 (US)'),$);
#12089=IFCPROPERTYSET('1SHhPwr1P7vvGFyiqDQ051',$,'MF_Library',$,(#12090,#12091,#12092,#12093,#12094,#12095,#12096,#12097,#12098,#12099));
#12090=IFCPROPERTYSINGLEVALUE('Key',$,IFCLABEL('steel_beam_m'),$);
#12091=IFCPROPERTYSINGLEVALUE('Family',$,IFCLABEL('M-Shape Beam'),$);
#12092=IFCPROPERTYSINGLEVALUE('TypeName',$,IFCLABEL('M10X8'),$);
#12093=IFCPROPERTYSINGLEVALUE('Version',$,IFCLABEL('0.1.0'),$);
#12094=IFCPROPERTYSINGLEVALUE('License',$,IFCLABEL('CC0-1.0'),$);
#12095=IFCPROPERTYSINGLEVALUE('Source',$,IFCLABEL('massing-families'),$);
#12096=IFCPROPERTYSINGLEVALUE('Tier',$,IFCLABEL('L300'),$);
#12097=IFCPROPERTYSINGLEVALUE('Builder',$,IFCLABEL('profile'),$);
#12098=IFCPROPERTYSINGLEVALUE('Discipline',$,IFCLABEL('structural'),$);
#12099=IFCPROPERTYSINGLEVALUE('GeometryStatus',$,IFCLABEL('parametric'),$);
#12100=IFCPROPERTYSET('1PX8fN4RDABfmqNiXP9QXT',$,'MF_Quantities',$,(#12101,#12102,#12103,#12104,#12105));
#12101=IFCPROPERTYSINGLEVALUE('NominalWidth',$,IFCREAL(0.068325999999999998),$);
#12102=IFCPROPERTYSINGLEVALUE('NominalDepth',$,IFCREAL(0.25273000000000001),$);
#12103=IFCPROPERTYSINGLEVALUE('NominalHeight',$,IFCREAL(6.0960000000000001),$);
#12104=IFCPROPERTYSINGLEVALUE('NominalFootprintArea',$,IFCREAL(0.017267999999999999),$);
#12105=IFCPROPERTYSINGLEVALUE('NominalVolume',$,IFCREAL(0.105266),$);
#12106=IFCBEAMTYPE('2VYE6PplHDC8oJH$MsCJ9p',$,'M-Shape Beam - M10X7.5',$,$,(#12123,#12127,#12138),(#12122),$,$,.BEAM.);
#12107=IFCCARTESIANPOINT((0.,0.));
#12108=IFCDIRECTION((1.,0.));
#12109=IFCAXIS2PLACEMENT2D(#12107,#12108);
#12110=IFCISHAPEPROFILEDEF(.AREA.,'M10X7.5',#12109,0.068325999999999998,0.25374600000000003,0.0033019999999999998,0.0043942,0.006731,$,$);
#12111=IFCCARTESIANPOINT((0.,0.,0.));
#12112=IFCDIRECTION((0.,0.,1.));
#12113=IFCDIRECTION((1.,0.,0.));
#12114=IFCAXIS2PLACEMENT3D(#12111,#12112,#12113);
#12115=IFCDIRECTION((0.,0.,1.));
#12116=IFCEXTRUDEDAREASOLID(#12110,#12114,#12115,6.0960000000000001);
#12117=IFCSHAPEREPRESENTATION(#11,'Body','SweptSolid',(#12116));
#12118=IFCCARTESIANPOINT((0.,0.,0.));
#12119=IFCDIRECTION((1.,0.,0.));
#12120=IFCDIRECTION((0.,0.,1.));
#12121=IFCAXIS2PLACEMENT3D(#12118,#12120,#12119);
#12122=IFCREPRESENTATIONMAP(#12121,#12117);
#12123=IFCPROPERTYSET('31L0krkhz9E9Gbvt4xCpvK',$,'MF_Structural',$,(#12124,#12125,#12126));
#12124=IFCPROPERTYSINGLEVALUE('Section',$,IFCLABEL('M10X7.5'),$);
#12125=IFCPROPERTYSINGLEVALUE('SectionFamily',$,IFCLABEL('M'),$);
#12126=IFCPROPERTYSINGLEVALUE('SectionSource',$,IFCLABEL('AISC Shapes Database v15.0 (US)'),$);
#12127=IFCPROPERTYSET('0jUNyk5O527AK8jPcmP0$Y',$,'MF_Library',$,(#12128,#12129,#12130,#12131,#12132,#12133,#12134,#12135,#12136,#12137));
#12128=IFCPROPERTYSINGLEVALUE('Key',$,IFCLABEL('steel_beam_m'),$);
#12129=IFCPROPERTYSINGLEVALUE('Family',$,IFCLABEL('M-Shape Beam'),$);
#12130=IFCPROPERTYSINGLEVALUE('TypeName',$,IFCLABEL('M10X7.5'),$);
#12131=IFCPROPERTYSINGLEVALUE('Version',$,IFCLABEL('0.1.0'),$);
#12132=IFCPROPERTYSINGLEVALUE('License',$,IFCLABEL('CC0-1.0'),$);
#12133=IFCPROPERTYSINGLEVALUE('Source',$,IFCLABEL('massing-families'),$);
#12134=IFCPROPERTYSINGLEVALUE('Tier',$,IFCLABEL('L300'),$);
#12135=IFCPROPERTYSINGLEVALUE('Builder',$,IFCLABEL('profile'),$);
#12136=IFCPROPERTYSINGLEVALUE('Discipline',$,IFCLABEL('structural'),$);
#12137=IFCPROPERTYSINGLEVALUE('GeometryStatus',$,IFCLABEL('parametric'),$);
#12138=IFCPROPERTYSET('1fr51lPijEOwPF_29JrZC8',$,'MF_Quantities',$,(#12139,#12140,#12141,#12142,#12143));
#12139=IFCPROPERTYSINGLEVALUE('NominalWidth',$,IFCREAL(0.068325999999999998),$);
#12140=IFCPROPERTYSINGLEVALUE('NominalDepth',$,IFCREAL(0.25374600000000003),$);
#12141=IFCPROPERTYSINGLEVALUE('NominalHeight',$,IFCREAL(6.0960000000000001),$);
#12142=IFCPROPERTYSINGLEVALUE('NominalFootprintArea',$,IFCREAL(0.017337000000000002),$);
#12143=IFCPROPERTYSINGLEVALUE('NominalVolume',$,IFCREAL(0.10568900000000001),$);
#12144=IFCBEAMTYPE('2$OOEOw_f0S8Zbf7exEI6Y',$,'M-Shape Beam - M8X6.5',$,$,(#12161,#12165,#12176),(#12160),$,$,.BEAM.);
#12145=IFCCARTESIANPOINT((0.,0.));
#12146=IFCDIRECTION((1.,0.));
#12147=IFCAXIS2PLACEMENT2D(#12145,#12146);
#12148=IFCISHAPEPROFILEDEF(.AREA.,'M8X6.5',#12147,0.057911999999999998,0.20319999999999999,0.0034290000000000002,0.0048006000000000004,0.0094996000000000004,$,$);
#12149=IFCCARTESIANPOINT((0.,0.,0.));
#12150=IFCDIRECTION((0.,0.,1.));
#12151=IFCDIRECTION((1.,0.,0.));
#12152=IFCAXIS2PLACEMENT3D(#12149,#12150,#12151);
#12153=IFCDIRECTION((0.,0.,1.));
#12154=IFCEXTRUDEDAREASOLID(#12148,#12152,#12153,6.0960000000000001);
#12155=IFCSHAPEREPRESENTATION(#11,'Body','SweptSolid',(#12154));
#12156=IFCCARTESIANPOINT((0.,0.,0.));
#12157=IFCDIRECTION((1.,0.,0.));
#12158=IFCDIRECTION((0.,0.,1.));
#12159=IFCAXIS2PLACEMENT3D(#12156,#12158,#12157);
#12160=IFCREPRESENTATIONMAP(#12159,#12155);
#12161=IFCPROPERTYSET('2Zl_Ut9kDEbR6wP8KadE4a',$,'MF_Structural',$,(#12162,#12163,#12164));
#12162=IFCPROPERTYSINGLEVALUE('Section',$,IFCLABEL('M8X6.5'),$);
#12163=IFCPROPERTYSINGLEVALUE('SectionFamily',$,IFCLABEL('M'),$);
#12164=IFCPROPERTYSINGLEVALUE('SectionSource',$,IFCLABEL('AISC Shapes Database v15.0 (US)'),$);
#12165=IFCPROPERTYSET('1kIX0xiun54OvVTzsFSYbU',$,'MF_Library',$,(#12166,#12167,#12168,#12169,#12170,#12171,#12172,#12173,#12174,#12175));
#12166=IFCPROPERTYSINGLEVALUE('Key',$,IFCLABEL('steel_beam_m'),$);
#12167=IFCPROPERTYSINGLEVALUE('Family',$,IFCLABEL('M-Shape Beam'),$);
#12168=IFCPROPERTYSINGLEVALUE('TypeName',$,IFCLABEL('M8X6.5'),$);
#12169=IFCPROPERTYSINGLEVALUE('Version',$,IFCLABEL('0.1.0'),$);
#12170=IFCPROPERTYSINGLEVALUE('License',$,IFCLABEL('CC0-1.0'),$);
#12171=IFCPROPERTYSINGLEVALUE('Source',$,IFCLABEL('massing-families'),$);
#12172=IFCPROPERTYSINGLEVALUE('Tier',$,IFCLABEL('L300'),$);
#12173=IFCPROPERTYSINGLEVALUE('Builder',$,IFCLABEL('profile'),$);
#12174=IFCPROPERTYSINGLEVALUE('Discipline',$,IFCLABEL('structural'),$);
#12175=IFCPROPERTYSINGLEVALUE('GeometryStatus',$,IFCLABEL('parametric'),$);
#12176=IFCPROPERTYSET('3gFhyIjiH7VR_VclIYStQK',$,'MF_Quantities',$,(#12177,#12178,#12179,#12180,#12181));
#12177=IFCPROPERTYSINGLEVALUE('NominalWidth',$,IFCREAL(0.057911999999999998),$);
#12178=IFCPROPERTYSINGLEVALUE('NominalDepth',$,IFCREAL(0.20319999999999999),$);
#12179=IFCPROPERTYSINGLEVALUE('NominalHeight',$,IFCREAL(6.0960000000000001),$);
#12180=IFCPROPERTYSINGLEVALUE('NominalFootprintArea',$,IFCREAL(0.011768000000000001),$);
#12181=IFCPROPERTYSINGLEVALUE('NominalVolume',$,IFCREAL(0.071735999999999994),$);
#12182=IFCBEAMTYPE('2cW2ht3317g8_bFyzb7TK$',$,'M-Shape Beam - M8X6.2',$,$,(#12199,#12203,#12214),(#12198),$,$,.BEAM.);
#12183=IFCCARTESIANPOINT((0.,0.));
#12184=IFCDIRECTION((1.,0.));
#12185=IFCAXIS2PLACEMENT2D(#12183,#12184);
#12186=IFCISHAPEPROFILEDEF(.AREA.,'M8X6.2',#12185,0.057911999999999998,0.20319999999999999,0.0032766000000000002,0.0044958000000000003,0.0066293999999999997,$,$);
#12187=IFCCARTESIANPOINT((0.,0.,0.));
#12188=IFCDIRECTION((0.,0.,1.));
#12189=IFCDIRECTION((1.,0.,0.));
#12190=IFCAXIS2PLACEMENT3D(#12187,#12188,#12189);
#12191=IFCDIRECTION((0.,0.,1.));
#12192=IFCEXTRUDEDAREASOLID(#12186,#12190,#12191,6.0960000000000001);
#12193=IFCSHAPEREPRESENTATION(#11,'Body','SweptSolid',(#12192));
#12194=IFCCARTESIANPOINT((0.,0.,0.));
#12195=IFCDIRECTION((1.,0.,0.));
#12196=IFCDIRECTION((0.,0.,1.));
#12197=IFCAXIS2PLACEMENT3D(#12194,#12196,#12195);
#12198=IFCREPRESENTATIONMAP(#12197,#12193);
#12199=IFCPROPERTYSET('0gKkp6X05DMQGMVUEcT$Fg',$,'MF_Structural',$,(#12200,#12201,#12202));
#12200=IFCPROPERTYSINGLEVALUE('Section',$,IFCLABEL('M8X6.2'),$);
#12201=IFCPROPERTYSINGLEVALUE('SectionFamily',$,IFCLABEL('M'),$);
#12202=IFCPROPERTYSINGLEVALUE('SectionSource',$,IFCLABEL('AISC Shapes Database v15.0 (US)'),$);
#12203=IFCPROPERTYSET('1yU0yw5Rj7ywoWink42bS6',$,'MF_Library',$,(#12204,#12205,#12206,#12207,#12208,#12209,#12210,#12211,#12212,#12213));
#12204=IFCPROPERTYSINGLEVALUE('Key',$,IFCLABEL('steel_beam_m'),$);
#12205=IFCPROPERTYSINGLEVALUE('Family',$,IFCLABEL('M-Shape Beam'),$);
#12206=IFCPROPERTYSINGLEVALUE('TypeName',$,IFCLABEL('M8X6.2'),$);
#12207=IFCPROPERTYSINGLEVALUE('Version',$,IFCLABEL('0.1.0'),$);
#12208=IFCPROPERTYSINGLEVALUE('License',$,IFCLABEL('CC0-1.0'),$);
#12209=IFCPROPERTYSINGLEVALUE('Source',$,IFCLABEL('massing-families'),$);
#12210=IFCPROPERTYSINGLEVALUE('Tier',$,IFCLABEL('L300'),$);
#12211=IFCPROPERTYSINGLEVALUE('Builder',$,IFCLABEL('profile'),$);
#12212=IFCPROPERTYSINGLEVALUE('Discipline',$,IFCLABEL('structural'),$);
#12213=IFCPROPERTYSINGLEVALUE('GeometryStatus',$,IFCLABEL('parametric'),$);
#12214=IFCPROPERTYSET('0GfRgLwKn5jO9fJ98EFqsx',$,'MF_Quantities',$,(#12215,#12216,#12217,#12218,#12219));
#12215=IFCPROPERTYSINGLEVALUE('NominalWidth',$,IFCREAL(0.057911999999999998),$);
#12216=IFCPROPERTYSINGLEVALUE('NominalDepth',$,IFCREAL(0.20319999999999999),$);
#12217=IFCPROPERTYSINGLEVALUE('NominalHeight',$,IFCREAL(6.0960000000000001),$);
#12218=IFCPROPERTYSINGLEVALUE('NominalFootprintArea',$,IFCREAL(0.011768000000000001),$);
#12219=IFCPROPERTYSINGLEVALUE('NominalVolume',$,IFCREAL(0.071735999999999994),$);
#12220=IFCBEAMTYPE('14WdM8xDXC2vl3dcSCOT7k',$,'M-Shape Beam - M6X4.4',$,$,(#12237,#12241,#12252),(#12236),$,$,.BEAM.);
#12221=IFCCARTESIANPOINT((0.,0.));
#12222=IFCDIRECTION((1.,0.));
#12223=IFCAXIS2PLACEMENT2D(#12221,#12222);
#12224=IFCISHAPEPROFILEDEF(.AREA.,'M6X4.4',#12223,0.046736,0.15240000000000001,0.0028955999999999999,0.0043433999999999999,0.0051815999999999997,$,$);
#12225=IFCCARTESIANPOINT((0.,0.,0.));
#12226=IFCDIRECTION((0.,0.,1.));
#12227=IFCDIRECTION((1.,0.,0.));
#12228=IFCAXIS2PLACEMENT3D(#12225,#12226,#12227);
#12229=IFCDIRECTION((0.,0.,1.));
#12230=IFCEXTRUDEDAREASOLID(#12224,#12228,#12229,6.0960000000000001);
#12231=IFCSHAPEREPRESENTATION(#11,'Body','SweptSolid',(#12230));
#12232=IFCCARTESIANPOINT((0.,0.,0.));
#12233=IFCDIRECTION((1.,0.,0.));
#12234=IFCDIRECTION((0.,0.,1.));
#12235=IFCAXIS2PLACEMENT3D(#12232,#12234,#12233);
#12236=IFCREPRESENTATIONMAP(#12235,#12231);
#12237=IFCPROPERTYSET('2pIvYcb_LFFx6MJHlUiUoE',$,'MF_Structural',$,(#12238,#12239,#12240));
#12238=IFCPROPERTYSINGLEVALUE('Section',$,IFCLABEL('M6X4.4'),$);
#12239=IFCPROPERTYSINGLEVALUE('SectionFamily',$,IFCLABEL('M'),$);
#12240=IFCPROPERTYSINGLEVALUE('SectionSource',$,IFCLABEL('AISC Shapes Database v15.0 (US)'),$);
#12241=IFCPROPERTYSET('2IQ8KvvOr8reylAoepIp$u',$,'MF_Library',$,(#12242,#12243,#12244,#12245,#12246,#12247,#12248,#12249,#12250,#12251));
#12242=IFCPROPERTYSINGLEVALUE('Key',$,IFCLABEL('steel_beam_m'),$);
#12243=IFCPROPERTYSINGLEVALUE('Family',$,IFCLABEL('M-Shape Beam'),$);
#12244=IFCPROPERTYSINGLEVALUE('TypeName',$,IFCLABEL('M6X4.4'),$);
#12245=IFCPROPERTYSINGLEVALUE('Version',$,IFCLABEL('0.1.0'),$);
#12246=IFCPROPERTYSINGLEVALUE('License',$,IFCLABEL('CC0-1.0'),$);
#12247=IFCPROPERTYSINGLEVALUE('Source',$,IFCLABEL('massing-families'),$);
#12248=IFCPROPERTYSINGLEVALUE('Tier',$,IFCLABEL('L300'),$);
#12249=IFCPROPERTYSINGLEVALUE('Builder',$,IFCLABEL('profile'),$);
#12250=IFCPROPERTYSINGLEVALUE('Discipline',$,IFCLABEL('structural'),$);
#12251=IFCPROPERTYSINGLEVALUE('GeometryStatus',$,IFCLABEL('parametric'),$);
#12252=IFCPROPERTYSET('1a$qkdnFH3Hx25HZq$25ef',$,'MF_Quantities',$,(#12253,#12254,#12255,#12256,#12257));
#12253=IFCPROPERTYSINGLEVALUE('NominalWidth',$,IFCREAL(0.046736),$);
#12254=IFCPROPERTYSINGLEVALUE('NominalDepth',$,IFCREAL(0.15240000000000001),$);
#12255=IFCPROPERTYSINGLEVALUE('NominalHeight',$,IFCREAL(6.0960000000000001),$);
#12256=IFCPROPERTYSINGLEVALUE('NominalFootprintArea',$,IFCREAL(0.007123),$);
#12257=IFCPROPERTYSINGLEVALUE('NominalVolume',$,IFCREAL(0.043418999999999999),$);
#12258=IFCBEAMTYPE('0hrGMBGo10T9xa0SyGKuVB',$,'M-Shape Beam - M6X3.7',$,$,(#12275,#12279,#12290),(#12274),$,$,.BEAM.);
#12259=IFCCARTESIANPOINT((0.,0.));
#12260=IFCDIRECTION((1.,0.));
#12261=IFCAXIS2PLACEMENT2D(#12259,#12260);
#12262=IFCISHAPEPROFILEDEF(.AREA.,'M6X3.7',#12261,0.050799999999999998,0.150368,0.0024892,0.0032766000000000002,0.0046736,$,$);
#12263=IFCCARTESIANPOINT((0.,0.,0.));
#12264=IFCDIRECTION((0.,0.,1.));
#12265=IFCDIRECTION((1.,0.,0.));
#12266=IFCAXIS2PLACEMENT3D(#12263,#12264,#12265);
#12267=IFCDIRECTION((0.,0.,1.));
#12268=IFCEXTRUDEDAREASOLID(#12262,#12266,#12267,6.0960000000000001);
#12269=IFCSHAPEREPRESENTATION(#11,'Body','SweptSolid',(#12268));
#12270=IFCCARTESIANPOINT((0.,0.,0.));
#12271=IFCDIRECTION((1.,0.,0.));
#12272=IFCDIRECTION((0.,0.,1.));
#12273=IFCAXIS2PLACEMENT3D(#12270,#12272,#12271);
#12274=IFCREPRESENTATIONMAP(#12273,#12269);
#12275=IFCPROPERTYSET('30KluMbi17rRSnkXQJ_$f$',$,'MF_Structural',$,(#12276,#12277,#12278));
#12276=IFCPROPERTYSINGLEVALUE('Section',$,IFCLABEL('M6X3.7'),$);
#12277=IFCPROPERTYSINGLEVALUE('SectionFamily',$,IFCLABEL('M'),$);
#12278=IFCPROPERTYSINGLEVALUE('SectionSource',$,IFCLABEL('AISC Shapes Database v15.0 (US)'),$);
#12279=IFCPROPERTYSET('0A38rVTtn7NgNKEwouawqi',$,'MF_Library',$,(#12280,#12281,#12282,#12283,#12284,#12285,#12286,#12287,#12288,#12289));
#12280=IFCPROPERTYSINGLEVALUE('Key',$,IFCLABEL('steel_beam_m'),$);
#12281=IFCPROPERTYSINGLEVALUE('Family',$,IFCLABEL('M-Shape Beam'),$);
#12282=IFCPROPERTYSINGLEVALUE('TypeName',$,IFCLABEL('M6X3.7'),$);
#12283=IFCPROPERTYSINGLEVALUE('Version',$,IFCLABEL('0.1.0'),$);
#12284=IFCPROPERTYSINGLEVALUE('License',$,IFCLABEL('CC0-1.0'),$);
#12285=IFCPROPERTYSINGLEVALUE('Source',$,IFCLABEL('massing-families'),$);
#12286=IFCPROPERTYSINGLEVALUE('Tier',$,IFCLABEL('L300'),$);
#12287=IFCPROPERTYSINGLEVALUE('Builder',$,IFCLABEL('profile'),$);
#12288=IFCPROPERTYSINGLEVALUE('Discipline',$,IFCLABEL('structural'),$);
#12289=IFCPROPERTYSINGLEVALUE('GeometryStatus',$,IFCLABEL('parametric'),$);
#12290=IFCPROPERTYSET('3WynariX5D5Ob5htWq_7OJ',$,'MF_Quantities',$,(#12291,#12292,#12293,#12294,#12295));
#12291=IFCPROPERTYSINGLEVALUE('NominalWidth',$,IFCREAL(0.050799999999999998),$);
#12292=IFCPROPERTYSINGLEVALUE('NominalDepth',$,IFCREAL(0.150368),$);
#12293=IFCPROPERTYSINGLEVALUE('NominalHeight',$,IFCREAL(6.0960000000000001),$);
#12294=IFCPROPERTYSINGLEVALUE('NominalFootprintArea',$,IFCREAL(0.007639),$);
#12295=IFCPROPERTYSINGLEVALUE('NominalVolume',$,IFCREAL(0.046565000000000002),$);
#12296=IFCBEAMTYPE('2Pmfs5oPH6mBUlv$bE9IEM',$,'M-Shape Beam - M5X18.9',$,$,(#12313,#12317,#12328),(#12312),$,$,.BEAM.);
#12297=IFCCARTESIANPOINT((0.,0.));
#12298=IFCDIRECTION((1.,0.));
#12299=IFCAXIS2PLACEMENT2D(#12297,#12298);
#12300=IFCISHAPEPROFILEDEF(.AREA.,'M5X18.9',#12299,0.127,0.127,0.0080263999999999995,0.0105664,0.0100838,$,$);
#12301=IFCCARTESIANPOINT((0.,0.,0.));
#12302=IFCDIRECTION((0.,0.,1.));
#12303=IFCDIRECTION((1.,0.,0.));
#12304=IFCAXIS2PLACEMENT3D(#12301,#12302,#12303);
#12305=IFCDIRECTION((0.,0.,1.));
#12306=IFCEXTRUDEDAREASOLID(#12300,#12304,#12305,6.0960000000000001);
#12307=IFCSHAPEREPRESENTATION(#11,'Body','SweptSolid',(#12306));
#12308=IFCCARTESIANPOINT((0.,0.,0.));
#12309=IFCDIRECTION((1.,0.,0.));
#12310=IFCDIRECTION((0.,0.,1.));
#12311=IFCAXIS2PLACEMENT3D(#12308,#12310,#12309);
#12312=IFCREPRESENTATIONMAP(#12311,#12307);
#12313=IFCPROPERTYSET('21QoOs0I96WejHn8ZqPbkG',$,'MF_Structural',$,(#12314,#12315,#12316));
#12314=IFCPROPERTYSINGLEVALUE('Section',$,IFCLABEL('M5X18.9'),$);
#12315=IFCPROPERTYSINGLEVALUE('SectionFamily',$,IFCLABEL('M'),$);
#12316=IFCPROPERTYSINGLEVALUE('SectionSource',$,IFCLABEL('AISC Shapes Database v15.0 (US)'),$);
#12317=IFCPROPERTYSET('3lFOwSA4n209WVempX4wTP',$,'MF_Library',$,(#12318,#12319,#12320,#12321,#12322,#12323,#12324,#12325,#12326,#12327));
#12318=IFCPROPERTYSINGLEVALUE('Key',$,IFCLABEL('steel_beam_m'),$);
#12319=IFCPROPERTYSINGLEVALUE('Family',$,IFCLABEL('M-Shape Beam'),$);
#12320=IFCPROPERTYSINGLEVALUE('TypeName',$,IFCLABEL('M5X18.9'),$);
#12321=IFCPROPERTYSINGLEVALUE('Version',$,IFCLABEL('0.1.0'),$);
#12322=IFCPROPERTYSINGLEVALUE('License',$,IFCLABEL('CC0-1.0'),$);
#12323=IFCPROPERTYSINGLEVALUE('Source',$,IFCLABEL('massing-families'),$);
#12324=IFCPROPERTYSINGLEVALUE('Tier',$,IFCLABEL('L300'),$);
#12325=IFCPROPERTYSINGLEVALUE('Builder',$,IFCLABEL('profile'),$);
#12326=IFCPROPERTYSINGLEVALUE('Discipline',$,IFCLABEL('structural'),$);
#12327=IFCPROPERTYSINGLEVALUE('GeometryStatus',$,IFCLABEL('parametric'),$);
#12328=IFCPROPERTYSET('1BD9ArN3n3mv0W65RDr2f_',$,'MF_Quantities',$,(#12329,#12330,#12331,#12332,#12333));
#12329=IFCPROPERTYSINGLEVALUE('NominalWidth',$,IFCREAL(0.127),$);
#12330=IFCPROPERTYSINGLEVALUE('NominalDepth',$,IFCREAL(0.127),$);
#12331=IFCPROPERTYSINGLEVALUE('NominalHeight',$,IFCREAL(6.0960000000000001),$);
#12332=IFCPROPERTYSINGLEVALUE('NominalFootprintArea',$,IFCREAL(0.016129000000000001),$);
#12333=IFCPROPERTYSINGLEVALUE('NominalVolume',$,IFCREAL(0.098322000000000007),$);
#12334=IFCBEAMTYPE('32EZg8KiL0hg7mFpcHMW2_',$,'M-Shape Beam - M4X6',$,$,(#12351,#12355,#12366),(#12350),$,$,.BEAM.);
#12335=IFCCARTESIANPOINT((0.,0.));
#12336=IFCDIRECTION((1.,0.));
#12337=IFCAXIS2PLACEMENT2D(#12335,#12336);
#12338=IFCISHAPEPROFILEDEF(.AREA.,'M4X6',#12337,0.096519999999999995,0.096519999999999995,0.0033019999999999998,0.0040639999999999999,0.0086359999999999996,$,$);
#12339=IFCCARTESIANPOINT((0.,0.,0.));
#12340=IFCDIRECTION((0.,0.,1.));
#12341=IFCDIRECTION((1.,0.,0.));
#12342=IFCAXIS2PLACEMENT3D(#12339,#12340,#12341);
#12343=IFCDIRECTION((0.,0.,1.));
#12344=IFCEXTRUDEDAREASOLID(#12338,#12342,#12343,6.0960000000000001);
#12345=IFCSHAPEREPRESENTATION(#11,'Body','SweptSolid',(#12344));
#12346=IFCCARTESIANPOINT((0.,0.,0.));
#12347=IFCDIRECTION((1.,0.,0.));
#12348=IFCDIRECTION((0.,0.,1.));
#12349=IFCAXIS2PLACEMENT3D(#12346,#12348,#12347);
#12350=IFCREPRESENTATIONMAP(#12349,#12345);
#12351=IFCPROPERTYSET('06SQD54Zz8TQdifurfaYb6',$,'MF_Structural',$,(#12352,#12353,#12354));
#12352=IFCPROPERTYSINGLEVALUE('Section',$,IFCLABEL('M4X6'),$);
#12353=IFCPROPERTYSINGLEVALUE('SectionFamily',$,IFCLABEL('M'),$);
#12354=IFCPROPERTYSINGLEVALUE('SectionSource',$,IFCLABEL('AISC Shapes Database v15.0 (US)'),$);
#12355=IFCPROPERTYSET('3zOkH2eBHFMxnKeworGZT8',$,'MF_Library',$,(#12356,#12357,#12358,#12359,#12360,#12361,#12362,#12363,#12364,#12365));
#12356=IFCPROPERTYSINGLEVALUE('Key',$,IFCLABEL('steel_beam_m'),$);
#12357=IFCPROPERTYSINGLEVALUE('Family',$,IFCLABEL('M-Shape Beam'),$);
#12358=IFCPROPERTYSINGLEVALUE('TypeName',$,IFCLABEL('M4X6'),$);
#12359=IFCPROPERTYSINGLEVALUE('Version',$,IFCLABEL('0.1.0'),$);
#12360=IFCPROPERTYSINGLEVALUE('License',$,IFCLABEL('CC0-1.0'),$);
#12361=IFCPROPERTYSINGLEVALUE('Source',$,IFCLABEL('massing-families'),$);
#12362=IFCPROPERTYSINGLEVALUE('Tier',$,IFCLABEL('L300'),$);
#12363=IFCPROPERTYSINGLEVALUE('Builder',$,IFCLABEL('profile'),$);
#12364=IFCPROPERTYSINGLEVALUE('Discipline',$,IFCLABEL('structural'),$);
#12365=IFCPROPERTYSINGLEVALUE('GeometryStatus',$,IFCLABEL('parametric'),$);
#12366=IFCPROPERTYSET('0U$GRTLGD0QQfSdBaxBrOl',$,'MF_Quantities',$,(#12367,#12368,#12369,#12370,#12371));
#12367=IFCPROPERTYSINGLEVALUE('NominalWidth',$,IFCREAL(0.096519999999999995),$);
#12368=IFCPROPERTYSINGLEVALUE('NominalDepth',$,IFCREAL(0.096519999999999995),$);
#12369=IFCPROPERTYSINGLEVALUE('NominalHeight',$,IFCREAL(6.0960000000000001),$);
#12370=IFCPROPERTYSINGLEVALUE('NominalFootprintArea',$,IFCREAL(0.0093159999999999996),$);
#12371=IFCPROPERTYSINGLEVALUE('NominalVolume',$,IFCREAL(0.056791000000000001),$);
#12372=IFCBEAMTYPE('0C$1_OqIL1KBywqciEJ6Pw',$,'M-Shape Beam - M4X4.08',$,$,(#12389,#12393,#12404),(#12388),$,$,.BEAM.);
#12373=IFCCARTESIANPOINT((0.,0.));
#12374=IFCDIRECTION((1.,0.));
#12375=IFCAXIS2PLACEMENT2D(#12373,#12374);
#12376=IFCISHAPEPROFILEDEF(.AREA.,'M4X4.08',#12375,0.057149999999999999,0.1016,0.002921,0.0043179999999999998,0.0099822000000000001,$,$);
#12377=IFCCARTESIANPOINT((0.,0.,0.));
#12378=IFCDIRECTION((0.,0.,1.));
#12379=IFCDIRECTION((1.,0.,0.));
#12380=IFCAXIS2PLACEMENT3D(#12377,#12378,#12379);
#12381=IFCDIRECTION((0.,0.,1.));
#12382=IFCEXTRUDEDAREASOLID(#12376,#12380,#12381,6.0960000000000001);
#12383=IFCSHAPEREPRESENTATION(#11,'Body','SweptSolid',(#12382));
#12384=IFCCARTESIANPOINT((0.,0.,0.));
#12385=IFCDIRECTION((1.,0.,0.));
#12386=IFCDIRECTION((0.,0.,1.));
#12387=IFCAXIS2PLACEMENT3D(#12384,#12386,#12385);
#12388=IFCREPRESENTATIONMAP(#12387,#12383);
#12389=IFCPROPERTYSET('19AA7ANJ1BbPiLxW4YCTQd',$,'MF_Structural',$,(#12390,#12391,#12392));
#12390=IFCPROPERTYSINGLEVALUE('Section',$,IFCLABEL('M4X4.08'),$);
#12391=IFCPROPERTYSINGLEVALUE('SectionFamily',$,IFCLABEL('M'),$);
#12392=IFCPROPERTYSINGLEVALUE('SectionSource',$,IFCLABEL('AISC Shapes Database v15.0 (US)'),$);
#12393=IFCPROPERTYSET('3WOp23plH0IxU7CnJyo4R4',$,'MF_Library',$,(#12394,#12395,#12396,#12397,#12398,#12399,#12400,#12401,#12402,#12403));
#12394=IFCPROPERTYSINGLEVALUE('Key',$,IFCLABEL('steel_beam_m'),$);
#12395=IFCPROPERTYSINGLEVALUE('Family',$,IFCLABEL('M-Shape Beam'),$);
#12396=IFCPROPERTYSINGLEVALUE('TypeName',$,IFCLABEL('M4X4.08'),$);
#12397=IFCPROPERTYSINGLEVALUE('Version',$,IFCLABEL('0.1.0'),$);
#12398=IFCPROPERTYSINGLEVALUE('License',$,IFCLABEL('CC0-1.0'),$);
#12399=IFCPROPERTYSINGLEVALUE('Source',$,IFCLABEL('massing-families'),$);
#12400=IFCPROPERTYSINGLEVALUE('Tier',$,IFCLABEL('L300'),$);
#12401=IFCPROPERTYSINGLEVALUE('Builder',$,IFCLABEL('profile'),$);
#12402=IFCPROPERTYSINGLEVALUE('Discipline',$,IFCLABEL('structural'),$);
#12403=IFCPROPERTYSINGLEVALUE('GeometryStatus',$,IFCLABEL('parametric'),$);
#12404=IFCPROPERTYSET('0NTmYGlJf6ufxC9c7rp8GN',$,'MF_Quantities',$,(#12405,#12406,#12407,#12408,#12409));
#12405=IFCPROPERTYSINGLEVALUE('NominalWidth',$,IFCREAL(0.057149999999999999),$);
#12406=IFCPROPERTYSINGLEVALUE('NominalDepth',$,IFCREAL(0.1016),$);
#12407=IFCPROPERTYSINGLEVALUE('NominalHeight',$,IFCREAL(6.0960000000000001),$);
#12408=IFCPROPERTYSINGLEVALUE('NominalFootprintArea',$,IFCREAL(0.0058060000000000004),$);
#12409=IFCPROPERTYSINGLEVALUE('NominalVolume',$,IFCREAL(0.035395999999999997),$);
#12410=IFCBEAMTYPE('2j3Pj7wyD7_RFqZim9kiss',$,'M-Shape Beam - M4X3.45',$,$,(#12427,#12431,#12442),(#12426),$,$,.BEAM.);
#12411=IFCCARTESIANPOINT((0.,0.));
#12412=IFCDIRECTION((1.,0.));
#12413=IFCAXIS2PLACEMENT2D(#12411,#12412);
#12414=IFCISHAPEPROFILEDEF(.AREA.,'M4X3.45',#12413,0.057149999999999999,0.1016,0.0023368,0.0033019999999999998,0.0093980000000000001,$,$);
#12415=IFCCARTESIANPOINT((0.,0.,0.));
#12416=IFCDIRECTION((0.,0.,1.));
#12417=IFCDIRECTION((1.,0.,0.));
#12418=IFCAXIS2PLACEMENT3D(#12415,#12416,#12417);
#12419=IFCDIRECTION((0.,0.,1.));
#12420=IFCEXTRUDEDAREASOLID(#12414,#12418,#12419,6.0960000000000001);
#12421=IFCSHAPEREPRESENTATION(#11,'Body','SweptSolid',(#12420));
#12422=IFCCARTESIANPOINT((0.,0.,0.));
#12423=IFCDIRECTION((1.,0.,0.));
#12424=IFCDIRECTION((0.,0.,1.));
#12425=IFCAXIS2PLACEMENT3D(#12422,#12424,#12423);
#12426=IFCREPRESENTATIONMAP(#12425,#12421);
#12427=IFCPROPERTYSET('2oSOTQ78z3muu9elGQeho7',$,'MF_Structural',$,(#12428,#12429,#12430));
#12428=IFCPROPERTYSINGLEVALUE('Section',$,IFCLABEL('M4X3.45'),$);
#12429=IFCPROPERTYSINGLEVALUE('SectionFamily',$,IFCLABEL('M'),$);
#12430=IFCPROPERTYSINGLEVALUE('SectionSource',$,IFCLABEL('AISC Shapes Database v15.0 (US)'),$);
#12431=IFCPROPERTYSET('1LWwFLOOX7T9tWlSlLxccQ',$,'MF_Library',$,(#12432,#12433,#12434,#12435,#12436,#12437,#12438,#12439,#12440,#12441));
#12432=IFCPROPERTYSINGLEVALUE('Key',$,IFCLABEL('steel_beam_m'),$);
#12433=IFCPROPERTYSINGLEVALUE('Family',$,IFCLABEL('M-Shape Beam'),$);
#12434=IFCPROPERTYSINGLEVALUE('TypeName',$,IFCLABEL('M4X3.45'),$);
#12435=IFCPROPERTYSINGLEVALUE('Version',$,IFCLABEL('0.1.0'),$);
#12436=IFCPROPERTYSINGLEVALUE('License',$,IFCLABEL('CC0-1.0'),$);
#12437=IFCPROPERTYSINGLEVALUE('Source',$,IFCLABEL('massing-families'),$);
#12438=IFCPROPERTYSINGLEVALUE('Tier',$,IFCLABEL('L300'),$);
#12439=IFCPROPERTYSINGLEVALUE('Builder',$,IFCLABEL('profile'),$);
#12440=IFCPROPERTYSINGLEVALUE('Discipline',$,IFCLABEL('structural'),$);
#12441=IFCPROPERTYSINGLEVALUE('GeometryStatus',$,IFCLABEL('parametric'),$);
#12442=IFCPROPERTYSET('36JFB88STFQhL201_8vVnk',$,'MF_Quantities',$,(#12443,#12444,#12445,#12446,#12447));
#12443=IFCPROPERTYSINGLEVALUE('NominalWidth',$,IFCREAL(0.057149999999999999),$);
#12444=IFCPROPERTYSINGLEVALUE('NominalDepth',$,IFCREAL(0.1016),$);
#12445=IFCPROPERTYSINGLEVALUE('NominalHeight',$,IFCREAL(6.0960000000000001),$);
#12446=IFCPROPERTYSINGLEVALUE('NominalFootprintArea',$,IFCREAL(0.0058060000000000004),$);
#12447=IFCPROPERTYSINGLEVALUE('NominalVolume',$,IFCREAL(0.035395999999999997),$);
#12448=IFCBEAMTYPE('3pq_fpiRP2M8tCBCCdAp_M',$,'M-Shape Beam - M4X3.2',$,$,(#12465,#12469,#12480),(#12464),$,$,.BEAM.);
#12449=IFCCARTESIANPOINT((0.,0.));
#12450=IFCDIRECTION((1.,0.));
#12451=IFCAXIS2PLACEMENT2D(#12449,#12450);
#12452=IFCISHAPEPROFILEDEF(.AREA.,'M4X3.2',#12451,0.057149999999999999,0.1016,0.0023368,0.0033019999999999998,0.0093980000000000001,$,$);
#12453=IFCCARTESIANPOINT((0.,0.,0.));
#12454=IFCDIRECTION((0.,0.,1.));
#12455=IFCDIRECTION((1.,0.,0.));
#12456=IFCAXIS2PLACEMENT3D(#12453,#12454,#12455);
#12457=IFCDIRECTION((0.,0.,1.));
#12458=IFCEXTRUDEDAREASOLID(#12452,#12456,#12457,6.0960000000000001);
#12459=IFCSHAPEREPRESENTATION(#11,'Body','SweptSolid',(#12458));
#12460=IFCCARTESIANPOINT((0.,0.,0.));
#12461=IFCDIRECTION((1.,0.,0.));
#12462=IFCDIRECTION((0.,0.,1.));
#12463=IFCAXIS2PLACEMENT3D(#12460,#12462,#12461);
#12464=IFCREPRESENTATIONMAP(#12463,#12459);
#12465=IFCPROPERTYSET('3Ybh1GrLP2U8jrim4ERZPq',$,'MF_Structural',$,(#12466,#12467,#12468));
#12466=IFCPROPERTYSINGLEVALUE('Section',$,IFCLABEL('M4X3.2'),$);
#12467=IFCPROPERTYSINGLEVALUE('SectionFamily',$,IFCLABEL('M'),$);
#12468=IFCPROPERTYSINGLEVALUE('SectionSource',$,IFCLABEL('AISC Shapes Database v15.0 (US)'),$);
#12469=IFCPROPERTYSET('2sgtLZA6P6WQMceZkuI1s2',$,'MF_Library',$,(#12470,#12471,#12472,#12473,#12474,#12475,#12476,#12477,#12478,#12479));
#12470=IFCPROPERTYSINGLEVALUE('Key',$,IFCLABEL('steel_beam_m'),$);
#12471=IFCPROPERTYSINGLEVALUE('Family',$,IFCLABEL('M-Shape Beam'),$);
#12472=IFCPROPERTYSINGLEVALUE('TypeName',$,IFCLABEL('M4X3.2'),$);
#12473=IFCPROPERTYSINGLEVALUE('Version',$,IFCLABEL('0.1.0'),$);
#12474=IFCPROPERTYSINGLEVALUE('License',$,IFCLABEL('CC0-1.0'),$);
#12475=IFCPROPERTYSINGLEVALUE('Source',$,IFCLABEL('massing-families'),$);
#12476=IFCPROPERTYSINGLEVALUE('Tier',$,IFCLABEL('L300'),$);
#12477=IFCPROPERTYSINGLEVALUE('Builder',$,IFCLABEL('profile'),$);
#12478=IFCPROPERTYSINGLEVALUE('Discipline',$,IFCLABEL('structural'),$);
#12479=IFCPROPERTYSINGLEVALUE('GeometryStatus',$,IFCLABEL('parametric'),$);
#12480=IFCPROPERTYSET('0mQbHsQVHClRn8FaEmQ489',$,'MF_Quantities',$,(#12481,#12482,#12483,#12484,#12485));
#12481=IFCPROPERTYSINGLEVALUE('NominalWidth',$,IFCREAL(0.057149999999999999),$);
#12482=IFCPROPERTYSINGLEVALUE('NominalDepth',$,IFCREAL(0.1016),$);
#12483=IFCPROPERTYSINGLEVALUE('NominalHeight',$,IFCREAL(6.0960000000000001),$);
#12484=IFCPROPERTYSINGLEVALUE('NominalFootprintArea',$,IFCREAL(0.0058060000000000004),$);
#12485=IFCPROPERTYSINGLEVALUE('NominalVolume',$,IFCREAL(0.035395999999999997),$);
#12486=IFCBEAMTYPE('33MCB03tPEGA0ttpyQ2inI',$,'M-Shape Beam - M3X2.9',$,$,(#12503,#12507,#12518),(#12502),$,$,.BEAM.);
#12487=IFCCARTESIANPOINT((0.,0.));
#12488=IFCDIRECTION((1.,0.));
#12489=IFCAXIS2PLACEMENT2D(#12487,#12488);
#12490=IFCISHAPEPROFILEDEF(.AREA.,'M3X2.9',#12489,0.057149999999999999,0.076200000000000004,0.0022859999999999998,0.0033019999999999998,0.0093980000000000001,$,$);
#12491=IFCCARTESIANPOINT((0.,0.,0.));
#12492=IFCDIRECTION((0.,0.,1.));
#12493=IFCDIRECTION((1.,0.,0.));
#12494=IFCAXIS2PLACEMENT3D(#12491,#12492,#12493);
#12495=IFCDIRECTION((0.,0.,1.));
#12496=IFCEXTRUDEDAREASOLID(#12490,#12494,#12495,6.0960000000000001);
#12497=IFCSHAPEREPRESENTATION(#11,'Body','SweptSolid',(#12496));
#12498=IFCCARTESIANPOINT((0.,0.,0.));
#12499=IFCDIRECTION((1.,0.,0.));
#12500=IFCDIRECTION((0.,0.,1.));
#12501=IFCAXIS2PLACEMENT3D(#12498,#12500,#12499);
#12502=IFCREPRESENTATIONMAP(#12501,#12497);
#12503=IFCPROPERTYSET('36TqDa9q17rhpxfEZZYLex',$,'MF_Structural',$,(#12504,#12505,#12506));
#12504=IFCPROPERTYSINGLEVALUE('Section',$,IFCLABEL('M3X2.9'),$);
#12505=IFCPROPERTYSINGLEVALUE('SectionFamily',$,IFCLABEL('M'),$);
#12506=IFCPROPERTYSINGLEVALUE('SectionSource',$,IFCLABEL('AISC Shapes Database v15.0 (US)'),$);
#12507=IFCPROPERTYSET('3Tmz9Eos19mgLN_mYfWkEd',$,'MF_Library',$,(#12508,#12509,#12510,#12511,#12512,#12513,#12514,#12515,#12516,#12517));
#12508=IFCPROPERTYSINGLEVALUE('Key',$,IFCLABEL('steel_beam_m'),$);
#12509=IFCPROPERTYSINGLEVALUE('Family',$,IFCLABEL('M-Shape Beam'),$);
#12510=IFCPROPERTYSINGLEVALUE('TypeName',$,IFCLABEL('M3X2.9'),$);
#12511=IFCPROPERTYSINGLEVALUE('Version',$,IFCLABEL('0.1.0'),$);
#12512=IFCPROPERTYSINGLEVALUE('License',$,IFCLABEL('CC0-1.0'),$);
#12513=IFCPROPERTYSINGLEVALUE('Source',$,IFCLABEL('massing-families'),$);
#12514=IFCPROPERTYSINGLEVALUE('Tier',$,IFCLABEL('L300'),$);
#12515=IFCPROPERTYSINGLEVALUE('Builder',$,IFCLABEL('profile'),$);
#12516=IFCPROPERTYSINGLEVALUE('Discipline',$,IFCLABEL('structural'),$);
#12517=IFCPROPERTYSINGLEVALUE('GeometryStatus',$,IFCLABEL('parametric'),$);
#12518=IFCPROPERTYSET('2bJfqGqVn3CB8vEUif_D8i',$,'MF_Quantities',$,(#12519,#12520,#12521,#12522,#12523));
#12519=IFCPROPERTYSINGLEVALUE('NominalWidth',$,IFCREAL(0.057149999999999999),$);
#12520=IFCPROPERTYSINGLEVALUE('NominalDepth',$,IFCREAL(0.076200000000000004),$);
#12521=IFCPROPERTYSINGLEVALUE('NominalHeight',$,IFCREAL(6.0960000000000001),$);
#12522=IFCPROPERTYSINGLEVALUE('NominalFootprintArea',$,IFCREAL(0.0043550000000000004),$);
#12523=IFCPROPERTYSINGLEVALUE('NominalVolume',$,IFCREAL(0.026547000000000001),$);
ENDSEC;
END-ISO-10303-21;
